Ticker,Name,Signal_sco,수익률(%),종가,거래량,거래대금,거래대금_ma5,HighVol,NewSig,fire,gann_val,is_lime,is_green,is_red,is_purple,SPOT,주도주(leader),정배열(jung),Norm_sco,Rank_rtn,Final_score
454910,두산로보틱스,16.0,1.187980433263447,144800.0,13374695.0,1936655836000.0,1990300449360.0,True,-,0,121255.050728213,True,False,False,False,False,False,True,1.0,0.8561643835616438,0.9784246575342466
090360,로보스타,15.0,13.52,141900.0,11670551.0,1656051186900.0,840890780040.0,True,-,0,101572.8903591317,True,False,False,False,False,False,False,0.9642857142857143,0.9980430528375733,0.9693493150684931
192080,더블유게임즈,14.5,1.8813314037626538,70400.0,169130.0,11906752000.0,9705368380.0,True,-,0,67632.60966702228,True,False,False,False,False,False,True,0.9464285714285714,0.9001956947162426,0.939493639921722
183300,코미코,14.0,12.08907741251326,105700.0,474635.0,50168919500.0,40359109940.0,False,-,0,91594.39677019086,True,False,False,False,False,False,False,0.9285714285714286,0.9960861056751468,0.9386986301369863
001570,금양,15.0,0.0,9900.0,0.0,0.0,0.0,False,-,0,9899.999999999993,False,False,True,True,False,False,False,0.9642857142857143,0.7431506849315068,0.9311154598825832
032830,삼성생명,15.0,-0.11918951132300348,419000.0,598298.0,250686862000.0,381498898000.0,True,-,0,380703.86918954225,False,False,False,False,False,False,False,0.9642857142857143,0.7270058708414873,0.9286937377690803
069960,현대백화점,13.5,9.733840304182518,144300.0,552874.0,79779718200.0,48880738340.0,True,🔥,1,116520.3830589492,True,False,False,False,False,False,False,0.9107142857142857,0.9911937377690803,0.9227862035225048
007810,코리아써키트,13.5,2.347826086956517,117700.0,560200.0,65935540000.0,62558905000.0,False,-,0,108394.78842735235,True,False,False,False,False,False,True,0.9107142857142857,0.9197651663405088,0.9120719178082191
181710,NHN,13.0,9.753363228699552,48950.0,570627.0,27932191650.0,64541261010.0,True,-,0,44146.595869257,True,False,False,False,False,False,False,0.8928571428571429,0.9921722113502935,0.9077544031311154
004170,신세계,13.5,0.7949125596184325,634000.0,212308.0,134603272000.0,100885645000.0,True,-,0,549380.7385155361,True,False,False,False,False,False,False,0.9107142857142857,0.8297455968688845,0.8985689823874754
000430,대원강업,13.0,2.0342612419700146,4765.0,337783.0,1609535995.0,2018004329.0,True,-,0,4589.305998772394,True,False,False,False,False,False,True,0.8928571428571429,0.9060665362035225,0.8948385518590998
000810,삼성화재,15.0,-1.9553072625698276,702000.0,357879.0,251231058000.0,219177213600.0,True,-,0,595846.4657552689,True,False,False,False,False,False,False,0.9642857142857143,0.46868884540117417,0.8899461839530333
307950,현대오토에버,12.5,5.012853470437029,817000.0,619102.0,505806334000.0,1056482286600.0,True,🚀,0,766320.8633966584,False,False,False,False,False,False,False,0.875,0.9677103718199609,0.8889065557729942
149950,아바텍,12.0,9.863945578231291,16150.0,1485491.0,23990679650.0,21175090912.0,True,🆕LIME,0,14956.588392568165,True,False,False,False,False,False,True,0.8571428571428571,0.9931506849315068,0.8775440313111545
007390,네이처셀,14.25,-1.736613603473225,33950.0,1481265.0,50288946750.0,62149358230.0,True,🆕GRN,0,27156.177324569682,False,True,False,False,False,False,False,0.9375,0.5107632093933464,0.873489481409002
380540,옵티코어,13.0,0.0,8450.0,0.0,0.0,0.0,False,-,0,8450.3049437442,False,False,False,False,False,False,False,0.8928571428571429,0.7431506849315068,0.8704011741682974
009155,삼성전기우,12.0,3.287197231833905,597000.0,121054.0,72269238000.0,90952864400.0,True,-,0,577088.2653894124,False,False,False,False,False,False,False,0.8571428571428571,0.9422700587084148,0.8699119373776908
402340,SK스퀘어,14.5,-2.7928626842513626,1253000.0,1071570.0,1342677210000.0,1694720258200.0,True,-,0,1258633.7245096175,True,False,False,False,False,False,False,0.9464285714285714,0.3532289628180039,0.8574486301369862
005930,삼성전자,15.0,-3.801169590643272,329000.0,64419483.0,21194009907000.0,24298350578400.0,True,-,0,320923.1186062631,True,False,False,False,False,False,False,0.9642857142857143,0.24755381604696672,0.8567759295499021
005935,삼성전자우,15.0,-4.09090909090909,211000.0,5962640.0,1258117040000.0,2082632126300.0,True,-,0,204653.52664181136,False,False,False,False,False,False,False,0.9642857142857143,0.22602739726027396,0.8535469667318982
017670,SK텔레콤,12.0,0.38131553860820677,105300.0,4473327.0,471041333100.0,1094333777980.0,True,-,0,106353.77562280517,False,False,False,False,False,False,False,0.8571428571428571,0.7954990215264188,0.8478962818003913
036570,NC,12.0,0.3603603603603567,278500.0,278154.0,77465889000.0,201390434700.0,True,-,0,284106.8660093369,False,False,False,False,False,False,False,0.8571428571428571,0.7896281800391389,0.8470156555772994
005380,현대차,11.5,1.6200294550809957,690000.0,3350689.0,2311975410000.0,3512635797600.0,True,🚀🆕GRN,0,702488.1536648965,False,True,False,False,False,False,False,0.8392857142857143,0.8864970645792564,0.8463674168297456
011070,LG이노텍,11.0,7.914338919925523,1159000.0,1583328.0,1835077152000.0,3071716422000.0,True,🚀,0,1127069.0516208769,False,False,False,False,False,False,False,0.8214285714285714,0.9863013698630136,0.8461594911937377
009150,삼성전기,11.0,7.907542579075422,1774000.0,2973993.0,5275863582000.0,6680578617400.0,True,-,0,1641990.0875211866,False,False,False,False,False,False,False,0.8214285714285714,0.9853228962818004,0.8460127201565557
035420,NAVER,12.5,-0.7874015748031482,252000.0,7897779.0,1990240308000.0,4943273088900.0,True,🆕GRN,0,225613.40779837087,False,True,False,False,False,False,False,0.875,0.6374755381604696,0.8393713307240704
021240,코웨이,11.25,1.3771186440677985,95700.0,439173.0,42028856100.0,31885192540.0,False,-,0,93623.37603561132,True,False,False,False,False,False,False,0.8303571428571429,0.8708414872798435,0.8364297945205479
161390,한국타이어앤테크놀로지,13.25,-2.0086083213773365,68300.0,492467.0,33635496100.0,57151223660.0,True,-,0,64843.830539487375,True,False,False,False,False,False,False,0.9017857142857143,0.45596868884540115,0.8349131604696673
028260,삼성물산,15.0,-7.85498489425982,457500.0,1264408.0,578466660000.0,713706475400.0,True,-,0,442586.1600985643,True,False,False,False,False,False,False,0.9642857142857143,0.05675146771037182,0.8281555772994129
034220,LG디스플레이,14.5,-5.645161290322576,15210.0,9351390.0,142234641900.0,639312455826.0,True,🆕GRN,0,15096.400121541386,False,True,False,False,False,False,False,0.9464285714285714,0.12524461839530332,0.8232509784735811
066570,LG전자,13.0,-2.1381578947368474,297500.0,17084740.0,5082710150000.0,6842519973900.0,True,-,0,277137.9307353388,True,False,False,False,False,False,False,0.8928571428571429,0.42857142857142855,0.8232142857142857
290650,엘앤씨바이오,10.25,5.276073619631894,85800.0,1045244.0,89681935200.0,69226065900.0,True,🚀,0,72525.87572431777,True,False,False,False,False,False,False,0.7946428571428571,0.9735812133072407,0.8214836105675146
000150,두산,11.0,0.5747126436781658,1750000.0,170554.0,298469500000.0,512742692800.0,True,-,0,1810463.415839334,False,False,False,False,False,False,False,0.8214285714285714,0.8131115459882583,0.8201810176125244
420770,기가비스,12.0,-1.0791366906474864,137500.0,326530.0,44897875000.0,40056419180.0,True,-,0,133725.81323263247,False,False,False,False,False,False,True,0.8571428571428571,0.5998043052837574,0.8185420743639922
064400,LG씨엔에스,13.0,-2.763385146804831,112600.0,8380584.0,943653758400.0,2603472420580.0,True,-,0,101649.88826255422,True,False,False,False,False,False,False,0.8928571428571429,0.35909980430528377,0.8127935420743639
018260,삼성에스디에스,11.0,0.0,252000.0,1311523.0,330503796000.0,1407340952300.0,True,🚀🆕GRN,0,247109.4861270429,False,True,False,False,False,False,False,0.8214285714285714,0.7431506849315068,0.8096868884540117
012330,현대모비스,12.5,-2.8089887640449396,692000.0,1720273.0,1190428916000.0,1923050917800.0,True,🆕GRN,0,701432.8983043149,False,True,False,False,False,False,False,0.875,0.3522504892367906,0.7965875733855186
001740,SK네트웍스,14.0,-16.21829362029208,10900.0,9244652.0,100766706800.0,127644399142.0,True,🆕GRN,0,10807.246636967011,False,True,False,False,False,False,False,0.9285714285714286,0.0019569471624266144,0.7895792563600782
192440,슈피겐코리아,11.0,-1.296596434359809,30450.0,22757.0,692950650.0,896708640.0,False,-,0,31709.356812080416,False,False,False,False,False,False,False,0.8214285714285714,0.5665362035225049,0.7831947162426613
066575,LG전자우,13.0,-5.093046033300686,96900.0,492277.0,47701641300.0,197214483040.0,True,-,0,93628.4175943287,False,False,False,False,False,False,False,0.8928571428571429,0.15949119373776907,0.7828522504892368
000815,삼성화재우,10.25,-0.36452004860266785,410000.0,45024.0,18459840000.0,16580816000.0,True,🆕LIME,0,385199.78358472604,True,False,False,False,False,False,False,0.7946428571428571,0.6976516634050881,0.7800941780821917
232530,이엠티,10.75,-1.134751773049647,13940.0,6811.0,94945340.0,127535932.0,False,🆕LIME,0,12496.201800623527,True,False,False,False,False,False,False,0.8125,0.5939334637964775,0.7797150195694715
095610,테스,8.5,9.65954077593032,138500.0,1876939.0,259956051500.0,123019345460.0,True,🆕LIME,0,122809.04133099184,True,False,False,False,False,False,False,0.7321428571428571,0.9902152641878669,0.7708537181996085
003550,LG,10.5,-1.4802631578947345,119800.0,1737106.0,208105298800.0,977613788840.0,True,-,0,129183.64027084174,False,False,False,False,False,False,False,0.8035714285714286,0.5499021526418787,0.765521037181996
009420,한올바이오파마,8.25,9.398496240601496,58200.0,1149172.0,66881810400.0,79509153540.0,True,🆕GRN,0,55620.15423977791,False,True,False,False,False,False,False,0.7232142857142857,0.9892367906066536,0.7631176614481409
023530,롯데쇼핑,8.5,3.0303030303030276,170000.0,327098.0,55606660000.0,42806931240.0,True,🆕LIME,0,160540.6473542509,True,False,False,False,False,False,False,0.7321428571428571,0.9373776908023483,0.7629280821917808
357880,SKAI,13.0,-10.74856046065259,4650.0,2235482.0,10394991300.0,26753087220.0,False,-,0,4966.105171371122,False,False,False,False,False,False,False,0.8928571428571429,0.016634050880626222,0.7614236790606653
003555,LG우,11.5,-3.421052631578947,73400.0,26234.0,1925575600.0,12006655920.0,True,-,0,78258.35022166454,False,False,False,False,False,False,False,0.8392857142857143,0.2759295499021526,0.7547822896281801
001800,오리온홀딩스,11.25,-3.0303030303030276,25600.0,187184.0,4791910400.0,5492411350.0,False,-,0,25313.49647891509,True,False,False,False,False,False,True,0.8303571428571429,0.32632093933463796,0.7547517123287671
092200,디아이씨,10.5,-1.949317738791423,10060.0,1783699.0,17944011940.0,25850909798.0,True,-,0,8490.993265001987,True,False,False,False,False,False,False,0.8035714285714286,0.4706457925636008,0.7536325831702544
089970,브이엠,8.0,5.190839694656479,68900.0,1369391.0,94351039900.0,71085898820.0,True,🆕LIME,0,61242.75222440719,True,False,False,False,False,False,False,0.7142857142857143,0.9706457925636007,0.7527397260273971
02826K,삼성물산우B,12.5,-12.641509433962261,231500.0,21603.0,5001094500.0,5463652400.0,True,-,0,238161.53201042136,False,False,False,False,False,False,False,0.875,0.009784735812133072,0.7452177103718199
105560,KB금융,7.75,3.8787878787878816,171400.0,3909174.0,670032423600.0,384338171620.0,True,🚀🆕LIME,0,155819.16529781144,True,False,False,False,False,False,False,0.7053571428571429,0.9540117416829745,0.7426553326810177
055550,신한지주,7.5,9.390609390609384,109500.0,4381733.0,479799763500.0,259503020160.0,True,🚀🆕LIME,0,95776.30563607647,True,False,False,False,False,False,False,0.6964285714285714,0.9882583170254403,0.7402030332681018
001820,삼화콘덴서,8.0,1.26811594202898,111800.0,1551693.0,173479277400.0,349854760800.0,True,-,0,112300.47315237782,False,False,False,False,False,False,False,0.7142857142857143,0.8649706457925636,0.7368884540117416
032500,케이엠더블유,12.0,-7.905686546463242,33200.0,1468429.0,48751842800.0,77715930480.0,False,🆕GRN,0,34573.73360475282,False,True,False,False,False,False,False,0.8571428571428571,0.05185909980430528,0.7363502935420744
033780,KT&G,7.75,1.6872890888638858,180800.0,272880.0,49336704000.0,76467221540.0,True,-,0,183328.71929887673,False,False,False,False,False,False,False,0.7053571428571429,0.8894324853228963,0.7329684442270059
085910,네오티스,12.0,-9.925925925925927,30400.0,200921.0,6107998400.0,10405214620.0,True,🆕LIME,0,30370.28871044044,True,False,False,False,False,False,False,0.8571428571428571,0.022504892367906065,0.7319471624266144
064290,인텍플러스,11.5,-6.393244873341375,38800.0,399158.0,15487330400.0,24476913640.0,False,🆕GRN,0,37346.57585568179,False,True,False,False,False,False,False,0.8392857142857143,0.0949119373776908,0.7276296477495108
065680,우주일렉트로,8.0,0.3731343283582156,40350.0,82625.0,3333918750.0,5238977850.0,True,-,0,43212.540427592176,False,False,False,False,False,False,False,0.7142857142857143,0.7935420743639922,0.726174168297456
000270,기아,8.25,-0.248447204968949,160600.0,1516602.0,243566281200.0,414905009380.0,True,-,0,166561.09419943808,False,False,False,False,False,False,False,0.7232142857142857,0.7113502935420744,0.721434686888454
319660,피에스케이,6.75,22.739981360671013,131700.0,2080750.0,274034775000.0,128039709920.0,True,🚀🆕LIME,0,107994.76542416358,True,False,False,False,False,False,False,0.6696428571428571,0.9990215264187867,0.7190496575342464
005389,현대차3우B,9.25,-1.980198019801982,247500.0,23621.0,5846197500.0,9718048200.0,True,-,0,260579.38032783064,False,False,False,False,False,False,False,0.7589285714285714,0.46330724070450097,0.7145853718199608
128940,한미약품,6.5,3.039832285115307,491500.0,1320910.0,649227265000.0,471678791600.0,True,🚀🆕LIME,0,472001.0470270564,True,False,False,False,False,False,False,0.6607142857142857,0.9383561643835616,0.7023605675146771
000660,SK하이닉스,10.5,-6.074342701722579,2072000.0,10053111.0,20830045992000.0,21495683663200.0,False,-,0,2209346.23220097,False,False,False,False,False,False,False,0.8035714285714286,0.10763209393346379,0.6991805283757339
034730,SK,9.0,-2.6521060842433664,624000.0,362091.0,225944784000.0,232691802200.0,False,-,0,647812.5189194421,False,False,False,False,False,False,False,0.75,0.3679060665362035,0.6926859099804304
356860,티엘비,6.5,1.4409221902017322,105600.0,324387.0,34255267200.0,41384245820.0,False,-,0,110718.99084517469,False,False,False,False,False,False,False,0.6607142857142857,0.8718199608610567,0.6923801369863014
005387,현대차2우B,8.75,-2.2556390977443663,260000.0,228197.0,59331220000.0,116056130700.0,True,🆕GRN,0,272633.98101585184,False,True,False,False,False,False,False,0.7410714285714286,0.4158512720156556,0.6922884050880627
347850,디앤디파마텍,8.25,-1.8085106382978777,92300.0,1457903.0,134564446900.0,225198647740.0,True,-,0,82159.60523805476,True,False,False,False,False,False,False,0.7232142857142857,0.49608610567514677,0.6891450587084148
012510,더존비즈온,7.0,0.0,119800.0,6677.0,799904600.0,4623951480.0,False,🚀,0,119935.2988862106,False,False,False,False,False,False,False,0.6785714285714286,0.7431506849315068,0.6882583170254404
005385,현대차우,9.25,-3.3582089552238847,259000.0,180200.0,46671800000.0,87426819800.0,True,🆕GRN,0,274349.3911221057,False,True,False,False,False,False,False,0.7589285714285714,0.2876712328767123,0.6882399706457926
108490,로보티즈,8.75,-2.6479750778816147,312500.0,693434.0,216698125000.0,672978145200.0,True,🆕GRN,0,330470.4983086556,False,True,False,False,False,False,False,0.7410714285714286,0.3698630136986301,0.6853901663405089
031330,에스에이엠티,10.5,-15.482502651113473,15940.0,2033922.0,32420716680.0,35453919762.0,True,-,0,16585.849126785084,False,False,False,False,False,False,False,0.8035714285714286,0.003913894324853229,0.6836227984344423
036930,주성엔지니어링,10.5,-16.167664670658688,210000.0,2844075.0,597255750000.0,796076487320.0,True,-,0,211777.36386468651,False,False,False,False,False,False,False,0.8035714285714286,0.0029354207436399216,0.6834760273972603
085620,미래에셋생명,10.5,-18.970917225950778,18110.0,24794909.0,449035801990.0,171730227912.0,True,🚀,0,15676.012371861205,True,False,False,False,False,False,False,0.8035714285714286,0.0009784735812133072,0.6831824853228963
084370,유진테크,5.5,6.923076923076921,152900.0,656698.0,100409124200.0,67523443020.0,True,🚀🆕LIME,0,130293.8527975686,True,False,False,False,False,False,False,0.625,0.9823874755381604,0.678608121330724
005850,에스엘,6.5,0.14641288433381305,68400.0,208580.0,14266872000.0,25868521080.0,False,-,0,71451.59967837603,False,False,False,False,False,False,False,0.6607142857142857,0.7592954990215264,0.6755014677103718
039830,오로라,7.75,-1.7987633501967415,17470.0,34398.0,600933060.0,1354343328.0,False,-,0,17905.44153568556,False,False,False,False,False,False,False,0.7053571428571429,0.49902152641878667,0.6744068003913894
000990,DB하이텍,6.0,1.0739856801909253,169400.0,672325.0,113891855000.0,179613623360.0,False,-,0,189463.23514940508,False,False,False,False,False,False,False,0.6428571428571429,0.8483365949119374,0.6736790606653621
353200,대덕전자,9.0,-4.150943396226414,152400.0,916464.0,139669113600.0,272463237120.0,True,-,0,163994.55241194373,False,False,False,False,False,False,False,0.75,0.22015655577299412,0.670523483365949
001450,현대해상,6.0,0.2797202797202747,35850.0,1050465.0,37659170250.0,28224202410.0,False,-,0,36266.17674351431,False,False,False,False,False,False,False,0.6428571428571429,0.7778864970645792,0.6631115459882584
019010,베뉴지,9.5,-7.374100719424459,5150.0,124495.0,641149250.0,932467624.0,False,-,0,5525.3092561292815,False,False,False,False,False,False,False,0.7678571428571429,0.06555772994129158,0.6625122309197652
033640,네패스,8.5,-3.749999999999998,34650.0,494207.0,17124272550.0,40298958380.0,True,-,0,35661.83091688463,False,False,False,False,False,False,False,0.7321428571428571,0.2534246575342466,0.6603351272015655
011790,SKC,9.0,-5.5076310550763115,142400.0,1734715.0,247023416000.0,586085376540.0,True,-,0,146206.39452442215,False,False,False,False,False,False,False,0.75,0.13111545988258316,0.6571673189823874
043260,성호전자,8.75,-5.058365758754868,48800.0,6030782.0,294302161600.0,394951965950.0,True,🔥,1,40794.44104958557,True,False,False,False,False,False,False,0.7410714285714286,0.16193737769080235,0.6542013209393347
016360,삼성증권,6.0,-0.32467532467532756,122800.0,1216592.0,149397497600.0,143318164820.0,False,-,0,125075.56069567005,False,False,False,False,False,False,False,0.6428571428571429,0.7054794520547946,0.6522504892367906
010580,에스엠벡셀,6.0,-0.4524886877828038,2200.0,322702.0,709944400.0,1764180612.0,False,🆕GRN,0,2205.656213398672,False,True,False,False,False,False,False,0.6428571428571429,0.6839530332681018,0.6490215264187867
329180,HD현대중공업,4.5,5.063291139240511,664000.0,557541.0,370207224000.0,502786247600.0,False,-,0,696978.6160251719,False,False,False,False,False,False,False,0.5892857142857143,0.9686888454011742,0.6461961839530332
336260,두산퓨얼셀,4.5,4.347826086956519,84000.0,801440.0,67320960000.0,92451199360.0,False,-,0,93846.02272244981,False,False,False,False,False,False,False,0.5892857142857143,0.961839530332681,0.6451687866927593
005430,한국공항,8.0,-3.8363171355498715,75200.0,13148.0,988729600.0,1807836060.0,False,-,0,80423.12346035577,False,False,False,False,False,False,False,0.7142857142857143,0.2465753424657534,0.6441291585127201
336370,솔루스첨단소재,6.0,-1.170117011701166,10980.0,671000.0,7367580000.0,28396772162.0,True,-,0,10868.582439109465,False,False,False,False,False,False,False,0.6428571428571429,0.5870841487279843,0.6344911937377691
000155,두산우,8.25,-5.71870170015456,610000.0,14929.0,9106690000.0,25170674400.0,True,-,0,649956.8793530625,False,False,False,False,False,False,False,0.7232142857142857,0.1232876712328767,0.6332252935420744
178320,서진시스템,4.5,1.3005780346820872,70100.0,2522952.0,176858935200.0,166707756960.0,False,-,0,76172.39298245855,False,False,False,False,False,False,False,0.5892857142857143,0.8679060665362035,0.6310787671232877
127120,제이에스링크,5.0,0.0,39350.0,339087.0,13343073450.0,13807865140.0,False,🆕GRN,0,38764.09045421191,False,True,False,False,False,False,False,0.6071428571428571,0.7431506849315068,0.6275440313111545
241770,메카로,5.0,-0.1273885350318471,39200.0,78407.0,3073554400.0,3581622100.0,False,🚀,0,37994.40471916291,False,False,False,False,False,False,True,0.6071428571428571,0.726027397260274,0.6249755381604696
008060,대덕,5.0,-0.455927051671734,19650.0,182980.0,3595557000.0,4241266394.0,False,-,0,21502.066043748047,False,False,False,False,False,False,False,0.6071428571428571,0.6819960861056752,0.6183708414872798
456010,아이씨티케이,8.0,-7.28241563055062,26100.0,496375.0,12955387500.0,37817272570.0,False,-,0,28915.2717294096,False,True,False,False,False,False,False,0.7142857142857143,0.06947162426614481,0.6175636007827788
286940,롯데이노베이트,7.0,-3.6446469248291535,21150.0,93650.0,1980697500.0,9164578430.0,True,🆕GRN,0,21621.665780823838,False,True,False,False,False,False,False,0.6785714285714286,0.2602739726027397,0.6158268101761253
052710,아모텍,6.5,-2.822580645161288,24100.0,742707.0,17899238700.0,25046144060.0,False,-,0,24352.454961559088,False,True,False,False,False,False,False,0.6607142857142857,0.350293542074364,0.6141511741682975
005950,이수화학,4.0,0.906842539159114,12240.0,734533.0,8990683920.0,12660041850.0,False,-,0,14191.84079040663,False,False,False,False,False,False,False,0.5714285714285714,0.8414872798434442,0.6119373776908023
170920,엘티씨,5.5,-1.898734177215189,46500.0,326619.0,15187783500.0,18773592240.0,True,-,0,43211.328096586694,False,False,False,False,False,False,False,0.625,0.48043052837573386,0.6033145792563601
096530,씨젠,6.0,-2.6490066225165587,29400.0,493862.0,14519542800.0,20645438860.0,False,-,0,31056.63961599503,False,False,False,False,False,False,False,0.6428571428571429,0.36888454011741684,0.6017612524461841
440110,파두,7.0,-5.344827586206902,109800.0,1049939.0,115283302200.0,167256720320.0,False,-,0,116449.75617976363,False,False,False,False,False,False,False,0.6785714285714286,0.14383561643835616,0.5983610567514678
080220,제주반도체,7.5,-12.861136999068034,93500.0,1631657.0,152559929500.0,259768817360.0,False,-,0,105880.63573672954,False,False,False,False,False,False,False,0.6964285714285714,0.008806262230919765,0.5932852250489237
032580,피델릭스,7.5,-13.237639553429027,5440.0,905633.0,4926643520.0,14371612858.0,False,-,0,6351.19820092194,False,False,False,False,False,False,False,0.6964285714285714,0.007827788649706457,0.5931384540117417
230360,에코마케팅,3.5,0.25062656641603454,16000.0,14787.0,236592000.0,402644574.0,False,🚀🆕LIME,0,15976.818407022021,True,False,False,False,False,False,False,0.5535714285714286,0.7759295499021527,0.5869251467710371
086790,하나금융지주,2.5,2.98013245033113,124400.0,1364358.0,169726135200.0,152915986560.0,True,-,0,118391.57952530443,False,False,False,False,False,False,True,0.5178571428571429,0.9363992172211351,0.5806384540117417
002810,삼영무역,3.25,0.23866348448686736,21000.0,15528.0,326088000.0,590321220.0,False,-,0,21202.870557269467,False,False,False,False,False,False,False,0.5446428571428571,0.773972602739726,0.5790423189823874
131290,티에스이,6.5,-6.997742663656881,206000.0,57819.0,11910714000.0,25192910440.0,False,-,0,218456.96829550812,False,False,False,False,False,False,False,0.6607142857142857,0.07338551859099804,0.5726149706457926
373220,LG에너지솔루션,3.5,-0.4842615012106588,411000.0,643057.0,264296427000.0,724887619100.0,True,-,0,422798.22147253697,False,False,False,False,False,False,False,0.5535714285714286,0.6771037181996086,0.5721012720156555
036710,심텍홀딩스,6.5,-7.864077669902914,4745.0,440119.0,2088364655.0,3683183627.0,False,-,0,5324.022698644284,False,False,False,False,False,False,False,0.6607142857142857,0.05577299412915851,0.5699730919765167
03473K,SK우,6.5,-8.074534161490687,370000.0,3979.0,1472230000.0,1942838500.0,False,-,0,419200.75944142416,False,False,False,False,False,False,False,0.6607142857142857,0.046966731898238745,0.5686521526418786
036800,나이스정보통신,2.25,2.0183486238532167,27800.0,62443.0,1735915400.0,4196279230.0,False,-,0,27959.06195121611,False,False,False,False,False,False,False,0.5089285714285714,0.9050880626223092,0.5683524951076321
348950,제이알글로벌리츠,3.0,0.0,1182.0,0.0,0.0,0.0,False,-,0,1154.432162612489,False,False,True,True,False,False,False,0.5357142857142857,0.7431506849315068,0.5668297455968688
071050,한국금융지주,3.25,-0.40567951318458695,245500.0,624781.0,153383735500.0,121490176900.0,False,-,0,246336.75195667462,False,False,False,False,False,False,False,0.5446428571428571,0.6917808219178082,0.5667135518590998
093320,케이아이엔엑스,2.25,1.5454545454545388,111700.0,10597.0,1183684900.0,1376273400.0,False,-,0,114418.21398238922,False,False,False,False,False,False,False,0.5089285714285714,0.8776908023483366,0.5642429060665362
159010,아스플로,6.0,-6.725146198830412,15950.0,126631.0,2019764450.0,3633122914.0,False,-,0,17885.431751071796,False,False,False,False,False,False,False,0.6428571428571429,0.0821917808219178,0.5587573385518592
018880,한온시스템,4.5,-2.5933609958506243,4695.0,11636809.0,54634818255.0,163993953323.0,True,-,0,5145.750544116472,False,False,False,False,False,False,False,0.5892857142857143,0.37573385518590996,0.5572529354207436
319400,현대무벡스,1.5,5.087440381558039,33050.0,3431167.0,113400069350.0,295650702910.0,False,🆕PURPLE,0,38071.97432070984,False,False,False,True,False,False,False,0.48214285714285715,0.9696673189823874,0.5552715264187866
007070,GS리테일,1.5,2.7956989247311936,23900.0,239379.0,5721158100.0,6161975190.0,False,-,0,26372.424609358448,False,False,False,False,False,False,False,0.48214285714285715,0.9334637964774951,0.5498409980430528
018310,삼목에스폼,4.0,-2.163461538461542,20350.0,64272.0,1307935200.0,2666484770.0,True,-,0,20861.367840645165,False,False,False,False,False,False,False,0.5714285714285714,0.42563600782778865,0.5495596868884539
112290,와이씨켐,2.0,0.7560137457044647,14660.0,513291.0,7524846060.0,10612757778.0,False,-,0,14921.011385343472,False,False,False,False,False,False,False,0.5,0.8277886497064579,0.5491682974559686
119830,아이텍,5.0,-4.261363636363635,6740.0,210909.0,1421526660.0,3541291608.0,True,🆕GRN,0,7551.613452478955,False,True,False,False,False,False,False,0.6071428571428571,0.20939334637964774,0.5474804305283757
160980,싸이맥스,1.0,9.090909090909083,36000.0,355001.0,12780036000.0,6579263460.0,False,-,0,33866.21154850714,False,False,False,True,False,False,False,0.4642857142857143,0.987279843444227,0.5427348336594912
00104K,CJ4우(전환),1.25,2.6119402985074647,165000.0,8878.0,1464870000.0,1715249580.0,False,-,0,157563.5860185531,False,False,False,False,False,False,False,0.4732142857142857,0.9285714285714286,0.5415178571428572
204320,HL만도,3.75,-2.317290552584672,54800.0,619843.0,33967396400.0,80108539220.0,True,-,0,61104.872435462654,False,True,False,False,False,False,False,0.5625,0.41193737769080235,0.5399156066536204
078930,GS,2.5,-0.6622516556291425,75000.0,235248.0,17643600000.0,25367383740.0,False,-,0,75132.23588621187,False,False,False,False,False,False,False,0.5178571428571429,0.6585127201565558,0.5389554794520548
282330,BGF리테일,1.25,1.9319938176197926,131900.0,63642.0,8394379800.0,9761330300.0,False,-,0,129422.15319746158,False,False,False,False,False,False,False,0.4732142857142857,0.9021526418786693,0.5375550391389432
356680,엑스게이트,5.5,-8.441896821261075,17570.0,2511042.0,44119007940.0,109755575080.0,False,-,0,21728.726631036738,False,False,False,False,False,False,False,0.625,0.03913894324853229,0.5371208414872799
240810,원익IPS,0.75,5.953338696701538,131700.0,6410484.0,844260742800.0,313323607820.0,True,🆕LIME,0,114631.33688072546,True,False,False,False,False,False,False,0.45535714285714285,0.9794520547945206,0.5339713796477494
140860,파크시스템스,3.5,-2.2727272727272707,279500.0,44887.0,12545916500.0,19239600200.0,False,-,0,280748.0797455292,False,False,False,True,False,False,False,0.5535714285714286,0.41389432485322897,0.5326198630136987
059090,미코,3.75,-2.8301886792452824,20600.0,678503.0,13977161800.0,30282384260.0,False,-,0,21822.47836210367,False,False,False,True,False,False,False,0.5625,0.3493150684931507,0.5305222602739725
180640,한진칼,4.0,-3.322259136212624,116400.0,155981.0,18156188400.0,79895921820.0,True,🚀🆕GRN,0,113707.28076487765,False,True,False,False,False,False,False,0.5714285714285714,0.29060665362035226,0.5293052837573385
267250,HD현대,1.5,0.366300366300365,274000.0,175642.0,48125908000.0,77174027900.0,False,-,0,279321.2318253574,False,False,False,True,False,False,False,0.48214285714285715,0.7906066536203522,0.5284124266144814
010060,OCI홀딩스,2.5,-1.1666666666666714,296500.0,315218.0,93462137000.0,171763481900.0,False,-,0,336132.48874798534,False,False,False,True,False,False,False,0.5178571428571429,0.5880626223091977,0.5283879647749511
278470,에이피알,3.75,-3.1210986267166008,388000.0,391469.0,151889972000.0,217747083100.0,False,-,0,400675.1200250413,False,False,False,True,False,False,False,0.5625,0.312133072407045,0.5249449608610567
219130,타이거일렉,0.75,2.3076923076922995,53200.0,26825.0,1427090000.0,1636311320.0,False,🆕PURPLE,0,60369.14886835298,False,False,False,True,False,False,False,0.45535714285714285,0.9158512720156555,0.5244312622309197
307180,아이엘,3.5,-2.774108322324964,7360.0,746127.0,5491494720.0,9772299222.0,False,-,0,8364.302294165083,False,False,False,False,False,False,False,0.5535714285714286,0.35714285714285715,0.5241071428571429
950170,JTC,2.0,-0.9202453987730008,4845.0,56547.0,273970215.0,330113395.0,False,-,0,4897.472889098247,False,False,False,False,False,False,False,0.5,0.6223091976516634,0.5183463796477494
388720,유일로보틱스,2.25,-1.5037593984962405,91700.0,171989.0,15771391300.0,47194458580.0,True,🆕GRN,0,95317.631396615,False,True,False,False,False,False,False,0.5089285714285714,0.5469667318982387,0.5146342954990215
037460,삼지전자,4.5,-6.52631578947368,44400.0,137445.0,6102558000.0,10268731160.0,False,-,0,47901.28898458373,False,False,False,False,False,False,False,0.5892857142857143,0.09001956947162426,0.5143957925636008
004710,한솔테크닉스,2.0,-1.1235955056179803,12320.0,1820711.0,22431159520.0,23647913606.0,False,-,0,13949.479510830186,False,False,False,False,False,False,False,0.5,0.5958904109589042,0.5143835616438356
214320,이노션,1.5,-0.45090180360721765,19870.0,192036.0,3815755320.0,9125984848.0,True,-,0,20508.06591534408,False,False,False,False,False,False,False,0.48214285714285715,0.684931506849315,0.5125611545988258
277810,레인보우로보틱스,3.5,-3.4682080924855474,668000.0,263017.0,175695356000.0,412674786600.0,True,-,0,756425.1166557851,False,False,False,False,False,False,False,0.5535714285714286,0.2720156555772994,0.5113380626223092
453340,현대그린푸드,0.75,0.6539833531510109,16930.0,44331.0,750523830.0,1544204090.0,False,🆕PURPLE,0,17635.465329339328,False,False,False,True,False,False,False,0.45535714285714285,0.8199608610567515,0.510047700587084
443060,HD현대마린솔루션,0.25,2.3094688221708903,221500.0,186584.0,41328356000.0,139159602000.0,True,-,0,232425.57134288244,False,False,False,True,False,False,False,0.4375,0.9168297455968689,0.5093994618395303
452280,한선엔지니어링,0.75,0.60606060606061,24900.0,520974.0,12972252600.0,10025633700.0,False,-,0,28943.903626641306,False,False,False,True,False,False,False,0.45535714285714285,0.815068493150685,0.5093138454011741
039030,이오테크닉스,0.0,3.800217155266017,478000.0,241859.0,115608602000.0,106892526600.0,True,-,0,487841.4532332274,False,False,False,True,False,False,False,0.42857142857142855,0.9500978473581213,0.5068003913894324
002380,KCC,3.5,-3.8938053097345104,543000.0,47020.0,25531860000.0,36382558400.0,False,-,0,552293.1962492117,False,False,False,True,False,False,False,0.5535714285714286,0.23972602739726026,0.5064946183953033
031980,피에스케이홀딩스,-0.25,10.22727272727273,126100.0,620563.0,78252994300.0,54518094180.0,True,-,0,119407.45179819126,False,False,False,True,False,False,True,0.41964285714285715,0.9941291585127201,0.5058158023483366
005500,삼진제약,0.0,3.274428274428276,19870.0,2187999.0,43475540130.0,14231488686.0,True,-,0,20978.13952009965,False,False,False,False,False,False,False,0.42857142857142855,0.9412915851272016,0.5054794520547945
020150,롯데에너지머티리얼즈,3.75,-5.4514480408858645,55500.0,741724.0,41165682000.0,97063307940.0,True,🆕PURPLE,0,61555.39852508008,False,False,False,True,False,False,False,0.5625,0.136986301369863,0.49867294520547945
336570,원텍,3.5,-5.1724137931034475,7700.0,3270469.0,25182611300.0,30050050990.0,True,-,0,8322.026130806751,False,False,False,False,False,False,False,0.5535714285714286,0.15557729941291584,0.4938723091976517
383220,F&F,-0.5,3.5014005602240994,73900.0,141876.0,10484636400.0,9044622220.0,False,🆕PURPLE,0,76277.97716438276,False,False,False,True,False,False,False,0.4107142857142857,0.9481409001956947,0.491328277886497
455900,엔젤로보틱스,1.0,-0.7504690431519689,26450.0,193378.0,5114848100.0,28456947460.0,True,🆕GRN,0,27624.36661367481,False,True,False,False,False,False,False,0.4642857142857143,0.6438356164383562,0.4912181996086106
222800,심텍,4.0,-9.171075837742503,103000.0,1074009.0,110622927000.0,119555183960.0,False,-,0,117404.35697554421,False,False,False,False,False,False,False,0.5714285714285714,0.029354207436399216,0.4901174168297455
031430,신세계인터내셔날,2.0,-2.2424667133847276,13950.0,122462.0,1708344900.0,3059837612.0,False,-,0,14433.747326139333,False,False,False,True,False,False,False,0.5,0.4178082191780822,0.4876712328767123
000500,가온전선,3.75,-7.703927492447127,305500.0,111308.0,34004594000.0,81683675200.0,False,🆕PURPLE,0,400725.5684360155,False,False,False,True,False,False,False,0.5625,0.060665362035225046,0.4872248043052837
001040,CJ,-0.75,4.991394148020656,183000.0,299598.0,54826434000.0,59126517040.0,True,-,0,174613.2945657289,False,False,False,True,False,False,False,0.4017857142857143,0.9667318982387475,0.48652764187866926
000240,한국앤컴퍼니,1.25,-1.3806706114398382,25000.0,156147.0,3903675000.0,5061183370.0,True,🆕GRN,0,24181.339002810153,False,True,False,False,False,False,False,0.4732142857142857,0.5596868884540117,0.4861851761252446
011560,세보엠이씨,-0.75,4.428904428904423,22400.0,41905.0,938672000.0,1158430820.0,False,-,0,23258.164736807616,False,False,False,True,False,False,False,0.4017857142857143,0.9628180039138943,0.48594055772994127
079940,가비아,1.25,-1.7543859649122862,30800.0,26368.0,812134400.0,1018782240.0,False,🆕PURPLE,0,31831.674685496484,False,False,False,True,False,False,False,0.4732142857142857,0.5088062622309197,0.4785530821917808
000157,두산2우B,2.75,-4.385964912280704,490500.0,1163.0,570451500.0,1738889700.0,False,-,0,532367.4369122138,False,False,False,True,False,False,False,0.5267857142857143,0.19863013698630136,0.47756237769080234
308080,바이젠셀,2.0,-2.862985685071573,9500.0,335716.0,3189302000.0,7940792388.0,False,-,0,11923.661291436116,False,False,False,True,False,False,False,0.5,0.34540117416829746,0.4768101761252446
281820,케이씨텍,-0.25,0.31201248049921304,64300.0,229069.0,14729136700.0,17354087440.0,False,-,0,68464.0094396758,False,False,False,True,False,False,False,0.41964285714285715,0.7837573385518591,0.4742600293542074
462870,시프트업,-1.0,2.8475711892797406,30700.0,115015.0,3530960500.0,4704415580.0,True,-,0,29101.02257293989,False,False,False,False,False,False,False,0.39285714285714285,0.9354207436399217,0.47424168297455965
051360,토비스,-0.5,0.6376811594202891,17360.0,112590.0,1954562400.0,1740761104.0,False,🆕PURPLE,0,18832.89396415725,False,False,False,True,False,False,False,0.4107142857142857,0.8189823874755382,0.4719545009784736
062040,산일전기,-1.25,4.728132387706863,221500.0,419456.0,92909504000.0,153246944000.0,False,-,0,264899.7143076267,False,False,False,True,False,False,False,0.38392857142857145,0.9657534246575342,0.47120229941291586
032640,LG유플러스,0.25,-0.7208387942332917,15150.0,1774078.0,26877281700.0,149119966888.0,True,🆕PURPLE,0,15774.205789614327,False,False,False,True,False,False,False,0.4375,0.6516634050880626,0.46962451076320944
003690,코리안리,3.0,-6.790564689063617,13040.0,1783135.0,23252080400.0,15097893354.0,True,🆕GRN,0,13567.125713723464,False,True,False,False,False,False,False,0.5357142857142857,0.0812133072407045,0.4675391389432485
003490,대한항공,-0.75,0.8048289738430636,25050.0,2626012.0,65781600600.0,94234223450.0,False,🆕PURPLE,0,26385.156547329534,False,False,False,True,False,False,False,0.4017857142857143,0.8307240704500979,0.4661264677103718
144960,뉴파워프라즈마,1.5,-2.7554535017221604,8470.0,580602.0,4917698940.0,13827807802.0,True,-,0,9801.212626983131,False,False,False,False,False,False,False,0.48214285714285715,0.36007827788649704,0.4638331702544031
041830,인바디,2.0,-3.864734299516903,39800.0,65185.0,2594363000.0,3854362220.0,False,-,0,45654.146730180786,False,False,False,False,False,False,False,0.5,0.24070450097847357,0.46110567514677103
092460,한라IMS,-1.5,3.347732181425478,19140.0,196505.0,3761105700.0,3488616040.0,False,-,0,20462.74168311555,False,False,False,True,False,False,False,0.375,0.9452054794520548,0.4605308219178082
445090,에이직랜드,2.75,-6.688963210702337,27900.0,335603.0,9363323700.0,12612857180.0,True,🆕RED,0,29701.623762588133,False,False,True,True,False,False,False,0.5267857142857143,0.08414872798434442,0.46039016634050883
051910,LG화학,-1.25,1.6129032258064502,346500.0,387753.0,134356414500.0,250130438100.0,True,-,0,356526.92821070337,False,False,False,True,False,False,False,0.38392857142857145,0.8845401174168297,0.4590203033268102
082640,동양생명,-1.5,1.8372703412073532,7760.0,311418.0,2416603680.0,1874934048.0,False,-,0,7482.195584559587,False,False,False,False,False,False,False,0.375,0.8972602739726028,0.4533390410958904
005940,NH투자증권,-1.75,2.580645161290329,31800.0,2197473.0,69879641400.0,57054734290.0,False,-,0,31376.12083785034,False,False,False,True,False,False,False,0.36607142857142855,0.9275929549902152,0.4502996575342465
252990,샘씨엔에스,2.5,-7.364620938628164,12830.0,705440.0,9050795200.0,13292339422.0,False,-,0,13366.416478450956,False,False,False,False,False,False,False,0.5178571428571429,0.06653620352250489,0.4501590019569472
230240,에치에프알,2.75,-14.85294117647059,28950.0,468369.0,13559282550.0,17988301480.0,False,🆕PURPLE,0,31971.98849407319,False,False,False,True,False,False,False,0.5267857142857143,0.005870841487279843,0.44864848336594915
024840,KBI메탈,-1.5,1.245753114382775,4470.0,1959894.0,8760726180.0,14616711888.0,False,-,0,6318.283535724758,False,False,False,True,False,False,False,0.375,0.8639921722113503,0.44834882583170255
417840,저스템,2.5,-8.25515947467167,14670.0,786107.0,11532189690.0,19157219040.0,False,-,0,17836.90301721811,False,False,False,False,False,False,False,0.5178571428571429,0.04403131115459882,0.4467832681017613
083450,GST,1.0,-2.8462998102466774,51200.0,500430.0,25622016000.0,43168669720.0,False,🆕PURPLE,0,57636.88310737154,False,False,False,True,False,False,False,0.4642857142857143,0.3473581213307241,0.44674657534246576
330860,네패스아크,1.75,-4.472049689440993,38450.0,135671.0,5216549950.0,9873943620.0,False,-,0,43619.57944244362,False,False,False,False,False,False,False,0.49107142857142855,0.19373776908023482,0.44647137964774947
290690,소룩스,2.5,-8.539094650205758,4445.0,2738297.0,12171730165.0,13247392869.0,False,-,0,5097.101414556402,False,False,False,False,False,False,False,0.5178571428571429,0.03718199608610567,0.4457558708414873
090460,비에이치,-2.0,3.405017921146958,28850.0,675444.0,19486559400.0,29195209940.0,False,-,0,33412.467851048954,False,False,False,True,False,False,False,0.35714285714285715,0.9461839530332681,0.44549902152641874
036170,에이치엠넥스,-2.0,3.3333333333333437,4960.0,6680205.0,33133816800.0,16429511543.0,False,-,0,4907.336428824567,False,False,False,True,False,False,False,0.35714285714285715,0.9442270058708415,0.4452054794520548
093370,후성,-1.75,1.7590149516270914,11570.0,13386166.0,154877940620.0,63841551288.0,False,-,0,11902.472416917773,False,False,False,True,False,False,False,0.36607142857142855,0.8933463796477495,0.44516267123287667
274090,켄코아에어로스페이스,1.5,-4.6052631578947345,21750.0,523157.0,11378664750.0,25255704470.0,False,-,0,26909.07795736846,False,False,False,False,False,False,False,0.48214285714285715,0.18786692759295498,0.4380014677103718
049070,인탑스,-1.75,0.8864265927977844,18210.0,373307.0,6797920470.0,9221128234.0,True,🆕PURPLE,0,19609.112784275887,False,False,False,True,False,False,False,0.36607142857142855,0.8385518590998043,0.43694349315068487
203650,드림시큐리티,1.25,-4.192546583850931,3085.0,1569334.0,4841395390.0,12872895176.0,False,🆕PURPLE,0,3534.8674409351006,False,False,False,True,False,False,False,0.4732142857142857,0.21428571428571427,0.43437499999999996
452430,사피엔반도체,-1.25,-0.3722084367245637,40150.0,96633.0,3879814950.0,5743275790.0,False,-,0,46396.960908820955,False,False,False,True,False,False,False,0.38392857142857145,0.6956947162426614,0.43069349315068495
071055,한국금융지주우,0.0,-2.088167053364265,168800.0,10524.0,1776451200.0,2461920060.0,False,-,0,169330.47030680318,False,False,False,False,False,False,False,0.42857142857142855,0.436399217221135,0.4297455968688845
058650,세아홀딩스,2.0,-9.06210392902408,143500.0,6680.0,958580000.0,1530650460.0,False,🆕PURPLE,0,153822.05440152978,False,False,False,True,False,False,False,0.5,0.030332681017612523,0.4295499021526419
006400,삼성SDI,1.0,-4.0747028862478825,565000.0,1053075.0,594987375000.0,1175927457200.0,False,-,0,640490.1215261703,False,False,False,True,False,False,False,0.4642857142857143,0.22700587084148727,0.4286937377690802
194700,노바렉스,-2.0,0.7427413909520508,14920.0,96859.0,1445136280.0,2847913374.0,False,-,0,16151.278300070288,False,False,True,True,False,False,False,0.35714285714285715,0.8258317025440313,0.42744618395303324
403870,HPSP,-2.75,5.894736842105264,50300.0,9723522.0,489093156600.0,217120384920.0,True,-,0,51489.58306332108,False,False,False,True,False,False,False,0.33035714285714285,0.9774951076320939,0.42742783757338554
187870,디바이스,2.0,-11.69102296450939,21150.0,207622.0,4391205300.0,11261693700.0,True,-,0,25062.819153312532,False,False,False,False,False,False,False,0.5,0.0136986301369863,0.42705479452054795
295310,에이치브이엠,1.0,-4.347826086956519,94600.0,467324.0,44208850400.0,68431570880.0,False,-,0,110926.1793255609,False,False,False,False,False,False,False,0.4642857142857143,0.20205479452054795,0.4249510763209393
008770,호텔신라,-1.0,-1.0771992818671472,55100.0,736703.0,40592335300.0,31414912920.0,False,-,0,56927.45307488858,False,False,False,True,False,False,False,0.39285714285714285,0.6007827788649707,0.424045988258317
010120,LS ELECTRIC,-0.25,-2.164502164502169,226000.0,1234062.0,278898012000.0,652457420000.0,False,-,0,266132.1068511147,False,False,False,True,False,False,False,0.41964285714285715,0.4246575342465753,0.42039505870841487
000880,한화,-2.75,2.4154589371980784,127200.0,379707.0,48298730400.0,55003052160.0,False,-,0,135156.14317660866,False,False,False,True,False,False,False,0.33035714285714285,0.9217221135029354,0.4190618884540117
012750,에스원,-2.0,0.13550135501354532,73900.0,121463.0,8976115700.0,6941347820.0,True,-,0,69210.06217292375,False,False,False,False,False,False,False,0.35714285714285715,0.7573385518590998,0.41717221135029353
232680,라온로보틱스,1.5,-8.318264014466548,15210.0,388466.0,5908567860.0,16344781476.0,True,-,0,18169.858943518884,False,False,False,False,False,False,False,0.48214285714285715,0.043052837573385516,0.4162793542074364
006260,LS,-1.25,-1.0882708585247869,409000.0,272656.0,111516304000.0,201923527200.0,True,-,0,502940.8245598898,False,False,False,True,False,False,False,0.38392857142857145,0.598825831702544,0.41616316046966734
298040,효성중공업,-0.25,-2.5626092020966773,3346000.0,54600.0,182691600000.0,318872726000.0,False,-,0,3828653.041496093,False,False,False,True,False,False,False,0.41964285714285715,0.3796477495107632,0.41364359099804304
006110,삼아알미늄,1.5,-10.13597033374537,72700.0,249664.0,18150572800.0,38903501760.0,False,-,0,86035.10995361584,False,False,False,True,False,False,False,0.48214285714285715,0.019569471624266144,0.4127568493150685
383310,에코프로에이치엔,1.25,-7.293354943273911,28600.0,226149.0,6467861400.0,10352723510.0,True,-,0,29887.70912398711,False,False,False,False,False,False,False,0.4732142857142857,0.0684931506849315,0.4125061154598825
323410,카카오뱅크,-3.0,2.4498886414253906,23000.0,1877731.0,43187813000.0,48112694530.0,True,-,0,22096.29992087189,False,False,False,False,False,False,False,0.32142857142857145,0.923679060665362,0.41176614481409
022100,포스코DX,1.0,-5.996758508914102,29000.0,1669254.0,48408366000.0,251146004470.0,True,🆕PURPLE,0,32903.93780518786,False,False,False,True,False,False,False,0.4642857142857143,0.11056751467710371,0.4112279843444227
003650,미창석유,-1.75,-0.6552006552006606,121300.0,2299.0,278868700.0,404863080.0,False,-,0,123606.42503603447,False,False,False,False,False,False,False,0.36607142857142855,0.6594911937377691,0.4100843933463796
259960,크래프톤,-3.0,2.182539682539675,257500.0,201904.0,51990280000.0,71850211100.0,True,-,0,262112.32845750442,False,False,True,True,False,False,False,0.32142857142857145,0.9090019569471625,0.40956457925636014
007660,이수페타시스,0.75,-5.242566510172142,121100.0,1914507.0,231846797700.0,324759802060.0,False,🆕PURPLE,0,131796.4704921255,False,False,False,True,False,False,False,0.45535714285714285,0.149706457925636,0.4095095401174168
003300,한일홀딩스,-1.5,-1.1897679952409312,16610.0,17572.0,291870920.0,490325738.0,False,-,0,16774.205475746778,False,False,True,True,False,False,False,0.375,0.5831702544031311,0.40622553816046963
010950,S-Oil,-0.5,-2.608695652173909,112000.0,324401.0,36332912000.0,79266819760.0,False,-,0,108619.02447407486,False,False,False,False,False,False,False,0.4107142857142857,0.37377690802348335,0.4051736790606653
402030,코난테크놀로지,0.5,-4.841402337228717,17100.0,75056.0,1283457600.0,5320977962.0,True,-,0,17378.809550271595,False,False,False,False,False,False,False,0.44642857142857145,0.17123287671232876,0.405149217221135
425040,티이엠씨,1.25,-10.617283950617285,18100.0,902508.0,16335394800.0,30538311314.0,False,🆕PURPLE,0,23062.081161491962,False,False,False,True,False,False,False,0.4732142857142857,0.01761252446183953,0.40487402152641877
028300,HLB,-1.0,-1.953125,50200.0,1282429.0,64377935800.0,87209764440.0,False,-,0,51122.31383619775,False,False,False,False,False,False,False,0.39285714285714285,0.46966731898238745,0.4043786692759295
187790,나노,-2.0,-0.7104795737122527,5590.0,218085.0,1219095150.0,4512290210.0,False,-,0,6456.43794231178,False,False,False,True,False,False,False,0.35714285714285715,0.6526418786692759,0.40146771037181994
125020,티씨머티리얼즈,0.25,-4.651162790697672,6970.0,669560.0,4666833200.0,10543228144.0,False,🆕PURPLE,0,8015.130968735442,False,False,False,True,False,False,False,0.4375,0.18590998043052837,0.39976149706457925
087010,펩트론,-1.0,-2.0912547528517123,257500.0,235394.0,60613955000.0,112475181000.0,False,-,0,271836.00913060666,False,True,False,False,False,False,False,0.39285714285714285,0.4354207436399217,0.39924168297455964
078150,HB테크놀러지,0.25,-4.889589905362779,3015.0,2129286.0,6419797290.0,16517709462.0,False,🆕PURPLE,0,3694.6708697182567,False,False,False,True,False,False,False,0.4375,0.17025440313111545,0.39741316046966735
028050,삼성E&A,-3.0,0.7345225603357708,48000.0,1982141.0,95142768000.0,174226068230.0,False,-,0,51748.25429629584,False,False,False,True,False,False,False,0.32142857142857145,0.824853228962818,0.3969422700587084
002350,넥센타이어,-2.5,-0.14619883040936088,6830.0,227370.0,1552937100.0,1420890630.0,True,-,0,6610.771897372063,False,False,False,False,False,False,False,0.3392857142857143,0.7201565557729941,0.39641634050880625
131970,두산테스나,0.25,-5.03903477643719,133800.0,499349.0,66812896200.0,88921258800.0,False,🆕PURPLE,0,166262.0546917151,False,False,False,True,False,False,False,0.4375,0.1634050880626223,0.39638576320939334
483650,달바글로벌,-2.75,0.20671834625323182,193900.0,252349.0,48930471100.0,62008611660.0,False,-,0,212145.35498025073,False,False,False,True,False,False,False,0.33035714285714285,0.7700587084148728,0.39631237769080235
067310,하나마이크론,0.75,-7.819383259911894,41850.0,1000556.0,41873268600.0,59822639640.0,False,🆕PURPLE,0,46826.5680234843,False,False,False,True,False,False,False,0.45535714285714285,0.05870841487279843,0.3958598336594912
241560,두산밥캣,-1.75,-1.3533834586466176,65600.0,327290.0,21470224000.0,32074576140.0,False,-,0,67051.00101605934,False,False,False,True,False,False,False,0.36607142857142855,0.5626223091976517,0.395554060665362
011210,현대위아,-3.0,0.5063291139240533,79400.0,282638.0,22441457200.0,46656721820.0,False,🆕PURPLE,0,88000.80823845258,False,False,False,True,False,False,False,0.32142857142857145,0.8072407045009785,0.3943003913894325
089030,테크윙,-3.5,1.862197392923659,54700.0,1951604.0,106752738800.0,63396035500.0,False,-,0,51827.83801928551,False,False,False,False,False,False,False,0.30357142857142855,0.898238747553816,0.39277152641878665
007340,DN오토모티브,-2.25,-0.8495145631068013,40850.0,205821.0,8407787850.0,11803144230.0,False,-,0,45246.88650469623,False,False,False,True,False,False,False,0.3482142857142857,0.6291585127201565,0.39035591976516637
461300,아이스크림미디어,-3.75,2.2115959354453096,17100.0,42562.0,727810200.0,1157613742.0,False,-,0,17390.46104585188,False,False,True,True,False,False,False,0.29464285714285715,0.9129158512720157,0.3873838062622309
081660,미스토홀딩스,-3.75,2.185089974293053,39750.0,154591.0,6144992250.0,8216337440.0,False,🆕LIME,0,38324.148889318414,True,False,False,False,False,False,False,0.29464285714285715,0.9099804305283757,0.38694349315068494
012030,DB,0.0,-5.368790767686904,1886.0,1193605.0,2251139030.0,2904475054.4,False,-,0,2129.4307656684796,False,False,False,False,False,False,False,0.42857142857142855,0.14090019569471623,0.3854207436399217
466100,클로봇,-2.25,-1.1467889908256867,43100.0,570818.0,24602255800.0,66291631530.0,True,-,0,43583.691480348265,False,False,False,False,False,False,False,0.3482142857142857,0.5909980430528375,0.3846318493150685
456040,OCI,-0.25,-4.773869346733672,113700.0,51532.0,5859188400.0,10531345460.0,False,-,0,123548.344957433,False,False,False,True,False,False,False,0.41964285714285715,0.1771037181996086,0.3832619863013699
489790,한화비전,-1.0,-3.091397849462363,72100.0,1331050.0,95968705000.0,137872746080.0,False,-,0,69923.51707835776,False,False,False,False,False,False,False,0.39285714285714285,0.3150684931506849,0.38118884540117415
417010,나노팀,-1.0,-3.103782735208538,9990.0,497373.0,4968756270.0,14635391170.0,True,-,0,11280.878984684012,False,False,False,True,False,False,False,0.39285714285714285,0.31409001956947163,0.3810420743639922
001720,신영증권,0.5,-13.995485327313773,190500.0,340734.0,64909827000.0,27494645540.0,True,🆕LIME,0,180117.94825521193,True,False,False,False,False,False,False,0.44642857142857145,0.00684931506849315,0.38049168297455965
161890,한국콜마,-3.75,1.2150668286755817,83300.0,227744.0,18971075200.0,19154648140.0,False,-,0,88912.98586032864,False,False,False,True,False,False,False,0.29464285714285715,0.8581213307240705,0.37916462818003915
009450,경동나비엔,-2.75,-0.7352941176470562,67500.0,52245.0,3526537500.0,5169908460.0,False,-,0,70813.09514841909,False,False,False,True,False,False,False,0.33035714285714285,0.6467710371819961,0.37781922700587084
052330,코텍,-3.5,0.27472527472527375,10950.0,20878.0,228614100.0,323835048.0,False,-,0,11661.367997668922,False,False,False,True,False,False,False,0.30357142857142855,0.776908023483366,0.37457191780821913
332570,PS일렉트로닉스,0.25,-10.775047258979209,9440.0,2511934.0,23712656960.0,42643023652.0,False,🆕PURPLE,0,12307.93928193547,False,False,False,True,False,False,False,0.4375,0.015655577299412915,0.37422333659491197
010170,대한광통신,0.25,-10.935960591133009,18080.0,10531750.0,190414040000.0,360471609880.0,False,🆕PURPLE,0,23899.61188801464,False,False,False,True,False,False,False,0.4375,0.014677103718199608,0.37407656555772995
375500,DL이앤씨,-4.5,5.425219941348969,71900.0,661116.0,47534240400.0,68370548180.0,False,-,0,76103.2942885163,False,False,False,True,False,False,False,0.26785714285714285,0.9755381604696673,0.3740092954990215
092190,서울바이오시스,0.25,-11.712511091393074,9950.0,448457.0,4462147150.0,7538363088.0,False,🆕PURPLE,0,13959.456929899077,False,False,False,True,False,False,False,0.4375,0.012720156555772993,0.37378302348336595
138360,앤로보틱스,-4.25,2.4242424242424176,2535.0,1334275.0,3382387125.0,2579798081.0,False,-,0,3057.71067797192,False,False,False,True,False,False,False,0.2767857142857143,0.9227005870841487,0.37367294520547945
094170,동운아나텍,-2.5,-1.5424164524421635,38300.0,138373.0,5299685900.0,8871345410.0,False,-,0,42690.9400873198,False,False,False,True,False,False,False,0.3392857142857143,0.5440313111545988,0.369997553816047
200470,에이팩트,-0.5,-5.502392344497609,7900.0,361200.0,2853480000.0,5878746084.0,False,-,0,8786.40818907689,False,False,False,True,False,False,False,0.4107142857142857,0.13209393346379647,0.3689212328767123
002960,한국쉘석유,-4.5,3.0864197530864113,501000.0,6665.0,3339165000.0,2110485200.0,False,-,0,509489.42553802533,False,False,False,False,False,False,False,0.26785714285714285,0.9393346379647749,0.36857876712328763
499790,GS피앤엘,-4.75,7.6751946607341415,48400.0,515589.0,24954507600.0,9502454030.0,False,-,0,45609.74995407813,False,False,False,True,False,False,False,0.25892857142857145,0.9843444227005871,0.36774094911937383
254490,미래반도체,0.0,-10.110294117647056,24450.0,182110.0,4452589500.0,7145915360.0,False,🆕PURPLE,0,31450.318528221105,False,False,False,True,False,False,False,0.42857142857142855,0.021526418786692758,0.36751467710371816
271560,오리온,-4.25,1.4559386973180155,132400.0,143561.0,19007476400.0,18655669480.0,False,-,0,133490.96679851456,False,False,False,True,False,False,False,0.2767857142857143,0.87279843444227,0.36618762230919766
195870,해성디에스,-1.25,-3.6505867014341553,73900.0,272464.0,20135089600.0,46173525300.0,False,-,0,87475.78623569323,False,False,False,True,False,False,False,0.38392857142857145,0.25929549902152643,0.3652336105675147
005290,동진쎄미켐,-1.25,-3.7102473498233257,54500.0,1278980.0,69704410000.0,102671870200.0,False,-,0,58092.51840948452,False,False,False,True,False,False,False,0.38392857142857145,0.2563600782778865,0.36479329745596867
340570,티앤엘,-3.5,-0.3629764065335772,54900.0,44420.0,2438658000.0,4607324360.0,False,-,0,58631.86050919005,False,False,False,True,False,False,False,0.30357142857142855,0.699119373776908,0.36290362035225043
138930,BNK금융지주,-4.0,0.4041570438799047,17390.0,1367624.0,23782981360.0,36510176634.0,True,-,0,17109.462178176575,False,False,False,False,False,False,False,0.2857142857142857,0.799412915851272,0.3627690802348336
446540,메가터치,-1.25,-3.8961038961038974,6660.0,132347.0,881431020.0,2571417396.0,False,-,0,8248.38584515679,False,False,False,True,False,False,False,0.38392857142857145,0.2382583170254403,0.3620780332681018
089890,코세스,-2.0,-2.571041948579156,36000.0,164654.0,5927544000.0,10878365690.0,False,-,0,40027.283806892796,False,False,False,True,False,False,False,0.35714285714285715,0.3786692759295499,0.36037181996086104
078020,LS증권,-5.0,6.528189910979232,7180.0,790705.0,5677261900.0,1898139624.0,False,-,0,6974.827799432875,False,False,False,False,False,False,False,0.25,0.9804305283757339,0.3595645792563601
005945,NH투자증권우,-2.25,-2.1653543307086576,24850.0,84999.0,2112225150.0,2078146700.0,False,-,0,25230.558909076906,False,False,False,True,False,False,False,0.3482142857142857,0.42367906066536204,0.3595340019569472
064760,티씨케이,-4.0,0.19120458891013214,262000.0,101180.0,26509160000.0,31891724000.0,False,-,0,283682.8123986332,False,False,False,True,False,False,False,0.2857142857142857,0.7681017612524462,0.35807240704500976
108670,LX하우시스,-4.25,0.6289308176100628,32000.0,47857.0,1531424000.0,2175225640.0,False,-,0,35474.20176517627,False,False,False,True,False,False,False,0.2767857142857143,0.8180039138943248,0.35796844422700586
082920,비츠로셀,-2.25,-2.3445463812436285,47900.0,475339.0,22768738100.0,30278842800.0,False,-,0,54295.56911400267,False,False,False,True,False,False,False,0.3482142857142857,0.4070450097847358,0.35703889432485325
445680,큐리옥스바이오시스템즈,-1.5,-3.858185610010423,92200.0,189401.0,17462772200.0,24919171480.0,False,-,0,89531.40426377172,False,False,False,False,False,False,False,0.375,0.24266144814090018,0.355149217221135
139130,iM금융지주,-4.5,0.8517887563884052,17760.0,535159.0,9504423840.0,16249488924.0,False,-,0,17982.728108815667,False,False,False,True,False,False,False,0.26785714285714285,0.8365949119373777,0.35316780821917804
122640,예스티,-1.75,-3.6398467432950166,25150.0,397244.0,9990686600.0,14252161040.0,False,-,0,27392.96815850931,False,False,False,True,False,False,False,0.36607142857142855,0.26125244618395305,0.3503485812133072
389500,에스비비테크,-1.0,-6.0842433697347875,60200.0,178234.0,10729686800.0,18381853800.0,False,🆕PURPLE,0,80819.89969216866,False,False,False,True,False,False,False,0.39285714285714285,0.10567514677103718,0.34977984344422697
175330,JB금융지주,-4.5,0.38387715930903177,26150.0,761552.0,19914584800.0,61383260120.0,True,-,0,24369.47728632939,False,False,False,False,False,False,False,0.26785714285714285,0.7964774951076321,0.3471501956947162
267270,HD건설기계,-5.0,1.7409470752089096,146100.0,305296.0,44603745600.0,81285080180.0,False,-,0,156578.33065606002,False,False,False,True,False,False,False,0.25,0.8923679060665362,0.3463551859099804
053610,프로텍,-2.0,-3.407601572739183,73700.0,92542.0,6820345400.0,10260921480.0,False,-,0,87321.91219524578,False,False,False,True,False,False,False,0.35714285714285715,0.27788649706457924,0.34525440313111544
035510,신세계 I&C,-4.0,-0.495662949194553,16060.0,133299.0,2140781940.0,8715292336.0,False,-,0,16567.525769041902,False,False,False,False,False,False,False,0.2857142857142857,0.6741682974559687,0.3439823874755381
382900,범한퓨얼셀,-3.5,-1.258992805755399,27450.0,107797.0,2959027650.0,5835508010.0,False,-,0,30380.597971651427,False,False,False,True,False,False,False,0.30357142857142855,0.5724070450097848,0.34389677103718197
033160,엠케이전자,-1.0,-7.8324225865209485,25300.0,469200.0,11870760000.0,31276907620.0,False,-,0,28835.608694395,False,False,False,True,False,False,False,0.39285714285714285,0.057729941291585124,0.3425880626223092
046890,서울반도체,-1.25,-6.098457016899339,12780.0,1160160.0,14826844800.0,43037621908.0,False,-,0,14912.556510769848,False,False,False,True,False,False,False,0.38392857142857145,0.10469667318982387,0.3420437866927593
005090,SGC에너지,-3.75,-1.0593220338983023,46700.0,77150.0,3602905000.0,7807720740.0,False,🆕PURPLE,0,50129.190516824456,False,False,False,True,False,False,False,0.29464285714285715,0.6056751467710372,0.34129770058708414
123860,아나패스,-1.5,-5.390230207748459,16850.0,56793.0,956962050.0,3304146782.0,False,🆕PURPLE,0,18910.234616355985,False,False,False,True,False,False,False,0.375,0.13992172211350293,0.3397382583170254
095340,ISC,-1.75,-4.750593824228034,200500.0,294517.0,59050658500.0,67938341500.0,False,-,0,214729.5454986486,False,False,False,True,False,False,False,0.36607142857142855,0.1780821917808219,0.3378730430528375
033790,피노,-1.5,-5.757307351638619,10640.0,1926258.0,20495385120.0,20773916122.0,False,-,0,12064.129909966432,False,False,False,True,False,False,False,0.375,0.12035225048923678,0.33680283757338547
064350,현대로템,-5.0,0.6867406233491913,190600.0,567939.0,108249173400.0,211471914460.0,False,🆕PURPLE,0,203455.51963839604,False,False,False,True,False,False,False,0.25,0.8228962818003914,0.3359344422700587
030520,한글과컴퓨터,-5.0,0.6742738589211594,19410.0,248788.0,4828975080.0,7581902108.0,True,-,0,19667.206665731253,False,False,False,False,False,False,False,0.25,0.821917808219178,0.33578767123287667
226950,올릭스,-1.5,-5.923125393824824,149300.0,777421.0,116068955300.0,165189533140.0,True,-,0,164381.1175674952,False,False,False,False,False,False,False,0.375,0.11350293542074363,0.3357754403131115
306200,세아제강,-5.0,0.6627393225331346,136700.0,18782.0,2567499400.0,3034265360.0,False,-,0,147417.30517555738,False,False,False,True,False,False,False,0.25,0.8209393346379648,0.3356409001956947
006360,GS건설,-5.0,0.5494505494505475,27450.0,1278975.0,35107863750.0,57228669660.0,False,-,0,29706.986156466213,False,False,False,True,False,False,False,0.25,0.8096868884540117,0.3339530332681018
003220,대원제약,-6.0,30.849825378346907,11240.0,1602366.0,18010593840.0,4420975126.0,True,🆕GRN,0,8982.330536373755,False,True,False,False,False,False,False,0.21428571428571427,1.0,0.33214285714285713
365270,큐라클,-1.5,-6.60112359550562,13300.0,206583.0,2747553900.0,4068192212.0,False,-,0,14231.003052942622,False,False,False,False,False,False,False,0.375,0.08708414872798434,0.3318126223091976
003470,유안타증권,-4.5,-0.3891050583657574,5120.0,927663.0,4749634560.0,5291692858.0,False,-,0,5607.360541885807,False,False,False,True,False,False,False,0.26785714285714285,0.6927592954990215,0.33159246575342466
005680,삼영전자,-2.75,-2.9629629629629672,13100.0,75257.0,985866700.0,1487353096.0,False,-,0,13986.123041125784,False,False,False,False,False,False,False,0.33035714285714285,0.3356164383561644,0.3311460371819961
017900,광전자,-1.25,-9.917355371900827,8720.0,915703.0,7984930160.0,19391516268.0,False,-,0,11327.862543038798,False,False,False,True,False,False,False,0.38392857142857145,0.023483365949119372,0.3298617906066536
088350,한화생명,-3.75,-1.6443987667009274,4785.0,9104392.0,43564515720.0,27533303551.0,False,-,0,5168.216773281361,False,False,False,True,False,False,False,0.29464285714285715,0.525440313111546,0.32926247553816046
108320,LX세미콘,-5.5,1.5564202334630295,52200.0,277555.0,14488371000.0,13486414800.0,False,-,0,56195.805879451356,False,False,True,True,False,False,False,0.23214285714285715,0.8786692759295499,0.32912181996086104
001530,DI동일,-5.0,0.21551724137931494,23250.0,86196.0,2004057000.0,2983484360.0,False,-,0,26170.564498218733,False,False,False,True,False,False,False,0.25,0.7710371819960861,0.3281555772994129
034230,파라다이스,-6.0,5.2309782608695565,15490.0,2856793.0,44251723570.0,22841023958.0,True,-,0,14272.11269749562,False,False,False,False,False,False,False,0.21428571428571427,0.9726027397260274,0.32803326810176126
060980,HL홀딩스,-4.0,-1.3745704467353903,43050.0,49440.0,2128392000.0,2619437160.0,True,-,0,45242.45996923299,False,False,False,False,False,False,False,0.2857142857142857,0.5616438356164384,0.3271037181996086
058610,에스피지,-2.0,-5.142332415059691,103300.0,473312.0,48893129600.0,138171936700.0,True,-,0,121563.18482310305,False,False,False,True,False,False,False,0.35714285714285715,0.15655577299412915,0.3270547945205479
120110,코오롱인더,-5.5,1.2195121951219523,66400.0,257259.0,17081997600.0,25601949160.0,False,-,0,72520.18917229315,False,False,False,True,False,False,False,0.23214285714285715,0.860078277886497,0.3263331702544031
316140,우리금융지주,-6.0,4.290429042904287,31600.0,3540409.0,111876924400.0,116814500320.0,True,-,0,30189.565697150043,False,False,False,False,False,False,False,0.21428571428571427,0.9608610567514677,0.3262720156555773
039200,오스코텍,-6.0,4.09937888198757,41900.0,808537.0,33877700300.0,48043214770.0,True,-,0,42126.86018082961,False,False,False,False,False,False,False,0.21428571428571427,0.9569471624266145,0.3256849315068493
045100,한양이엔지,-3.75,-1.7944535073409429,30100.0,183305.0,5517480500.0,7916190010.0,False,-,0,31515.88512356069,False,False,False,True,False,False,False,0.29464285714285715,0.5,0.3254464285714286
064850,에프앤가이드,-3.5,-2.0283975659229236,24150.0,82157.0,1984091550.0,2691222500.0,False,-,0,26280.86094005122,False,False,False,True,False,False,False,0.30357142857142855,0.449119373776908,0.32540362035225046
229640,LS에코에너지,-3.25,-2.454991816693941,59600.0,188506.0,11234957600.0,23608154780.0,False,-,0,77595.02877727716,False,False,False,True,False,False,False,0.3125,0.3953033268101761,0.3249204990215264
950160,코오롱티슈진,-1.5,-9.406392694063925,99200.0,447677.0,44409558400.0,65622255600.0,False,🆕PURPLE,0,106491.88361477955,False,False,False,True,False,False,False,0.375,0.02837573385518591,0.3230063600782779
006340,대원전선,-2.0,-5.570530098831982,10510.0,2346621.0,24662986710.0,44578752676.0,False,-,0,13733.945595050573,False,False,False,True,False,False,False,0.35714285714285715,0.12818003913894324,0.32279843444227
074600,원익QnC,-6.25,6.998444790046654,34400.0,1037790.0,35699976000.0,27235351700.0,False,-,0,34996.711257584364,False,False,False,True,False,False,False,0.20535714285714285,0.9833659491193738,0.3220584637964775
417310,코람코더원리츠,-5.0,-0.10235414534288667,9760.0,78758.0,768678080.0,1639943334.0,False,-,0,9968.672556300276,False,False,False,True,False,False,False,0.25,0.7289628180039139,0.3218444227005871
114090,GKL,-6.25,5.31443755535872,11890.0,718963.0,8548470070.0,7441216166.0,True,-,0,11176.021580611483,False,False,True,True,False,False,False,0.20535714285714285,0.974559686888454,0.3207375244618395
097230,HJ중공업,-3.75,-2.0270270270270285,21750.0,620247.0,13490372250.0,19705685430.0,False,-,0,21652.265845783677,False,False,False,False,False,False,False,0.29464285714285715,0.4500978473581213,0.3179611056751468
355150,코스텍시스,-1.75,-8.196721311475407,36400.0,132567.0,4825438800.0,11430961570.0,False,-,0,45424.044024269,False,False,False,True,False,False,False,0.36607142857142855,0.04500978473581213,0.31791218199608606
322310,오로스테크놀로지,-4.75,-0.727272727272732,27300.0,262940.0,7178262000.0,7560979470.0,False,-,0,27071.08991316036,False,False,False,False,False,False,False,0.25892857142857145,0.649706457925636,0.31754525440313114
092230,KPX홀딩스,-5.0,-0.3708281829419069,80600.0,4577.0,368906200.0,428550680.0,False,-,0,84063.18156396486,False,False,False,True,False,False,False,0.25,0.6966731898238747,0.3170009784735812
082740,한화엔진,-4.25,-1.5957446808510634,55500.0,769424.0,42703032000.0,76369445820.0,False,-,0,68780.40609797042,False,False,False,True,False,False,False,0.2767857142857143,0.5352250489236791,0.315551614481409
025540,한국단자,-4.5,-1.1842105263157876,75100.0,38884.0,2920188400.0,2508442880.0,False,-,0,80867.05269014134,False,False,False,True,False,False,False,0.26785714285714285,0.5841487279843445,0.3153008806262231
138040,메리츠금융지주,-6.0,1.615969581749055,106900.0,331880.0,35477972000.0,58238756680.0,True,-,0,105463.63626842355,False,False,False,False,False,False,False,0.21428571428571427,0.8855185909980431,0.3149706457925636
122990,와이솔,-4.0,-1.96629213483146,6980.0,126361.0,881999780.0,1155271392.0,False,-,0,7831.116361097132,False,False,False,True,False,False,False,0.2857142857142857,0.46477495107632094,0.312573385518591
004430,송원산업,-5.0,-0.5952380952380931,10020.0,118530.0,1187670600.0,1701100316.0,False,-,0,11293.428438248397,False,False,False,True,False,False,False,0.25,0.662426614481409,0.31186399217221134
003720,삼영,-4.5,-1.379310344827589,8580.0,643292.0,5519445360.0,11441891054.0,False,-,0,10588.443259365726,False,False,False,True,False,False,False,0.26785714285714285,0.5606653620352251,0.3117783757338552
004800,효성,-3.25,-3.18918918918919,179100.0,68072.0,12191695200.0,13261725540.0,False,-,0,211807.51613696045,False,False,False,True,False,False,False,0.3125,0.30332681017612523,0.31112402152641877
248070,솔루엠,-5.25,-0.28169014084507005,17700.0,376932.0,6671696400.0,9252505562.0,False,-,0,20039.52269642544,False,False,False,True,False,False,False,0.24107142857142858,0.7074363992172211,0.3110261741682975
043370,피에이치에이,-6.25,1.976935749588149,12380.0,59658.0,738566040.0,786396136.0,False,-,0,12764.189408474102,False,False,False,True,False,False,False,0.20535714285714285,0.9031311154598826,0.3100232387475538
004700,조광피혁,-6.5,3.2733224222585955,63100.0,3072.0,193843200.0,149534880.0,False,-,0,61689.79834018,False,False,False,False,False,False,False,0.19642857142857142,0.9403131115459883,0.30801125244618394
077360,덕산하이메탈,-3.25,-3.3977348434377053,14500.0,2551843.0,37001723500.0,41885605786.0,True,-,0,15671.18136456673,False,False,False,True,False,False,False,0.3125,0.27984344422700586,0.3076015166340509
078600,대주전자재료,-3.75,-2.593192868719607,120200.0,275940.0,33167988000.0,77014860140.0,False,-,0,145378.87142333822,False,False,False,True,False,False,False,0.29464285714285715,0.3767123287671233,0.30695327788649707
079900,전진건설로봇,-5.75,0.18518518518517713,54100.0,112509.0,6086736900.0,9365138440.0,False,-,0,57417.13789408259,False,False,False,True,False,False,False,0.22321428571428573,0.7661448140900196,0.3046538649706458
003800,에이스침대,-5.75,0.15649452269170805,32000.0,5438.0,174016000.0,316053070.0,False,-,0,31961.00474755215,False,False,False,False,False,False,False,0.22321428571428573,0.764187866927593,0.3043603228962818
247540,에코프로비엠,-2.5,-6.259699948266939,181200.0,1316754.0,238595824800.0,298141803260.0,True,-,0,204540.399165691,False,True,False,False,False,False,False,0.3392857142857143,0.09882583170254403,0.3032167318982388
005490,POSCO홀딩스,-4.5,-1.7789072426937724,386500.0,788398.0,304715827000.0,416610743400.0,False,-,0,435566.21730949444,False,False,False,True,False,False,False,0.26785714285714285,0.50293542074364,0.30311888454011743
110990,디아이티,-6.25,1.1792452830188704,21450.0,258526.0,5545382700.0,7122565780.0,False,-,0,23677.249683808805,False,False,False,True,False,False,False,0.20535714285714285,0.8551859099804305,0.302831457925636
119610,인터로조,-3.5,-3.26797385620915,17760.0,63914.0,1135112640.0,2324317280.0,True,🆕PURPLE,0,20112.589568376126,False,False,False,True,False,False,False,0.30357142857142855,0.29549902152641877,0.30236056751467705
251270,넷마블,-3.5,-3.3218785796105377,42200.0,252459.0,10653769800.0,15190298740.0,False,-,0,41960.451349004754,False,False,False,False,False,False,False,0.30357142857142855,0.29158512720156554,0.3017734833659491
036540,SFA반도체,-2.25,-8.998732572877055,7180.0,2930190.0,21038764200.0,42989852276.0,False,-,0,8749.651073783354,False,False,False,True,False,False,False,0.3482142857142857,0.03131115459882583,0.3006788160469667
019210,와이지-원,-2.5,-6.836461126005366,13900.0,528484.0,7345927600.0,9236446572.0,False,-,0,16941.082597388668,False,False,False,True,False,False,False,0.3392857142857143,0.07827788649706457,0.30013454011741686
166090,하나머티리얼즈,-6.5,1.605136436597121,63300.0,743748.0,47079248400.0,37084103220.0,True,-,0,70381.65165134765,False,False,False,True,False,False,False,0.19642857142857142,0.8825831702544031,0.29935176125244617
001340,PKC,-3.5,-3.500000000000003,5790.0,469833.0,2720333070.0,11581019622.0,True,-,0,6178.763379431329,False,True,False,False,False,False,False,0.30357142857142855,0.2690802348336595,0.2983977495107632
010820,퍼스텍,-6.5,1.2269938650306678,8250.0,698120.0,5759490000.0,11381080044.0,False,-,0,10043.514909321371,False,False,False,True,False,False,False,0.19642857142857142,0.8610567514677103,0.2961227984344422
265520,AP시스템,-3.25,-4.411764705882348,22750.0,114365.0,2601803750.0,4020930580.0,False,-,0,25705.575222064617,False,False,False,True,False,False,False,0.3125,0.19765166340508805,0.2952727495107632
122900,아이마켓코리아,-4.5,-2.0325203252032575,7230.0,97856.0,707498880.0,1140253354.0,False,-,0,7342.003509887537,False,False,False,False,False,False,False,0.26785714285714285,0.4461839530332681,0.29460616438356163
382800,지앤비에스 에코,-2.75,-6.851311953352768,6390.0,716989.0,4581559710.0,6156884198.0,False,-,0,8066.350239022207,False,False,False,True,False,False,False,0.33035714285714285,0.07729941291585127,0.29239848336594915
290550,디케이티,-2.75,-6.924643584521384,22850.0,216199.0,4940147150.0,10040489840.0,False,-,0,26402.56787072556,False,False,False,True,False,False,False,0.33035714285714285,0.07436399217221135,0.2919581702544031
327260,RF머트리얼즈,-4.0,-3.037974683544309,76600.0,117432.0,8995291200.0,20283654000.0,False,-,0,88048.44449465313,False,False,False,True,False,False,False,0.2857142857142857,0.324853228962818,0.29158512720156554
036190,금화피에스시,-7.0,2.689873417721511,32450.0,27827.0,902986150.0,501153770.0,False,-,0,31931.765792625214,False,False,False,False,False,False,False,0.17857142857142858,0.9305283757338552,0.29136497064579253
000210,DL,-6.5,0.7021063189568633,50200.0,85585.0,4296367000.0,6797134190.0,False,-,0,54658.926248528755,False,False,False,True,False,False,False,0.19642857142857142,0.8238747553816047,0.2905454990215264
058430,포스코스틸리온,-4.5,-2.3381294964028743,5430.0,329893.0,1791318990.0,2894965102.0,False,-,0,6358.726860175657,False,False,False,True,False,False,False,0.26785714285714285,0.4090019569471624,0.2890288649706458
046120,오르비텍,-5.5,-1.0568031704095149,7490.0,517787.0,3878224630.0,4812418832.0,False,-,0,8534.840223617073,False,False,False,True,False,False,False,0.23214285714285715,0.6076320939334638,0.28846624266144816
092790,넥스틸,-5.0,-1.7725258493353047,13300.0,302234.0,4019712200.0,9270395064.0,False,-,0,16268.92040195702,False,False,False,True,False,False,False,0.25,0.5039138943248532,0.28808708414872797
204620,글로벌텍스프리,-7.25,4.139433551198257,4780.0,1330774.0,6361099720.0,3948580636.0,False,-,0,4906.765155416095,False,False,True,True,False,False,False,0.16964285714285715,0.9579256360078278,0.2878852739726028
001250,GS글로벌,-5.0,-1.8333333333333313,2945.0,722105.0,2126599225.0,3030272328.0,False,-,0,3443.216192873461,False,False,False,True,False,False,False,0.25,0.4931506849315068,0.286472602739726
093050,LF,-5.5,-1.1547344110854452,21400.0,44217.0,946243800.0,1351913520.0,False,-,0,22860.251210220726,False,False,False,True,False,False,False,0.23214285714285715,0.589041095890411,0.2856775929549902
042660,한화오션,-5.0,-1.8567639257294433,111000.0,1906251.0,211593861000.0,364885808640.0,False,🆕PURPLE,0,120873.83362438966,False,False,False,True,False,False,False,0.25,0.487279843444227,0.28559197651663404
028670,팬오션,-5.75,-0.7751937984496138,5120.0,2231561.0,11425592320.0,14735662832.0,False,-,0,5610.380987572373,False,False,False,True,False,False,False,0.22321428571428573,0.6389432485322897,0.2855736301369863
042520,한스바이오메드,-7.0,1.610017889087656,28400.0,317560.0,9018704000.0,12004940260.0,False,🆕PURPLE,0,28314.115051920595,False,False,False,True,False,False,False,0.17857142857142858,0.8835616438356164,0.2843199608610567
001440,대한전선,-3.25,-5.667060212514762,39950.0,10168977.0,406250631150.0,275555980760.0,False,-,0,52190.02354932757,False,False,False,True,False,False,False,0.3125,0.12426614481409001,0.2842649217221135
138080,오이솔루션,-2.75,-12.436548223350252,34500.0,473417.0,16332886500.0,23285879870.0,False,-,0,37829.07188355301,False,False,False,True,False,False,False,0.33035714285714285,0.010763209393346379,0.2824180528375734
243840,신흥에스이씨,-6.5,0.15151515151514694,6610.0,314189.0,2076789290.0,2789385700.0,False,-,0,7560.770228808086,False,False,False,True,False,False,False,0.19642857142857142,0.7622309197651663,0.2812989236790606
079550,LIG디펜스앤에어로스페이스,-7.25,1.7021276595744705,717000.0,192604.0,138097068000.0,268136568400.0,False,-,0,823608.7609371153,False,False,False,True,False,False,False,0.16964285714285715,0.8913894324853229,0.277904843444227
010780,아이에스동서,-4.0,-4.059040590405905,26000.0,102447.0,2663622000.0,3467174520.0,False,-,0,29204.638441474202,False,False,False,True,False,False,False,0.2857142857142857,0.22798434442270057,0.27705479452054793
393890,더블유씨피,-3.75,-4.8409405255878335,13760.0,527805.0,7262596800.0,10924142244.0,False,-,0,15558.530334776715,False,False,False,True,False,False,False,0.29464285714285715,0.17221135029354206,0.2762781311154599
100790,미래에셋벤처투자,-3.25,-7.334109429569269,39800.0,1108658.0,44124588400.0,93700146330.0,False,-,0,53494.10116307428,False,False,False,True,False,False,False,0.3125,0.0675146771037182,0.27575220156555774
139480,이마트,-4.0,-4.184549356223178,89300.0,298703.0,26674177900.0,32756556100.0,False,-,0,91390.24762152719,False,False,True,True,False,False,False,0.2857142857142857,0.2162426614481409,0.27529354207436396
030200,KT,-6.5,-0.18416206261510082,54200.0,819292.0,44405626400.0,40502599660.0,True,-,0,54388.5362723283,False,False,True,True,False,False,False,0.19642857142857142,0.7181996086105675,0.2746942270058708
001200,유진투자증권,-6.25,-0.6369426751592355,4680.0,1251621.0,5857586280.0,4674350947.0,False,-,0,5064.6211149122855,False,False,False,True,False,False,False,0.20535714285714285,0.6604696673189824,0.2736240215264188
042700,한미반도체,-5.75,-1.3816925734024155,285500.0,1593957.0,455074723500.0,774061985900.0,False,-,0,312100.4217454768,False,False,False,True,False,False,False,0.22321428571428573,0.5587084148727984,0.2735384050880626
034020,두산에너빌리티,-5.0,-2.4514811031664974,95500.0,8074353.0,771100711500.0,879466717700.0,False,-,0,107924.20909674487,False,False,False,True,False,False,False,0.25,0.3972602739726027,0.2720890410958904
060370,LS마린솔루션,-4.5,-3.3653846153846145,30150.0,270348.0,8150992200.0,15674604510.0,False,-,0,35060.4203357236,False,False,False,True,False,False,False,0.26785714285714285,0.2857142857142857,0.27053571428571427
209640,와이제이링크,-3.75,-5.518394648829428,5650.0,518525.0,2929666250.0,5725231238.0,False,-,0,7697.891942792361,False,False,False,True,False,False,False,0.29464285714285715,0.13013698630136986,0.26996697651663404
322000,HD현대에너지솔루션,-3.25,-9.577464788732392,160500.0,170510.0,27366855000.0,57457314320.0,False,-,0,187918.27382672468,False,False,False,True,False,False,False,0.3125,0.025440313111545987,0.2694410469667319
460860,동국제강,-5.5,-1.9328585961342792,9640.0,391449.0,3773568360.0,5879409004.0,False,-,0,11565.741739995752,False,False,False,True,False,False,False,0.23214285714285715,0.4726027397260274,0.2682118395303327
103590,일진전기,-5.25,-2.1844660194174748,80600.0,491113.0,39583707800.0,64716297440.0,False,-,0,103535.2046427065,False,False,False,True,False,False,False,0.24107142857142858,0.4217221135029354,0.2681690313111546
178920,PI첨단소재,-4.5,-3.7946428571428603,21550.0,275104.0,5928491200.0,7390283300.0,False,-,0,25901.94470747824,False,False,False,True,False,False,False,0.26785714285714285,0.24853228962818003,0.2649584148727984
161000,애경케미칼,-6.5,-0.7386888273314907,10750.0,347298.0,3733453500.0,7517862004.0,False,-,0,13143.254990832593,False,False,False,True,False,False,False,0.19642857142857142,0.6457925636007827,0.2638331702544031
061970,LB세미콘,-3.5,-10.11787819253438,4575.0,1135574.0,5195251050.0,3557962428.0,False,-,0,5622.6270889432835,False,False,False,True,False,False,False,0.30357142857142855,0.02054794520547945,0.2611179060665362
098460,고영,-3.75,-7.52212389380531,31350.0,1424380.0,44654313000.0,52831522980.0,False,-,0,36483.94676923754,False,False,False,True,False,False,False,0.29464285714285715,0.06457925636007827,0.2601333170254403
010955,S-Oil우,-6.25,-1.2797074954296161,54000.0,13623.0,735642000.0,1030666460.0,False,-,0,53947.01088615129,False,False,False,True,False,False,False,0.20535714285714285,0.5684931506849316,0.25982754403131114
001510,SK증권,-7.25,0.15624999999999112,3205.0,44478948.0,142555028340.0,49376358016.0,False,-,0,3642.242330170282,False,False,False,True,False,False,False,0.16964285714285715,0.7632093933463796,0.2586778375733855
033100,제룡전기,-4.5,-4.275092936802971,51500.0,333474.0,17173911000.0,27148557420.0,False,-,0,64392.96279262647,False,False,False,True,False,False,False,0.26785714285714285,0.20645792563600782,0.2586472602739726
267260,HD현대일렉트릭,-6.0,-1.7471736896197299,956000.0,186649.0,178436444000.0,323155210800.0,True,-,0,1104951.4253739552,False,False,False,True,False,False,False,0.21428571428571427,0.5097847358121331,0.2586105675146771
006405,삼성SDI우,-3.75,-7.8947368421052655,245000.0,18014.0,4413430000.0,4841590200.0,False,-,0,297642.14432392677,False,False,False,True,False,False,False,0.29464285714285715,0.05283757338551859,0.2583720645792564
092220,KEC,-8.25,4.085603112840475,5350.0,6810950.0,36438582500.0,13291002518.0,False,-,0,6046.3261464692505,False,False,False,True,False,False,False,0.13392857142857142,0.9559686888454012,0.25723458904109586
023160,태광,-7.25,0.0,28950.0,187355.0,5423927250.0,12058068280.0,False,-,0,33274.15195367029,False,False,False,True,False,False,False,0.16964285714285715,0.7431506849315068,0.2556690313111546
383800,LX홀딩스,-7.0,-0.4950495049504955,8040.0,287703.0,2313132120.0,3287071342.0,False,-,0,8912.950312306026,False,False,False,True,False,False,False,0.17857142857142858,0.675146771037182,0.25305772994129155
134380,미원화학,-8.25,2.3622047244094446,10400.0,3754.0,39041600.0,240279804.0,False,-,0,10789.789854046916,False,False,False,True,False,False,False,0.13392857142857142,0.9207436399217221,0.251950831702544
078350,한양디지텍,-4.0,-7.8125,26550.0,588216.0,15617134800.0,16104892260.0,False,-,0,34142.34607332287,False,False,False,True,False,False,False,0.2857142857142857,0.05968688845401174,0.2518101761252446
037710,광주신세계,-7.75,0.5706134094151105,35250.0,20659.0,728229750.0,719231070.0,False,-,0,35266.14955667508,False,False,False,True,False,False,False,0.15178571428571427,0.812133072407045,0.25083781800391386
091580,상신이디피,-5.0,-3.7455105182144677,18760.0,147500.0,2767100000.0,4075399238.0,False,-,0,21674.67340733175,False,False,False,True,False,False,False,0.25,0.25440313111545987,0.250660469667319
047040,대우건설,-4.5,-5.228758169934644,21750.0,5183067.0,112731707250.0,237306282210.0,False,-,0,26643.46735993351,False,False,False,True,False,False,False,0.26785714285714285,0.15264187866927592,0.25057485322896283
020000,한섬,-7.0,-0.6756756756756799,22050.0,153063.0,3375039150.0,3736019350.0,False,-,0,23757.390336765453,False,False,False,True,False,False,False,0.17857142857142858,0.6555772994129159,0.25012230919765166
027360,아주IB투자,-4.5,-5.2734375,9700.0,3031159.0,29402242300.0,74822884124.0,False,-,0,14107.872605229428,False,False,False,True,False,False,False,0.26785714285714285,0.14579256360078277,0.24954745596868882
147830,제룡산업,-5.5,-2.90037831021438,7700.0,295898.0,2278414600.0,2794070782.0,False,-,0,9428.493031059978,False,False,False,True,False,False,False,0.23214285714285715,0.34442270058708413,0.24898483365949117
035890,서희건설,-6.5,-1.5452538631346546,2230.0,1173356.0,2616583880.0,5892157054.0,True,-,0,2120.9271193355335,False,False,False,False,False,False,False,0.19642857142857142,0.5430528375733855,0.24842221135029352
900290,GRT,-4.0,-8.720930232558144,3140.0,3974431.0,12479713340.0,5596580032.0,True,🆕RED,0,3272.1336774099627,False,False,True,True,False,False,False,0.2857142857142857,0.036203522504892366,0.24828767123287668
125210,아모그린텍,-5.0,-4.004449388209119,8630.0,157527.0,1359458010.0,2596108154.0,False,-,0,11039.657700492377,False,False,False,True,False,False,False,0.25,0.23385518590998042,0.24757827788649706
034950,한국기업평가,-7.75,0.30060120240480437,100100.0,4227.0,423122700.0,763331080.0,False,-,0,102960.11139296668,False,False,False,True,False,False,False,0.15178571428571427,0.7808219178082192,0.24614114481409
012610,경인양행,-5.25,-3.4482758620689613,4060.0,421314.0,1710534840.0,3022610343.0,False,-,0,5238.9622463865135,False,False,False,True,False,False,False,0.24107142857142858,0.2744618395303327,0.2460799902152642
354320,알멕,-4.5,-5.745341614906829,60700.0,82657.0,5017279900.0,11968159400.0,False,-,0,78722.36545348537,False,False,False,True,False,False,False,0.26785714285714285,0.12133072407045009,0.24587818003913894
101930,인화정공,-7.5,-0.10799136069113979,9250.0,41311.0,382126750.0,647490348.0,False,-,0,10895.012526411128,False,False,False,True,False,False,False,0.16071428571428573,0.7279843444227005,0.24580479452054793
069540,빛과전자,-4.0,-10.15531660692951,3760.0,5614885.0,21111967600.0,58867790934.0,False,-,0,5247.522260826434,False,False,False,True,False,False,False,0.2857142857142857,0.018590998043052837,0.24564579256360075
000080,하이트진로,-6.25,-1.937046004842613,16200.0,279854.0,4533634800.0,5986862932.0,True,🆕RED,0,16416.85800303862,False,False,True,True,False,False,False,0.20535714285714285,0.47162426614481406,0.24529721135029353
024850,HLB이노베이션,-7.5,-0.1322751322751281,15100.0,162201.0,2449235100.0,4149014328.0,False,-,0,16926.870257676317,False,False,False,True,False,False,False,0.16071428571428573,0.723091976516634,0.24507093933463797
217730,강스템바이오텍,-6.0,-2.226345083487946,2635.0,465439.0,1226431765.0,2069504286.0,False,-,0,2952.910717293814,False,False,False,True,False,False,False,0.21428571428571427,0.4187866927592955,0.24496086105675147
001120,LX인터내셔널,-8.5,2.3316062176165886,39500.0,196716.0,7770282000.0,9597784560.0,False,-,0,42087.31790620663,False,False,False,True,False,False,False,0.125,0.9187866927592955,0.24406800391389433
027410,BGF,-7.25,-0.5820721769499437,4270.0,152414.0,650807780.0,945688839.0,False,-,0,4528.217107207501,False,False,False,True,False,False,False,0.16964285714285715,0.6643835616438356,0.24385396281800392
080580,오킨스전자,-4.5,-6.077048290830167,17310.0,387265.0,6703557150.0,12418221598.0,False,-,0,19752.36915460356,False,False,False,True,False,False,False,0.26785714285714285,0.10665362035225048,0.24367661448140898
462350,이노스페이스,-8.75,4.191176470588243,14170.0,444505.0,6298635850.0,6813584114.0,False,-,0,15044.488005935156,False,False,False,True,False,False,False,0.11607142857142858,0.958904109589041,0.24249633072407045
006800,미래에셋증권,-7.5,-0.3539823008849585,56300.0,8240325.0,463930297500.0,408929364300.0,False,-,0,63778.51709182152,False,False,False,True,False,False,False,0.16071428571428573,0.700587084148728,0.24169520547945206
218410,RFHIC,-4.25,-8.729281767955799,82600.0,767341.0,63382366600.0,88044116600.0,False,-,0,94768.39613370232,False,False,False,True,False,False,False,0.2767857142857143,0.03522504892367906,0.240551614481409
251370,와이엠티,-4.75,-5.475504322766566,13120.0,133727.0,1754498240.0,3895999274.0,False,-,0,14480.25171577025,False,False,False,True,False,False,False,0.25892857142857145,0.1350293542074364,0.2403436888454012
100120,뷰웍스,-4.75,-5.494505494505497,25800.0,69407.0,1790700600.0,1538913730.0,False,-,0,28985.801991057684,False,False,False,True,False,False,False,0.25892857142857145,0.13307240704500978,0.2400501467710372
126340,비나텍,-6.5,-1.8961253091508645,119000.0,76929.0,9154551000.0,26807784740.0,False,-,0,149672.2836725532,False,False,False,True,False,False,False,0.19642857142857142,0.48140900195694714,0.23917563600782776
011780,금호석유화학,-6.75,-1.6129032258064502,128100.0,94771.0,12140165100.0,14240055220.0,False,-,0,137404.7473984852,False,False,False,True,False,False,False,0.1875,0.5303326810176126,0.23892490215264187
006220,제주은행,-9.0,6.800000000000006,10680.0,6577089.0,70243310520.0,15534453858.0,True,-,0,10294.818649200017,False,False,False,False,False,False,False,0.10714285714285714,0.9814090019569471,0.23828277886497062
475150,SK이터닉스,-5.5,-3.606102635228847,34750.0,597322.0,20756939500.0,58909795710.0,False,-,0,40194.15169039581,False,False,False,True,False,False,False,0.23214285714285715,0.26418786692759294,0.23694960861056752
900140,엘브이엠씨홀딩스,-8.0,0.13831258644536604,1448.0,509384.0,737588032.0,1233716561.6,False,-,0,1480.731095871303,False,False,True,True,False,False,False,0.14285714285714285,0.7583170254403131,0.23517612524461837
086280,현대글로비스,-8.5,1.2048192771084265,210000.0,397615.0,83499150000.0,188673047700.0,True,-,0,232447.81600786236,False,False,False,True,False,False,False,0.125,0.8571428571428571,0.23482142857142857
448730,삼성FN리츠,-8.75,2.0576131687242816,4960.0,46614.0,231205440.0,516718556.0,False,🆕PURPLE,0,5211.798433217247,False,False,False,True,False,False,False,0.11607142857142858,0.9070450097847358,0.23471746575342467
005830,DB손해보험,-7.75,-0.347222222222221,143500.0,209044.0,29997814000.0,53998141640.0,True,-,0,147975.20470094436,False,False,False,True,False,False,False,0.15178571428571427,0.7035225048923679,0.2345462328767123
403550,쏘카,-5.25,-4.442649434571888,11830.0,94406.0,1116822980.0,1962215782.0,False,-,0,13542.16064791185,False,False,False,True,False,False,False,0.24107142857142858,0.19471624266144813,0.2341181506849315
024110,기업은행,-8.5,0.9779951100244544,20650.0,1869719.0,38609697350.0,58274476460.0,True,-,0,20387.528589442387,False,False,False,False,False,False,False,0.125,0.8444227005870841,0.23291340508806263
078130,국일제지,-8.5,0.8810572687224738,3435.0,249444.0,856840140.0,1075968609.0,False,-,0,3770.587232149642,False,False,False,True,False,False,False,0.125,0.837573385518591,0.23188600782778862
047810,한국항공우주,-8.0,-0.07235890014472002,138100.0,759832.0,104932799200.0,186850268780.0,False,-,0,158856.95240767964,False,False,False,True,False,False,False,0.14285714285714285,0.7328767123287672,0.2313600782778865
050890,쏠리드,-4.5,-9.873248832555037,13510.0,1530991.0,20683688410.0,34589983334.0,False,-,0,15998.975337985112,False,False,False,True,False,False,False,0.26785714285714285,0.02446183953033268,0.23134784735812133
025770,한국정보통신,-7.0,-1.6149068322981353,7920.0,246066.0,1948842720.0,3607038736.0,False,-,0,8807.39758568495,False,False,False,True,False,False,False,0.17857142857142858,0.5293542074363993,0.23118884540117418
000650,천일고속,-5.5,-4.109589041095896,210000.0,92004.0,19320840000.0,21244210720.0,True,-,0,222459.04416489013,False,False,False,False,False,False,False,0.23214285714285715,0.22504892367906065,0.23107876712328768
003670,포스코퓨처엠,-5.5,-4.137931034482756,208500.0,422454.0,88081659000.0,151241076400.0,False,-,0,235147.80731495903,False,False,False,True,False,False,False,0.23214285714285715,0.22211350293542073,0.23063845401174166
293940,신한알파리츠,-8.5,0.7476635514018781,5390.0,202683.0,1092461370.0,1713771142.0,False,-,0,5341.266500186307,False,False,False,False,False,False,False,0.125,0.8268101761252447,0.23027152641878668
046970,우리로,-5.0,-5.848787446504988,6600.0,1092382.0,7209721200.0,13989967998.0,False,-,0,8072.076633793287,False,False,False,True,False,False,False,0.25,0.11839530332681017,0.23025929549902152
036890,진성티이씨,-7.5,-0.9193776520509234,14010.0,139082.0,1948538820.0,4223908814.0,False,-,0,15343.435336198048,False,False,False,True,False,False,False,0.16071428571428573,0.6232876712328768,0.2301002935420744
003030,세아제강지주,-7.25,-1.2649332396345803,140500.0,29635.0,4163717500.0,6130869560.0,False,-,0,158213.499397696,False,False,False,True,False,False,False,0.16964285714285715,0.5714285714285714,0.2299107142857143
243070,휴온스,-6.0,-3.085299455535395,26700.0,62842.0,1677881400.0,2693501180.0,False,🆕PURPLE,0,32126.416808114507,False,False,False,True,False,False,False,0.21428571428571427,0.31800391389432486,0.22984344422700587
004020,현대제철,-6.0,-3.1081081081081097,35850.0,1111229.0,39837559650.0,52318611500.0,False,-,0,40145.39975211196,False,False,False,True,False,False,False,0.21428571428571427,0.3131115459882583,0.22910958904109588
000720,현대건설,-7.5,-0.9811320754717023,131200.0,808260.0,106043712000.0,193819405040.0,False,-,0,141225.06565006252,False,False,False,True,False,False,False,0.16071428571428573,0.6164383561643836,0.2290728962818004
010140,삼성중공업,-7.75,-0.5395683453237377,27650.0,11471665.0,317191537250.0,466802759740.0,False,-,0,28848.094145538154,False,False,False,True,False,False,False,0.15178571428571427,0.6663405088062623,0.2289689334637965
084690,대상홀딩스,-5.0,-6.00907029478458,8290.0,344235.0,2853708150.0,5809779638.0,True,🆕RED,0,9343.209956404211,False,False,True,True,False,False,False,0.25,0.1095890410958904,0.22893835616438354
033240,자화전자,-6.0,-3.129251700680269,35600.0,253092.0,9010075200.0,21087377250.0,False,-,0,44438.89721172587,False,False,False,True,False,False,False,0.21428571428571427,0.30919765166340507,0.2285225048923679
036200,유니셈,-5.5,-4.347826086956519,10120.0,659912.0,6678309440.0,9759556404.0,False,-,0,11214.541916612252,False,False,False,True,False,False,False,0.23214285714285715,0.20205479452054795,0.22762964774951075
011170,롯데케미칼,-7.0,-1.7699115044247815,77700.0,212028.0,16474575600.0,19454578180.0,False,-,0,81311.81422825225,False,False,False,True,False,False,False,0.17857142857142858,0.5048923679060665,0.22751956947162424
190510,나무가,-6.5,-2.462462462462467,16240.0,113196.0,1838303040.0,3672430500.0,False,-,0,18146.603704046523,False,False,False,True,False,False,False,0.19642857142857142,0.3933463796477495,0.22596624266144813
006730,서부T&D,-8.0,-0.44091710758377145,11290.0,822833.0,9289784570.0,7424521972.0,False,-,0,11218.991496618088,False,False,False,False,False,False,False,0.14285714285714285,0.687866927592955,0.22460861056751466
042370,비츠로테크,-5.5,-4.726368159203975,11490.0,416706.0,4787951940.0,5018498744.0,False,-,0,13653.040759441832,False,False,False,True,False,False,False,0.23214285714285715,0.18101761252446183,0.22447407045009785
077970,STX엔진,-6.5,-2.5974025974025983,33750.0,454852.0,15351255000.0,22735416100.0,False,-,0,43021.78195068096,False,False,False,True,False,False,False,0.19642857142857142,0.3747553816046967,0.2231775929549902
397030,에이프릴바이오,-5.5,-4.9056603773584895,50400.0,662999.0,33415149600.0,31653604760.0,False,🆕PURPLE,0,59519.18557892085,False,False,False,True,False,False,False,0.23214285714285715,0.16927592954990214,0.22271281800391388
058970,엠로,-7.0,-1.9607843137254943,22500.0,90202.0,2029545000.0,12937569870.0,True,🆕RED,0,24532.268899136554,False,False,True,True,False,False,False,0.17857142857142858,0.4672211350293542,0.22186888454011738
057050,현대홈쇼핑,-6.5,-2.709677419354839,75400.0,12187.0,918899800.0,1405794980.0,False,-,0,80722.73221015139,False,False,False,True,False,False,False,0.19642857142857142,0.363013698630137,0.22141634050880626
066970,엘앤에프,-5.5,-5.122950819672134,138900.0,709667.0,98572746300.0,178132818720.0,False,-,0,156816.10958599066,False,False,False,True,False,False,False,0.23214285714285715,0.15753424657534246,0.22095156555772993
068270,셀트리온,-6.5,-2.8490028490028463,170500.0,998605.0,170262152500.0,213472061225.0,False,🆕RED,0,179746.91387699475,False,False,True,True,False,False,False,0.19642857142857142,0.34637964774951074,0.2189212328767123
003230,삼양식품,-9.0,1.08108108108107,1122000.0,110113.0,123546786000.0,117430241200.0,False,-,0,1254143.7802374405,False,False,False,True,False,False,False,0.10714285714285714,0.8522504892367906,0.21890900195694712
053690,한미글로벌,-7.25,-1.8479408658922947,18590.0,119099.0,2214050410.0,3326739352.0,False,-,0,20700.460139566272,False,False,False,True,False,False,False,0.16964285714285715,0.49021526418786693,0.21772871819960862
437730,삼현,-8.0,-0.753498385360607,46100.0,290238.0,13379971800.0,28727819840.0,False,-,0,53939.47302086521,False,False,False,True,False,False,False,0.14285714285714285,0.6418786692759295,0.21771037181996084
452260,한화갤러리아,-5.25,-6.642728904847395,2600.0,2277936.0,5922633600.0,7627770092.0,False,-,0,3030.8838183106895,False,False,False,True,False,False,False,0.24107142857142858,0.08512720156555773,0.21767979452054795
418420,라온텍,-5.0,-8.777429467084641,5820.0,461302.0,2684777640.0,6627373924.0,False,-,0,8620.262487654476,False,False,False,True,False,False,False,0.25,0.03424657534246575,0.21763698630136985
017960,한국카본,-9.5,3.301886792452824,32850.0,896049.0,29435209650.0,30765385740.0,False,-,0,34000.64925050413,False,False,False,True,False,False,False,0.08928571428571429,0.9432485322896281,0.21738013698630138
215000,골프존,-8.0,-0.7874015748031482,44100.0,20317.0,895979700.0,1811655020.0,False,-,0,43767.61898562076,False,False,False,False,False,False,False,0.14285714285714285,0.6374755381604696,0.21704990215264186
368770,파이버프로,-6.5,-2.998126171143034,15530.0,158816.0,2466412480.0,4592860560.0,False,-,0,18246.005882808066,False,False,False,True,False,False,False,0.19642857142857142,0.33072407045009783,0.21657289628180038
009240,한샘,-9.0,0.8169934640522847,30850.0,60290.0,1859946500.0,2372846080.0,False,-,0,31129.23026284868,False,False,True,True,False,False,False,0.10714285714285714,0.8317025440313112,0.21582681017612523
014620,성광벤드,-9.5,2.680067001675046,30650.0,155922.0,4779009300.0,9334227050.0,False,-,0,32723.104247498803,False,False,False,True,False,False,False,0.08928571428571429,0.9295499021526419,0.2153253424657534
005010,휴스틸,-6.75,-2.631578947368418,4625.0,494821.0,2288547125.0,2789332669.0,False,-,0,5287.314092479835,False,False,False,True,False,False,False,0.1875,0.37084148727984345,0.2150012230919765
003570,SNT다이내믹스,-9.5,2.5270758122743597,42600.0,63221.0,2693214600.0,4170773820.0,False,-,0,44707.95283499912,False,False,True,True,False,False,False,0.08928571428571429,0.9256360078277887,0.21473825831702542
0030R0,대신밸류리츠,-8.75,0.23809523809523725,4210.0,74431.0,313354510.0,196811080.0,False,-,0,4184.920291760789,False,False,False,False,False,False,False,0.11607142857142858,0.7729941291585127,0.21460983365949118
036620,감성코퍼레이션,-9.75,4.545454545454541,5060.0,1227060.0,6208923600.0,4543885725.0,False,-,0,4981.935267249941,False,False,False,False,False,False,False,0.08035714285714286,0.9637964774951077,0.21287304305283758
001230,동국홀딩스,-9.5,2.191011235955065,1819.0,976661.0,1776546359.0,5624643282.0,True,-,0,2264.661172312837,False,False,False,True,False,False,False,0.08928571428571429,0.910958904109589,0.2125366927592955
042600,새로닉스,-5.5,-6.505102040816324,14660.0,24004.0,351898640.0,737666690.0,False,-,0,17322.960290665826,False,False,False,True,False,False,False,0.23214285714285715,0.09197651663405088,0.2111179060665362
034310,NICE,-9.0,0.40290088638195165,12460.0,66747.0,831667620.0,1005629294.0,False,-,0,12577.41841766576,False,False,True,True,False,False,False,0.10714285714285714,0.7984344422700587,0.21083659491193735
124500,아이티센글로벌,-9.5,1.8801410105757865,43350.0,232939.0,10097905650.0,14623394950.0,False,-,0,46641.32305510913,False,False,False,True,False,False,False,0.08928571428571429,0.8992172211350293,0.21077544031311152
236200,슈프리마,-7.0,-2.4636058230683044,43550.0,114460.0,4984733000.0,2941400160.0,False,🆕PURPLE,0,43832.64779588634,False,False,False,True,False,False,False,0.17857142857142858,0.3923679060665362,0.2106409001956947
304360,에스바이오메딕스,-10.0,10.62271062271063,30200.0,150672.0,4550294400.0,3712921550.0,False,-,0,29991.03188351939,False,False,False,True,False,False,False,0.07142857142857142,0.9951076320939335,0.20998043052837573
078520,에이블씨엔씨,-6.5,-3.3620689655172398,11210.0,78922.0,884715620.0,1532154630.0,False,-,0,12888.650861439462,False,False,False,True,False,False,False,0.19642857142857142,0.28669275929549903,0.20996819960861057
054450,텔레칩스,-5.5,-6.835066864784545,12540.0,206816.0,2593472640.0,3550073554.0,False,-,0,15890.73960672647,False,False,False,True,False,False,False,0.23214285714285715,0.07925636007827788,0.20920988258317025
145020,휴젤,-8.25,-0.8016032064128265,247500.0,45856.0,11349360000.0,16775639100.0,False,-,0,257882.62684615699,False,False,True,True,False,False,False,0.13392857142857142,0.6350293542074364,0.2090936888454012
000400,롯데손해보험,-8.75,-0.05252100840336116,1903.0,537311.0,1022502833.0,1386125691.4,False,-,0,2098.4799011283194,False,False,False,True,False,False,False,0.11607142857142858,0.7338551859099804,0.20873899217221134
052400,코나아이,-8.0,-1.2096774193548376,49000.0,181960.0,8916040000.0,11597843420.0,False,🆕RED,0,57667.29655929395,False,False,True,True,False,False,False,0.14285714285714285,0.5802348336594912,0.20846379647749508
419530,SAMG엔터,-10.0,5.462184873949583,25100.0,185760.0,4662576000.0,3746482130.0,False,-,0,25472.893071248098,False,False,True,True,False,False,False,0.07142857142857142,0.9765166340508806,0.2071917808219178
035720,카카오,-7.0,-2.6731470230862753,40050.0,3717676.0,148892923800.0,429414849460.0,True,-,0,41223.77179582925,False,False,False,False,False,False,False,0.17857142857142858,0.3659491193737769,0.2066780821917808
192820,코스맥스,-7.75,-1.7241379310344862,165300.0,77144.0,12751903200.0,17946076080.0,False,-,0,174800.83484400154,False,False,True,True,False,False,False,0.15178571428571427,0.5136986301369864,0.20607265166340508
415640,KB발해인프라,-9.25,0.6237006237006293,9680.0,90527.0,876301360.0,1078591302.0,False,🆕RED,0,9890.537559142493,False,False,True,True,False,False,False,0.09821428571428571,0.8170254403131115,0.20603595890410958
015360,INVENI,-8.25,-1.0273972602739767,14450.0,36167.0,522613150.0,954509754.0,False,-,0,15686.238477800209,False,False,False,True,False,False,False,0.13392857142857142,0.6115459882583171,0.20557118395303325
358570,지아이이노베이션,-5.5,-7.994078460399701,12430.0,1144112.0,14221312160.0,24154609902.0,True,-,0,13506.190973512603,False,False,False,False,False,False,False,0.23214285714285715,0.049902152641878667,0.20480675146771035
451800,한화리츠,-9.5,1.1614401858304202,4355.0,79664.0,346936720.0,686469425.0,False,-,0,4952.591755538335,False,False,False,True,False,False,False,0.08928571428571429,0.8542074363992173,0.20402397260273974
041960,코미팜,-10.0,3.8123167155425186,7080.0,295123.0,2089470840.0,2256202558.0,False,-,0,7475.88757257509,False,False,False,True,False,False,False,0.07142857142857142,0.952054794520548,0.2035225048923679
298020,효성티앤씨,-6.5,-3.857142857142859,336500.0,42524.0,14309326000.0,13722357000.0,False,-,0,381783.5795908601,False,False,False,True,False,False,False,0.19642857142857142,0.2436399217221135,0.20351027397260274
417200,LS머트리얼즈,-5.5,-8.414571575166752,17850.0,1001203.0,17871473550.0,29547393986.0,False,-,0,21654.128778853425,False,False,False,True,False,False,False,0.23214285714285715,0.040117416829745595,0.2033390410958904
009970,영원무역홀딩스,-9.5,1.0746910263299325,188100.0,18172.0,3418153200.0,3862563360.0,False,-,0,192283.5887088976,False,False,False,True,False,False,False,0.08928571428571429,0.8493150684931506,0.20329011741682973
389650,넥스트바이오메디컬,-10.25,12.257281553398048,46250.0,363295.0,16802393750.0,8471767310.0,False,-,0,43584.60403712255,False,False,False,False,False,False,False,0.0625,0.99706457925636,0.202684686888454
001500,현대차증권,-9.5,0.9605122732123883,9460.0,587770.0,5560304200.0,5400226842.0,False,-,0,9995.601906698184,False,False,False,True,False,False,False,0.08928571428571429,0.8434442270058709,0.20240949119373775
089010,켐트로닉스,-5.5,-8.841463414634143,29900.0,635949.0,19014875100.0,23401438670.0,False,-,0,37253.21442238528,False,False,False,True,False,False,False,0.23214285714285715,0.03228962818003914,0.20216487279843443
012200,계양전기,-8.25,-1.1730205278592365,6740.0,471214.0,3175982360.0,7768888218.0,False,-,0,8121.849444827153,False,False,False,True,False,False,False,0.13392857142857142,0.586105675146771,0.20175513698630138
244920,에이플러스에셋,-9.25,0.31914893617022155,9430.0,85436.0,805661480.0,615458104.0,False,-,0,10589.136718300551,False,False,False,True,False,False,False,0.09821428571428571,0.7847358121330724,0.2011925146771037
241710,코스메카코리아,-8.25,-1.2676056338028152,70100.0,81192.0,5691559200.0,7361674860.0,False,-,0,73038.4010426487,False,False,False,True,False,False,False,0.13392857142857142,0.5704500978473581,0.19940680039138942
073490,LIG아큐버,-5.5,-12.147239263803677,35800.0,199977.0,7159176600.0,6311881550.0,False,-,0,43184.548330191494,False,False,False,True,False,False,False,0.23214285714285715,0.011741682974559686,0.1990826810176125
004370,농심,-8.0,-1.7060367454068248,374500.0,38860.0,14553070000.0,14295638400.0,False,-,0,386857.0222562503,False,False,True,True,False,False,False,0.14285714285714285,0.5156555772994129,0.19877690802348336
014680,한솔케미칼,-9.25,0.19047619047618536,263000.0,79544.0,20920072000.0,27996940000.0,False,-,0,282408.4606190957,False,False,False,True,False,False,False,0.09821428571428571,0.7671232876712328,0.19855063600782777
008350,남선알미늄,-8.25,-1.384839650145775,1353.0,1638695.0,2217154335.0,4180884351.4,False,-,0,1528.579926183646,False,False,False,True,False,False,False,0.13392857142857142,0.5577299412915852,0.19749877690802348
053800,안랩,-7.75,-2.010050251256279,58500.0,79724.0,4663854000.0,4758007920.0,False,🆕RED,0,61285.16545345849,False,False,True,True,False,False,False,0.15178571428571427,0.45499021526418787,0.1972663894324853
084850,아이티엠반도체,-6.5,-4.416666666666669,11470.0,46045.0,528136150.0,1153359238.0,False,-,0,13484.781547486333,False,False,False,True,False,False,False,0.19642857142857142,0.19667318982387474,0.19646526418786692
005440,현대지에프홀딩스,-8.0,-1.805337519623229,12510.0,267888.0,3351278880.0,4573051562.0,False,-,0,13462.99365730147,False,False,False,True,False,False,False,0.14285714285714285,0.4980430528375734,0.1961350293542074
051500,CJ프레시웨이,-9.75,1.0775862068965525,23450.0,119452.0,2801149400.0,2761610730.0,True,-,0,23430.20067663457,False,False,True,True,False,False,False,0.08035714285714286,0.850293542074364,0.19584760273972604
011760,현대코퍼레이션,-8.0,-1.814516129032262,24350.0,44368.0,1080360800.0,2369901730.0,False,-,0,26983.226953459525,False,False,False,True,False,False,False,0.14285714285714285,0.49510763209393344,0.19569471624266144
425420,티에프이,-7.0,-3.384615384615386,47100.0,117223.0,5521203300.0,10005096430.0,False,-,0,53244.080236815666,False,False,False,True,False,False,False,0.17857142857142858,0.2827788649706458,0.19420254403131115
097950,CJ제일제당,-9.5,0.3503503503503591,200500.0,83669.0,16775634500.0,22583100320.0,False,-,0,207330.10510402758,False,False,True,True,False,False,False,0.08928571428571429,0.7876712328767124,0.19404354207436397
009470,삼화전기,-6.5,-4.817518248175179,32600.0,90984.0,2966078400.0,4984726650.0,False,-,0,37604.04050469099,False,False,False,True,False,False,False,0.19642857142857142,0.17416829745596868,0.193089530332681
000860,강남제비스코,-10.0,1.5310233682514163,12600.0,15604.0,196610400.0,290835114.0,False,-,0,13853.105263504342,False,False,False,True,False,False,False,0.07142857142857142,0.8767123287671232,0.19222113502935417
015860,일진홀딩스,-8.25,-1.7038007863695914,7500.0,277687.0,2082652500.0,2502110000.0,False,-,0,10080.08383956314,False,False,False,True,False,False,False,0.13392857142857142,0.5166340508806262,0.19133439334637964
348210,넥스틴,-8.0,-1.963746223564955,64900.0,164503.0,10676244700.0,11318678200.0,True,-,0,66066.50902421452,False,False,False,False,False,False,False,0.14285714285714285,0.4657534246575342,0.19129158512720154
053210,스카이라이프,-10.0,1.3667425968109326,4450.0,46187.0,205532150.0,260924850.0,False,-,0,4396.9950653416445,False,False,False,False,False,False,False,0.07142857142857142,0.8688845401174168,0.1910469667318982
001750,한양증권,-9.0,-0.6681514476614692,22300.0,47795.0,1065828500.0,1367868990.0,False,-,0,23508.084550285577,False,False,False,True,False,False,False,0.10714285714285714,0.6575342465753424,0.18970156555772993
189300,인텔리안테크,-6.25,-6.1864406779660985,110700.0,288976.0,31989643200.0,50110783440.0,True,-,0,142606.88575196092,False,False,False,True,False,False,False,0.20535714285714285,0.10078277886497064,0.18967098825831702
268280,미원에스씨,-9.75,0.49850448654038537,100800.0,2227.0,224481600.0,269472420.0,False,-,0,101875.06035124071,False,False,False,False,False,False,False,0.08035714285714286,0.8062622309197651,0.1892429060665362
039490,키움증권,-10.0,1.104972375690605,366000.0,191094.0,69940404000.0,69488081400.0,False,-,0,380311.82025376795,False,False,False,True,False,False,False,0.07142857142857142,0.8532289628180039,0.1886986301369863
199820,제일일렉트릭,-6.5,-5.435801312089971,10090.0,333337.0,3363370330.0,4542109712.0,False,-,0,13025.886443217563,False,False,False,True,False,False,False,0.19642857142857142,0.13894324853228962,0.18780577299412915
016380,KG스틸,-9.0,-0.743494423791824,5340.0,401351.0,2143214340.0,2892931726.0,False,-,0,6331.105503553011,False,False,True,True,False,False,False,0.10714285714285714,0.6448140900195695,0.187793542074364
294870,IPARK현대산업개발,-10.0,1.0389610389610393,19450.0,328603.0,6391328350.0,6801628412.0,False,-,0,20723.535148032115,False,False,True,True,False,False,False,0.07142857142857142,0.8468688845401174,0.18774461839530332
272110,케이엔제이,-8.75,-1.140065146579805,30350.0,125639.0,3813143650.0,4743682670.0,False,-,0,32760.8894022618,False,False,False,True,False,False,False,0.11607142857142858,0.5929549902152642,0.1876039628180039
025000,KPX케미칼,-9.0,-0.8064516129032251,49200.0,4604.0,226516800.0,304780440.0,False,-,0,50732.801739130264,False,False,True,True,False,False,False,0.10714285714285714,0.6330724070450098,0.18603228962818003
002840,미원상사,-9.0,-0.8291873963515717,119600.0,4453.0,532578800.0,770751000.0,False,-,0,122011.29519140805,False,False,True,True,False,False,False,0.10714285714285714,0.6311154598825832,0.18573874755381603
051915,LG화학우,-7.25,-3.4482758620689613,156800.0,32119.0,5036259200.0,7504668360.0,False,-,0,166884.35989815486,False,False,False,True,False,False,False,0.16964285714285715,0.2744618395303327,0.1853657045009785
439090,마녀공장,-8.5,-1.6320474777448024,13260.0,222182.0,2946133320.0,5401382708.0,False,-,0,15452.155558293573,False,False,True,True,False,False,False,0.125,0.5273972602739726,0.1853595890410959
030610,교보증권,-9.0,-0.8643042350907515,11470.0,144740.0,1660167800.0,1908503212.0,False,-,0,12007.987956535413,False,False,False,True,False,False,False,0.10714285714285714,0.6262230919765166,0.18500489236790607
264450,유비쿼스,-7.5,-3.122432210353332,11790.0,104167.0,1228128930.0,1286496676.0,False,🆕PURPLE,0,13372.65201938549,False,False,False,True,False,False,False,0.16071428571428573,0.3111545988258317,0.18328033268101762
002900,TYM,-8.25,-1.984732824427482,6420.0,178895.0,1148505900.0,2224249934.0,False,-,0,7483.072917089314,False,False,False,True,False,False,False,0.13392857142857142,0.461839530332681,0.18311521526418786
017940,E1,-10.0,0.588235294117645,85500.0,14433.0,1234021500.0,1797691900.0,False,🆕RED,0,88573.36066346729,False,False,True,True,False,False,False,0.07142857142857142,0.8140900195694716,0.18282778864970645
058470,리노공업,-9.0,-1.0537407797681753,93900.0,1056515.0,99206758500.0,136675558480.0,False,-,0,99947.33957351615,False,False,False,True,False,False,False,0.10714285714285714,0.6086105675146771,0.18236301369863012
025860,남해화학,-9.5,-0.3034901365705611,6570.0,385291.0,2531361870.0,4065287890.0,False,🆕RED,0,7359.938411857295,False,False,True,True,False,False,False,0.08928571428571429,0.7064579256360078,0.18186154598825832
012630,HDC,-10.0,0.49382716049382047,20350.0,134965.0,2746537750.0,3528889680.0,False,-,0,21722.981570429652,False,False,True,True,False,False,False,0.07142857142857142,0.8052837573385518,0.1815068493150685
060250,NHN KCP,-7.0,-4.420549581839905,16000.0,339174.0,5426784000.0,11489287050.0,False,-,0,17729.32105205525,False,False,False,True,False,False,False,0.17857142857142858,0.19569471624266144,0.1811399217221135
126720,수산인더스트리,-8.25,-2.0618556701030966,23750.0,45775.0,1087156250.0,1935504620.0,False,-,0,27389.59604431917,False,False,False,True,False,False,False,0.13392857142857142,0.44031311154598823,0.17988625244618395
136490,선진,-9.5,-0.4094165813715467,9730.0,77622.0,755262060.0,1318495492.0,False,-,0,10232.96530582686,False,False,True,True,False,False,False,0.08928571428571429,0.6908023483365949,0.17951320939334636
015760,한국전력,-9.0,-1.1780104712041939,37750.0,3856585.0,145586083750.0,145130728080.0,False,-,0,38623.47847107827,False,False,False,True,False,False,False,0.10714285714285714,0.5851272015655578,0.17884050880626223
044450,KSS해운,-10.0,0.31185031185030354,9650.0,103179.0,995677350.0,953377490.0,False,-,0,10226.607297255294,False,False,True,True,False,False,False,0.07142857142857142,0.7827788649706457,0.17813111545988258
038500,삼표시멘트,-9.5,-0.47483380816714105,10480.0,1846469.0,19350995120.0,29791731726.0,False,-,0,12140.554070301005,False,False,False,True,False,False,False,0.08928571428571429,0.6790606653620352,0.17775195694716242
004000,롯데정밀화학,-7.75,-3.039513677811545,47850.0,70412.0,3369214200.0,5767032490.0,False,-,0,52627.87246760113,False,False,False,True,False,False,False,0.15178571428571427,0.3238747553816047,0.17759907045009782
376900,로킷헬스케어,-10.25,0.7874015748031482,51200.0,181345.0,9284864000.0,20246004320.0,False,-,0,53031.992119470575,False,False,True,True,False,False,False,0.0625,0.8287671232876712,0.17744006849315067
098120,마이크로컨텍솔,-6.75,-5.82191780821918,27500.0,103064.0,2834260000.0,4611997240.0,False,-,0,32890.38098022695,False,False,False,True,False,False,False,0.1875,0.11937377690802348,0.1772810665362035
096770,SK이노베이션,-9.25,-0.9515570934256035,114500.0,812673.0,93051058500.0,111287821840.0,False,-,0,119045.11627285756,False,False,False,True,False,False,False,0.09821428571428571,0.6213307240704501,0.17668175146771037
011200,HMM,-10.0,0.20512820512821328,19540.0,1966412.0,38423690480.0,64899404154.0,False,-,0,19749.10995541852,False,False,True,True,False,False,False,0.07142857142857142,0.7690802348336595,0.17607632093933462
092870,엑시콘,-6.25,-14.983164983164986,25250.0,446860.0,11283215000.0,10639776040.0,False,-,0,30803.291107964582,False,False,False,True,False,False,False,0.20535714285714285,0.004892367906066536,0.1752874266144814
083650,비에이치아이,-10.0,0.1468428781204123,68200.0,436056.0,29739019200.0,42051183920.0,False,-,0,73946.43665529415,False,False,False,True,False,False,False,0.07142857142857142,0.7602739726027398,0.17475538160469667
432720,퀄리타스반도체,-6.5,-7.9552925706771855,14000.0,282005.0,3948070000.0,5908722314.0,False,-,0,17923.253787749236,False,False,False,True,False,False,False,0.19642857142857142,0.050880626223091974,0.1745963796477495
096760,JW홀딩스,-9.5,-0.6729475100942128,3690.0,92563.0,341557470.0,403914377.0,False,-,0,3775.5092542220455,False,False,False,True,False,False,False,0.08928571428571429,0.6565557729941291,0.1743762230919765
017890,한국알콜,-7.75,-3.2006920415224904,11190.0,39713.0,444388470.0,879857286.0,False,-,0,12004.984143930544,False,False,False,True,False,False,False,0.15178571428571427,0.30234833659491195,0.17437010763209393
394280,오픈엣지테크놀로지,-6.75,-6.2000000000000055,14070.0,307808.0,4330858560.0,5891355316.0,False,-,0,16396.075907071016,False,False,False,True,False,False,False,0.1875,0.09980430528375733,0.1743456457925636
052020,에스티큐브,-6.5,-8.060230292294069,10380.0,586523.0,6088108740.0,11076811484.0,True,-,0,14550.716445673077,False,False,False,True,False,False,False,0.19642857142857142,0.04794520547945205,0.17415606653620352
003280,흥아해운,-10.0,0.05130836326321386,1950.0,5347493.0,10427611350.0,17687207623.8,False,-,0,2217.7425333820047,False,False,False,True,False,False,False,0.07142857142857142,0.7524461839530333,0.1735812133072407
457550,우진엔텍,-8.0,-2.914798206278024,21650.0,51510.0,1115191500.0,1906930040.0,False,-,0,22818.938701540217,False,False,True,True,False,False,False,0.14285714285714285,0.34148727984344424,0.17265166340508806
090710,휴림로봇,-8.25,-2.490421455938696,10180.0,3065362.0,31205385160.0,69258895546.0,False,-,0,11231.446649556841,False,False,False,True,False,False,False,0.13392857142857142,0.38943248532289626,0.17225415851272013
001060,JW중외제약,-10.0,0.0,26000.0,84418.0,2194868000.0,2929093400.0,False,🆕RED,0,28163.191318245164,False,False,True,True,False,False,False,0.07142857142857142,0.7431506849315068,0.17218688845401173
094800,맵스리얼티,-10.0,0.0,5100.0,80370.0,409887000.0,408511298.0,False,🆕RED,0,5412.723478943223,False,False,True,True,False,False,False,0.07142857142857142,0.7431506849315068,0.17218688845401173
474170,루미르,-10.0,0.0,10600.0,179226.0,1899795600.0,3006922500.0,False,-,0,12021.500744925872,False,False,False,True,False,False,False,0.07142857142857142,0.7431506849315068,0.17218688845401173
448900,한국피아이엠,-6.5,-8.779931584948686,80000.0,225629.0,18050320000.0,26703445380.0,False,-,0,99197.01831041789,False,False,False,True,False,False,False,0.19642857142857142,0.033268101761252444,0.17195450097847356
115180,큐리언트,-8.0,-2.9629629629629672,26200.0,119953.0,3142768600.0,4994341400.0,False,🆕RED,0,27898.406949650333,False,False,True,True,False,False,False,0.14285714285714285,0.3356164383561644,0.17177103718199607
039440,에스티아이,-8.5,-2.1052631578947323,27900.0,234977.0,6555858300.0,7839739930.0,False,-,0,29470.96414645693,False,False,False,True,False,False,False,0.125,0.4324853228962818,0.17112279843444228
032820,우리기술,-6.5,-9.496494582536652,14200.0,3728530.0,52945126000.0,76337595722.0,False,-,0,15552.00013738999,False,False,False,True,False,False,False,0.19642857142857142,0.026418786692759294,0.1709271037181996
357780,솔브레인,-9.0,-1.6107382550335614,366500.0,77987.0,28582235500.0,36110439500.0,True,-,0,405460.3300471813,False,False,False,True,False,False,False,0.10714285714285714,0.5322896281800391,0.17091487279843443
032350,롯데관광개발,-11.0,2.7762354247640175,18510.0,634218.0,11739375180.0,19233324744.0,False,-,0,18887.707480329605,False,False,False,True,False,False,False,0.03571428571428571,0.9324853228962818,0.17022994129158514
489500,엘케이켐,-8.75,-1.909722222222221,28250.0,58226.0,1644884500.0,2225933000.0,False,-,0,33044.57281100139,False,False,False,True,False,False,False,0.11607142857142858,0.4755381604696673,0.16999143835616437
064820,케이프,-7.75,-3.4741784037558676,10280.0,191685.0,1970521800.0,2935721056.0,False,-,0,11798.95703612405,False,False,False,True,False,False,False,0.15178571428571427,0.2710371819960861,0.16967343444227004
023590,다우기술,-10.0,-0.12836970474967568,38900.0,67255.0,2616219500.0,4056411550.0,False,-,0,40805.82897629397,False,False,False,True,False,False,False,0.07142857142857142,0.7250489236790607,0.16947162426614482
001780,알루코,-7.75,-3.5377358490566,2045.0,600813.0,1228662585.0,2090638831.0,False,-,0,2362.485997650323,False,False,False,True,False,False,False,0.15178571428571427,0.26614481409001955,0.16893957925636005
030210,다올투자증권,-10.0,-0.13623978201634523,3665.0,114477.0,419558205.0,469447214.0,False,-,0,3816.281162491226,False,False,False,True,False,False,False,0.07142857142857142,0.7211350293542075,0.16888454011741683
029460,케이씨,-8.25,-2.7113237639553422,30500.0,23765.0,724832500.0,1502939140.0,False,-,0,33681.76970195417,False,False,False,True,False,False,False,0.13392857142857142,0.36203522504892366,0.16814456947162426
000540,흥국화재,-11.0,2.2824536376604865,3585.0,266243.0,954481155.0,459491103.0,False,-,0,3700.0706467183827,False,False,True,True,False,False,False,0.03571428571428571,0.9148727984344422,0.1675880626223092
226320,잇츠한불,-10.75,1.2371134020618513,9820.0,37178.0,365087960.0,718623722.0,False,-,0,11119.565745452965,False,False,True,True,False,False,False,0.044642857142857144,0.8620352250489237,0.16725171232876712
086520,에코프로,-7.0,-6.170886075949367,118600.0,2312115.0,274216839000.0,407597004900.0,False,🆕PURPLE,0,133211.23457935735,False,False,False,True,False,False,False,0.17857142857142858,0.10176125244618395,0.16704990215264187
402490,그린리소스,-6.75,-8.131352619233779,11750.0,290432.0,3412576000.0,5845222386.0,False,-,0,15084.595661482961,False,False,False,True,False,False,False,0.1875,0.04598825831702544,0.16627323874755381
102260,동성케미컬,-11.0,1.984126984126977,3855.0,104529.0,402959295.0,663137143.0,False,-,0,3970.5632402367005,False,False,True,True,False,False,False,0.03571428571428571,0.9041095890410958,0.16597358121330724
088980,맥쿼리인프라,-10.0,-0.3629764065335772,10980.0,2025338.0,22238211240.0,27257811964.0,True,-,0,11007.852955043942,False,False,True,True,False,False,False,0.07142857142857142,0.699119373776908,0.1655821917808219
353810,이지바이오,-11.0,1.9292604501607746,6340.0,154556.0,979885040.0,1144476294.0,False,-,0,6581.439137894904,False,False,False,True,False,False,False,0.03571428571428571,0.901174168297456,0.16553326810176125
199800,툴젠,-8.75,-2.0408163265306145,48000.0,67068.0,3219264000.0,10231769720.0,True,-,0,64966.927270815664,False,False,False,True,False,False,False,0.11607142857142858,0.44471624266144816,0.1653681506849315
204270,제이앤티씨,-8.5,-2.473886750962062,17740.0,354720.0,6292732800.0,13879492308.0,False,🆕RED,0,20673.89973756839,False,False,True,True,False,False,False,0.125,0.3913894324853229,0.16495841487279844
041920,메디아나,-7.25,-5.466666666666664,14180.0,74642.0,1058423560.0,3406016344.0,False,-,0,16297.242430880238,False,False,False,True,False,False,False,0.16964285714285715,0.1360078277886497,0.16459760273972604
321550,티움바이오,-10.25,0.0,6210.0,232188.0,1441887480.0,2692034266.0,False,-,0,7511.393497684665,False,False,True,True,False,False,False,0.0625,0.7431506849315068,0.164597602739726
196170,알테오젠,-8.5,-2.496328928046987,332000.0,622979.0,206829028000.0,294834155600.0,False,🆕RED,0,362477.9451534832,False,False,True,True,False,False,False,0.125,0.38649706457925637,0.16422455968688845
005720,넥센,-10.5,0.33277870216306127,6030.0,22751.0,137188530.0,221493892.0,False,-,0,6577.879487236187,False,False,True,True,False,False,False,0.05357142857142857,0.7857142857142857,0.16339285714285715
098070,한텍,-8.25,-3.008595988538687,33850.0,101574.0,3438279900.0,7159365140.0,False,🆕RED,0,34837.59457531599,False,False,True,True,False,False,False,0.13392857142857142,0.32974559686888455,0.1633011252446184
378340,필에너지,-7.25,-5.632823365785811,13570.0,131887.0,1789706590.0,2509534662.0,False,-,0,16126.95458961529,False,False,False,True,False,False,False,0.16964285714285715,0.12622309197651663,0.1631298923679061
030000,제일기획,-10.75,0.8232711306256801,18370.0,761235.0,13983886950.0,12408598170.0,True,-,0,18623.41745571654,False,False,True,True,False,False,False,0.044642857142857144,0.8336594911937377,0.16299535225048922
187660,페니트리움바이오,-9.0,-1.900584795321636,6710.0,851319.0,5712350490.0,9256202070.0,False,-,0,6855.430954180573,False,False,False,True,False,False,False,0.10714285714285714,0.4794520547945205,0.16298923679060665
104830,원익머트리얼즈,-8.0,-3.4198113207547176,40950.0,59419.0,2433208050.0,3455319240.0,False,-,0,44490.46961452195,False,False,False,True,False,False,False,0.14285714285714285,0.27690802348336596,0.1629647749510763
004690,삼천리,-11.0,1.5979814970563444,120800.0,10504.0,1268883200.0,1822670780.0,False,-,0,124476.71591841136,False,False,True,True,False,False,False,0.03571428571428571,0.8806262230919765,0.16245107632093933
048410,현대바이오,-7.0,-7.129798903107865,10160.0,1733685.0,17614239600.0,24308445024.0,False,🆕PURPLE,0,11809.5600985994,False,False,False,True,False,False,False,0.17857142857142858,0.07045009784735812,0.16235322896281798
105630,한세실업,-11.5,5.9311981020166105,8930.0,202578.0,1809021540.0,1368531440.0,True,-,0,9005.34685690697,False,False,True,True,False,False,False,0.017857142857142856,0.9784735812133072,0.1619496086105675
003540,대신증권,-10.0,-0.49586776859503745,30100.0,243535.0,7330403500.0,6240272110.0,False,-,0,31562.100419151127,False,False,False,True,False,False,False,0.07142857142857142,0.6731898238747553,0.161692759295499
003530,한화투자증권,-10.0,-0.5000000000000004,5970.0,2237580.0,13358352600.0,12341523576.0,False,-,0,6360.137571767806,False,False,False,True,False,False,False,0.07142857142857142,0.6722113502935421,0.161545988258317
009540,HD한국조선해양,-11.0,1.4666666666666606,380500.0,338194.0,128682817000.0,159920810400.0,True,-,0,416657.61553566233,False,False,True,True,False,False,False,0.03571428571428571,0.8737769080234834,0.16142367906066538
272210,한화시스템,-10.0,-0.5307855626326963,93700.0,942775.0,88338017500.0,138311093340.0,False,-,0,102533.88038694217,False,False,False,True,False,False,False,0.07142857142857142,0.6682974559686888,0.16095890410958902
007690,국도화학,-10.5,0.16181229773462036,30950.0,21883.0,677278850.0,758363010.0,False,-,0,33782.898243157135,False,False,True,True,False,False,False,0.05357142857142857,0.7651663405088063,0.16031066536203523
051900,LG생활건강,-9.0,-2.0000000000000018,245000.0,77505.0,18988725000.0,29828431800.0,True,-,0,253756.034452064,False,False,True,True,False,False,False,0.10714285714285714,0.4598825831702544,0.16005381604696672
045390,대아티아이,-11.5,4.658901830282858,3145.0,1737786.0,5465336970.0,2972218220.0,False,-,0,3284.2589336335113,False,False,True,True,False,False,False,0.017857142857142856,0.9647749510763209,0.15989481409001957
013030,하이록코리아,-8.75,-2.4182076813655806,34300.0,45870.0,1573341000.0,2606606640.0,False,-,0,37231.13449359051,False,False,False,True,False,False,False,0.11607142857142858,0.40117416829745595,0.15883683953033267
099190,아이센스,-11.5,4.062499999999991,16650.0,223717.0,3724888050.0,2986169136.0,False,-,0,17720.242208543634,False,False,True,True,False,False,False,0.017857142857142856,0.9549902152641878,0.1584271037181996
005880,대한해운,-10.0,-0.7334963325183352,2030.0,2694467.0,5469768010.0,9373483818.0,False,-,0,2305.7457696084102,False,False,False,True,False,False,False,0.07142857142857142,0.6477495107632094,0.1578767123287671
405100,큐알티,-7.25,-6.525679758308156,15470.0,83683.0,1294576010.0,1483218102.0,False,-,0,18280.98051894871,False,False,False,True,False,False,False,0.16964285714285715,0.09099804305283757,0.1578461350293542
001940,KISCO홀딩스,-11.5,3.8004750593824133,21850.0,7926.0,173183100.0,220358470.0,False,-,0,22347.861884829028,False,False,True,True,False,False,False,0.017857142857142856,0.9510763209393346,0.1578400195694716
472850,폰드그룹,-11.5,3.6719706242350103,4235.0,93275.0,395019625.0,583634372.0,False,-,0,4485.135910607018,False,False,True,True,False,False,False,0.017857142857142856,0.949119373776908,0.15754647749510764
115450,HLB테라퓨틱스,-10.25,-0.37523452157598447,2655.0,370904.0,984750120.0,1401597356.0,False,-,0,2768.5193355527517,False,False,True,True,False,False,False,0.0625,0.6947162426614482,0.1573324363992172
432320,KB스타리츠,-11.5,3.4410112359550604,1473.0,869169.0,1280285937.0,1144849828.4,False,-,0,1462.6291643219324,False,False,True,True,False,False,False,0.017857142857142856,0.9471624266144814,0.15725293542074362
009160,SIMPAC,-10.5,0.0,4735.0,132009.0,625062615.0,848097693.0,False,-,0,5355.009191592889,False,False,True,True,False,False,False,0.05357142857142857,0.7431506849315068,0.1570083170254403
012450,한화에어로스페이스,-10.0,-0.7597340930674212,1045000.0,237428.0,248112260000.0,465303729000.0,True,-,0,1174877.95859723,False,False,False,True,False,False,False,0.07142857142857142,0.6409001956947162,0.15684931506849314
001430,세아베스틸지주,-10.0,-0.8138351983723258,48750.0,314922.0,15352447500.0,20800236830.0,False,-,0,59335.486828102694,False,False,False,True,False,False,False,0.07142857142857142,0.6320939334637965,0.1555283757338552
008490,서흥,-11.0,0.8219178082191858,18400.0,38005.0,699292000.0,1468607604.0,False,-,0,21155.95715852185,False,False,True,True,False,False,False,0.03571428571428571,0.8326810176125244,0.1552592954990215
112610,씨에스윈드,-9.25,-1.9015659955257225,43850.0,450103.0,19737016550.0,19706326410.0,False,-,0,47966.0759787584,False,False,False,True,False,False,False,0.09821428571428571,0.47847358121330724,0.15525318003913893
445180,퓨릿,-7.75,-4.833512352309343,8860.0,78055.0,691567300.0,957491338.0,False,-,0,10971.908232380563,False,False,False,True,False,False,False,0.15178571428571427,0.17318982387475537,0.15499633072407043
001270,부국증권,-7.5,-5.727554179566563,60900.0,67795.0,4128715500.0,2019918620.0,False,-,0,62347.79999540136,False,False,False,True,False,False,False,0.16071428571428573,0.1223091976516634,0.1549535225048924
092730,네오팜,-10.75,0.2951593860684776,16990.0,81285.0,1381032150.0,1254942680.0,False,-,0,18072.992822032465,False,False,True,True,False,False,False,0.044642857142857144,0.7798434442270059,0.15492294520547945
088260,이리츠코크렙,-11.5,2.763157894736845,3905.0,46120.0,180098600.0,617940969.0,False,-,0,4058.6063561674573,False,False,True,True,False,False,False,0.017857142857142856,0.9315068493150684,0.15490459882583169
068930,디지털대성,-10.5,-0.1315789473684159,7590.0,19654.0,149173860.0,338464670.0,False,-,0,8025.846591832809,False,False,True,True,False,False,False,0.05357142857142857,0.7240704500978473,0.1541462818003914
298050,HS효성첨단소재,-9.0,-2.2222222222222254,198000.0,29634.0,5867532000.0,7167175820.0,False,🆕RED,0,214879.898248641,False,False,True,True,False,False,False,0.10714285714285714,0.42025440313111545,0.1541095890410959
004310,현대약품,-10.0,-1.0000000000000009,5940.0,298845.0,1775139300.0,2505371378.0,False,-,0,6832.690242228566,False,False,False,True,False,False,False,0.07142857142857142,0.6139921722113503,0.15281311154598826
003000,부광약품,-9.25,-1.9889502762430955,4435.0,377651.0,1674882185.0,3036002904.0,False,-,0,4858.250634759927,False,False,False,True,False,False,False,0.09821428571428571,0.4608610567514677,0.152611301369863
001790,대한제당,-11.5,2.249488752556239,2500.0,312132.0,780330000.0,798959513.0,False,-,0,2567.914357554314,False,False,True,True,False,False,False,0.017857142857142856,0.913894324853229,0.15226272015655576
009830,한화솔루션,-8.5,-3.180661577608146,38050.0,1577817.0,60035936850.0,107402332390.0,False,-,0,41364.97257201097,False,False,False,True,False,False,False,0.125,0.30528375733855184,0.15204256360078278
237690,에스티팜,-10.0,-1.0770505385252704,119400.0,169466.0,20234240400.0,22574077040.0,False,-,0,130679.00655222975,False,False,False,True,False,False,False,0.07142857142857142,0.601761252446184,0.1509784735812133
029780,삼성카드,-11.0,0.43336944745395733,46350.0,135437.0,6277504950.0,8160914870.0,False,-,0,46896.20810549403,False,False,True,True,False,False,False,0.03571428571428571,0.8023483365949119,0.15070939334637964
161580,필옵틱스,-8.75,-2.9103608847497076,41700.0,439913.0,18344372100.0,42877798830.0,False,-,0,47617.0116670481,False,False,False,True,False,False,False,0.11607142857142858,0.3424657534246575,0.1500305772994129
079160,CJ CGV,-11.5,1.8140589569161092,4490.0,348564.0,1565052360.0,2144247024.0,False,-,0,4612.3568562488545,False,False,True,True,False,False,False,0.017857142857142856,0.8953033268101761,0.14947407045009783
339770,교촌에프앤비,-11.0,0.3722084367245637,4045.0,104275.0,421792375.0,504601505.0,False,-,0,4089.5737830062635,False,False,True,True,False,False,False,0.03571428571428571,0.7925636007827789,0.14924168297455967
020560,아시아나항공,-9.5,-1.867816091954022,6830.0,178486.0,1219059380.0,1856071984.0,False,-,0,7252.212126030603,False,False,True,True,False,False,False,0.08928571428571429,0.48532289628180036,0.14869129158512717
241520,DSC인베스트먼트,-7.5,-6.811145510835914,12040.0,661425.0,7963557000.0,47318767272.0,True,-,0,13217.687620754994,False,False,False,True,False,False,False,0.16071428571428573,0.08023483365949119,0.14864236790606655
475830,오름테라퓨틱,-11.5,1.631321370309946,62300.0,263466.0,16413931800.0,21228172720.0,False,-,0,67073.12832390636,False,False,True,True,False,False,False,0.017857142857142856,0.8874755381604696,0.14829990215264188
044490,태웅,-9.25,-2.124430955993928,32250.0,213122.0,6873184500.0,11252420530.0,False,🆕RED,0,37567.98443743684,False,False,True,True,False,False,False,0.09821428571428571,0.4295499021526419,0.14791462818003914
114810,한솔아이원스,-10.5,-0.4615384615384577,12940.0,238915.0,3091560100.0,5786042762.0,False,-,0,14303.483825999685,False,False,False,True,False,False,False,0.05357142857142857,0.6810176125244618,0.14768835616438356
234340,헥토파이낸셜,-8.75,-3.0303030303030276,24000.0,211121.0,5066904000.0,7384449990.0,False,-,0,28102.114754210066,False,False,False,True,False,False,False,0.11607142857142858,0.32632093933463796,0.14760885518590997
298690,에어부산,-10.5,-0.48192771084337727,1652.0,201283.0,332519516.0,348044209.6,False,-,0,1814.61337014844,False,False,True,True,False,False,False,0.05357142857142857,0.678082191780822,0.14724804305283756
054210,이랜텍,-9.5,-1.9108280254777066,9240.0,364276.0,3365910240.0,3265116904.0,False,🆕RED,0,11239.613024522187,False,False,True,True,False,False,False,0.08928571428571429,0.474559686888454,0.14707681017612523
377190,디앤디플랫폼리츠,-11.5,1.5118790496760237,2350.0,144496.0,339565600.0,607746144.0,False,-,0,2486.185532949536,False,False,True,True,False,False,False,0.017857142857142856,0.87573385518591,0.1465386497064579
000140,하이트진로홀딩스,-11.5,1.486988847583648,8190.0,13989.0,114569910.0,194829344.0,False,-,0,8408.51799469631,False,False,True,True,False,False,False,0.017857142857142856,0.8747553816046967,0.14639187866927592
000370,한화손해보험,-9.5,-1.9607843137254943,6000.0,770885.0,4625310000.0,3639250124.0,False,-,0,6636.319352189676,False,False,True,True,False,False,False,0.08928571428571429,0.4672211350293542,0.14597602739726026
000070,삼양홀딩스,-12.0,5.202312138728327,54600.0,24402.0,1332349200.0,1434229280.0,True,-,0,56674.79661806076,False,False,True,True,False,False,False,0.0,0.9716242661448141,0.14574363992172212
192400,쿠쿠홀딩스,-10.25,-1.0000000000000009,24750.0,29549.0,731337750.0,980275790.0,False,-,0,25566.474796590235,False,False,True,True,False,False,False,0.0625,0.6139921722113503,0.14522382583170254
003200,일신방직,-11.5,1.2757605495583801,10320.0,31473.0,324801360.0,338607046.0,False,-,0,10639.5049237355,False,False,True,True,False,False,False,0.017857142857142856,0.8659491193737769,0.14507093933463797
441270,파인엠텍,-10.5,-0.6273525721455453,7920.0,444654.0,3521659680.0,5691048742.0,False,-,0,9260.216842650174,False,False,True,True,False,False,False,0.05357142857142857,0.6614481409001957,0.14475293542074363
011930,신성이엔지,-7.75,-6.167400881057272,21300.0,417221.0,8886807300.0,13780200160.0,False,-,0,26738.74919238704,False,False,False,True,False,False,False,0.15178571428571427,0.10273972602739725,0.14442881604696672
101160,월덱스,-10.0,-1.4000000000000012,24650.0,223184.0,5501485600.0,4940833510.0,False,-,0,26284.739646100494,False,False,False,True,False,False,False,0.07142857142857142,0.5567514677103719,0.14422700587084147
052690,한전기술,-10.0,-1.4095536413469056,125900.0,162116.0,20410404400.0,31837254400.0,False,-,0,136271.5047648414,False,False,False,True,False,False,False,0.07142857142857142,0.5557729941291585,0.14408023483365948
002030,아세아,-12.0,4.196642685851315,173800.0,4855.0,843799000.0,835354740.0,False,-,0,200428.5473631323,False,False,True,True,False,False,False,0.0,0.9598825831702544,0.14398238747553815
302440,SK바이오사이언스,-10.0,-1.4742014742014753,40100.0,221111.0,8866551100.0,12134373540.0,True,🆕RED,0,40813.956542716274,False,False,True,True,False,False,False,0.07142857142857142,0.5523483365949119,0.1435665362035225
035810,이지홀딩스,-11.0,0.11350737797957144,4410.0,232265.0,1024288650.0,1544055648.0,False,-,0,4847.078497861533,False,False,True,True,False,False,False,0.03571428571428571,0.7544031311154599,0.14351761252446182
168360,펨트론,-9.5,-2.030456852791873,19300.0,203489.0,3927337700.0,6066213728.0,False,-,0,20992.610749840973,False,False,False,True,False,False,False,0.08928571428571429,0.4471624266144814,0.14296722113502935
357550,석경에이티,-12.0,3.8416763678696064,44600.0,15347.0,684476200.0,724038960.0,False,-,0,47220.22631877424,False,False,True,True,False,False,False,0.0,0.9530332681017613,0.14295499021526417
023760,한국캐피탈,-11.5,1.0781671159029615,750.0,304907.0,228680250.0,371744183.0,False,-,0,789.4410663701768,False,False,True,True,False,False,False,0.017857142857142856,0.8512720156555773,0.14286937377690803
365340,성일하이텍,-8.75,-3.308823529411764,52600.0,69806.0,3671795600.0,5439565700.0,False,-,0,61839.39051085541,False,False,False,True,False,False,False,0.11607142857142858,0.2925636007827789,0.14254525440313112
293580,나우IB,-8.25,-4.61538461538461,1736.0,855689.0,1485476104.0,12596438134.6,True,-,0,2059.692092837728,False,False,False,True,False,False,False,0.13392857142857142,0.18688845401174167,0.14187255381604696
010690,화신,-10.0,-1.5756302521008458,9370.0,422568.0,3959462160.0,7079611138.0,False,-,0,11549.546239561847,False,False,False,True,False,False,False,0.07142857142857142,0.5391389432485323,0.14158512720156555
007160,사조산업,-11.5,0.9132420091324311,44200.0,9717.0,429491400.0,494297140.0,False,-,0,45857.576020505956,False,False,True,True,False,False,False,0.017857142857142856,0.8424657534246576,0.14154843444227005
005810,풍산홀딩스,-9.5,-2.1080368906455815,37150.0,66687.0,2477422050.0,3525942780.0,False,-,0,39614.34871423074,False,False,True,True,False,False,False,0.08928571428571429,0.4315068493150685,0.1406188845401174
001460,BYC,-12.0,2.8011204481792618,36700.0,4845.0,177811500.0,330042210.0,False,-,0,40234.13012736125,False,False,True,True,False,False,False,0.0,0.9344422700587084,0.14016634050880625
001130,대한제분,-11.0,-0.08510638297872797,11740.0,15984.0,187652160.0,501806258.0,False,-,0,12250.57736688512,False,False,True,True,False,False,False,0.03571428571428571,0.7318982387475538,0.1401418786692759
377300,카카오페이,-10.25,-1.2154696132596676,44700.0,427143.0,19093292100.0,28013913910.0,False,-,0,47242.95857106658,False,False,True,True,False,False,False,0.0625,0.5772994129158513,0.13971991193737768
000390,SP삼화,-10.0,-1.6491754122938573,6560.0,169729.0,1113422240.0,1632305520.0,False,-,0,7121.199419612912,False,False,False,True,False,False,False,0.07142857142857142,0.523972602739726,0.1393101761252446
054950,제이브이엠,-9.0,-3.0701754385964897,22100.0,40164.0,887624400.0,1668270380.0,False,🆕RED,0,22583.512986120473,False,False,True,True,False,False,False,0.10714285714285714,0.3199608610567515,0.13906555772994128
003120,일성아이에스,-12.0,2.5296017222820266,19050.0,11479.0,218674950.0,167706176.0,False,-,0,19422.986786465743,False,False,True,True,False,False,False,0.0,0.9266144814090019,0.1389921722113503
003160,디아이,-9.5,-2.2222222222222254,26400.0,452361.0,11942330400.0,17253380150.0,False,-,0,28891.28124041678,False,False,False,True,False,False,False,0.08928571428571429,0.42025440313111545,0.13893101761252447
475560,더본코리아,-12.0,2.499999999999991,16400.0,38570.0,632548000.0,680723458.0,False,-,0,17356.18734612944,False,False,True,True,False,False,False,0.0,0.9246575342465754,0.1386986301369863
033920,무학,-11.0,-0.13422818791946067,7440.0,49954.0,371657760.0,673681164.0,False,-,0,7703.260127312846,False,False,True,True,False,False,False,0.03571428571428571,0.7221135029354208,0.13867416829745596
314130,지놈앤컴퍼니,-7.75,-7.666098807495736,5420.0,411540.0,2230546800.0,3479054442.0,False,-,0,5809.1779289019505,False,False,False,True,False,False,False,0.15178571428571427,0.06164383561643835,0.13826443248532289
314930,바이오다인,-9.5,-2.3046092184368705,9750.0,53789.0,524442750.0,1022772982.0,False,-,0,9963.888874897817,False,False,False,False,False,False,False,0.08928571428571429,0.41291585127201563,0.13783023483365947
039130,하나투어,-12.0,2.315484804630974,35350.0,87152.0,3080823200.0,3531513960.0,False,-,0,37241.629008380245,False,False,True,True,False,False,False,0.0,0.9178082191780822,0.13767123287671232
003547,대신증권2우B,-11.0,-0.2556237218813928,19510.0,27399.0,534554490.0,641780754.0,False,-,0,19969.48821359215,False,False,True,True,False,False,False,0.03571428571428571,0.7103718199608611,0.13691291585127202
078070,유비쿼스홀딩스,-8.25,-5.186533212010924,10420.0,93436.0,973603120.0,962791032.0,False,🆕RED,0,12450.440527358867,False,False,True,True,False,False,False,0.13392857142857142,0.15362035225048923,0.1368823385518591
016800,퍼시스,-12.0,2.20994475138121,27750.0,1810.0,50227500.0,59666190.0,False,-,0,28649.734396642696,False,False,True,True,False,False,False,0.0,0.9119373776908023,0.13679060665362033
006805,미래에셋증권우,-10.0,-1.760777170613237,16180.0,151633.0,2453421940.0,1987320034.0,False,-,0,17947.4879367233,False,False,False,True,False,False,False,0.07142857142857142,0.5058708414872799,0.1365949119373777
255220,SG,-12.0,2.1287642782969796,1967.0,1589695.0,3126930065.0,2551586972.6,False,-,0,2077.1805461655485,False,False,True,True,False,False,False,0.0,0.9080234833659491,0.13620352250489234
457190,이수스페셜티케미컬,-8.75,-3.7931034482758585,83700.0,335551.0,28085618700.0,38708273380.0,False,-,0,95419.09886275386,False,False,False,True,False,False,False,0.11607142857142858,0.24951076320939333,0.1360873287671233
016580,환인제약,-10.5,-1.07421875,10130.0,17517.0,177447210.0,405414270.0,False,-,0,10651.287381150894,False,False,True,True,False,False,False,0.05357142857142857,0.6027397260273972,0.13594667318982387
004360,세방,-11.5,0.44809559372667174,13450.0,64216.0,863705200.0,962658564.0,False,-,0,13789.746977839259,False,False,True,True,False,False,False,0.017857142857142856,0.8033268101761253,0.1356775929549902
264850,이랜시스,-8.0,-6.399999999999995,5850.0,449689.0,2630680650.0,5020178006.0,False,🆕RED,0,6969.860996452488,False,False,True,True,False,False,False,0.14285714285714285,0.09393346379647749,0.13551859099804303
013120,동원개발,-11.5,0.43010752688172893,2335.0,68760.0,160554600.0,256413741.0,False,-,0,2393.1368918600233,False,False,True,True,False,False,False,0.017857142857142856,0.8013698630136986,0.13538405088062622
092070,디엔에프,-9.5,-2.452316076294281,17900.0,85099.0,1523272100.0,2001625662.0,False,-,0,20192.399490131815,False,False,False,True,False,False,False,0.08928571428571429,0.39628180039138944,0.13533512720156554
145990,삼양사,-10.25,-1.501154734411081,42650.0,10509.0,448208850.0,528012620.0,False,🆕RED,0,43592.603226866784,False,False,True,True,False,False,False,0.0625,0.547945205479452,0.1353167808219178
000050,경방,-10.0,-1.8072289156626509,8150.0,49100.0,400165000.0,585886654.0,False,-,0,9065.345923310917,False,False,False,True,False,False,False,0.07142857142857142,0.49706457925636005,0.1352739726027397
036560,KZ정밀,-11.5,0.40883074407196407,12280.0,9727.0,119447560.0,173959006.0,False,-,0,12750.3882516932,False,False,True,True,False,False,False,0.017857142857142856,0.8003913894324853,0.13523727984344422
036030,케이티알파,-10.0,-1.8418201516793076,4530.0,69110.0,313068300.0,333650954.0,False,-,0,4734.925232851874,False,False,True,True,False,False,False,0.07142857142857142,0.49217221135029354,0.13454011741682975
253450,스튜디오드래곤,-12.0,1.8181818181818077,25200.0,110135.0,2775402000.0,3674405920.0,True,-,0,26464.40593255784,False,False,True,True,False,False,False,0.0,0.8962818003913894,0.1344422700587084
206640,바디텍메드,-11.5,0.37700282752120007,10650.0,47856.0,509666400.0,835224182.0,False,-,0,10818.530753577314,False,False,True,True,False,False,False,0.017857142857142856,0.7945205479452054,0.13435665362035223
091810,트리니티항공,-12.0,1.7857142857142794,798.0,1434187.0,1144481226.0,1161590012.4,False,-,0,853.8778864737657,False,False,True,True,False,False,False,0.0,0.8943248532289628,0.1341487279843444
047050,포스코인터내셔널,-10.0,-1.8612521150592198,58000.0,610842.0,35428836000.0,60995316140.0,False,-,0,64900.71468450812,False,False,False,True,False,False,False,0.07142857142857142,0.4863013698630137,0.13365949119373777
424870,이뮨온시아,-12.0,1.7006802721088343,4485.0,1688180.0,7571487300.0,7104865734.0,False,-,0,5569.317116844138,False,False,True,True,False,False,False,0.0,0.8904109589041096,0.13356164383561644
030190,NICE평가정보,-11.5,0.3553660270078085,14120.0,102127.0,1442033240.0,2853041128.0,True,-,0,14149.277413877071,False,False,True,True,False,False,False,0.017857142857142856,0.7886497064579256,0.13347602739726028
207940,삼성바이오로직스,-11.0,-0.44709388971684305,1336000.0,75042.0,100256112000.0,129873936000.0,True,🆕RED,0,1364569.1528298552,False,False,True,True,False,False,False,0.03571428571428571,0.6868884540117417,0.1333904109589041
404990,신한서부티엔디리츠,-12.0,1.6616314199395799,3365.0,73762.0,248209130.0,362435123.0,False,-,0,3572.534432055981,False,False,True,True,False,False,False,0.0,0.8884540117416829,0.13326810176125242
035250,강원랜드,-11.5,0.33355570380253496,15040.0,807559.0,12145687360.0,13536681664.0,False,-,0,15215.155282687958,False,False,True,True,False,False,False,0.017857142857142856,0.786692759295499,0.13318248532289625
00680K,미래에셋증권2우B,-10.0,-1.9041365725541715,14940.0,612758.0,9154604520.0,12649693224.0,True,-,0,16704.36556458713,False,False,False,True,False,False,False,0.07142857142857142,0.4774951076320939,0.1323385518590998
170900,동아에스티,-12.0,1.6042780748663166,38000.0,24292.0,923096000.0,1368218150.0,False,-,0,39950.78536170492,False,False,True,True,False,False,False,0.0,0.8816046966731899,0.13224070450097847
089590,제주항공,-12.0,1.5873015873015817,4480.0,177905.0,797014400.0,1265569621.0,False,-,0,4810.850368640178,False,False,True,True,False,False,False,0.0,0.8796477495107632,0.13194716242661447
093520,매커스,-11.5,0.24096385542169418,20800.0,45500.0,946400000.0,1553911400.0,False,-,0,23114.973244374673,False,False,True,True,False,False,False,0.017857142857142856,0.7749510763209393,0.1314212328767123
024720,콜마홀딩스,-11.5,0.2355712603062443,8510.0,58354.0,496592540.0,915892980.0,False,-,0,9273.318154778643,False,False,True,True,False,False,False,0.017857142857142856,0.7720156555772995,0.13098091976516635
000680,LS네트웍스,-9.75,-2.254428341384862,3035.0,260058.0,789276030.0,1198968813.0,False,-,0,3558.32375490077,False,False,True,True,False,False,False,0.08035714285714286,0.41682974559686886,0.13082803326810177
308430,셀비온,-12.0,1.371308016877637,19220.0,81929.0,1574675380.0,3018681106.0,False,-,0,22112.132157581556,False,False,True,True,False,False,False,0.0,0.8698630136986302,0.13047945205479453
012860,모베이스전자,-9.0,-3.6199095022624417,3195.0,1214564.0,3880531980.0,5221165515.0,False,-,0,4118.278046910105,False,False,False,True,False,False,False,0.10714285714285714,0.2622309197651663,0.1304060665362035
300720,한일시멘트,-11.0,-0.5540166204986097,14360.0,142208.0,2042106880.0,2496192208.0,False,-,0,14777.379328306562,False,False,True,True,False,False,False,0.03571428571428571,0.6653620352250489,0.1301614481409002
075580,세진중공업,-12.0,1.2802275960170695,14240.0,278878.0,3971222720.0,6832521272.0,False,-,0,15413.544988215857,False,False,True,True,False,False,False,0.0,0.8669275929549902,0.13003913894324853
000320,노루홀딩스,-12.0,1.2404016538688722,17140.0,8406.0,144078840.0,397575320.0,False,-,0,18341.27756468703,False,False,True,True,False,False,False,0.0,0.863013698630137,0.12945205479452054
056190,에스에프에이,-8.5,-5.185185185185182,25600.0,183884.0,4707430400.0,5482190170.0,False,-,0,28427.092070145227,False,False,False,True,False,False,False,0.125,0.15459882583170254,0.1294398238747554
272290,이녹스첨단소재,-9.5,-2.777777777777779,28000.0,253038.0,7085064000.0,11428796500.0,False,-,0,31410.0836300529,False,False,False,True,False,False,False,0.08928571428571429,0.3561643835616438,0.1293175146771037
051905,LG생활건강우,-10.25,-1.7578125,100600.0,7628.0,767376800.0,958868000.0,False,-,0,103588.043801459,False,False,True,True,False,False,False,0.0625,0.5078277886497065,0.12929916829745597
016610,DB증권,-10.0,-2.0054694621695512,10750.0,116525.0,1252643750.0,1583137918.0,False,-,0,11564.649435138106,False,False,False,True,False,False,False,0.07142857142857142,0.4569471624266145,0.12925636007827787
458870,씨어스,-12.0,1.215277777777768,29150.0,458448.0,13363759200.0,14900510630.0,False,-,0,32215.321665933305,False,False,True,True,False,False,False,0.0,0.8590998043052838,0.12886497064579255
002310,아세아제지,-10.0,-2.0134228187919434,7300.0,129209.0,943225700.0,1205772504.0,False,-,0,7819.873727144825,False,False,True,True,False,False,False,0.07142857142857142,0.45401174168297453,0.12881604696673188
017800,현대엘리베이터,-12.0,1.0389610389610393,77800.0,198456.0,15439876800.0,25419129920.0,False,-,0,81349.93061113602,False,False,True,True,False,False,False,0.0,0.8468688845401174,0.1270303326810176
014820,동원시스템즈,-12.0,0.990099009900991,20400.0,45986.0,938114400.0,1646861640.0,False,-,0,22151.988680099053,False,False,True,True,False,False,False,0.0,0.8454011741682974,0.12681017612524462
036830,솔브레인홀딩스,-9.25,-3.347732181425489,44750.0,111899.0,5007480250.0,6418772150.0,False,-,0,51332.77478670224,False,False,False,True,False,False,False,0.09821428571428571,0.28864970645792565,0.1267795988258317
121600,나노신소재,-8.25,-6.6343042071197456,57700.0,169421.0,9775591700.0,11613676420.0,False,-,0,67780.58594275828,False,False,False,True,False,False,False,0.13392857142857142,0.08610567514677103,0.12675513698630136
263750,펄어비스,-10.0,-2.0656136087484844,40300.0,806212.0,32490343600.0,39281057040.0,False,-,0,43704.07411552818,False,False,False,True,False,False,False,0.07142857142857142,0.43933463796477495,0.12661448140900194
130660,한전산업,-10.0,-2.0879940343027537,13130.0,184065.0,2416773450.0,3170560736.0,False,-,0,14216.002414136376,False,False,False,True,False,False,False,0.07142857142857142,0.43737769080234834,0.12632093933463795
271940,일진하이솔루스,-12.0,0.8955223880596996,13520.0,67881.0,917751120.0,1378772248.0,False,-,0,14395.943661272779,False,False,True,True,False,False,False,0.0,0.8405088062622309,0.12607632093933463
099430,바이오플러스,-9.25,-3.373015873015872,4870.0,961649.0,4683230630.0,3380018654.0,True,-,0,5556.502944615013,False,False,True,True,False,False,False,0.09821428571428571,0.2837573385518591,0.12604574363992171
023410,유진기업,-9.5,-2.9745042492917873,3425.0,280242.0,959828850.0,785541085.0,False,🆕RED,0,3532.756835970415,False,False,True,True,False,False,False,0.08928571428571429,0.3336594911937378,0.12594178082191781
006040,동원산업,-12.0,0.8875739644970349,34100.0,108846.0,3711648600.0,3043794490.0,False,-,0,35346.98388529376,False,False,True,True,False,False,False,0.0,0.8395303326810176,0.12592954990215263
018670,SK가스,-11.25,-0.4484304932735439,222000.0,18220.0,4044840000.0,5127929800.0,False,-,0,241673.58479600964,False,False,True,True,False,False,False,0.026785714285714284,0.6859099804305284,0.1256543542074364
102460,이연제약,-10.5,-1.6096579476861161,9780.0,57238.0,559787640.0,809824166.0,False,-,0,11030.223824684159,False,False,True,True,False,False,False,0.05357142857142857,0.5332681017612525,0.12552592954990216
220100,퓨쳐켐,-12.0,0.8474576271186418,11900.0,163964.0,1951171600.0,4539463762.0,True,-,0,14807.013588563674,False,False,True,True,False,False,False,0.0,0.8351272015655578,0.12526908023483366
026890,스틱인베스트먼트,-12.0,0.8474576271186418,7140.0,119089.0,850295460.0,1297460286.0,False,-,0,8032.196033495112,False,False,True,True,False,False,False,0.0,0.8351272015655578,0.12526908023483366
009680,모토닉,-11.5,-0.10000000000000009,9990.0,48199.0,481508010.0,434849170.0,False,-,0,10191.729740781335,False,False,True,True,False,False,False,0.017857142857142856,0.7299412915851272,0.12466976516634051
039570,HDC랩스,-11.0,-0.9009009009009028,7700.0,22562.0,173727400.0,218463798.0,False,-,0,7810.384929728932,False,False,True,True,False,False,False,0.03571428571428571,0.6252446183953033,0.12414383561643835
089980,상아프론테크,-9.5,-3.069053708439895,18950.0,82813.0,1569306350.0,2994463660.0,False,-,0,21450.435503596083,False,False,False,True,False,False,False,0.08928571428571429,0.32093933463796476,0.12403375733855185
009900,명신산업,-9.25,-3.490990990990994,8570.0,282401.0,2420176570.0,4130884036.0,False,🆕RED,0,10085.527554706656,False,False,True,True,False,False,False,0.09821428571428571,0.2700587084148728,0.12399094911937378
448280,에코아이,-11.25,-0.503524672708966,9880.0,93580.0,924570400.0,1036638312.0,False,-,0,10946.024880085017,False,False,True,True,False,False,False,0.026785714285714284,0.6712328767123288,0.12345278864970646
00088K,한화3우B,-8.5,-5.913978494623651,43750.0,75911.0,3321106250.0,4972831960.0,True,-,0,48021.38182722234,False,False,False,True,False,False,False,0.125,0.11448140900195694,0.12342221135029353
104700,한국철강,-12.0,0.6127450980392135,8210.0,44720.0,367151200.0,398799544.0,False,-,0,8898.518487897236,False,False,True,True,False,False,False,0.0,0.8160469667318982,0.12240704500978473
067390,아스트,-11.0,-1.0471204188481686,567.0,950032.0,538668144.0,1283385304.4,False,-,0,645.672947958028,False,False,True,True,False,False,False,0.03571428571428571,0.6105675146771037,0.12194227005870839
003090,대웅,-12.0,0.5524861878453136,18200.0,82746.0,1505977200.0,1738657556.0,False,-,0,19228.437056743973,False,False,True,True,False,False,False,0.0,0.8111545988258317,0.12167318982387476
099320,쎄트렉아이,-10.0,-2.3731587561374834,119300.0,153789.0,18347027700.0,26578826580.0,False,-,0,140257.4353698918,False,False,False,True,False,False,False,0.07142857142857142,0.4060665362035225,0.12162426614481409
013890,지누스,-12.0,0.5494505494505475,9150.0,37514.0,343253100.0,620353578.0,False,-,0,9993.47306511391,False,False,True,True,False,False,False,0.0,0.8096868884540117,0.12145303326810175
042000,카페24,-8.75,-5.234567901234566,19190.0,141514.0,2715653660.0,6052746922.0,True,🆕RED,0,20538.219399810332,False,False,True,True,False,False,False,0.11607142857142858,0.1506849315068493,0.12126345401174168
018250,애경산업,-12.0,0.5097706032285432,11830.0,67044.0,793130520.0,8401895048.0,False,-,0,12814.668666055375,False,False,True,True,False,False,False,0.0,0.8082191780821918,0.12123287671232877
459510,나우로보틱스,-10.75,-1.4742014742014753,20050.0,142560.0,2858328000.0,5930660430.0,False,-,0,24592.1962083724,False,False,True,True,False,False,False,0.044642857142857144,0.5523483365949119,0.12079867906066535
237880,클리오,-12.0,0.47348484848483974,10610.0,52911.0,561385710.0,867329912.0,False,-,0,11500.951401168264,False,False,True,True,False,False,False,0.0,0.8043052837573386,0.12064579256360078
013580,계룡건설,-10.0,-2.4390243902439046,20000.0,79545.0,1590900000.0,1639897340.0,False,🆕RED,0,21558.59807538441,False,False,True,True,False,False,False,0.07142857142857142,0.3987279843444227,0.1205234833659491
003240,태광산업,-10.0,-2.460850111856827,872000.0,3278.0,2858416000.0,2929664800.0,False,-,0,959624.9962137891,False,False,True,True,False,False,False,0.07142857142857142,0.3943248532289628,0.11986301369863013
033270,유나이티드제약,-12.0,0.38888888888888307,18070.0,38154.0,689442780.0,871985808.0,False,-,0,18681.202726255557,False,False,True,True,False,False,False,0.0,0.7974559686888454,0.1196183953033268
146320,비씨엔씨,-8.75,-5.4363376251788225,13220.0,42630.0,563568600.0,876997018.0,False,-,0,15070.016110119373,False,False,False,True,False,False,False,0.11607142857142858,0.1379647749510763,0.11935543052837573
009290,광동제약,-10.0,-2.488335925349927,6270.0,145718.0,913651860.0,1561441848.0,False,-,0,6900.603237349546,False,False,False,True,False,False,False,0.07142857142857142,0.3904109589041096,0.11927592954990214
004990,롯데지주,-10.75,-1.5564202334630295,25300.0,289904.0,7334571200.0,10280122250.0,False,-,0,26082.19447753695,False,False,True,True,False,False,False,0.044642857142857144,0.541095890410959,0.1191108121330724
035760,CJ ENM,-11.0,-1.1523687580025643,38600.0,129812.0,5010743200.0,7068949040.0,True,-,0,39666.227740948816,False,False,True,True,False,False,False,0.03571428571428571,0.5900195694716243,0.1188600782778865
280360,롯데웰푸드,-12.0,0.37002775208141436,108500.0,16523.0,1792745500.0,2412492520.0,False,-,0,114947.858264383,False,False,True,True,False,False,False,0.0,0.7915851272015656,0.11873776908023484
000480,CR홀딩스,-11.5,-0.4250797024442088,4685.0,65030.0,304665550.0,166800297.0,False,-,0,4757.268677236052,False,False,True,True,False,False,False,0.017857142857142856,0.6898238747553816,0.11865215264187867
004380,삼익THK,-11.25,-0.8000000000000007,9920.0,103763.0,1029328960.0,1847927596.0,False,-,0,11887.928152443397,False,False,True,True,False,False,False,0.026785714285714284,0.6360078277886497,0.1181690313111546
032190,다우데이타,-10.0,-2.5342118601115016,19230.0,164163.0,3156854490.0,3742508190.0,False,-,0,20649.575164437585,False,False,False,True,False,False,False,0.07142857142857142,0.38258317025440314,0.11810176125244617
036530,SNT홀딩스,-12.0,0.3012048192771122,49950.0,41511.0,2073474450.0,1643748730.0,False,-,0,51286.005131009515,False,False,True,True,False,False,False,0.0,0.7818003913894325,0.11727005870841486
213420,덕산네오룩스,-11.25,-0.8510638297872353,34950.0,272480.0,9523176000.0,12388702770.0,False,-,0,41068.156451082,False,False,True,True,False,False,False,0.026785714285714284,0.6281800391389433,0.11699486301369863
005710,대원산업,-12.0,0.2941176470588225,10230.0,17097.0,174902310.0,468442828.0,False,-,0,11205.954891369214,False,False,True,True,False,False,False,0.0,0.7788649706457925,0.11682974559686887
105840,우진,-9.25,-4.1469816272965865,18260.0,196291.0,3584273660.0,5623104034.0,False,-,0,20426.495506869614,False,False,False,True,False,False,False,0.09821428571428571,0.22113502935420742,0.11665239726027396
010130,고려아연,-10.0,-2.611367127496156,1268000.0,23708.0,30061744000.0,40314377800.0,False,🆕RED,0,1366766.680405764,False,False,True,True,False,False,False,0.07142857142857142,0.37279843444227007,0.11663405088062621
003545,대신증권우,-11.5,-0.4889975550122272,20350.0,84259.0,1714670650.0,2260738230.0,False,-,0,20823.07617773711,False,False,True,True,False,False,False,0.017857142857142856,0.6761252446183953,0.11659735812133072
008930,한미사이언스,-11.0,-1.2578616352201255,31400.0,188684.0,5924677600.0,10073502480.0,True,-,0,32271.093474084773,False,False,True,True,False,False,False,0.03571428571428571,0.5733855185909981,0.11636497064579257
006910,보성파워텍,-8.75,-6.067415730337078,8360.0,1081143.0,9038355480.0,12482202372.0,False,-,0,10181.90134002277,False,False,False,True,False,False,False,0.11607142857142858,0.1086105675146771,0.11495229941291585
211270,AP위성,-9.25,-4.263275991024685,12800.0,141248.0,1807974400.0,3427504988.0,False,-,0,15554.04306663005,False,False,False,True,False,False,False,0.09821428571428571,0.20841487279843443,0.11474437377690802
950210,프레스티지바이오파마,-11.5,-0.5856515373352855,6790.0,58144.0,394797760.0,872470608.0,False,-,0,7040.0841558350285,False,False,True,True,False,False,False,0.017857142857142856,0.6634050880626223,0.11468933463796478
361390,제노코,-10.0,-2.7703782631859353,18250.0,79622.0,1453101500.0,2528414916.0,False,-,0,22097.573950324586,False,False,False,True,False,False,False,0.07142857142857142,0.35812133072407043,0.11443248532289627
071320,지역난방공사,-12.0,0.14727540500736325,68000.0,16924.0,1150832000.0,2223543140.0,False,-,0,70922.11097241679,False,False,True,True,False,False,False,0.0,0.761252446183953,0.11418786692759295
348340,뉴로메카,-10.0,-2.7888446215139417,48800.0,348866.0,17024660800.0,21566547800.0,False,-,0,58044.2327771782,False,False,False,True,False,False,False,0.07142857142857142,0.3542074363992172,0.11384540117416828
002240,고려제강,-10.5,-2.0148462354188768,18480.0,50066.0,925219680.0,825890858.0,False,🆕RED,0,20227.296142847765,False,False,True,True,False,False,False,0.05357142857142857,0.45303326810176126,0.11349070450097848
357120,코람코라이프인프라리츠,-12.0,0.12787723785165905,3915.0,121848.0,477034920.0,809685733.0,False,-,0,4255.578733706902,False,False,True,True,False,False,False,0.0,0.7563600782778865,0.11345401174168297
214150,클래시스,-12.0,0.11695906432749315,42800.0,292662.0,12525933600.0,17036025530.0,False,-,0,46595.28954935912,False,False,True,True,False,False,False,0.0,0.7553816046966731,0.11330724070450096
395400,SK리츠,-12.0,0.10020040080160886,4995.0,231677.0,1157226615.0,2446911881.0,False,-,0,5403.016904887493,False,False,True,True,False,False,False,0.0,0.7534246575342466,0.11301369863013698
180400,DXVX,-10.0,-2.8368794326241176,2740.0,114014.0,312398360.0,637777132.0,False,-,0,3020.820928423415,False,False,False,True,False,False,False,0.07142857142857142,0.34833659491193736,0.11296477495107632
475400,씨메스로보틱스,-11.0,-1.4925373134328401,26400.0,113214.0,2988849600.0,8804374940.0,False,-,0,28582.93863300136,False,False,True,True,False,False,False,0.03571428571428571,0.5489236790606654,0.11269569471624266
137400,피엔티,-9.25,-4.545454545454541,40950.0,310292.0,12706457400.0,13773689540.0,False,🆕RED,0,45568.80781984912,False,False,True,True,False,False,False,0.09821428571428571,0.1917808219178082,0.11224926614481408
009410,태영건설,-10.5,-2.0408163265306145,1632.0,246507.0,402299424.0,650591656.6,False,-,0,1689.9789527452842,False,False,True,True,False,False,False,0.05357142857142857,0.44471624266144816,0.11224315068493151
065710,서호전기,-10.0,-2.9055690072639195,40100.0,11200.0,449120000.0,709260830.0,False,🆕RED,0,41603.76084149815,False,False,True,True,False,False,False,0.07142857142857142,0.34344422700587085,0.11223091976516633
458650,성우,-9.25,-4.557640750670244,10680.0,55574.0,593530320.0,1057509466.0,False,-,0,12643.455019550582,False,False,True,True,False,False,False,0.09821428571428571,0.1908023483365949,0.1121024951076321
024060,흥구석유,-10.5,-2.049180327868849,11950.0,493231.0,5894110450.0,15901940218.0,False,-,0,12811.017725041655,False,False,True,True,False,False,False,0.05357142857142857,0.4432485322896282,0.1120229941291585
253590,네오셈,-8.75,-6.527777777777777,13460.0,617646.0,8313515160.0,10901029524.0,False,-,0,14833.855593016784,False,False,False,True,False,False,False,0.11607142857142858,0.08904109589041095,0.11201687866927593
176750,듀켐바이오,-12.0,0.0,6270.0,44609.0,279698430.0,339442674.0,False,-,0,7109.7719181854445,False,False,True,True,False,False,False,0.0,0.7431506849315068,0.11147260273972602
228760,지노믹트리,-12.0,0.0,12010.0,139810.0,1679118100.0,2496971342.0,False,-,0,13045.420815894198,False,False,True,True,False,False,False,0.0,0.7431506849315068,0.11147260273972602
036460,한국가스공사,-12.0,0.0,34150.0,276344.0,9437147600.0,12146811500.0,False,-,0,36024.95445132234,False,False,True,True,False,False,False,0.0,0.7431506849315068,0.11147260273972602
071970,HD현대마린엔진,-12.0,0.0,65800.0,276577.0,18198766600.0,27302715640.0,False,-,0,73763.13682608688,False,False,True,True,False,False,False,0.0,0.7431506849315068,0.11147260273972602
003960,사조대림,-12.0,0.0,26350.0,6784.0,178758400.0,266304990.0,False,-,0,27980.876972065158,False,False,True,True,False,False,False,0.0,0.7431506849315068,0.11147260273972602
029530,신도리코,-12.0,0.0,40700.0,9965.0,405575500.0,731333580.0,False,-,0,42023.49681651409,False,False,True,True,False,False,False,0.0,0.7431506849315068,0.11147260273972602
200710,에이디테크놀로지,-9.25,-4.663923182441698,34750.0,358947.0,12473408250.0,16291863300.0,False,-,0,40373.278372162385,False,False,False,True,False,False,False,0.09821428571428571,0.18493150684931506,0.11122186888454011
003920,남양유업,-11.5,-0.7717750826901848,45000.0,29164.0,1312380000.0,961944170.0,False,-,0,47092.23206374085,False,False,True,True,False,False,False,0.017857142857142856,0.639921722113503,0.11116682974559687
214430,아이쓰리시스템,-11.0,-1.5942028985507228,67900.0,66210.0,4495659000.0,7244274400.0,False,-,0,78332.40384488189,False,False,True,True,False,False,False,0.03571428571428571,0.5362035225048923,0.1107876712328767
041020,폴라리스오피스,-9.5,-4.025974025974022,3695.0,554300.0,2048138500.0,3599789552.0,False,-,0,4034.3407598175313,False,False,True,True,False,False,False,0.08928571428571429,0.22896281800391388,0.11023727984344422
005300,롯데칠성,-12.0,-0.0932835820895539,107100.0,42197.0,4519298700.0,4559468740.0,True,-,0,110772.38099316481,False,False,True,True,False,False,False,0.0,0.7309197651663405,0.10963796477495107
089860,롯데렌탈,-11.0,-1.6393442622950838,30000.0,76733.0,2301990000.0,2429484080.0,True,-,0,31305.54425628177,False,False,True,True,False,False,False,0.03571428571428571,0.5264187866927593,0.10931996086105675
111770,영원무역,-9.5,-4.206730769230771,79700.0,70979.0,5657026300.0,7354019340.0,False,🆕RED,0,82032.32935763884,False,False,True,True,False,False,False,0.08928571428571429,0.21330724070450097,0.10788894324853228
272450,진에어,-12.0,-0.1776198934280604,5620.0,161921.0,909996020.0,1153054044.0,False,-,0,5977.398786258462,False,False,True,True,False,False,False,0.0,0.7191780821917808,0.10787671232876712
069260,TKG휴켐스,-12.0,-0.18668326073428831,16040.0,124573.0,1998150920.0,4689295278.0,True,-,0,16969.825065567806,False,False,True,True,False,False,False,0.0,0.7172211350293543,0.10758317025440313
145720,덴티움,-11.5,-0.9922822491730932,44900.0,36165.0,1623808500.0,2316002600.0,False,-,0,47522.21200690235,False,False,True,True,False,False,False,0.017857142857142856,0.6154598825831703,0.10749755381604698
138610,나이벡,-12.0,-0.20650490449147796,19330.0,80474.0,1555562420.0,2561781970.0,False,-,0,20996.74673660219,False,False,True,True,False,False,False,0.0,0.7162426614481409,0.10743639921722113
002790,아모레퍼시픽홀딩스,-12.0,-0.22522522522522292,22150.0,162884.0,3607880600.0,4413393380.0,False,-,0,23098.291895950755,False,False,True,True,False,False,False,0.0,0.7152641878669276,0.10728962818003913
000640,동아쏘시오홀딩스,-12.0,-0.23419203747072626,85200.0,19360.0,1649472000.0,2063812400.0,False,-,0,89623.08384058182,False,False,True,True,False,False,False,0.0,0.7142857142857143,0.10714285714285714
200880,서연이화,-11.0,-1.7322834645669305,12480.0,158622.0,1979602560.0,2217406998.0,False,-,0,13493.211094443224,False,False,True,True,False,False,False,0.03571428571428571,0.5117416829745597,0.10711839530332681
003520,영진약품,-12.0,-0.23622047244094002,1267.0,347566.0,440366122.0,672689522.4,False,-,0,1356.0738707118367,False,False,True,True,False,False,False,0.0,0.713307240704501,0.10699608610567515
005610,삼립,-12.0,-0.24330900243308973,41000.0,10986.0,450426000.0,377030100.0,False,-,0,43051.91560133829,False,False,True,True,False,False,False,0.0,0.7123287671232876,0.10684931506849314
014830,유니드,-10.0,-3.170028818443804,67200.0,32783.0,2203017600.0,3213391800.0,False,-,0,71188.1260257976,False,False,True,True,False,False,False,0.07142857142857142,0.3062622309197652,0.10665362035225048
034830,한국토지신탁,-12.0,-0.25597269624573205,1169.0,638339.0,746218291.0,1752028114.6,False,-,0,1293.7429415251315,False,False,True,True,False,False,False,0.0,0.7093933463796478,0.10640900195694716
185750,종근당,-12.0,-0.26595744680850686,75000.0,36463.0,2734725000.0,3366417080.0,False,-,0,77838.09917346557,False,False,True,True,False,False,False,0.0,0.7084148727984344,0.10626223091976515
256840,한국비엔씨,-12.0,-0.33444816053511683,2980.0,257641.0,767770180.0,1407351963.0,False,-,0,3157.399436407951,False,False,True,True,False,False,False,0.0,0.7045009784735812,0.10567514677103718
031210,서울보증보험,-12.0,-0.34802784222738303,42950.0,85337.0,3665224150.0,5422122600.0,False,-,0,44125.54422477797,False,False,True,True,False,False,False,0.0,0.7025440313111546,0.1053816046966732
086900,메디톡스,-12.0,-0.3516998827667095,85000.0,88503.0,7522755000.0,7763969460.0,True,-,0,95167.96732313329,False,False,True,True,False,False,False,0.0,0.7015655577299413,0.1052348336594912
086450,동국제약,-10.75,-2.0285087719298267,17870.0,992933.0,17743712710.0,12102861506.0,False,-,0,19904.922900154656,False,False,True,True,False,False,False,0.044642857142857144,0.4481409001956947,0.10516756360078278
451760,컨텍,-9.25,-5.35714285714286,14310.0,150788.0,2157776280.0,4080993704.0,False,-,0,17437.090676004394,False,False,False,True,False,False,False,0.09821428571428571,0.14285714285714285,0.10491071428571427
067630,HLB생명과학,-11.5,-1.0920436817472678,3170.0,250800.0,795036000.0,1015971362.0,False,-,0,3298.3766476018336,False,False,True,True,False,False,False,0.017857142857142856,0.5978473581213307,0.10485567514677104
222080,씨아이에스,-8.75,-8.477508650519027,10580.0,1111603.0,11760759740.0,15050029368.0,False,-,0,12475.415251122247,False,False,False,True,False,False,False,0.11607142857142858,0.03816046966731898,0.10438478473581213
034120,SBS,-12.0,-0.3875968992248069,12850.0,39781.0,511185850.0,856069080.0,False,-,0,13563.2194668728,False,False,True,True,False,False,False,0.0,0.6937377690802349,0.10406066536203523
028100,동아지질,-12.0,-0.425230333097093,14050.0,10031.0,140935550.0,373299670.0,False,-,0,14909.13734953274,False,False,True,True,False,False,False,0.0,0.6888454011741683,0.10332681017612523
030530,원익홀딩스,-8.75,-9.433962264150942,24000.0,739659.0,17751816000.0,28443135480.0,False,🆕RED,0,27654.673611182032,False,False,True,True,False,False,False,0.11607142857142858,0.0273972602739726,0.10277030332681017
284740,쿠쿠홈시스,-12.0,-0.4555808656036442,21850.0,20951.0,457779350.0,607111090.0,False,-,0,22649.994215008926,False,False,True,True,False,False,False,0.0,0.6829745596868885,0.10244618395303327
003070,코오롱글로벌,-11.5,-1.2127894156560126,8960.0,22076.0,197800960.0,234202934.0,False,-,0,9443.970900171951,False,False,True,True,False,False,False,0.017857142857142856,0.5792563600782779,0.10206702544031311
003850,보령,-12.0,-0.4667444574095736,8530.0,206965.0,1765411450.0,2045162470.0,False,-,0,9113.330007984337,False,False,True,True,False,False,False,0.0,0.6800391389432485,0.10200587084148728
137310,에스디바이오센서,-11.5,-1.2345679012345734,7200.0,159208.0,1146297600.0,1616189876.0,False,-,0,7801.90895348488,False,False,True,True,False,False,False,0.017857142857142856,0.5743639921722113,0.10133317025440312
073240,금호타이어,-10.5,-2.6150627615062816,4655.0,1120717.0,5216937635.0,5250287965.0,False,-,0,4733.253286366391,False,False,True,True,False,False,False,0.05357142857142857,0.37181996086105673,0.1013087084148728
388050,지투파워,-9.25,-5.882352941176472,8800.0,315171.0,2773504800.0,4650454466.0,False,-,0,10623.028168709596,False,False,False,True,False,False,False,0.09821428571428571,0.1159491193737769,0.10087451076320939
064960,SNT모티브,-12.0,-0.5244755244755206,28450.0,105538.0,3002556100.0,3291820720.0,False,-,0,30740.24937239656,False,False,True,True,False,False,False,0.0,0.6702544031311155,0.10053816046966732
001080,만호제강,-10.0,-3.563941299790352,4600.0,19400.0,89240000.0,167632077.0,False,-,0,5014.252817271294,False,False,False,True,False,False,False,0.07142857142857142,0.2651663405088063,0.10048923679060665
377740,바이오노트,-12.0,-0.5302226935312793,4690.0,42553.0,199573570.0,399586421.0,False,-,0,4906.945195281362,False,False,True,True,False,False,False,0.0,0.6692759295499021,0.10039138943248531
018000,유니슨,-12.0,-0.5387931034482762,923.0,1290209.0,1190862907.0,1658641721.4,False,-,0,955.7884910136585,False,False,True,True,False,False,False,0.0,0.6673189823874756,0.10009784735812133
072710,농심홀딩스,-11.5,-1.3377926421404673,88500.0,14555.0,1288117500.0,1120083420.0,False,-,0,92578.14477310526,False,False,True,True,False,False,False,0.017857142857142856,0.5636007827788649,0.09971868884540117
487570,HS효성,-10.5,-2.7881040892193343,52300.0,11620.0,607726000.0,753564160.0,False,-,0,56131.80164404288,False,False,True,True,False,False,False,0.05357142857142857,0.35518590998043054,0.09881360078277887
095660,네오위즈,-10.75,-2.390640895218721,19190.0,86720.0,1664156800.0,1904953638.0,False,🆕RED,0,19594.73909486693,False,False,True,True,False,False,False,0.044642857142857144,0.4050880626223092,0.09870963796477494
005180,빙그레,-11.5,-1.4245014245014231,69200.0,53107.0,3675004400.0,6382560100.0,True,-,0,72199.37192426945,False,False,True,True,False,False,False,0.017857142857142856,0.5547945205479452,0.0983977495107632
067080,대화제약,-12.0,-0.6866952789699621,11570.0,95268.0,1102250760.0,1295203842.0,False,-,0,12774.204064067895,False,False,True,True,False,False,False,0.0,0.6545988258317026,0.09818982387475539
047920,HLB제약,-12.0,-0.6980802792321161,11380.0,124946.0,1421885480.0,3299328500.0,False,-,0,12373.08119565444,False,False,True,True,False,False,False,0.0,0.6536203522504892,0.09804305283757338
323280,태성,-9.5,-5.263157894736848,54000.0,830779.0,44862066000.0,44011082500.0,False,-,0,62691.33894786253,False,False,False,True,False,False,False,0.08928571428571429,0.14726027397260275,0.09798189823874755
225570,넥슨게임즈,-11.5,-1.476377952755903,10010.0,227591.0,2278185910.0,2986123934.0,False,-,0,10643.431216730201,False,False,True,True,False,False,False,0.017857142857142856,0.550880626223092,0.09781066536203523
399720,가온칩스,-9.5,-5.303030303030298,50000.0,162508.0,8125400000.0,10972608520.0,False,-,0,58147.73357451733,False,False,True,True,False,False,False,0.08928571428571429,0.14481409001956946,0.09761497064579255
285130,SK케미칼,-12.0,-0.7220216606498187,41250.0,74797.0,3085376250.0,4312789680.0,False,-,0,43446.43101384729,False,False,True,True,False,False,False,0.0,0.6506849315068494,0.0976027397260274
088800,에이스테크,-9.0,-8.385093167701863,2950.0,408570.0,1205281500.0,1402791388.0,False,-,0,3589.4867974203844,False,False,False,True,False,False,False,0.10714285714285714,0.04207436399217221,0.0973825831702544
084680,이월드,-12.0,-0.7317073170731714,1221.0,245221.0,299414841.0,639687572.8,False,-,0,1422.3296039895795,False,False,True,True,False,False,False,0.0,0.6487279843444227,0.0973091976516634
389020,자람테크놀로지,-9.25,-6.578947368421051,35500.0,62028.0,2201994000.0,2672799220.0,False,-,0,40086.0094287791,False,False,True,True,False,False,False,0.09821428571428571,0.08806262230919765,0.0966915362035225
144510,지씨셀,-12.0,-0.7518796992481258,17160.0,45029.0,772697640.0,1309407072.0,False,-,0,19295.993195946052,False,False,True,True,False,False,False,0.0,0.6428571428571429,0.09642857142857143
100840,SNT에너지,-11.5,-1.591895803183796,34000.0,192723.0,6552582000.0,10783246970.0,False,-,0,39861.39878143969,False,False,True,True,False,False,False,0.017857142857142856,0.5371819960861057,0.09575587084148729
011690,와이투솔루션,-10.0,-4.02542372881356,4530.0,274926.0,1245414780.0,2061663739.0,False,-,0,5571.814942321012,False,False,False,True,False,False,False,0.07142857142857142,0.2299412915851272,0.09520547945205479
352480,씨앤씨인터내셔널,-12.0,-0.8020050125313261,19790.0,50384.0,997099360.0,1095715374.0,False,-,0,20643.597814958208,False,False,True,True,False,False,False,0.0,0.6340508806262231,0.09510763209393346
372320,큐로셀,-12.0,-0.8474576271186418,29250.0,112898.0,3302266500.0,5173232240.0,False,-,0,31533.235403657058,False,False,True,True,False,False,False,0.0,0.6301369863013698,0.09452054794520547
211050,인카금융서비스,-11.5,-1.6304347826086918,9050.0,153974.0,1393464700.0,1704590098.0,False,-,0,9597.452096995967,False,False,True,True,False,False,False,0.017857142857142856,0.5283757338551859,0.09443493150684931
000250,삼천당제약,-10.0,-4.1186161449752845,291000.0,271414.0,78981474000.0,149607628100.0,False,-,0,324566.4908861594,False,False,False,True,False,False,False,0.07142857142857142,0.22407045009784735,0.09432485322896281
004560,현대비앤지스틸,-10.0,-4.133430021754892,13220.0,84919.0,1122629180.0,1276442274.0,False,-,0,15324.43066642261,False,False,False,True,False,False,False,0.07142857142857142,0.22309197651663404,0.09417808219178081
344820,KCC글라스,-12.0,-0.8639308855291628,22950.0,47547.0,1091203650.0,1365481940.0,False,-,0,25268.256948440474,False,False,True,True,False,False,False,0.0,0.62720156555773,0.0940802348336595
214180,헥토이노베이션,-10.5,-3.0398986700443276,15310.0,71089.0,1088372590.0,1051194088.0,False,🆕RED,0,16910.201735775532,False,False,True,True,False,False,False,0.05357142857142857,0.32289628180039137,0.09397015655577298
215200,메가스터디교육,-12.0,-0.9079118028534339,38200.0,44797.0,1711245400.0,2059775610.0,False,-,0,40717.190294007145,False,False,True,True,False,False,False,0.0,0.62426614481409,0.09363992172211351
210980,SK디앤디,-11.5,-1.6666666666666718,11800.0,13486.0,159134800.0,311972558.0,False,-,0,12093.542762365503,False,False,True,True,False,False,False,0.017857142857142856,0.5215264187866928,0.09340753424657534
039860,나노엔텍,-10.0,-4.180064308681675,4470.0,216581.0,968117070.0,1579698497.0,False,-,0,5105.653286829069,False,False,False,True,False,False,False,0.07142857142857142,0.2172211350293542,0.09329745596868882
086390,유니테스트,-11.5,-1.679496151154658,14050.0,252920.0,3553526000.0,6524782542.0,False,-,0,16294.01123997286,False,False,True,True,False,False,False,0.017857142857142856,0.5205479452054794,0.09326076320939335
078340,컴투스,-11.5,-1.6885553470919357,26200.0,57412.0,1504194400.0,2896714400.0,True,-,0,27064.234317542465,False,False,True,True,False,False,False,0.017857142857142856,0.5195694716242661,0.09311399217221135
195940,HK이노엔,-12.0,-0.9615384615384581,41200.0,187246.0,7714535200.0,10799900240.0,False,-,0,44802.74567098354,False,False,True,True,False,False,False,0.0,0.6203522504892368,0.09305283757338552
035150,백산,-12.0,-0.9680542110358181,10230.0,24814.0,253847220.0,566702940.0,False,-,0,10780.271163071946,False,False,True,True,False,False,False,0.0,0.6193737769080235,0.09290606653620352
103140,풍산,-12.0,-0.969529085872578,71500.0,176026.0,12585859000.0,22727191500.0,False,-,0,80793.51268590473,False,False,True,True,False,False,False,0.0,0.6183953033268101,0.09275929549902152
053030,바이넥스,-12.0,-0.9696969696969648,8170.0,287892.0,2352077640.0,2280275960.0,False,-,0,8894.849047860316,False,False,True,True,False,False,False,0.0,0.6174168297455969,0.09261252446183953
171090,선익시스템,-10.0,-4.223433242506813,70300.0,119655.0,8411746500.0,14309141440.0,False,-,0,81152.89014598634,False,False,False,True,False,False,False,0.07142857142857142,0.21135029354207435,0.09241682974559687
015750,성우하이텍,-11.0,-2.3255813953488413,6720.0,819768.0,5508840960.0,7332456758.0,False,-,0,7524.26884421212,False,False,True,True,False,False,False,0.03571428571428571,0.410958904109589,0.09200097847358121
035600,KG이니시스,-12.0,-1.025641025641022,9650.0,123498.0,1191755700.0,1439981474.0,False,-,0,10062.639395220613,False,False,True,True,False,False,False,0.0,0.6125244618395304,0.09187866927592955
036810,에프에스티,-10.0,-4.269293924466333,29150.0,264400.0,7707260000.0,9404663350.0,False,-,0,32572.86757528664,False,False,False,True,False,False,False,0.07142857142857142,0.20743639921722112,0.09182974559686888
006650,대한유화,-11.0,-2.3405972558514954,121000.0,47538.0,5752098000.0,6461073440.0,False,-,0,130175.0234730911,False,False,False,True,False,False,False,0.03571428571428571,0.4080234833659491,0.09156066536203522
482630,삼양엔씨켐,-9.25,-7.893061744112028,14470.0,392362.0,5677478140.0,6509939500.0,False,-,0,18205.74600833418,False,False,False,True,False,False,False,0.09821428571428571,0.053816046966731895,0.09155454990215264
094820,일진파워,-10.0,-4.284621270084166,12510.0,251010.0,3140135100.0,3627897594.0,False,-,0,14789.431578296673,False,False,False,True,False,False,False,0.07142857142857142,0.2054794520547945,0.09153620352250488
304100,솔트룩스,-9.5,-6.163242642976119,16900.0,191098.0,3229556200.0,9558358708.0,True,-,0,18589.615540743936,False,False,True,True,False,False,False,0.08928571428571429,0.10371819960861056,0.09145058708414872
136480,하림,-12.0,-1.0489510489510523,2830.0,614605.0,1739332150.0,1771133222.0,False,-,0,2921.9059240341326,False,False,True,True,False,False,False,0.0,0.6095890410958904,0.09143835616438356
004980,성신양회,-12.0,-1.0588235294117676,8410.0,125391.0,1054538310.0,1781067640.0,False,-,0,9054.92854265674,False,False,True,True,False,False,False,0.0,0.6066536203522505,0.09099804305283757
053300,한국정보인증,-11.0,-2.402957486136781,5280.0,241838.0,1276904640.0,1280014534.0,False,-,0,5483.208630340259,False,False,True,True,False,False,False,0.03571428571428571,0.4041095890410959,0.09097358121330723
140670,알에스오토메이션,-11.0,-2.4162120031176904,12520.0,190342.0,2383081840.0,3456896612.0,False,🆕RED,0,14322.92502876166,False,False,True,True,False,False,False,0.03571428571428571,0.40313111545988256,0.09082681017612523
249420,일동제약,-12.0,-1.0600706713780883,19600.0,283340.0,5553464000.0,10428942202.0,False,-,0,20830.6994833127,False,False,True,True,False,False,False,0.0,0.6046966731898239,0.09070450097847359
065660,안트로젠,-11.0,-2.4163568773234223,26250.0,32331.0,848688750.0,1561916350.0,False,-,0,27957.35309183833,False,False,True,True,False,False,False,0.03571428571428571,0.4021526418786693,0.09068003913894324
091700,파트론,-12.0,-1.0606060606060619,6530.0,227021.0,1482447130.0,1766449664.0,False,-,0,6873.861655996754,False,False,True,True,False,False,False,0.0,0.6037181996086106,0.09055772994129159
001390,KG케미칼,-11.5,-1.7897091722595126,4390.0,221864.0,973982960.0,1364938732.0,False,-,0,4884.839331895917,False,False,True,True,False,False,False,0.017857142857142856,0.5009784735812133,0.09032534246575342
003380,하림지주,-10.0,-4.528985507246375,10540.0,704672.0,7427242880.0,8700520624.0,False,-,0,11406.127339392911,False,False,False,True,False,False,False,0.07142857142857142,0.19275929549902152,0.08962818003913893
043150,바텍,-12.0,-1.1176157530601416,18580.0,31355.0,582575900.0,691773482.0,False,-,0,19687.253203839406,False,False,True,True,False,False,False,0.0,0.5968688845401174,0.08953033268101761
381970,케이카,-12.0,-1.13378684807256,8720.0,113933.0,993495760.0,1977955120.0,False,-,0,9277.802383529977,False,False,True,True,False,False,False,0.0,0.5949119373776908,0.08923679060665361
330590,롯데리츠,-12.0,-1.1444921316165924,3455.0,220367.0,761367985.0,1482465042.0,False,-,0,3698.373098634494,False,False,True,True,False,False,False,0.0,0.5919765166340509,0.08879647749510763
060720,KH바텍,-11.0,-2.4955436720142554,10940.0,203499.0,2226279060.0,2070880508.0,False,-,0,12128.811890583918,False,False,True,True,False,False,False,0.03571428571428571,0.38747553816046965,0.0884784735812133
026960,동서,-11.5,-1.855670103092788,23800.0,103150.0,2454970000.0,3432292860.0,False,-,0,24536.780758127774,False,False,True,True,False,False,False,0.017857142857142856,0.4882583170254403,0.08841731898238747
298830,슈어소프트테크,-10.5,-3.392857142857142,5410.0,491041.0,2656531810.0,3891398838.0,False,🆕RED,0,6327.606692447005,False,False,True,True,False,False,False,0.05357142857142857,0.28180039138943247,0.08780577299412914
214450,파마리서치,-11.5,-1.8900343642611728,285500.0,103895.0,29662022500.0,33245734900.0,False,-,0,301689.1484427816,False,False,True,True,False,False,False,0.017857142857142856,0.48336594911937375,0.08768346379647748
352820,하이브,-12.0,-1.1904761904761862,207500.0,282654.0,58650705000.0,119507590100.0,False,-,0,222315.61140310133,False,False,True,True,False,False,False,0.0,0.5821917808219178,0.08732876712328767
007310,오뚜기,-12.0,-1.2048192771084376,328000.0,6440.0,2112320000.0,3966188600.0,True,-,0,338207.19017941493,False,False,True,True,False,False,False,0.0,0.5812133072407045,0.08718199608610568
179900,유티아이,-10.0,-4.799548277809151,16860.0,121337.0,2045741820.0,2666775402.0,False,-,0,20855.221146958458,False,False,True,True,False,False,False,0.07142857142857142,0.175146771037182,0.086986301369863
000120,CJ대한통운,-12.0,-1.2135922330097082,81400.0,89259.0,7265682600.0,7185612440.0,False,-,0,85474.65257122046,False,False,True,True,False,False,False,0.0,0.5782778864970646,0.08674168297455968
097520,엠씨넥스,-11.5,-1.9093078758949833,20550.0,86550.0,1778602500.0,2522847520.0,False,-,0,21856.38816555747,False,False,True,True,False,False,False,0.017857142857142856,0.4765166340508806,0.08665606653620352
281740,레이크머티리얼즈,-9.5,-7.082152974504252,16400.0,416367.0,6828418800.0,10198018018.0,False,-,0,18550.350703058826,False,False,False,True,False,False,False,0.08928571428571429,0.07142857142857142,0.08660714285714285
001680,대상,-12.0,-1.2306046013911165,18460.0,121369.0,2240471740.0,2510442454.0,False,-,0,19251.701939454106,False,False,True,True,False,False,False,0.0,0.576320939334638,0.0864481409001957
039840,디오,-12.0,-1.2336719883889735,13610.0,31493.0,428619730.0,695985510.0,False,-,0,15012.257112791976,False,False,True,True,False,False,False,0.0,0.5753424657534246,0.08630136986301369
108860,셀바스AI,-10.75,-3.0487804878048808,9540.0,362432.0,3457601280.0,14318398102.0,False,-,0,10368.539736809473,False,False,True,True,False,False,False,0.044642857142857144,0.3219178082191781,0.08623409980430528
118990,모트렉스,-12.0,-1.278409090909094,6950.0,117601.0,817326950.0,1243281100.0,False,-,0,7806.232418526969,False,False,True,True,False,False,False,0.0,0.5694716242661448,0.08542074363992172
214370,케어젠,-10.0,-5.018359853121179,77600.0,209962.0,16293051200.0,14037807180.0,False,-,0,87567.52369363593,False,False,False,True,False,False,False,0.07142857142857142,0.1643835616438356,0.08537181996086105
001630,종근당홀딩스,-12.0,-1.289566236811257,42100.0,6864.0,288974400.0,386236970.0,False,-,0,44673.31973985986,False,False,True,True,False,False,False,0.0,0.5675146771037182,0.08512720156555773
289080,SV인베스트먼트,-10.0,-5.058365758754868,2440.0,720621.0,1758315240.0,3985749860.0,False,-,0,2944.793453151664,False,False,False,True,False,False,False,0.07142857142857142,0.16193737769080235,0.08500489236790607
206650,유바이오로직스,-12.0,-1.3078470824949728,9810.0,202628.0,1987780680.0,2513652500.0,False,-,0,10263.231350333452,False,False,True,True,False,False,False,0.0,0.5655577299412916,0.08483365949119374
067160,SOOP,-12.0,-1.327885597548517,48300.0,53550.0,2586465000.0,5835607230.0,True,-,0,49751.73695054885,False,False,True,True,False,False,False,0.0,0.5645792563600783,0.08468688845401175
090435,아모레퍼시픽우,-11.5,-2.0053475935828846,36650.0,28551.0,1046394150.0,861695040.0,True,-,0,38552.23116187363,False,False,True,True,False,False,False,0.017857142857142856,0.45792563600782776,0.08386741682974559
183190,아세아시멘트,-12.0,-1.4553014553014498,9480.0,67614.0,640980720.0,780634744.0,False,-,0,10004.115957499262,False,False,True,True,False,False,False,0.0,0.5538160469667319,0.08307240704500979
450950,아스테라시스,-12.0,-1.505646173149311,7850.0,94886.0,744855100.0,782010796.0,False,-,0,8734.63728880645,False,False,True,True,False,False,False,0.0,0.5459882583170255,0.08189823874755382
126560,현대퓨처넷,-12.0,-1.538461538461533,2880.0,51087.0,147130560.0,183907694.0,False,-,0,2955.7557899137732,False,False,True,True,False,False,False,0.0,0.5450097847358122,0.08175146771037183
084010,대한제강,-12.0,-1.545778834720568,8280.0,65921.0,545825880.0,628660958.0,False,-,0,9476.900105005796,False,False,True,True,False,False,False,0.0,0.5420743639921722,0.08131115459882583
348370,엔켐,-10.5,-3.8961038961038974,33300.0,312315.0,10400089500.0,17967823850.0,False,-,0,35146.699686887136,False,False,True,True,False,False,False,0.05357142857142857,0.2382583170254403,0.08127446183953033
100090,SK오션플랜트,-11.25,-2.492211838006231,15650.0,589071.0,9218961150.0,11376610000.0,False,-,0,17273.06271847919,False,False,True,True,False,False,False,0.026785714285714284,0.388454011741683,0.08103595890410958
058820,CMG제약,-12.0,-1.5625,1134.0,358089.0,406072926.0,1070370789.8,False,-,0,1266.062957957263,False,False,True,True,False,False,False,0.0,0.5401174168297456,0.08101761252446184
464080,에스오에스랩,-10.0,-5.475989890480204,11220.0,243915.0,2736726300.0,3863189174.0,False,🆕RED,0,12902.926860443993,False,False,True,True,False,False,False,0.07142857142857142,0.13405088062622308,0.08082191780821917
241590,화승엔터프라이즈,-12.0,-1.5895953757225412,3405.0,62548.0,212975940.0,338875160.0,False,-,0,3702.5963481711483,False,False,True,True,False,False,False,0.0,0.538160469667319,0.08072407045009784
017390,서울가스,-12.0,-1.6071428571428625,55100.0,8197.0,451654700.0,556103200.0,False,-,0,58061.073653590734,False,False,True,True,False,False,False,0.0,0.5342465753424658,0.08013698630136987
011500,한농화성,-10.0,-5.606936416184971,16330.0,126338.0,2063099540.0,2575100876.0,False,-,0,18540.243739727048,False,False,False,True,False,False,False,0.07142857142857142,0.12720156555772993,0.0797945205479452
095570,AJ네트웍스,-12.0,-1.6110471806674354,4275.0,168187.0,718999425.0,971043548.0,False,-,0,4524.057339639691,False,False,True,True,False,False,False,0.0,0.5313111545988258,0.07969667318982387
278280,천보,-11.25,-2.5821596244131495,41500.0,103025.0,4275537500.0,5923645250.0,False,-,0,47724.87132482957,False,False,True,True,False,False,False,0.026785714285714284,0.3776908023483366,0.07942147749510763
006280,녹십자,-11.5,-2.157164869029271,127000.0,73128.0,9287256000.0,12478297620.0,False,-,0,136974.60461993216,False,False,True,True,False,False,False,0.017857142857142856,0.42661448140900193,0.07917074363992171
347700,스피어,-9.75,-7.00152207001522,30550.0,2207276.0,67432281800.0,124476017820.0,False,-,0,40012.08122883752,False,False,False,True,False,False,False,0.08035714285714286,0.07240704500978473,0.07916462818003915
267980,매일유업,-12.0,-1.6491754122938573,32800.0,7407.0,242949600.0,450632340.0,False,-,0,34206.90793413328,False,False,True,True,False,False,False,0.0,0.523972602739726,0.0785958904109589
016590,신대양제지,-12.0,-1.6574585635359074,8900.0,28058.0,249716200.0,488645316.0,False,-,0,9885.72363811764,False,False,True,True,False,False,False,0.0,0.5225048923679061,0.07837573385518591
002150,도화엔지니어링,-12.0,-1.6949152542372836,5220.0,56391.0,294361020.0,422539244.0,False,-,0,5671.1998189061815,False,False,True,True,False,False,False,0.0,0.5185909980430529,0.07778864970645792
119850,지엔씨에너지,-12.0,-1.703163017031628,20200.0,195611.0,3951342200.0,6773992320.0,False,-,0,24747.25355339954,False,False,True,True,False,False,False,0.0,0.5176125244618396,0.07764187866927594
101490,에스앤에스텍,-10.0,-5.9633027522935755,61500.0,329095.0,20239342500.0,25554907600.0,False,-,0,70127.4499486328,False,False,False,True,False,False,False,0.07142857142857142,0.11252446183953033,0.07759295499021526
006120,SK디스커버리,-12.0,-1.7130620985010725,45900.0,30330.0,1392147000.0,1725865940.0,False,-,0,49827.93466208245,False,False,True,True,False,False,False,0.0,0.5146771037181996,0.07720156555772995
950140,잉글우드랩,-12.0,-1.7297297297297343,9090.0,16983.0,154375470.0,258187564.0,False,-,0,9706.770246513886,False,False,True,True,False,False,False,0.0,0.512720156555773,0.07690802348336594
117730,티로보틱스,-10.5,-4.335424985738734,16770.0,347221.0,5822896170.0,12927513798.0,True,🆕RED,0,18618.89473416176,False,False,True,True,False,False,False,0.05357142857142857,0.2035225048923679,0.07606409001956946
174900,앱클론,-12.0,-1.7595307917888547,33500.0,192889.0,6461781500.0,10524884310.0,False,-,0,36489.02712864496,False,False,True,True,False,False,False,0.0,0.5068493150684932,0.07602739726027398
094360,칩스앤미디어,-11.0,-3.21500334896182,14450.0,178949.0,2585813050.0,3534638666.0,False,-,0,16202.318091483065,False,False,True,True,False,False,False,0.03571428571428571,0.30039138943248533,0.07541585127201565
056080,유진로봇,-10.0,-6.28019323671497,19400.0,303517.0,5888229800.0,10983669230.0,False,-,0,22323.75909995347,False,False,False,True,False,False,False,0.07142857142857142,0.09784735812133072,0.07539138943248531
376270,HEM파마,-12.0,-1.7819706498951815,46850.0,25480.0,1193738000.0,2354647040.0,False,-,0,53629.79065061898,False,False,True,True,False,False,False,0.0,0.5019569471624267,0.07529354207436399
226590,엠디바이스,-10.0,-6.350184956843408,15190.0,88742.0,1347990980.0,2613186748.0,False,-,0,18760.587575359586,False,False,False,True,False,False,False,0.07142857142857142,0.0958904109589041,0.07509784735812132
005070,코스모신소재,-10.75,-3.8541666666666696,46150.0,342136.0,15789576400.0,22635533630.0,False,-,0,51475.26470322311,False,False,True,True,False,False,False,0.044642857142857144,0.2446183953033268,0.07463918786692758
019170,신풍제약,-12.0,-1.829924650161463,9120.0,159210.0,1451995200.0,2893306364.0,False,-,0,10213.425078964858,False,False,True,True,False,False,False,0.0,0.49412915851272016,0.07411937377690803
126600,BGF에코머티리얼즈,-10.5,-4.5662100456621,3135.0,144233.0,452170455.0,745893317.0,False,-,0,3515.361494558419,False,False,True,True,False,False,False,0.05357142857142857,0.1898238747553816,0.07400929549902152
025980,아난티,-12.0,-1.84237461617196,4795.0,1248119.0,5984730605.0,5100939267.0,False,-,0,5138.062961818465,False,False,True,True,False,False,False,0.0,0.4911937377690802,0.07367906066536203
000490,대동,-12.0,-1.851851851851849,7950.0,229254.0,1822569300.0,2136306294.0,False,-,0,8819.428360614704,False,False,True,True,False,False,False,0.0,0.4892367906066536,0.07338551859099804
232140,와이씨,-10.0,-6.691682301438395,14920.0,791019.0,11802003480.0,16210351432.0,False,-,0,17154.405156177792,False,False,False,True,False,False,False,0.07142857142857142,0.08317025440313111,0.07318982387475537
326030,SK바이오팜,-12.0,-1.8888888888888844,88300.0,389599.0,34401591700.0,117019483260.0,True,-,0,92624.22115542377,False,False,True,True,False,False,False,0.0,0.4843444227005871,0.07265166340508807
069080,웹젠,-10.75,-4.015296367112809,10040.0,90841.0,912043640.0,1118762308.0,False,🆕RED,0,10479.484618865594,False,False,True,True,False,False,False,0.044642857142857144,0.2309197651663405,0.07258439334637964
005690,파미셀,-10.25,-5.520169851380041,13350.0,1055608.0,14092366800.0,18749685048.0,False,-,0,15480.112651022331,False,False,True,True,False,False,False,0.0625,0.12915851272015655,0.07249877690802348
122870,와이지엔터테인먼트,-12.0,-1.891252955082745,41500.0,146306.0,6071699000.0,8470885460.0,False,-,0,45172.42301534838,False,False,True,True,False,False,False,0.0,0.48238747553816047,0.07235812133072407
389260,대명에너지,-11.5,-2.560455192034139,13700.0,85145.0,1166486500.0,1965294180.0,False,-,0,16170.131045806505,False,False,True,True,False,False,False,0.017857142857142856,0.3806262230919765,0.0722725048923679
476060,온코닉테라퓨틱스,-12.0,-1.931200965600488,16250.0,573751.0,9323453750.0,16302920146.0,False,-,0,18786.751291845874,False,False,True,True,False,False,False,0.0,0.4735812133072407,0.0710371819960861
041190,우리기술투자,-10.5,-4.940374787052814,5580.0,897682.0,5009065560.0,6490320094.0,False,-,0,5987.746964241956,False,False,True,True,False,False,False,0.05357142857142857,0.16829745596868884,0.0707803326810176
328130,루닛,-11.5,-2.661343978709252,14630.0,569880.0,8337344400.0,14245431474.0,True,-,0,16853.548299955917,False,False,True,True,False,False,False,0.017857142857142856,0.3669275929549902,0.07021771037181995
002020,코오롱,-10.0,-7.594936708860756,51100.0,161126.0,8233538600.0,6757106160.0,False,🆕RED,0,62155.31341672516,False,False,True,True,False,False,False,0.07142857142857142,0.06262230919765166,0.07010763209393346
107640,한중엔시에스,-10.25,-5.966850828729287,42550.0,244438.0,10400836900.0,13938948510.0,False,🆕RED,0,51073.05737192263,False,False,True,True,False,False,False,0.0625,0.11154598825831702,0.06985689823874755
000670,영풍,-12.0,-1.980198019801982,49500.0,27931.0,1382584500.0,1612546080.0,False,-,0,53286.01210051151,False,False,True,True,False,False,False,0.0,0.46330724070450097,0.06949608610567515
007700,F&F홀딩스,-12.0,-2.003642987249543,16140.0,20571.0,332015940.0,406536488.0,False,-,0,17522.62541686026,False,False,True,True,False,False,False,0.0,0.4589041095890411,0.06883561643835616
017860,DS단석,-11.25,-3.201024327784896,15120.0,187586.0,2836300320.0,4132731566.0,False,-,0,17682.484647807767,False,False,True,True,False,False,False,0.026785714285714284,0.3013698630136986,0.06797333659491193
051600,한전KPS,-12.0,-2.0161290322580627,48600.0,193990.0,9427914000.0,11944208220.0,False,-,0,52084.869222457426,False,False,True,True,False,False,False,0.0,0.4520547945205479,0.06780821917808219
025900,동화기업,-11.25,-3.221957040572787,8110.0,146875.0,1191156250.0,1548167426.0,False,-,0,9010.85125678603,False,False,True,True,False,False,False,0.026785714285714284,0.299412915851272,0.06767979452054794
101360,에코앤드림,-12.0,-2.0177562550443895,12140.0,200370.0,2432491800.0,2333865958.0,False,-,0,13842.306188546485,False,False,True,True,False,False,False,0.0,0.45107632093933464,0.0676614481409002
083930,아바코,-11.25,-3.24825986078886,12510.0,128572.0,1608435720.0,1841808896.0,False,-,0,13684.357311732912,False,False,True,True,False,False,False,0.026785714285714284,0.2974559686888454,0.06738625244618394
450080,에코프로머티,-10.25,-6.451612903225811,55100.0,494674.0,27256537400.0,33832600460.0,False,-,0,62121.81150571057,False,False,True,True,False,False,False,0.0625,0.09295499021526418,0.06706824853228963
002320,한진,-12.0,-2.051901025950509,16230.0,39600.0,642708000.0,675900118.0,False,-,0,17123.43933691812,False,False,True,True,False,False,False,0.0,0.44227005870841485,0.06634050880626223
365550,ESR켄달스퀘어리츠,-12.0,-2.0547945205479423,3575.0,398982.0,1426360650.0,1517124203.0,False,-,0,3975.520409592035,False,False,True,True,False,False,False,0.0,0.44129158512720157,0.06619373776908023
018290,브이티,-12.0,-2.078337330135893,12250.0,273278.0,3347655500.0,3942362526.0,False,-,0,13742.945581631797,False,False,True,True,False,False,False,0.0,0.4383561643835616,0.06575342465753424
474650,링크솔루션,-11.0,-4.0000000000000036,40800.0,52129.0,2126863200.0,3842809740.0,False,🆕RED,0,47764.91070420391,False,False,True,True,False,False,False,0.03571428571428571,0.2353228962818004,0.0656555772994129
002710,TCC스틸,-10.75,-4.716285924834196,12930.0,229132.0,2962676760.0,3851584106.0,False,🆕RED,0,15573.694778993824,False,False,True,True,False,False,False,0.044642857142857144,0.18297455968688844,0.06539261252446184
090430,아모레퍼시픽,-12.0,-2.0928116469517755,107600.0,386430.0,41579868000.0,59797143280.0,True,-,0,114527.08634470316,False,False,True,True,False,False,False,0.0,0.4344422700587084,0.06516634050880625
033530,SJG세종,-11.5,-2.9787234042553234,6840.0,150592.0,1030049280.0,1235999402.0,False,-,0,7831.484679255395,False,False,True,True,False,False,False,0.017857142857142856,0.33268101761252444,0.0650807240704501
094480,갤럭시아머니트리,-12.0,-2.100161550888535,6060.0,177397.0,1075025820.0,1487713062.0,False,-,0,6473.374969879702,False,False,True,True,False,False,False,0.0,0.4334637964774951,0.06501956947162427
151860,KG에코솔루션,-12.0,-2.1235521235521193,5070.0,161864.0,820650480.0,964076962.0,False,-,0,5775.803679311282,False,False,True,True,False,False,False,0.0,0.43052837573385516,0.06457925636007827
003620,KG모빌리티,-11.5,-3.0206677265500748,3050.0,1090321.0,3325479050.0,4111626398.0,False,-,0,3457.534074704309,False,False,True,True,False,False,False,0.017857142857142856,0.3287671232876712,0.0644936399217221
003350,한국화장품제조,-12.0,-2.1454112038140627,8210.0,62072.0,509611120.0,731737808.0,False,-,0,8938.160438290859,False,False,True,True,False,False,False,0.0,0.42759295499021527,0.06413894324853228
194480,데브시스터즈,-12.0,-2.181097157964307,14800.0,90280.0,1336144000.0,1549093788.0,False,-,0,15865.136110699576,False,False,True,True,False,False,False,0.0,0.4227005870841487,0.06340508806262231
049630,재영솔루텍,-11.5,-3.076923076923077,9450.0,368207.0,3479556150.0,4071785532.0,False,-,0,10900.90506878983,False,False,True,True,False,False,False,0.017857142857142856,0.31898238747553814,0.06302592954990215
216080,제테마,-11.5,-3.0888030888030937,5020.0,163086.0,818691720.0,3806726677.0,False,-,0,5191.745397238799,False,False,True,True,False,False,False,0.017857142857142856,0.31702544031311153,0.06273238747553815
037270,YG PLUS,-12.0,-2.2606382978723416,3675.0,400616.0,1472263800.0,1708746852.0,False,-,0,3943.1090116135283,False,False,True,True,False,False,False,0.0,0.41487279843444225,0.062230919765166336
017810,풀무원,-12.0,-2.3350253807106647,9620.0,129190.0,1242807800.0,1361441158.0,True,-,0,10360.985054350183,False,False,True,True,False,False,False,0.0,0.40998043052837574,0.061497064579256355
102120,어보브반도체,-10.25,-7.880434782608692,10170.0,391828.0,3984890760.0,3822981342.0,False,-,0,12128.535665033169,False,False,True,True,False,False,False,0.0625,0.0547945205479452,0.06134417808219178
033500,동성화인텍,-12.0,-2.4201853759011294,18950.0,233428.0,4423460600.0,6620527428.0,False,-,0,21082.479235233448,False,False,True,True,False,False,False,0.0,0.40019569471624267,0.060029354207436394
112040,위메이드,-11.5,-3.222398309561547,18320.0,174310.0,3193359200.0,4392784794.0,False,-,0,19486.298837991955,False,False,True,True,False,False,False,0.017857142857142856,0.2984344422700587,0.05994373776908023
084110,휴온스글로벌,-12.0,-2.4390243902439046,28000.0,207862.0,5820136000.0,4160399430.0,False,-,0,30950.58114047881,False,False,True,True,False,False,False,0.0,0.3987279843444227,0.0598091976516634
007860,서연,-11.5,-3.32541567695962,8140.0,104850.0,853479000.0,879808338.0,False,-,0,8825.851382074396,False,False,True,True,False,False,False,0.017857142857142856,0.2896281800391389,0.058622798434442264
009520,포스코엠텍,-11.0,-4.688503532434163,14840.0,240036.0,3562134240.0,4935741504.0,False,-,0,16857.695782250128,False,False,True,True,False,False,False,0.03571428571428571,0.18395303326810175,0.05795009784735812
086820,바이오솔루션,-12.0,-2.5104602510460206,6990.0,90837.0,634950630.0,2117264598.0,False,-,0,7753.452259482032,False,False,True,True,False,False,False,0.0,0.38551859099804303,0.05782778864970645
192650,드림텍,-12.0,-2.515723270440251,4650.0,293692.0,1365667800.0,1445666291.0,False,-,0,5142.823710343871,False,False,True,True,False,False,False,0.0,0.38454011741682975,0.05768101761252446
014940,오리엔탈정공,-12.0,-2.5316455696202556,5390.0,458723.0,2472516970.0,4693405408.0,False,-,0,6186.956461439938,False,False,True,True,False,False,False,0.0,0.3835616438356164,0.05753424657534246
004490,세방전지,-12.0,-2.5547445255474477,53400.0,63335.0,3382089000.0,4551053300.0,False,-,0,56569.48446845531,False,False,True,True,False,False,False,0.0,0.3816046966731898,0.05724070450097847
484810,티엑스알로보틱스,-11.0,-4.744787922358018,13250.0,99891.0,1323555750.0,1714127248.0,False,-,0,15297.491318769053,False,False,True,True,False,False,False,0.03571428571428571,0.17906066536203522,0.05721624266144813
293490,카카오게임즈,-11.0,-4.948453608247427,9220.0,395853.0,3649764660.0,3937749002.0,False,-,0,9748.229872168884,False,False,True,True,False,False,False,0.03571428571428571,0.16731898238747553,0.05545499021526418
317330,덕산테코피아,-11.25,-4.187192118226601,15560.0,222715.0,3465445400.0,6396321716.0,False,-,0,20182.020454883113,False,False,True,True,False,False,False,0.026785714285714284,0.21526418786692758,0.05505748532289628
475960,토모큐브,-12.0,-2.69938650306748,39650.0,105479.0,4182242350.0,6601706740.0,False,-,0,44015.770398075416,False,False,True,True,False,False,False,0.0,0.3649706457925636,0.05474559686888454
085660,차바이오텍,-12.0,-2.7070063694267565,12220.0,511234.0,6247279480.0,7548803148.0,False,-,0,13382.476768230117,False,False,True,True,False,False,False,0.0,0.3639921722113503,0.05459882583170254
452450,피아이이,-11.25,-4.232283464566933,4865.0,186745.0,908514425.0,1373112357.0,False,-,0,5561.2685032892305,False,False,True,True,False,False,False,0.026785714285714284,0.21037181996086105,0.054323630136986295
361610,SK아이이테크놀로지,-12.0,-2.7129679869777545,17930.0,281955.0,5055453150.0,5842020850.0,False,-,0,19419.760609071145,False,False,True,True,False,False,False,0.0,0.3610567514677104,0.05415851272015656
416180,신성에스티,-11.5,-3.7800687285223344,28000.0,61530.0,1722840000.0,2696919210.0,False,-,0,30818.303435276815,False,False,True,True,False,False,False,0.017857142857142856,0.25048923679060664,0.05275195694716242
334890,이지스밸류플러스리츠,-12.0,-2.8189910979228516,3275.0,417448.0,1367142200.0,1415756623.0,True,-,0,3789.0373534852815,False,False,True,True,False,False,False,0.0,0.3512720156555773,0.0526908023483366
128820,대성산업,-11.0,-5.263157894736848,5220.0,728985.0,3805301700.0,4999098034.0,False,🆕RED,0,6033.032632301719,False,False,True,True,False,False,False,0.03571428571428571,0.14726027397260275,0.052446183953033264
035900,JYP Ent.,-12.0,-2.9197080291970767,53200.0,251675.0,13389110000.0,17124831700.0,False,-,0,58075.92736241497,False,False,True,True,False,False,False,0.0,0.3405088062622309,0.05107632093933463
121440,골프존홀딩스,-12.0,-2.924634420697414,4315.0,41033.0,177057395.0,185621922.0,False,-,0,4563.971714069226,False,False,True,True,False,False,False,0.0,0.3395303326810176,0.05092954990215264
095500,미래나노텍,-12.0,-2.92553191489362,7300.0,196062.0,1431252600.0,2062312692.0,False,-,0,8421.839204792299,False,False,True,True,False,False,False,0.0,0.3385518590998043,0.050782778864970644
069620,대웅제약,-12.0,-2.9435163086714344,122000.0,39617.0,4833274000.0,6333541820.0,False,-,0,129590.967185202,False,False,True,True,False,False,False,0.0,0.337573385518591,0.05063600782778865
215600,신라젠,-12.0,-2.9629629629629672,2620.0,747760.0,1959131200.0,2349788921.0,False,-,0,2928.0277058809284,False,False,True,True,False,False,False,0.0,0.3356164383561644,0.05034246575342466
000100,유한양행,-12.0,-2.9962546816479363,77700.0,590652.0,45893660400.0,49861828060.0,True,-,0,82706.45257951337,False,False,True,True,False,False,False,0.0,0.33170254403131116,0.049755381604696676
064550,바이오니아,-12.0,-3.0266343825665842,8010.0,226349.0,1813055490.0,2189752362.0,False,-,0,9096.542282090235,False,False,True,True,False,False,False,0.0,0.32778864970645794,0.049168297455968686
310210,보로노이,-11.5,-4.176334106728541,206500.0,169688.0,35040572000.0,53334359900.0,True,-,0,257809.99898282866,False,False,True,True,False,False,False,0.017857142857142856,0.2191780821917808,0.04805528375733854
294570,쿠콘,-12.0,-3.0905077262693204,21950.0,39722.0,871897900.0,1299681970.0,False,-,0,24188.408164328157,False,False,True,True,False,False,False,0.0,0.31604696673189825,0.04740704500978474
200130,콜마비앤에이치,-12.0,-3.128054740957964,9910.0,107178.0,1062133980.0,1198532864.0,False,-,0,10828.640876461966,False,False,True,True,False,False,False,0.0,0.3101761252446184,0.04652641878669276
108380,대양전기공업,-12.0,-3.1446540880503138,18480.0,94633.0,1748817840.0,1832447296.0,False,-,0,21886.795567905185,False,False,True,True,False,False,False,0.0,0.3082191780821918,0.046232876712328765
460930,현대힘스,-12.0,-3.15224681421864,14440.0,240517.0,3473065480.0,5412441070.0,False,-,0,16170.15575826054,False,False,True,True,False,False,False,0.0,0.30724070450097846,0.04608610567514677
270660,에브리봇,-12.0,-3.1884057971014457,13360.0,80194.0,1071391840.0,1648749986.0,False,-,0,15128.780687541594,False,False,True,True,False,False,False,0.0,0.30430528375733856,0.04564579256360078
084990,헬릭스미스,-11.25,-5.23364485981308,5070.0,262031.0,1328497170.0,7390360280.0,True,-,0,6508.44983032773,False,False,True,True,False,False,False,0.026785714285714284,0.15166340508806261,0.04551736790606653
099440,스맥,-11.5,-4.366197183098597,3395.0,450604.0,1529800580.0,2801283689.0,False,-,0,3628.90209466331,False,False,True,True,False,False,False,0.017857142857142856,0.19960861056751467,0.04511986301369862
200670,휴메딕스,-12.0,-3.256704980842917,25250.0,52070.0,1314767500.0,1741790160.0,False,-,0,27919.189922439396,False,False,True,True,False,False,False,0.0,0.2964774951076321,0.044471624266144816
101730,위메이드맥스,-12.0,-3.2808398950131212,3685.0,98578.0,363259930.0,693032972.0,False,-,0,4145.263143954882,False,False,True,True,False,False,False,0.0,0.2945205479452055,0.04417808219178082
376300,디어유,-12.0,-3.289473684210531,22050.0,145779.0,3214426950.0,3068837600.0,False,-,0,24742.244937675732,False,False,True,True,False,False,False,0.0,0.29354207436399216,0.04403131115459882
005250,녹십자홀딩스,-11.75,-3.863845446182157,10450.0,324948.0,3395706600.0,7062713558.0,False,-,0,13558.20333030058,False,False,True,True,False,False,False,0.008928571428571428,0.24168297455968688,0.04384173189823874
251970,펌텍코리아,-11.5,-4.602510460251041,34200.0,33838.0,1157259600.0,1840900870.0,False,-,0,36334.900942530076,False,False,True,True,False,False,False,0.017857142857142856,0.1888454011741683,0.043505381604696663
060280,큐렉소,-12.0,-3.3687943262411313,10900.0,391867.0,4271350300.0,4738962882.0,False,-,0,12125.017667164619,False,False,True,True,False,False,False,0.0,0.2847358121330724,0.04271037181996086
005420,코스모화학,-11.5,-4.73235065942591,12280.0,287079.0,3525330120.0,4531496836.0,False,-,0,14087.857321163343,False,False,True,True,False,False,False,0.017857142857142856,0.18003913894324852,0.0421844422700587
123890,한국자산신탁,-12.0,-3.3936651583710398,2135.0,854682.0,1824746070.0,5266323479.0,True,-,0,2293.404884531863,False,False,True,True,False,False,False,0.0,0.2808219178082192,0.04212328767123288
484120,도우인시스,-12.0,-3.405017921146958,16170.0,62336.0,1007973120.0,765069634.0,False,-,0,18785.689969125353,False,False,True,True,False,False,False,0.0,0.2788649706457926,0.04182974559686888
285490,노바텍,-12.0,-3.4572733202870243,14800.0,68678.0,1016434400.0,1351631424.0,False,-,0,17408.6005255837,False,False,True,True,False,False,False,0.0,0.27299412915851273,0.04094911937377691
117580,대성에너지,-12.0,-3.5040431266846306,7160.0,108771.0,778800360.0,1152435228.0,False,-,0,7567.205396729705,False,False,True,True,False,False,False,0.0,0.26810176125244617,0.040215264187866924
008730,율촌화학,-12.0,-3.514552443712249,17570.0,125027.0,2196724390.0,2775559026.0,False,-,0,19874.079858001474,False,False,True,True,False,False,False,0.0,0.2671232876712329,0.04006849315068493
194370,제이에스코퍼레이션,-12.0,-3.6178107606679055,10390.0,162251.0,1685787890.0,1702575466.0,False,-,0,11652.975909865576,False,False,True,True,False,False,False,0.0,0.26320939334637966,0.03948140900195695
102940,코오롱생명과학,-11.5,-5.098039215686279,48400.0,49799.0,2410271600.0,3083005050.0,False,-,0,52515.67523562637,False,False,True,True,False,False,False,0.017857142857142856,0.15851272015655576,0.03895547945205479
462860,더즌,-12.0,-3.676470588235292,2620.0,188784.0,494614080.0,728184870.0,False,-,0,2793.608037512171,False,False,True,True,False,False,False,0.0,0.2583170254403131,0.03874755381604696
287840,인투셀,-12.0,-3.696498054474706,24750.0,106668.0,2640033000.0,4252614110.0,False,-,0,28016.789441316832,False,False,True,True,False,False,False,0.0,0.2573385518590998,0.03860078277886497
068760,셀트리온제약,-12.0,-3.7444933920704804,43700.0,222274.0,9713373800.0,9266534100.0,True,-,0,47617.33567683204,False,False,True,True,False,False,False,0.0,0.2553816046966732,0.03830724070450098
041510,에스엠,-12.0,-3.7613488975356657,74200.0,129363.0,9598734600.0,14037275920.0,True,-,0,82528.27181429732,False,False,True,True,False,False,False,0.0,0.25244618395303325,0.037866927592954985
102710,이엔에프테크놀로지,-12.0,-3.775743707093826,42050.0,117130.0,4925316500.0,7232297900.0,False,-,0,46070.47916136612,False,False,True,True,False,False,False,0.0,0.25146771037182,0.037720156555772995
418550,제이오,-11.25,-6.296851574212892,6250.0,228031.0,1425193750.0,2202546060.0,False,-,0,8170.458989309531,False,False,True,True,False,False,False,0.026785714285714284,0.09686888454011741,0.037298189823874756
064260,다날,-12.0,-3.8528896672504365,5490.0,927010.0,5089284900.0,6642557162.0,False,-,0,6178.4462129258145,False,False,True,True,False,False,False,0.0,0.2455968688845401,0.03683953033268102
372170,윤성에프앤씨,-12.0,-3.9337474120082816,23200.0,23242.0,539214400.0,927314220.0,False,-,0,27509.783026984278,False,False,True,True,False,False,False,0.0,0.23679060665362034,0.03551859099804305
034810,해성산업,-12.0,-4.0000000000000036,6240.0,36054.0,224976960.0,234873232.0,False,-,0,6770.794677265917,False,False,True,True,False,False,False,0.0,0.2353228962818004,0.03529843444227006
338840,와이바이오로직스,-12.0,-4.010519395134782,14600.0,139115.0,2031079000.0,3683221948.0,False,-,0,16661.82531114258,False,False,True,True,False,False,False,0.0,0.2328767123287671,0.034931506849315064
140410,메지온,-12.0,-4.012345679012341,62200.0,94887.0,5901971400.0,12924003540.0,False,-,0,67125.17616130499,False,False,True,True,False,False,False,0.0,0.2318982387475538,0.034784735812133066
394800,쓰리빌리언,-12.0,-4.17661097852029,8030.0,186278.0,1495812340.0,2752180578.0,False,-,0,9048.714018727593,False,False,True,True,False,False,False,0.0,0.2181996086105675,0.03272994129158512
257720,실리콘투,-12.0,-4.207573632538574,34150.0,1014703.0,34652107450.0,31620857800.0,False,-,0,36853.86574803013,False,False,True,True,False,False,False,0.0,0.21232876712328766,0.031849315068493145
481070,에이유브랜즈,-12.0,-4.312449145646868,11760.0,78086.0,918291360.0,879981552.0,False,-,0,14245.669397615868,False,False,True,True,False,False,False,0.0,0.2045009784735812,0.03067514677103718
083310,엘오티베큠,-11.25,-8.017241379310347,10670.0,150952.0,1610657840.0,1985323384.0,False,-,0,12856.643387776936,False,False,True,True,False,False,False,0.026785714285714284,0.04892367906066536,0.030106409001956946
298380,에이비엘바이오,-12.0,-4.360465116279066,98700.0,818975.0,80832832500.0,75755840580.0,False,-,0,108719.12481648952,False,False,True,True,False,False,False,0.0,0.20058708414872797,0.030088062622309196
484870,엠앤씨솔루션,-12.0,-4.71976401179941,64600.0,35728.0,2308028800.0,3525352860.0,False,-,0,77054.25929267664,False,False,True,True,False,False,False,0.0,0.18199608610567514,0.02729941291585127
199430,케이엔알시스템,-12.0,-4.778761061946901,16140.0,107508.0,1735179120.0,2819145618.0,False,-,0,18911.429598985516,False,False,True,True,False,False,False,0.0,0.1761252446183953,0.026418786692759294
051370,인터플렉스,-12.0,-4.979674796747968,9350.0,170380.0,1593053000.0,1795015634.0,False,-,0,10956.946286427563,False,False,True,True,False,False,False,0.0,0.16634050880626222,0.024951076320939333
141080,리가켐바이오,-12.0,-4.989458889669707,135200.0,663240.0,89670048000.0,83373902260.0,False,-,0,152238.2752217696,False,False,True,True,False,False,False,0.0,0.16536203522504891,0.024804305283757336
114190,강원에너지,-12.0,-5.0847457627118615,9520.0,186151.0,1772157520.0,3179534910.0,False,-,0,11369.126989693137,False,False,True,True,False,False,False,0.0,0.16046966731898238,0.024070450097847355
082270,젬백스,-12.0,-5.2593133674214805,12970.0,385679.0,5002256630.0,6373181060.0,False,-,0,14955.842541052609,False,False,True,True,False,False,False,0.0,0.1487279843444227,0.022309197651663403
079370,제우스,-11.5,-8.402662229617308,11010.0,370271.0,4076683710.0,4800205654.0,False,-,0,12551.278808172332,False,False,True,True,False,False,False,0.017857142857142856,0.0410958904109589,0.02134295499021526
025320,시노펙스,-12.0,-5.360824742268044,4590.0,1040946.0,4777942140.0,5358556835.0,False,-,0,4926.128324274128,False,False,True,True,False,False,False,0.0,0.14187866927592954,0.02128180039138943
126700,하이비젼시스템,-12.0,-5.849802371541502,11910.0,139959.0,1666911690.0,2053129444.0,False,-,0,14271.1874929029,False,False,True,True,False,False,False,0.0,0.11741682974559686,0.01761252446183953
065350,신성델타테크,-12.0,-5.882352941176472,40000.0,310156.0,12406240000.0,14040507700.0,False,-,0,44491.245930076504,False,False,True,True,False,False,False,0.0,0.1159491193737769,0.017392367906066533
078160,메디포스트,-12.0,-6.890459363957602,10540.0,271364.0,2860176560.0,4519565782.0,False,-,0,12917.250192658794,False,False,True,True,False,False,False,0.0,0.07632093933463796,0.011448140900195693
389470,인벤티지랩,-12.0,-6.913827655310623,46450.0,170100.0,7901145000.0,8758121830.0,False,-,0,50242.03049540942,False,False,True,True,False,False,False,0.0,0.07534246575342465,0.011301369863013697
160190,하이젠알앤엠,-12.0,-7.5533661740558316,28150.0,138562.0,3900520300.0,11440643340.0,True,-,0,33351.91460103792,False,False,True,True,False,False,False,0.0,0.06360078277886497,0.009540117416829745
