market,ticker,name,name_en,kind,mult,exchange,type,category,price,chg_pct,volume,basis,source
KR,252670,KODEX 200선물인버스2X,,인버스,-2,KRX,ETF,F-KOSPI200,102,+10.87,4294967295,종목명,ka40004
KR,114800,KODEX 인버스,,인버스,-1,KRX,ETF,F-KOSPI200,1125,+5.93,892620669,종목명,ka40004
KR,0197X0,SOL SK하이닉스선물단일종목인버스2X,,인버스,-2,KRX,ETF,KRX SK하이닉스 선물 지수,11960,+16.06,316392130,종목명,ka40004
KR,0193T0,KODEX SK하이닉스단일종목레버리지,,레버리지,2,KRX,ETF,KRX SK하이닉스 지수,13015,-16.25,231664662,종목명,ka40004
KR,0195S0,TIGER SK하이닉스단일종목레버리지,,레버리지,2,KRX,ETF,KRX SK하이닉스 지수,10990,-16.17,119176537,종목명,ka40004
KR,0193W0,KODEX 삼성전자단일종목레버리지,,레버리지,2,KRX,ETF,KRX 삼성전자 지수,12430,-15.10,82782779,종목명,ka40004
KR,252710,TIGER 200선물인버스2X,,인버스,-2,KRX,ETF,F-KOSPI200,110,+11.11,80025226,종목명,ka40004
KR,233740,KODEX 코스닥150레버리지,,레버리지,2,KRX,ETF,KOSDAQ 150,5875,-12.83,73067353,종목명,ka40004
KR,462330,KODEX 2차전지산업레버리지,,레버리지,2,KRX,ETF,,885,-11.41,61672632,종목명,ka40004
KR,0195R0,TIGER 삼성전자단일종목레버리지,,레버리지,2,KRX,ETF,KRX 삼성전자 지수,11380,-15.39,53232814,종목명,ka40004
KR,251340,KODEX 코스닥150선물인버스,,인버스,-1,KRX,ETF,F-KOSDAQ150,2860,+6.52,39577154,종목명,ka40004
KR,122630,KODEX 레버리지,,레버리지,2,KRX,ETF,KOSPI200,113390,-12.07,13089108,종목명,ka40004
KR,0193L0,PLUS 삼성전자선물단일종목인버스2X,,인버스,-2,KRX,ETF,KRX 삼성전자 선물 지수,17340,+15.25,12234225,종목명,ka40004
KR,123310,TIGER 인버스,,인버스,-1,KRX,ETF,F-KOSPI200,1268,+6.20,5568746,종목명,ka40004
KR,412570,TIGER 2차전지TOP10레버리지,,레버리지,2,KRX,ETF,KRX 2차전지 TOP 10,1057,-8.80,3844188,종목명,ka40004
KR,0197W0,SOL SK하이닉스단일종목레버리지,,레버리지,2,KRX,ETF,KRX SK하이닉스 지수,10815,-16.58,3572098,종목명,ka40004
KR,271050,KODEX WTI원유선물인버스(H),,인버스,-1,KRX,ETF,,1936,-2.91,3482002,종목명,ka40004
KR,252420,RISE 200선물인버스2X,,인버스,-2,KRX,ETF,F-KOSPI200,105,+11.70,2818182,종목명,ka40004
KR,253230,KIWOOM 200선물인버스2X,,인버스,-2,KRX,ETF,F-KOSPI200,101,+10.99,2284426,종목명,ka40004
KR,0194T0,ACE SK하이닉스단일종목레버리지,,레버리지,2,KRX,ETF,KRX SK하이닉스 지수,10955,-16.15,1861354,종목명,ka40004
KR,233160,TIGER 코스닥150 레버리지,,레버리지,2,KRX,ETF,KOSDAQ 150,6455,-12.30,1759104,종목명,ka40004
KR,0100K0,KODEX 방산TOP10레버리지,,레버리지,2,KRX,ETF,,7415,-1.98,1444330,종목명,ka40004
KR,494310,KODEX 반도체레버리지,,레버리지,2,KRX,ETF,KRX반도체,78485,-16.99,1349664,종목명,ka40004
KR,488080,TIGER 반도체TOP10레버리지,,레버리지,2,KRX,ETF,,35400,-15.51,1264652,종목명,ka40004
KR,0080Y0,SOL 조선TOP3플러스레버리지,,레버리지,2,KRX,ETF,,10085,-4.63,1188622,종목명,ka40004
KR,217770,TIGER 원유선물인버스(H),,인버스,-1,KRX,ETF,,1232,-3.22,901791,종목명,ka40004
KR,0192L0,RISE SK하이닉스단일종목레버리지,,레버리지,2,KRX,ETF,KRX SK하이닉스 지수,11090,-15.41,805210,종목명,ka40004
KR,253160,PLUS 200선물인버스2X,,인버스,-2,KRX,ETF,F-KOSPI200,207,+11.89,733269,종목명,ka40004
KR,0194M0,ACE 삼성전자단일종목레버리지,,레버리지,2,KRX,ETF,KRX 삼성전자 지수,11450,-15.59,657968,종목명,ka40004
KR,0198D0,1Q SK하이닉스선물단일종목레버리지,,레버리지,2,KRX,ETF,KRX SK하이닉스 선물 지수,11460,-15.67,578801,종목명,ka40004
KR,295020,RISE 국채선물10년인버스,,인버스,-1,KRX,ETF,,61265,+0.47,502038,종목명,ka40004
KR,250780,TIGER 코스닥150선물인버스,,인버스,-1,KRX,ETF,F-KOSDAQ150,2870,+6.89,498598,종목명,ka40004
KR,0198B0,1Q 삼성전자선물단일종목레버리지,,레버리지,2,KRX,ETF,KRX 삼성전자 선물 지수,11835,-15.13,357482,종목명,ka40004
KR,418660,TIGER 미국나스닥100레버리지(합성),,레버리지,2,KRX,ETF,NASDAQ 100,41955,-4.07,347210,종목명,ka40004
KR,261260,KODEX 미국달러선물인버스2X,,인버스,-2,KRX,ETF,,4730,0.00,331146,종목명,ka40004
KR,145670,ACE 인버스,,인버스,-1,KRX,ETF,F-KOSPI200,1410,+5.86,301764,종목명,ka40004
KR,0192M0,RISE 삼성전자단일종목레버리지,,레버리지,2,KRX,ETF,KRX 삼성전자 지수,11385,-15.51,287251,종목명,ka40004
KR,0194R0,KIWOOM SK하이닉스선물단일종목레버리지,,레버리지,2,KRX,ETF,KRX SK하이닉스 선물 지수,10635,-16.49,283121,종목명,ka40004
KR,409810,KODEX 미국나스닥100선물인버스(H),,인버스,-1,KRX,ETF,NASDAQ 100,5750,+1.95,281078,종목명,ka40004
KR,0104G0,PLUS K방산레버리지,,레버리지,2,KRX,ETF,,7100,-2.00,214041,종목명,ka40004
KR,123320,TIGER 레버리지,,레버리지,2,KRX,ETF,KOSPI200,113815,-11.92,205520,종목명,ka40004
KR,0193K0,PLUS 삼성전자단일종목레버리지,,레버리지,2,KRX,ETF,KRX 삼성전자 지수,12650,-13.65,189197,종목명,ka40004
KR,0194N0,KIWOOM 삼성전자선물단일종목레버리지,,레버리지,2,KRX,ETF,KRX 삼성전자 선물 지수,11200,-15.47,177997,종목명,ka40004
KR,176950,KODEX 국채선물10년인버스,,인버스,-1,KRX,ETF,,61095,+0.45,168378,종목명,ka40004
KR,278240,RISE 코스닥150선물레버리지,,레버리지,2,KRX,ETF,F-KOSDAQ150,6570,-13.15,165974,종목명,ka40004
KR,243880,TIGER 200IT레버리지,,레버리지,2,KRX,ETF,정보통신,352005,-16.66,159447,종목명,ka40004
KR,253150,PLUS 200선물레버리지,,레버리지,2,KRX,ETF,F-KOSPI200,209735,-12.10,149442,종목명,ka40004
KR,253240,KIWOOM 200선물인버스,,인버스,-1,KRX,ETF,F-KOSPI200,1435,+5.51,145862,종목명,ka40004
KR,452250,ACE 미국30년국채선물레버리지(합성 H),,레버리지,2,KRX,ETF,,4800,-1.03,128729,종목명,ka40004
KR,409820,KODEX 미국나스닥100레버리지(합성 H),,레버리지,2,KRX,ETF,NASDAQ 100,18620,-4.12,118136,종목명,ka40004
KR,267770,TIGER 200선물레버리지,,레버리지,2,KRX,ETF,F-KOSPI200,87230,-12.16,98839,종목명,ka40004
KR,261270,KODEX 미국달러선물인버스,,인버스,-1,KRX,ETF,,7605,0.00,87212,종목명,ka40004
KR,465350,RISE 2차전지TOP10인버스(합성),,인버스,-1,KRX,ETF,,18685,+2.98,78904,종목명,ka40004
KR,204450,KODEX 차이나H레버리지(H),,레버리지,2,KRX,ETF,HSCEI (Hang Seng China Enterprise Index),2220,-2.20,76601,종목명,ka40004
KR,291630,KIWOOM 코스닥150선물레버리지,,레버리지,2,KRX,ETF,F-KOSDAQ150,3010,-10.81,70646,종목명,ka40004
KR,423920,TIGER 미국필라델피아반도체레버리지(합성),,레버리지,2,KRX,ETF,,104410,-3.15,69200,종목명,ka40004
KR,412560,TIGER BBIG레버리지,,레버리지,2,KRX,ETF,KRX BBIG,1649,-2.71,67528,종목명,ka40004
KR,261250,KODEX 미국달러선물레버리지,,레버리지,2,KRX,ETF,,17910,-0.06,59692,종목명,ka40004
KR,306520,HANARO 200선물인버스,,인버스,-1,KRX,ETF,F-KOSPI200,2635,+5.82,54586,종목명,ka40004
KR,243890,TIGER 200에너지화학레버리지,,레버리지,2,KRX,ETF,에너지화학,8895,-4.71,46444,종목명,ka40004
KR,152500,ACE 레버리지,,레버리지,2,KRX,ETF,KOSPI200,46535,-11.83,34884,종목명,ka40004
KR,205720,ACE 일본TOPIX인버스(합성 H),,인버스,-1,KRX,ETF,TOPIX,1491,+1.50,32652,종목명,ka40004
KR,252410,RISE 200선물인버스,,인버스,-1,KRX,ETF,F-KOSPI200,1450,+6.23,31461,종목명,ka40004
KR,291620,KIWOOM 코스닥150선물인버스,,인버스,-1,KRX,ETF,F-KOSDAQ150,5135,+6.31,30319,종목명,ka40004
KR,261120,TIGER 미국달러선물인버스2X,,인버스,-2,KRX,ETF,,4710,-0.11,27483,종목명,ka40004
KR,253250,KIWOOM 200선물레버리지,,레버리지,2,KRX,ETF,F-KOSPI200,102550,-12.20,24420,종목명,ka40004
KR,306530,HANARO 코스닥150선물레버리지,,레버리지,2,KRX,ETF,F-KOSDAQ150,5860,-13.31,23308,종목명,ka40004
KR,465610,ACE 미국빅테크TOP7 Plus레버리지(합성),,레버리지,2,KRX,ETF,,40605,-5.49,15285,종목명,ka40004
KR,252400,RISE 200선물레버리지,,레버리지,2,KRX,ETF,F-KOSPI200,105080,-12.15,14692,종목명,ka40004
KR,438320,TIGER 차이나항셍테크레버리지(합성 H),,레버리지,2,KRX,ETF,,5310,-3.19,11804,종목명,ka40004
KR,225030,TIGER 미국S&P500선물인버스(H),,인버스,-1,KRX,ETF,S&P 500 Futures Total Return Index,2340,+1.74,11132,종목명,ka40004
KR,225040,TIGER 미국S&P500레버리지(합성 H),,레버리지,2,KRX,ETF,S&P 500,63250,-2.08,9977,종목명,ka40004
KR,465620,ACE 미국빅테크TOP7 Plus인버스(합성),,인버스,-1,KRX,ETF,,6685,+2.14,7391,종목명,ka40004
KR,236350,TIGER 인도니프티50레버리지(합성),,레버리지,2,KRX,ETF,CNX NIFTY INDEX(PR),29515,-3.61,7004,종목명,ka40004
KR,306950,KODEX KRX300레버리지,,레버리지,2,KRX,ETF,KRX300,79200,-11.78,6813,종목명,ka40004
KR,304780,HANARO 200선물레버리지,,레버리지,2,KRX,ETF,F-KOSPI200,127550,-11.73,6207,종목명,ka40004
KR,491630,RISE 미국반도체인버스(합성 H),,인버스,-1,KRX,ETF,,5305,+1.53,5755,종목명,ka40004
KR,275750,RISE 코스닥150선물인버스,,인버스,-1,KRX,ETF,F-KOSDAQ150,2900,+6.42,5267,종목명,ka40004
KR,453820,KODEX 인도Nifty50레버리지(합성),,레버리지,2,KRX,ETF,CNX NIFTY INDEX(PR),12270,-2.04,4914,종목명,ka40004
KR,280940,KODEX 골드선물인버스(H),,인버스,-1,KRX,ETF,,3700,+1.93,3952,종목명,ka40004
KR,204480,TIGER 차이나CSI300레버리지(합성),,레버리지,2,KRX,ETF,CSI 300,28880,-2.09,3861,종목명,ka40004
KR,225130,ACE 골드선물 레버리지(합성 H),,레버리지,2,KRX,ETF,,41445,-5.31,2833,종목명,ka40004
KR,456680,TIGER 차이나전기차레버리지(합성),,레버리지,2,KRX,ETF,,7230,-4.11,2059,종목명,ka40004
KR,230480,KIWOOM 미국달러선물인버스2X,,인버스,-2,KRX,ETF,,4100,+0.12,1754,종목명,ka40004
KR,461910,PLUS 미국테크TOP10레버리지(합성),,레버리지,2,KRX,ETF,,36695,-5.79,1099,종목명,ka40004
KR,334700,RISE 팔라듐선물인버스(H),,인버스,-1,KRX,ETF,,3605,+5.87,1001,종목명,ka40004
KR,225800,KIWOOM 미국달러선물레버리지,,레버리지,2,KRX,ETF,,16875,-0.09,867,종목명,ka40004
KR,225050,TIGER 유로스탁스레버리지(합성 H),,레버리지,2,KRX,ETF,EURO STOXX50,15495,-3.40,733,종목명,ka40004
KR,261110,TIGER 미국달러선물레버리지,,레버리지,2,KRX,ETF,,17960,-0.06,609,종목명,ka40004
KR,225060,TIGER 이머징마켓MSCI레버리지(합성 H),,레버리지,2,KRX,ETF,MSCI EM Index,14790,-6.98,548,종목명,ka40004
KR,219900,ACE 중국본토CSI300레버리지(합성),,레버리지,2,KRX,ETF,CSI 300,4820,-3.02,445,종목명,ka40004
KR,217780,TIGER 차이나CSI300인버스(합성),,인버스,-1,KRX,ETF,CSI 300,5060,+0.20,358,종목명,ka40004
KR,196030,ACE 일본TOPIX레버리지(H),,레버리지,2,KRX,ETF,TOPIX,86650,-1.35,322,종목명,ka40004
KR,291680,RISE 차이나H선물인버스(H),,인버스,-1,KRX,ETF,,7985,+1.72,322,종목명,ka40004
KR,139660,KIWOOM 미국달러선물인버스,,인버스,-1,KRX,ETF,,7900,+0.32,162,종목명,ka40004
KR,451670,RISE 국채30년레버리지(합성),,레버리지,2,KRX,ETF,,11825,-0.50,106,종목명,ka40004
KR,167860,KIWOOM 국고채10년레버리지,,레버리지,2,KRX,ETF,KIS 국고채 10년(총수익),89630,-0.84,68,종목명,ka40004
KR,267490,RISE 미국장기국채선물레버리지(합성 H),,레버리지,2,KRX,ETF,,4960,-1.00,37,종목명,ka40004
KR,469530,RISE 미국달러선물인버스,,인버스,-1,KRX,ETF,,8845,+0.11,25,종목명,ka40004
KR,267450,RISE 미국장기국채선물인버스(H),,인버스,-1,KRX,ETF,,11080,+0.59,15,종목명,ka40004
KR,282000,RISE 국고채3년선물인버스,,인버스,-1,KRX,ETF,국채선물대표(F-KTF),115080,+0.13,12,종목명,ka40004
KR,304670,KODEX 미국30년국채울트라선물인버스(H),,인버스,-1,KRX,ETF,,12260,+0.29,11,종목명,ka40004
US,AALG,레버리지 셰어즈 아메리칸 항공 데일리 2배,LEVERAGE SHARES 2X LONG AAL DAILY ETF,레버리지,2,NASDAQ,ETF,레버리지 주식,,,,카테고리,usa10104+master
US,AAOG,LEVERAGE SHARES AAOI DAILY 2X,LEVERAGE SHARES 2X LONG AAOI DAILY ETF,레버리지,2,AMEX,ETF,레버리지 주식,,,,카테고리,usa10104+master
US,AAOX,TRADR AAOI DAILY 2X,TRADR 2X LONG AAOI DAILY ETF,레버리지,2,AMEX,ETF,레버리지 주식,,,,카테고리,usa10104+master
US,AAPB,애플 2배 그래닛셰어즈 ETF,GRANITESHARES ETF TRUST 2X LONG AAPL DAI,레버리지,2,NASDAQ,ETF,레버리지 주식,,,,카테고리,usa10104+master
US,AAPU,애플 2배 레버리지 디렉시온 ETF,DIREXION DAILY AAPL BULL 2X ETF,레버리지,2,NASDAQ,ETF,레버리지 주식,,,,카테고리,usa10104+master
US,AAPX,애플 레버리지 2배 터틀 캐피탈 ETF,ETF OPPORTUNITIES TR T REX 2X LONG APPLE,레버리지,2,AMEX,ETF,레버리지 주식,,,,카테고리,usa10104+master
US,ABNG,LEVERAGE SHARES ABNB DAILY 2X,LEVERAGE SHARES 2X LONG ABNB DAILY ETF,레버리지,2,NASDAQ,ETF,레버리지 주식,,,,카테고리,usa10104+master
US,ACHX,CORGI ACHR DAILY 2X,CORGI ACHR 2X DAILY ETF,레버리지,2,AMEX,ETF,레버리지 주식,,,,카테고리,usa10104+master
US,ACLZ,CORGI ACLS DAILY 2X,CORGI ACLS 2X DAILY ETF,레버리지,2,AMEX,ETF,레버리지 주식,,,,카테고리,usa10104+master
US,ACMM,CORGI ACMR DAILY 2X,CORGI ACMR 2X DAILY ETF,레버리지,2,AMEX,ETF,레버리지 주식,,,,카테고리,usa10104+master
US,ADBG,어도비 데일리 2배 롱 레버리지 셰어즈 ETF,LEVERAGE SHARES 2X LONG ADBE DAILY ETF,레버리지,2,NASDAQ,ETF,레버리지 주식,,,,카테고리,usa10104+master
US,ADBU,DIREXION ADBE DAILY 2X,DIREXION DAILY ADBE BULL 2X ETF,레버리지,2,NYSE,ETF,레버리지 주식,,,,카테고리,usa10104+master
US,ADIU,LEVERAGE SHARES ADI DAILY 2X,LEVERAGE SHARES 2X LONG ADI DAILY ETF,레버리지,2,AMEX,ETF,레버리지 주식,,,,카테고리,usa10104+master
US,AEHG,LEVERAGE SHARES AEHR DAILY 2X,LEVERAGE SHARES 2X LONG AEHR DAILY ETF,레버리지,2,AMEX,ETF,레버리지 주식,,,,카테고리,usa10104+master
US,AFRU,T-REX AFRM DAILY 2X,T-REX 2X LONG AFRM DAILY TARGET ETF,레버리지,2,AMEX,ETF,레버리지 주식,,,,카테고리,usa10104+master
US,AGQ,은 2배 레버리지 프리셰어즈 ETF,PROSHARES TRUST II PROSHARES ULTRA SILVE,레버리지,2,NYSE,ETF,레버리지 원자재,,,,카테고리,usa10104+master
US,AIBU,인공지능 및 빅데이터 불 2배 디렉시온 ETF,DIREXION DAILY AI AND BIG DATA BULL 2X E,레버리지,2,NYSE,ETF,레버리지 주식,,,,카테고리,usa10104+master
US,AIQU,MICROSECTORS ARTIFICIAL INTELLIGENCE 3X,MICROSECTORS 3X LONG ARTIFICIAL INTELLIG,레버리지,3,NYSE,ETN,레버리지 주식,,,,카테고리,usa10104+master
US,ALA,CORGI ALAB DAILY 2X,CORGI ALAB 2X DAILY ETF,레버리지,2,AMEX,ETF,레버리지 주식,,,,카테고리,usa10104+master
US,ALBG,LEVERAGE SHARES ALB DAILY 2X,LEVERAGE SHARES 2X LONG ALB DAILY ETF,레버리지,2,NASDAQ,ETF,레버리지 주식,,,,카테고리,usa10104+master
US,AMA,DEFIANCE AMAT DAILY 2X,DEFIANCE DAILY TARGET 2X LONG AMAT ETF,레버리지,2,NASDAQ,ETF,레버리지 주식,,,,카테고리,usa10104+master
US,AMAA,CORGI AMZN DAILY 2X,CORGI AMZN 2X DAILY ETF,레버리지,2,AMEX,ETF,레버리지 주식,,,,카테고리,usa10104+master
US,AMAU,LEVERAGE SHARES AMAT DAILY 2X,LEVERAGE SHARES 2X LONG AMAT DAILY ETF,레버리지,2,AMEX,ETF,레버리지 주식,,,,카테고리,usa10104+master
US,AMDC,CORGI AMD DAILY 2X,CORGI AMD 2X DAILY ETF,레버리지,2,AMEX,ETF,레버리지 주식,,,,카테고리,usa10104+master
US,AMDG,AMD 데일리 2배 레버리지 셰어즈 ETF,LEVERAGE SHARES 2X LONG AMD DAILY ETF,레버리지,2,NASDAQ,ETF,레버리지 주식,,,,카테고리,usa10104+master
US,AMDL,AMD 2배 레버리지 그래닛셰어즈 ETF,GRANITESHARES ETF TRUST GRANITE 2X LONG,레버리지,2,NASDAQ,ETF,레버리지 주식,,,,카테고리,usa10104+master
US,AMKL,DEFIANCE AMKR DAILY 2X,DEFIANCE DAILY TARGET 2X LONG AMKR ETF,레버리지,2,AMEX,ETF,레버리지 주식,,,,카테고리,usa10104+master
US,AMKX,CORGI AMKR DAILY 2X,CORGI AMKR 2X DAILY ETF,레버리지,2,AMEX,ETF,레버리지 주식,,,,카테고리,usa10104+master
US,AMPU,DEFIANCE AMPX DAILY 2X,DEFIANCE DAILY TARGET 2X LONG AMPX ETF,레버리지,2,AMEX,ETF,레버리지 주식,,,,카테고리,usa10104+master
US,AMUU,AMD 데일리 2배 디렉시온 ETF,DIREXION DAILY AMD BULL 2X ETF,레버리지,2,NASDAQ,ETF,레버리지 주식,,,,카테고리,usa10104+master
US,AMYY,GRANITESHARES YIELDBOOST AMD 2X,GRANITESHARES YIELDBOOST AMD ETF,레버리지,2,NASDAQ,ETF,,,,,종목명,usa10104+master
US,AMZG,LEVERAGE SHARES AMZN DAILY 2X,LEVERAGE SHARES 2X LONG AMZN DAILY ETF,레버리지,2,AMEX,ETF,레버리지 주식,,,,카테고리,usa10104+master
US,AMZU,아마존 2배 레버리지 디렉시온 ETF,DIREXION DAILY AMZN BULL 2X ETF,레버리지,2,NASDAQ,ETF,레버리지 주식,,,,카테고리,usa10104+master
US,AMZZ,아마존 레버리지 2배 그래닛셰어즈 ETF,GRANITESHARES ETF TRUST GRANITESHARES 2X,레버리지,2,NASDAQ,ETF,레버리지 주식,,,,카테고리,usa10104+master
US,ANEL,DEFIANCE ANET DAILY 2X,DEFIANCE DAILY TARGET 2X LONG ANET ETF,레버리지,2,NASDAQ,ETF,레버리지 주식,,,,카테고리,usa10104+master
US,APHG,LEVERAGE SHARES APH DAILY 2X,LEVERAGE SHARES 2X LONG APH DAILY ETF,레버리지,2,AMEX,ETF,레버리지 주식,,,,카테고리,usa10104+master
US,APHU,T-REX APH DAILY 2X,T-REX 2X LONG APH DAILY TARGET ETF,레버리지,2,AMEX,ETF,레버리지 주식,,,,카테고리,usa10104+master
US,APLX,TRADR APLD DAILY 2X,TRADR 2X LONG APLD DAILY ETF,레버리지,2,AMEX,ETF,레버리지 주식,,,,카테고리,usa10104+master
US,APMI,CORGI AMAT DAILY 2X,CORGI AMAT 2X DAILY ETF,레버리지,2,AMEX,ETF,레버리지 주식,,,,카테고리,usa10104+master
US,APPC,CORGI APP DAILY 2X,CORGI APP 2X DAILY ETF,레버리지,2,AMEX,ETF,레버리지 주식,,,,카테고리,usa10104+master
US,APPX,앱러빈 데일리 2배 TRADR ETF,TRADR 2X LONG APP DAILY ETF,레버리지,2,NASDAQ,ETF,레버리지 주식,,,,카테고리,usa10104+master
US,ARCX,TRADR ACHR DAILY 2X,TRADR 2X LONG ACHR DAILY ETF,레버리지,2,AMEX,ETF,레버리지 주식,,,,카테고리,usa10104+master
US,ARMA,CORGI ARM DAILY 2X,CORGI ARM 2X DAILY ETF,레버리지,2,AMEX,ETF,레버리지 주식,,,,카테고리,usa10104+master
US,ARMG,ARM 홀딩스 데일리 2배 롱 레버리지 셰어즈,LEVERAGE SHARES 2X LONG ARM DAILY ETF,레버리지,2,NASDAQ,ETF,레버리지 주식,,,,카테고리,usa10104+master
US,ASMG,ASML 홀딩 데일리 2배 롱 레버리지 셰어즈,LEVERAGE SHARES 2X LONG ASML DAILY ETF,레버리지,2,NASDAQ,ETF,레버리지 주식,,,,카테고리,usa10104+master
US,ASMU,DIREXION ASML DAILY 2X,DIREXION DAILY ASML BULL 2X ETF,레버리지,2,NASDAQ,ETF,레버리지 주식,,,,카테고리,usa10104+master
US,ASMZ,CORGI ASML DAILY 2X,CORGI ASML 2X DAILY ETF,레버리지,2,AMEX,ETF,레버리지 주식,,,,카테고리,usa10104+master
US,ASTG,LEVERAGE SHARES ASTS DAILY 2X,LEVERAGE SHARES 2X LONG ASTS DAILY ETF,레버리지,2,AMEX,ETF,레버리지 주식,,,,카테고리,usa10104+master
US,ASTT,CORGI ASTS DAILY 2X,CORGI ASTS 2X DAILY ETF,레버리지,2,AMEX,ETF,레버리지 주식,,,,카테고리,usa10104+master
US,ASTX,Tradr AST 스페이스모바일 데일리 2배 ETF,TRADR 2X LONG ASTS DAILY ETF,레버리지,2,AMEX,ETF,레버리지 주식,,,,카테고리,usa10104+master
US,ASTY,DEFIANCE ASTS DAILY 2X,DEFIANCE DAILY TARGET 2X LONG ASTS ETF,레버리지,2,AMEX,ETF,레버리지 주식,,,,카테고리,usa10104+master
US,ASUP,T-REX ASTS DAILY 2X,T-REX 2X LONG ASTS DAILY TARGET ETF,레버리지,2,AMEX,ETF,레버리지 주식,,,,카테고리,usa10104+master
US,AVAZ,AVALANCHE 2X,2X AVALANCHE ETF,레버리지,2,AMEX,ETF,,,,,종목명,usa10104+master
US,AVGC,CORGI AVGO DAILY 2X,CORGI AVGO 2X DAILY ETF,레버리지,2,AMEX,ETF,레버리지 주식,,,,카테고리,usa10104+master
US,AVGG,브로드컴 데일리 2배 롱 레버리지 셰어즈 E,LEVERAGE SHARES 2X LONG AVGO DAILY ETF,레버리지,2,NASDAQ,ETF,레버리지 주식,,,,카테고리,usa10104+master
US,AVGU,GRANITESHARES AVGO DAILY 2X,GRANITESHARES 2X LONG AVGO DAILY ETF,레버리지,2,NASDAQ,ETF,레버리지 주식,,,,카테고리,usa10104+master
US,AVGX,브로드컴 2배 롱 디파이언스 ETF,DEFIANCE DAILY TARGET 2X LONG AVGO ETF,레버리지,2,NASDAQ,ETF,레버리지 주식,,,,카테고리,usa10104+master
US,AVL,브로드컴 데일리 2배 롱 디렉시온 ETF,DIREXION DAILY AVGO BULL 2X ETF,레버리지,2,NASDAQ,ETF,레버리지 주식,,,,카테고리,usa10104+master
US,AVXX,DEFIANCE AVAV DAILY 2X,DEFIANCE DAILY TARGET 2X LONG AVAV ETF,레버리지,2,NASDAQ,ETF,레버리지 주식,,,,카테고리,usa10104+master
US,AXPG,LEVERAGE SHARES AXP DAILY 2X,LEVERAGE SHARES 2X LONG AXP DAILY ETF,레버리지,2,NASDAQ,ETF,레버리지 주식,,,,카테고리,usa10104+master
US,AXTC,CORGI AXTI DAILY 2X,CORGI AXTI 2X DAILY ETF,레버리지,2,AMEX,ETF,레버리지 주식,,,,카테고리,usa10104+master
US,AXTL,LEVERAGE SHARES AXTI DAILY 2X,LEVERAGE SHARES 2X LONG AXTI DAILY ETF,레버리지,2,AMEX,ETF,레버리지 주식,,,,카테고리,usa10104+master
US,AXTU,T-REX AXTI DAILY 2X,T-REX 2X LONG AXTI DAILY TARGET ETF,레버리지,2,AMEX,ETF,레버리지 주식,,,,카테고리,usa10104+master
US,AXTX,TRADR AXTI DAILY 2X,TRADR 2X LONG AXTI DAILY ETF,레버리지,2,AMEX,ETF,레버리지 주식,,,,카테고리,usa10104+master
US,AZYY,GRANITESHARES YIELDBOOST AMZN 2X,GRANITESHARES YIELDBOOST AMZN ETF,레버리지,2,NASDAQ,ETF,,,,,종목명,usa10104+master
US,BABC,CORGI BABA DAILY 2X,CORGI BABA 2X DAILY ETF,레버리지,2,AMEX,ETF,레버리지 주식,,,,카테고리,usa10104+master
US,BABU,DIREXION BABA DAILY 2X,DIREXION DAILY BABA BULL 2X ETF,레버리지,2,NASDAQ,ETF,레버리지 주식,,,,카테고리,usa10104+master
US,BABX,알리바바 2배 레버리지 그래닛셰어즈 ETF,GRANITESHARES ETF TRUST 2X LONG BABA DAI,레버리지,2,NASDAQ,ETF,레버리지 주식,,,,카테고리,usa10104+master
US,BAIG,빅베어 AI 홀딩스 2배 레버리지셰어즈 ETF,LEVERAGE SHARES 2X LONG BBAI DAILY ETF,레버리지,2,NASDAQ,ETF,레버리지 주식,,,,카테고리,usa10104+master
US,BBUL,GRANITESHARES BB DAILY 2X,GRANITESHARES 2X LONG BB DAILY ETF,레버리지,2,NASDAQ,ETF,레버리지 주식,,,,카테고리,usa10104+master
US,BBYY,GRANITESHARES YIELDBOOST BABA 2X,GRANITESHARES YIELDBOOST BABA ETF,레버리지,2,NASDAQ,ETF,,,,,종목명,usa10104+master
US,BDCX,MVIS 배당주 레버리지 1.5배 이트랙스 ETN,UBS AG LONDON ETRACS QTY PAY 1.5X LEV MK,레버리지,1.5,NYSE,ETN,레버리지 주식,,,,카테고리,usa10104+master
US,BEC,CORGI BE DAILY 2X,CORGI BE 2X DAILY ETF,레버리지,2,AMEX,ETF,레버리지 주식,,,,카테고리,usa10104+master
US,BEG,LEVERAGE SHARES BE DAILY 2X,LEVERAGE SHARES 2X LONG BE DAILY ETF,레버리지,2,NASDAQ,ETF,레버리지 주식,,,,카테고리,usa10104+master
US,BEGS,RAREVIEW CRYPTOCURRENCY & PRECIOUS META,RAREVIEW 2X BULL CRYPTOCURRENCY & PRECIO,레버리지,2,AMEX,ETF,,,,,종목명,usa10104+master
US,BEX,TRADR BE DAILY 2X,TRADR 2X LONG BE DAILY ETF,레버리지,2,AMEX,ETF,레버리지 주식,,,,카테고리,usa10104+master
US,BIB,나스닥 생명공학 2배 프로셰어즈 ETF,PROSHARES TRUST PROSHARES ULTRA NASDAQ B,레버리지,2,NASDAQ,ETF,레버리지 주식,,,,카테고리,usa10104+master
US,BIDG,LEVERAGE SHARES BIDU DAILY 2X,LEVERAGE SHARES 2X LONG BIDU DAILY ETF,레버리지,2,NASDAQ,ETF,레버리지 주식,,,,카테고리,usa10104+master
US,BIOY,GRANITESHARES YIELDBOOST BIOTECH 3X,GRANITESHARES YIELDBOOST BIOTECH ETF,레버리지,3,NASDAQ,ETF,,,,,종목명,usa10104+master
US,BITU,비트코인 2배 프로셰어즈 ETF,PROSHARES TRUST ULTRA BITCOIN ETF,레버리지,2,NYSE,ETF,,,,,종목명,usa10104+master
US,BITX,비트코인 2배 ETF,2X BITCOIN ETF,레버리지,2,AMEX,ETF,,,,,종목명,usa10104+master
US,BLSG,LEVERAGE SHARES BLSH DAILY 2X,LEVERAGE SHARES 2X LONG BLSH DAILY ETF,레버리지,2,NASDAQ,ETF,레버리지 주식,,,,카테고리,usa10104+master
US,BMNG,LEVERAGE SHARES BMNR DAILY 2X,LEVERAGE SHARES 2X LONG BMNR DAILY ETF,레버리지,2,NASDAQ,ETF,레버리지 주식,,,,카테고리,usa10104+master
US,BMNU,비트마인 이머션 테크놀로지스 2배 T-REX E,T-REX 2X LONG BMNR DAILY TARGET ETF,레버리지,2,AMEX,ETF,레버리지 주식,,,,카테고리,usa10104+master
US,BNKU,미국 은행 3배 마이크로섹터 ETN,MICROSECTORS U.S. BIG BANKS 3 LEVERAGED,레버리지,3,NYSE,ETN,레버리지 주식,,,,카테고리,usa10104+master
US,BNMC,CORGI BMNR DAILY 2X,CORGI BMNR 2X DAILY ETF,레버리지,2,AMEX,ETF,레버리지 주식,,,,카테고리,usa10104+master
US,BOEG,보잉 데일리 2배 레버리지 셰어즈 ETF,LEVERAGE SHARES 2X LONG BA DAILY ETF,레버리지,2,NASDAQ,ETF,레버리지 주식,,,,카테고리,usa10104+master
US,BOEU,DIREXION BA DAILY 2X,DIREXION DAILY BA BULL 2X ETF,레버리지,2,NASDAQ,ETF,레버리지 주식,,,,카테고리,usa10104+master
US,BOIL,천연가스 2배 프로셰어즈 ETF,PROSHARES ULTRA BLOOMBERG NATURAL GAS,레버리지,2,NYSE,ETF,레버리지 원자재,,,,카테고리,usa10104+master
US,BRKL,CORGI BRKB DAILY 2X,CORGI BRKB 2X DAILY ETF,레버리지,2,AMEX,ETF,레버리지 주식,,,,카테고리,usa10104+master
US,BRKU,버크셔해서웨이B 2배레버리지 디렉시온 ETF,DIREXION DAILY BRKB BULL 2X ETF,레버리지,2,NASDAQ,ETF,레버리지 주식,,,,카테고리,usa10104+master
US,BRZU,MSCI 브라질 2배 디렉시온 ETF,DIREXION DAILY MSCI BRAZIL BULL 2X ETF,레버리지,2,NYSE,ETF,레버리지 주식,,,,카테고리,usa10104+master
US,BRZX,CORGI BRAZIL DAILY 2X,CORGI BRAZIL 2X DAILY ETF,레버리지,2,AMEX,ETF,레버리지 주식,,,,카테고리,usa10104+master
US,BTCL,비트코인 데일리 타겟 2배 T-REX ETF,T-REX 2X LONG BITCOIN DAILY TARGET ETF,레버리지,2,AMEX,ETF,,,,,종목명,usa10104+master
US,BTCU,DIREXION BITCOIN DAILY 2X,DIREXION DAILY BITCOIN BULL 2X ETF,레버리지,2,NYSE,ETF,레버리지 주식,,,,카테고리,usa10104+master
US,BTDL,GRANITESHARES 2X LONG BTDR DAILY ETF,GRANITESHARES 2X LONG BTDR DAILY ETF,레버리지,2,NASDAQ,ETF,레버리지 주식,,,,카테고리,usa10104+master
US,BULG,위불 데일리 2배 레버리지 셰어즈 ETF,LEVERAGE SHARES 2X LONG BULL DAILY ETF,레버리지,2,NASDAQ,ETF,레버리지 주식,,,,카테고리,usa10104+master
US,BULZ,FANG 혁신 3배 레버리지 마이크로섹터 ETN,BANK OF MONTREAL MICROSECTORS FANG & INV,레버리지,3,NYSE,ETN,레버리지 주식,,,,카테고리,usa10104+master
US,CAMC,CORGI CAMT DAILY 2X,CORGI CAMT 2X DAILY ETF,레버리지,2,AMEX,ETF,레버리지 주식,,,,카테고리,usa10104+master
US,CARU,자동차 레버리지 3배 ETN,BANK OF MONTREAL MAX AUTO IND 3X LEVERAG,레버리지,3,NYSE,ETN,레버리지 주식,,,,카테고리,usa10104+master
US,CARX,CORGI CART DAILY 2X,CORGI CART 2X DAILY ETF,레버리지,2,AMEX,ETF,레버리지 주식,,,,카테고리,usa10104+master
US,CATG,LEVERAGE SHARES CAT DAILY 2X,LEVERAGE SHARES 2X LONG CAT DAILY ETF,레버리지,2,AMEX,ETF,레버리지 주식,,,,카테고리,usa10104+master
US,CBRG,LEVERAGE SHARES CBRS DAILY 2X,LEVERAGE SHARES 2X LONG CBRS DAILY ETF,레버리지,2,AMEX,ETF,레버리지 주식,,,,카테고리,usa10104+master
US,CBRX,TRADR CBRS DAILY 2X,TRADR 2X LONG CBRS DAILY ETF,레버리지,2,AMEX,ETF,레버리지 주식,,,,카테고리,usa10104+master
US,CCPX,CORGI CHINA DAILY 2X,CORGI CHINA 2X DAILY ETF,레버리지,2,AMEX,ETF,레버리지 주식,,,,카테고리,usa10104+master
US,CCUP,써클 인터넷 그룹 데일리 2배 T-REX ETF,T-REX 2X LONG CRCL DAILY TARGET ETF,레버리지,2,AMEX,ETF,레버리지 주식,,,,카테고리,usa10104+master
US,CDNG,LEVERAGE SHARES CDNS DAILY 2X,LEVERAGE SHARES 2X LONG CDNS DAILY ETF,레버리지,2,AMEX,ETF,레버리지 주식,,,,카테고리,usa10104+master
US,CEFD,월급여 1.5배 폐쇄형 펀드 지수 이트랙스 E,UBS AG LONDON ETR 1.5X QY LEV SNET COM C,레버리지,1.5,NYSE,ETN,,,,,종목명,usa10104+master
US,CEGX,TRADR CEG DAILY 2X,TRADR 2X LONG CEG DAILY ETF,레버리지,2,AMEX,ETF,레버리지 주식,,,,카테고리,usa10104+master
US,CHAU,CSI 300 중국 A 레버리지 2배 디렉시온 ETF,DIREXION DAILY CSI 300 CHINA A SHARE BUL,레버리지,2,NYSE,ETF,레버리지 주식,,,,카테고리,usa10104+master
US,CHNU,CHAINLINK 2X,2X CHAINLINK ETF,레버리지,2,AMEX,ETF,,,,,종목명,usa10104+master
US,CIEG,LEVERAGE SHARES CIEN DAILY 2X,LEVERAGE SHARES 2X LONG CIEN DAILY ETF,레버리지,2,AMEX,ETF,레버리지 주식,,,,카테고리,usa10104+master
US,CIEX,TRADR CIEN DAILY 2X,TRADR 2X LONG CIEN DAILY ETF,레버리지,2,AMEX,ETF,레버리지 주식,,,,카테고리,usa10104+master
US,CIFC,CORGI CIFR DAILY 2X,CORGI CIFR 2X DAILY ETF,레버리지,2,AMEX,ETF,레버리지 주식,,,,카테고리,usa10104+master
US,CIFG,LEVERAGE SHARES CIFR DAILY 2X,LEVERAGE SHARES 2X LONG CIFR DAILY ETF,레버리지,2,NASDAQ,ETF,레버리지 주식,,,,카테고리,usa10104+master
US,CIFU,T-REX CIFR DAILY 2X,T-REX 2X LONG CIFR DAILY TARGET ETF,레버리지,2,AMEX,ETF,레버리지 주식,,,,카테고리,usa10104+master
US,CIR,CORGI CRCL DAILY 2X,CORGI CRCL 2X DAILY ETF,레버리지,2,AMEX,ETF,레버리지 주식,,,,카테고리,usa10104+master
US,CLSX,TRADR CLSK DAILY 2X,TRADR 2X LONG CLSK DAILY ETF,레버리지,2,AMEX,ETF,레버리지 주식,,,,카테고리,usa10104+master
US,CMGG,LEVERAGE SHARES CMG DAILY 2X,LEVERAGE SHARES 2X LONG CMG DAILY ETF,레버리지,2,NASDAQ,ETF,레버리지 주식,,,,카테고리,usa10104+master
US,CNCG,LEVERAGE SHARES CNC DAILY 2X,LEVERAGE SHARES 2X LONG CNC DAILY ETF,레버리지,2,NASDAQ,ETF,레버리지 주식,,,,카테고리,usa10104+master
US,COHC,CORGI COHR DAILY 2X,CORGI COHR 2X DAILY ETF,레버리지,2,AMEX,ETF,레버리지 주식,,,,카테고리,usa10104+master
US,COHH,LEVERAGE SHARES COHR DAILY 2X,LEVERAGE SHARES 2X LONG COHR DAILY ETF,레버리지,2,AMEX,ETF,레버리지 주식,,,,카테고리,usa10104+master
US,COHX,TRADR COHR DAILY 2X,TRADR 2X LONG COHR DAILY ETF,레버리지,2,AMEX,ETF,레버리지 주식,,,,카테고리,usa10104+master
US,COIA,PROSHARES COIN 2X,PROSHARES ULTRA COIN,레버리지,2,NYSE,ETF,레버리지 주식,,,,카테고리,usa10104+master
US,COIG,코인베이스 데일리 2배 레버리지 셰어즈 ET,LEVERAGE SHARES 2X LONG COIN DAILY ETF,레버리지,2,NASDAQ,ETF,레버리지 주식,,,,카테고리,usa10104+master
US,COIX,CORGI COIN DAILY 2X,CORGI COIN 2X DAILY ETF,레버리지,2,AMEX,ETF,레버리지 주식,,,,카테고리,usa10104+master
US,CONL,코인베이스 2배 그래닛셰어즈 ETF,GRANITESHARES ETF TRUST 2X LONG COIN DAI,레버리지,2,NASDAQ,ETF,레버리지 주식,,,,카테고리,usa10104+master
US,CONX,DIREXION COIN DAILY 2X,DIREXION DAILY COIN BULL 2X ETF,레버리지,2,NASDAQ,ETF,레버리지 주식,,,,카테고리,usa10104+master
US,COPZ,DEFIANCE COPPER DAILY 2X,DEFIANCE DAILY TARGET 2X LONG COPPER MIN,레버리지,2,NYSE,ETF,레버리지 주식,,,,카테고리,usa10104+master
US,COTG,LEVERAGE SHARES COST DAILY 2X,LEVERAGE SHARES 2X LONG COST DAILY ETF,레버리지,2,NASDAQ,ETF,레버리지 주식,,,,카테고리,usa10104+master
US,COZX,TRADR CORZ DAILY 2X,TRADR 2X LONG CORZ DAILY ETF,레버리지,2,AMEX,ETF,,,,,종목명,usa10104+master
US,CPNX,TRADR CPNG DAILY 2X,TRADR 2X LONG CPNG DAILY ETF,레버리지,2,AMEX,ETF,레버리지 주식,,,,카테고리,usa10104+master
US,CPXR,USCF DAILY TARGET 2X COPPER,USCF DAILY TARGET 2X COPPER INDEX ETF,레버리지,2,NYSE,ETF,레버리지 원자재,,,,카테고리,usa10104+master
US,CRCA,울트라 써클 인터넷 그룹 2배 프로셰어즈 E,PROSHARES ULTRA CRCL,레버리지,2,NYSE,ETF,레버리지 주식,,,,카테고리,usa10104+master
US,CRCG,레버리지 셰어즈 써클 인터넷 그룹 데일리,LEVERAGE SHARES 2X LONG CRCL DAILY ETF,레버리지,2,NASDAQ,ETF,레버리지 주식,,,,카테고리,usa10104+master
US,CRD,CORGI CRDO 2X DAILY ETF,CORGI CRDO 2X DAILY ETF,레버리지,2,AMEX,ETF,레버리지 주식,,,,카테고리,usa10104+master
US,CRDU,TRADR CRDO DAILY 2X,TRADR 2X LONG CRDO DAILY ETF,레버리지,2,AMEX,ETF,레버리지 주식,,,,카테고리,usa10104+master
US,CRDX,CARDANO 2X,2X CARDANO ETF,레버리지,2,AMEX,ETF,,,,,종목명,usa10104+master
US,CRMG,레버리지 셰어즈 세일즈포스 2배 롱 데일리,LEVERAGE SHARES 2X LONG CRM DAILY ETF,레버리지,2,NASDAQ,ETF,레버리지 주식,,,,카테고리,usa10104+master
US,CRMU,LEVERAGE SHARES CRML DAILY 2X,LEVERAGE SHARES 2X LONG CRML DAILY ETF,레버리지,2,NASDAQ,ETF,레버리지 주식,,,,카테고리,usa10104+master
US,CRMX,TRADR CRML DAILY 2X,TRADR 2X LONG CRML DAILY ETF,레버리지,2,AMEX,ETF,레버리지 주식,,,,카테고리,usa10104+master
US,CRUC,CORGI CRUS DAILY 2X,CORGI CRUS 2X DAILY ETF,레버리지,2,AMEX,ETF,레버리지 주식,,,,카테고리,usa10104+master
US,CRWC,CORGI CRWD 2X DAILY ETF,CORGI CRWD 2X DAILY ETF,레버리지,2,AMEX,ETF,레버리지 주식,,,,카테고리,usa10104+master
US,CRWG,코어위브 데일리 2배 레버리지 셰어즈 ETF,LEVERAGE SHARES 2X LONG CRWV DAILY ETF,레버리지,2,NASDAQ,ETF,레버리지 주식,,,,카테고리,usa10104+master
US,CRWL,GRANITESHARES CRWD DAILY 2X,GRANITESHARES 2X LONG CRWD DAILY ETF,레버리지,2,NASDAQ,ETF,레버리지 주식,,,,카테고리,usa10104+master
US,CRWU,코어위브 데일리 2배 T-REX ETF,T-REX 2X LONG CRWV DAILY TARGET ETF,레버리지,2,AMEX,ETF,레버리지 주식,,,,카테고리,usa10104+master
US,CRWX,CORGI CRWV DAILY 2X,CORGI CRWV 2X DAILY ETF,레버리지,2,AMEX,ETF,레버리지 주식,,,,카테고리,usa10104+master
US,CRY,GRANITESHARES YIELDBOOST CRCL 2X,GRANITESHARES YIELDBOOST CRCL ETF,레버리지,2,NASDAQ,ETF,,,,,종목명,usa10104+master
US,CSCL,DIREXION CSCO DAILY 2X,DIREXION DAILY CSCO BULL 2X ETF,레버리지,2,NASDAQ,ETF,레버리지 주식,,,,카테고리,usa10104+master
US,CSEX,TRADR CLS DAILY 2X,TRADR 2X LONG CLS DAILY ETF,레버리지,2,AMEX,ETF,레버리지 주식,,,,카테고리,usa10104+master
US,CURE,데일리 헬스케어 3배 디렉시온 ETF,DIREXION DAILY HEALTHCARE BULL 3X ETF,레버리지,3,NYSE,ETF,레버리지 주식,,,,카테고리,usa10104+master
US,CWEB,중국 인터넷 레버리지 2배 디렉시온 ETF,DIREXION DAILY CSI CHINA INTERNET INDEX,레버리지,2,NYSE,ETF,레버리지 주식,,,,카테고리,usa10104+master
US,CWVX,Tradr 코어위브 데일리 2배 ETF,TRADR 2X LONG CRWV DAILY ETF,레버리지,2,AMEX,ETF,레버리지 주식,,,,카테고리,usa10104+master
US,CWY,GRANITESHARES YIELDBOOST CRWV 2X,GRANITESHARES YIELDBOOST CRWV ETF,레버리지,2,NASDAQ,ETF,,,,,종목명,usa10104+master
US,CXRN,TEUCRIUM CORN DAILY 2X,TEUCRIUM 2X DAILY CORN ETF,레버리지,2,NYSE,ETF,레버리지 원자재,,,,카테고리,usa10104+master
US,DDM,다우 30 2배 프로셰어즈 ETF,PROSHARES TRUST PSHS ULTRA DOW30,레버리지,2,NYSE,ETF,레버리지 주식,,,,카테고리,usa10104+master
US,DFEN,항공우주 방산 3배 레버리지 디렉시온 ETF,DIREXION DAILY AEROSPACE & DEFENSE BULL,레버리지,3,NYSE,ETF,레버리지 주식,,,,카테고리,usa10104+master
US,DGP,골드 더블 롱 DB ETN,DEUTSCHE BANK AG LONDON DB GOLD DOUBLE L,레버리지,2,NYSE,ETN,레버리지 원자재,,,,카테고리,usa10104+master
US,DIG,에너지 2배 프로셰어즈 ETF,PROSHARES TRUST ULTRA ENERGY,레버리지,2,NYSE,ETF,레버리지 주식,,,,카테고리,usa10104+master
US,DJTU,DJT 데일리 타겟 2배 T-REX ETF,T-REX 2X LONG DJT DAILY TARGET ETF,레버리지,2,AMEX,ETF,레버리지 주식,,,,카테고리,usa10104+master
US,DKNX,DEFIANCE DKNG DAILY 2X,DEFIANCE DAILY TARGET 2X LONG DKNG ETF,레버리지,2,NASDAQ,ETF,레버리지 주식,,,,카테고리,usa10104+master
US,DLLL,GRANITESHARES DELL DAILY 2X,GRANITESHARES 2X LONG DELL DAILY ETF,레버리지,2,NASDAQ,ETF,레버리지 주식,,,,카테고리,usa10104+master
US,DNNG,LEVERAGE SHARES DNN DAILY 2X,LEVERAGE SHARES 2X LONG DNN DAILY ETF,레버리지,2,NASDAQ,ETF,레버리지 주식,,,,카테고리,usa10104+master
US,DPST,미국 지역은행 3배 레버리지 디렉시온 ETF,DIREXION DAILY REGIONAL BANKS BULL 3X ET,레버리지,3,NYSE,ETF,레버리지 주식,,,,카테고리,usa10104+master
US,DRAL,DEFIANCE DRAM DAILY 2X,DEFIANCE DAILY TARGET 2X LONG DRAM ETF,레버리지,2,AMEX,ETF,레버리지 주식,,,,카테고리,usa10104+master
US,DRN,부동산 3배 레버리지 디렉시온 ETF,DIREXION DAILY REAL ESTATE BULL 3X ETF,레버리지,3,NYSE,ETF,레버리지 주식,,,,카테고리,usa10104+master
US,DRNL,DEFIANCE PURE DRONE AND AERIAL AUTOMATI,DEFIANCE 2X DAILY LONG PURE DRONE AND AE,레버리지,2,AMEX,ETF,레버리지 주식,,,,카테고리,usa10104+master
US,DUOG,LEVERAGE SHARES DUOL DAILY 2X,LEVERAGE SHARES 2X LONG DUOL DAILY ETF,레버리지,2,NASDAQ,ETF,레버리지 주식,,,,카테고리,usa10104+master
US,DUSL,데일리 미국 산업주 3배 디렉시온 ETF,DIREXION DAILY INDUSTRIALS BULL 3X ETF,레버리지,3,NYSE,ETF,레버리지 주식,,,,카테고리,usa10104+master
US,ECHX,LEVERAGE SHARES ECHO DAILY 2X,LEVERAGE SHARES 2X LONG ECHO DAILY ETF,레버리지,2,NASDAQ,ETF,레버리지 주식,,,,카테고리,usa10104+master
US,EDC,신흥국 레버리지 3배 디렉시온 ETF,DIREXION DAILY MSCI EMERGING MARKETS BUL,레버리지,3,NYSE,ETF,레버리지 주식,,,,카테고리,usa10104+master
US,EET,MSCI 신흥국 2배 프로셰어즈 ETF,PROSHARES TRUST ULTRA MSCI EMERGING MKTS,레버리지,2,NYSE,ETF,레버리지 주식,,,,카테고리,usa10104+master
US,EFO,MSCI EAFE 2배 프로셰어즈 ETF,PROSHARES TRUST ULTRA MSCI EAFE,레버리지,2,NYSE,ETF,레버리지 주식,,,,카테고리,usa10104+master
US,ELIL,DIREXION LLY DAILY 2X,DIREXION DAILY LLY BULL 2X ETF,레버리지,2,NASDAQ,ETF,레버리지 주식,,,,카테고리,usa10104+master
US,EMXX,CORGI EMERGING MARKETS DAILY 2X,CORGI EMERGING MARKETS 2X DAILY ETF,레버리지,2,AMEX,ETF,레버리지 주식,,,,카테고리,usa10104+master
US,ENTL,LEVERAGE SHARES ENTG DAILY 2X,LEVERAGE SHARES 2X LONG ENTG DAILY ETF,레버리지,2,AMEX,ETF,레버리지 주식,,,,카테고리,usa10104+master
US,EO,CORGI EOSE DAILY 2X,CORGI EOSE 2X DAILY ETF,레버리지,2,AMEX,ETF,레버리지 주식,,,,카테고리,usa10104+master
US,EOSU,T-REX EOSE DAILY 2X,T-REX 2X LONG EOSE DAILY TARGET ETF,레버리지,2,AMEX,ETF,레버리지 주식,,,,카테고리,usa10104+master
US,ERX,에너지 대형주 디렉시온 ETF,DIREXION DAILY ENERGY BULL 2X ETF,레버리지,2,NYSE,ETF,레버리지 주식,,,,카테고리,usa10104+master
US,ETHT,이더리움 2배 프로셰어즈 ETF,PROSHARES ULTRA ETHER ETF,레버리지,2,NYSE,ETF,,,,,종목명,usa10104+master
US,ETHU,이더리움 2배 ETF,2X ETHER ETF,레버리지,2,AMEX,ETF,,,,,종목명,usa10104+master
US,ETNG,LEVERAGE SHARES ETN DAILY 2X,LEVERAGE SHARES 2X LONG ETN DAILY ETF,레버리지,2,AMEX,ETF,레버리지 주식,,,,카테고리,usa10104+master
US,ETU,이더리움 데일리 타겟 2배 T-REX ETF,T-REX 2X LONG ETHER DAILY TARGET ETF,레버리지,2,AMEX,ETF,,,,,종목명,usa10104+master
US,EURL,데일리 FTSE 유럽 3배 수익 디렉시온 ETF,DIREXION DAILY FTSE EUROPE BULL 3X ETF,레버리지,3,NYSE,ETF,레버리지 주식,,,,카테고리,usa10104+master
US,EUVX,CORGI LITHOGRAPHY & SEMICONDUCTOR PHOTO,CORGI LITHOGRAPHY & SEMICONDUCTOR PHOTON,레버리지,2,AMEX,ETF,레버리지 주식,,,,카테고리,usa10104+master
US,EVMU,DIREXION ETHER DAILY 2X,DIREXION DAILY ETHER BULL 2X ETF,레버리지,2,NYSE,ETF,레버리지 주식,,,,카테고리,usa10104+master
US,EZJ,MSCI 일본 2배 프로셰어즈 ETF,PROSHARES TRUST ULTRA MSCI JAPAN,레버리지,2,NYSE,ETF,레버리지 주식,,,,카테고리,usa10104+master
US,FAS,금융주 3배 레버리지 디렉시온 ETF,DIREXION DAILY FINANCIAL BULL 3X ETF,레버리지,3,NYSE,ETF,레버리지 주식,,,,카테고리,usa10104+master
US,FBL,메타 2배 레버리지 그래닛셰어즈 ETF,GRANITESHARES ETF TRUST 2X LONG META DAI,레버리지,2,NASDAQ,ETF,레버리지 주식,,,,카테고리,usa10104+master
US,FBX,CORGI META DAILY 2X,CORGI META 2X DAILY ETF,레버리지,2,AMEX,ETF,레버리지 주식,,,,카테고리,usa10104+master
US,FBYY,GRANITESHARES YIELDBOOST META 2X,GRANITESHARES YIELDBOOST META ETF,레버리지,2,NASDAQ,ETF,,,,,종목명,usa10104+master
US,FCXG,LEVERAGE SHARES FCX DAILY 2X,LEVERAGE SHARES 2X LONG FCX DAILY ETF,레버리지,2,NASDAQ,ETF,레버리지 주식,,,,카테고리,usa10104+master
US,FDRX,FOUNDER-LED DAILY 2X,FOUNDER-LED 2X DAILY ETF,레버리지,2,NASDAQ,ETF,레버리지 주식,,,,카테고리,usa10104+master
US,FGRU,T-REX FIGR DAILY 2X,T-REX 2X LONG FIGR DAILY TARGET ETF,레버리지,2,AMEX,ETF,레버리지 주식,,,,카테고리,usa10104+master
US,FIGG,LEVERAGE SHARES FIG DAILY 2X,LEVERAGE SHARES 2X LONG FIG DAILY ETF,레버리지,2,NASDAQ,ETF,레버리지 주식,,,,카테고리,usa10104+master
US,FINY,GRANITESHARES YIELDBOOST FINANCIALS 3X,GRANITESHARES YIELDBOOST FINANCIALS ETF,레버리지,3,NASDAQ,ETF,,,,,종목명,usa10104+master
US,FLYT,TRADR FLY DAILY 2X,TRADR 2X LONG FLY DAILY ETF,레버리지,2,AMEX,ETF,레버리지 주식,,,,카테고리,usa10104+master
US,FLYU,여행 레버리지 3배 마이크로섹터 ETN,BANK OF MONTREAL MICROSECTORS TRAVEL 3X,레버리지,3,NYSE,ETN,레버리지 주식,,,,카테고리,usa10104+master
US,FNG,LEVERAGE SHARES FN DAILY 2X,LEVERAGE SHARES 2X LONG FN DAILY ETF,레버리지,2,AMEX,ETF,레버리지 주식,,,,카테고리,usa10104+master
US,FNGG,FANG 2배 디렉시온 ETF,DIREXION DAILY NYSE FANG+ BULL 2X ETF,레버리지,2,NYSE,ETF,레버리지 주식,,,,카테고리,usa10104+master
US,FNGO,FANG+ 2배 마이크로섹터 ETN,BANK OF MONTREAL MICROSECTORS FANG INDEX,레버리지,2,NYSE,ETN,레버리지 주식,,,,카테고리,usa10104+master
US,FNGU,FANG 플러스 3배 레버리지 마이크로섹터 ET,MICROSECTORS FANG+ 3X LEVERAGED ETNS DUE,레버리지,3,NYSE,ETN,레버리지 주식,,,,카테고리,usa10104+master
US,FOMG,LEVERAGE SHARES FORM DAILY 2X,LEVERAGE SHARES 2X LONG FORM DAILY ETF,레버리지,2,AMEX,ETF,레버리지 주식,,,,카테고리,usa10104+master
US,FPSX,LEVERAGE SHARES FPS DAILY 2X,LEVERAGE SHARES 2X LONG FPS DAILY ETF,레버리지,2,AMEX,ETF,레버리지 주식,,,,카테고리,usa10104+master
US,FUTG,LEVERAGE SHARES FUTU DAILY 2X,LEVERAGE SHARES 2X LONG FUTU DAILY ETF,레버리지,2,NASDAQ,ETF,레버리지 주식,,,,카테고리,usa10104+master
US,GDXU,금광 3배 마이크로섹터 ETN,BANK OF MONTREAL MICROSECTORS GOLD MINER,레버리지,3,NYSE,ETN,레버리지 원자재,,,,카테고리,usa10104+master
US,GEMG,LEVERAGE SHARES GEMI DAILY 2X,LEVERAGE SHARES 2X LONG GEMI DAILY ETF,레버리지,2,NASDAQ,ETF,레버리지 주식,,,,카테고리,usa10104+master
US,GEVC,CORGI GEV DAILY 2X,CORGI GEV 2X DAILY ETF,레버리지,2,AMEX,ETF,레버리지 주식,,,,카테고리,usa10104+master
US,GEVG,LEVERAGE SHARES GEV DAILY 2X,LEVERAGE SHARES 2X LONG GEV DAILY ETF,레버리지,2,NASDAQ,ETF,레버리지 주식,,,,카테고리,usa10104+master
US,GEVX,TRADR GEV DAILY 2X,TRADR 2X LONG GEV DAILY ETF,레버리지,2,AMEX,ETF,레버리지 주식,,,,카테고리,usa10104+master
US,GFSG,LEVERAGE SHARES GFS DAILY 2X,LEVERAGE SHARES 2X LONG GFS DAILY ETF,레버리지,2,AMEX,ETF,레버리지 주식,,,,카테고리,usa10104+master
US,GGLL,구글 레버리지 2배 디렉시온 ETF,DIREXION DAILY GOOGL BULL 2X ETF,레버리지,2,NASDAQ,ETF,레버리지 주식,,,,카테고리,usa10104+master
US,GLGG,LEVERAGE SHARES GLXY DAILY 2X,LEVERAGE SHARES 2X LONG GLXY DAILY ETF,레버리지,2,NASDAQ,ETF,레버리지 주식,,,,카테고리,usa10104+master
US,GLWG,LEVERAGE SHARES GLW DAILY 2X,LEVERAGE SHARES 2X LONG GLW DAILY ETF,레버리지,2,NASDAQ,ETF,레버리지 주식,,,,카테고리,usa10104+master
US,GLX,CORGI GLXY DAILY 2X,CORGI GLXY 2X DAILY ETF,레버리지,2,AMEX,ETF,레버리지 주식,,,,카테고리,usa10104+master
US,GLXU,갤럭시 디지털 데일리 2배 T-REX ETF,T-REX 2X LONG GLXY DAILY TARGET ETF,레버리지,2,AMEX,ETF,레버리지 주식,,,,카테고리,usa10104+master
US,GMEC,CORGI GME DAILY 2X,CORGI GME 2X DAILY ETF,레버리지,2,AMEX,ETF,레버리지 주식,,,,카테고리,usa10104+master
US,GMEU,게임스탑 데일리 타겟 2배 롱 T-REX ETF,T-REX 2X LONG GME DAILY TARGET ETF,레버리지,2,AMEX,ETF,레버리지 주식,,,,카테고리,usa10104+master
US,GOGL,CORGI GOOGL DAILY 2X,CORGI GOOGL 2X DAILY ETF,레버리지,2,AMEX,ETF,레버리지 주식,,,,카테고리,usa10104+master
US,GOOL,LEVERAGE SHARES GOOGL DAILY 2X,LEVERAGE SHARES 2X LONG GOOGL DAILY ETF,레버리지,2,AMEX,ETF,레버리지 주식,,,,카테고리,usa10104+master
US,GOOX,알파벳 레버리지 2배 터틀 ETF,ETF OPPORTUNITIES TR T REX 2X LONG ALPHA,레버리지,2,AMEX,ETF,레버리지 주식,,,,카테고리,usa10104+master
US,GOU,GRANITESHARES GOOGL DAILY 2X,GRANITESHARES 2X LONG GOOGL DAILY ETF,레버리지,2,NASDAQ,ETF,레버리지 주식,,,,카테고리,usa10104+master
US,GRAG,LEVERAGE SHARES GRAB DAILY 2X,LEVERAGE SHARES 2X LONG GRAB DAILY ETF,레버리지,2,NASDAQ,ETF,레버리지 주식,,,,카테고리,usa10104+master
US,GUSH,S&P 원유/가스 2배 레버리지 디렉시온 ETF,DIREXION DAILY S&P OIL & GAS EXP. & PROD,레버리지,2,NYSE,ETF,레버리지 주식,,,,카테고리,usa10104+master
US,HDLB,미국 2배 고배당 저변동성 시리즈 B 엑스트,UBS AG LONDON ETRACS MNTY PY 2XLEV US HG,레버리지,2,NYSE,ETN,레버리지 주식,,,,카테고리,usa10104+master
US,HIBL,S&P 500 경기민감주 3배 디렉시온 ETF,DIREXION DAILY S&P 500 HIGH BETA BULL 3X,레버리지,3,NYSE,ETF,레버리지 주식,,,,카테고리,usa10104+master
US,HIMC,CORGI HIMS 2X DAILY ETF,CORGI HIMS 2X DAILY ETF,레버리지,2,AMEX,ETF,레버리지 주식,,,,카테고리,usa10104+master
US,HIMZ,힘스 앤 허스 헬스 데일리 타겟 2배 롱 디,DEFIANCE DAILY TARGET 2X LONG HIMS ETF,레버리지,2,NASDAQ,ETF,레버리지 주식,,,,카테고리,usa10104+master
US,HMYY,GRANITESHARES YIELDBOOST HIMS 2X,GRANITESHARES YIELDBOOST HIMS ETF,레버리지,2,NASDAQ,ETF,,,,,종목명,usa10104+master
US,HODU,DIREXION HOOD DAILY 2X,DIREXION DAILY HOOD BULL 2X ETF,레버리지,2,NASDAQ,ETF,레버리지 주식,,,,카테고리,usa10104+master
US,HONG,LEVERAGE SHARES HON DAILY 2X,LEVERAGE SHARES 2X LONG HON DAILY ETF,레버리지,2,AMEX,ETF,레버리지 주식,,,,카테고리,usa10104+master
US,HOOC,CORGI HOOD DAILY 2X,CORGI HOOD 2X DAILY ETF,레버리지,2,AMEX,ETF,레버리지 주식,,,,카테고리,usa10104+master
US,HOOG,로빈후드 데일리 2배 레버리지 셰어즈 ETF,LEVERAGE SHARES 2X LONG HOOD DAILY ETF,레버리지,2,NASDAQ,ETF,레버리지 주식,,,,카테고리,usa10104+master
US,HOOX,로빈후드 데일리 2배 디파이언스 ETF,DEFIANCE DAILY TARGET 2X LONG HOOD ETF,레버리지,2,NASDAQ,ETF,레버리지 주식,,,,카테고리,usa10104+master
US,HOYY,GRANITESHARES YIELDBOOST HOOD 2X,GRANITESHARES YIELDBOOST HOOD ETF,레버리지,2,NASDAQ,ETF,,,,,종목명,usa10104+master
US,HPEL,LEVERAGE SHARES HPE DAILY 2X,LEVERAGE SHARES 2X LONG HPE DAILY ETF,레버리지,2,AMEX,ETF,레버리지 주식,,,,카테고리,usa10104+master
US,HUTG,LEVERAGE SHARES HUT DAILY 2X,LEVERAGE SHARES 2X LONG HUT DAILY ETF,레버리지,2,NASDAQ,ETF,레버리지 주식,,,,카테고리,usa10104+master
US,HYNX,T-REX SK HYNIX 2X,T-REX 2X LONG SKHY DAILY TARGET ETF,레버리지,2,NYSE,ETF,레버리지 주식,,,,카테고리,usa10104+master
US,IBX,TRADR IBM DAILY 2X,TRADR 2X LONG IBM DAILY ETF,레버리지,2,AMEX,ETF,레버리지 주식,,,,카테고리,usa10104+master
US,INDL,MSCI 인도 2배 레버리지 디렉시온 ETF,DIREXION DAILY MSCI INDIA BULL 2X ETF,레버리지,2,NYSE,ETF,레버리지 주식,,,,카테고리,usa10104+master
US,INFH,DEFIANCE INFQ DAILY 2X,DEFIANCE DAILY TARGET 2X LONG INFQ ETF,레버리지,2,AMEX,ETF,레버리지 주식,,,,카테고리,usa10104+master
US,INT,CORGI INTC DAILY 2X,CORGI INTC 2X DAILY ETF,레버리지,2,AMEX,ETF,레버리지 주식,,,,카테고리,usa10104+master
US,INTW,인텔 데일리 2배 롱 그래닛셰어즈 ETF,GRANITESHARES 2X LONG INTC DAILY ETF,레버리지,2,NASDAQ,ETF,레버리지 주식,,,,카테고리,usa10104+master
US,IONC,CORGI IONQ DAILY 2X,CORGI IONQ 2X DAILY ETF,레버리지,2,AMEX,ETF,레버리지 주식,,,,카테고리,usa10104+master
US,IONL,아이온큐 2배 그래닛셰어즈 ETF,GRANITESHARES 2X LONG IONQ DAILY ETF,레버리지,2,NASDAQ,ETF,레버리지 주식,,,,카테고리,usa10104+master
US,IONX,아이온큐 2배 롱 디파이언스 ETF,DEFIANCE DAILY TARGET 2X LONG IONQ ETF,레버리지,2,NASDAQ,ETF,레버리지 주식,,,,카테고리,usa10104+master
US,IOSX,CORGI AAPL DAILY 2X,CORGI AAPL 2X DAILY ETF,레버리지,2,AMEX,ETF,레버리지 주식,,,,카테고리,usa10104+master
US,IOYY,GRANITESHARES YIELDBOOST IONQ 2X,GRANITESHARES YIELDBOOST IONQ ETF,레버리지,2,NASDAQ,ETF,,,,,종목명,usa10104+master
US,IRE,아이렌 데일리 2배 디파이언스 ETF,DEFIANCE DAILY TARGET 2X LONG IREN ETF,레버리지,2,NYSE,ETF,레버리지 주식,,,,카테고리,usa10104+master
US,IREC,CORGI IREN 2X DAILY ETF,CORGI IREN 2X DAILY ETF,레버리지,2,AMEX,ETF,레버리지 주식,,,,카테고리,usa10104+master
US,IREG,LEVERAGE SHARES IREN DAILY 2X,LEVERAGE SHARES 2X LONG IREN DAILY ETF,레버리지,2,NASDAQ,ETF,레버리지 주식,,,,카테고리,usa10104+master
US,IREX,아이렌 데일리 2배 TRADR ETF,TRADR 2X LONG IREN DAILY ETF,레버리지,2,AMEX,ETF,레버리지 주식,,,,카테고리,usa10104+master
US,ISUL,GRANITESHARES ISRG DAILY 2X,GRANITESHARES 2X LONG ISRG DAILY ETF,레버리지,2,NASDAQ,ETF,레버리지 주식,,,,카테고리,usa10104+master
US,IWDL,미국 가치주 2배 이트렉스 ETN,UBS AG LONDON UBS ETRACS 2X LEV US VAL F,레버리지,2,NYSE,ETN,레버리지 주식,,,,카테고리,usa10104+master
US,IWFL,미국성장주 2배 이트랙스 ETN,UBS AG LONDON UBS ETRACS 2X LEV US GTH F,레버리지,2,NYSE,ETN,레버리지 주식,,,,카테고리,usa10104+master
US,IWML,미국 소형주 2배 이트랙스 ETN,UBS AG LONDON ETRACS 2X LEV US SZE FR TR,레버리지,2,NYSE,ETN,레버리지 주식,,,,카테고리,usa10104+master
US,JBLG,LEVERAGE SHARES JBL DAILY 2X,LEVERAGE SHARES 2X LONG JBL DAILY ETF,레버리지,2,AMEX,ETF,레버리지 주식,,,,카테고리,usa10104+master
US,JETU,맥스 에어라인 3배 레버리지 ETN,BANK OF MONTREAL MAX AIRLINES 3X LEVERAG,레버리지,3,NYSE,ETN,레버리지 주식,,,,카테고리,usa10104+master
US,JNUG,금은 소형주 2배 디렉시온 ETF,DIREXION DAILY JUNIOR GOLD MINERS INDEX,레버리지,2,NYSE,ETF,레버리지 주식,,,,카테고리,usa10104+master
US,JOBC,CORGI JOBY DAILY 2X,CORGI JOBY 2X DAILY ETF,레버리지,2,AMEX,ETF,레버리지 주식,,,,카테고리,usa10104+master
US,JOBX,TRADR JOBY DAILY 2X,TRADR 2X LONG JOBY DAILY ETF,레버리지,2,AMEX,ETF,레버리지 주식,,,,카테고리,usa10104+master
US,KBAB,KRANSHARES BABA DAILY 2X,KRANESHARES 2X LONG BABA DAILY ETF,레버리지,2,NASDAQ,ETF,레버리지 주식,,,,카테고리,usa10104+master
US,KBDU,KRANESHARES BIDU DAILY 2X,KRANESHARES 2X LONG BIDU DAILY ETF,레버리지,2,NASDAQ,ETF,레버리지 주식,,,,카테고리,usa10104+master
US,KEEX,DEFIANCE BITF DAILY 2X,DEFIANCE DAILY TARGET 2X LONG KEEL ETF,레버리지,2,AMEX,ETF,레버리지 주식,,,,카테고리,usa10104+master
US,KEYG,LEVERAGE SHARES KEYS DAILY 2X,LEVERAGE SHARES 2X LONG KEYS DAILY ETF,레버리지,2,AMEX,ETF,레버리지 주식,,,,카테고리,usa10104+master
US,KEYX,CORGI KEYS DAILY 2X,CORGI KEYS 2X DAILY ETF,레버리지,2,AMEX,ETF,레버리지 주식,,,,카테고리,usa10104+master
US,KJD,KRANESHARES JD DAILY 2X,KRANESHARES 2X LONG JD DAILY ETF,레버리지,2,NASDAQ,ETF,레버리지 주식,,,,카테고리,usa10104+master
US,KLAG,LEVERAGE SHARES KLAC DAILY 2X,LEVERAGE SHARES 2X LONG KLAC DAILY ETF,레버리지,2,NASDAQ,ETF,레버리지 주식,,,,카테고리,usa10104+master
US,KMLI,KRANESHARES MELI DAILY 2X,KRANESHARES 2X LONG MELI DAILY ETF,레버리지,2,NASDAQ,ETF,레버리지 주식,,,,카테고리,usa10104+master
US,KORU,한국 3배 레버리지 디렉시온 ETF,DIREXION DAILY MSCI SOUTH KOREA BULL 3X,레버리지,3,NYSE,ETF,레버리지 주식,,,,카테고리,usa10104+master
US,KPDD,KRANSHARES PDD DAILY 2X,KRANESHARES 2X LONG PDD DAILY ETF,레버리지,2,NASDAQ,ETF,레버리지 주식,,,,카테고리,usa10104+master
US,KRWX,CORGI SOUTH KOREA DAILY 2X,CORGI SOUTH KOREA 2X DAILY ETF,레버리지,2,AMEX,ETF,레버리지 주식,,,,카테고리,usa10104+master
US,KTUP,T-REX KTOS DAILY 2X,T-REX 2X LONG KTOS DAILY TARGET ETF,레버리지,2,AMEX,ETF,레버리지 주식,,,,카테고리,usa10104+master
US,LABU,S&P 바이오 3배 디렉시온 ETF,DIREXION DAILY S&P BIOTECH BULL 3X ETF,레버리지,3,NYSE,ETF,레버리지 주식,,,,카테고리,usa10104+master
US,LABX,TRADR ALAB DAILY 2X,TRADR 2X LONG ALAB DAILY ETF,레버리지,2,AMEX,ETF,레버리지 주식,,,,카테고리,usa10104+master
US,LACG,LEVERAGE SHARES LAC DAILY 2X,LEVERAGE SHARES 2X LONG LAC DAILY ETF,레버리지,2,NASDAQ,ETF,레버리지 주식,,,,카테고리,usa10104+master
US,LASC,CORGI LASR DAILY 2X,CORGI LASR 2X DAILY ETF,레버리지,2,AMEX,ETF,레버리지 주식,,,,카테고리,usa10104+master
US,LEUX,TRADR LEU DAILY 2X,TRADR 2X LONG LEU DAILY ETF,레버리지,2,AMEX,ETF,레버리지 주식,,,,카테고리,usa10104+master
US,LINT,DIREXION INTC DAILY 2X,DIREXION DAILY INTC BULL 2X ETF,레버리지,2,NASDAQ,ETF,레버리지 주식,,,,카테고리,usa10104+master
US,LITC,CORGI LITE DAILY 2X,CORGI LITE 2X DAILY ETF,레버리지,2,AMEX,ETF,레버리지 주식,,,,카테고리,usa10104+master
US,LITU,T-REX LITE DAILY 2X,T-REX 2X LONG LITE DAILY TARGET ETF,레버리지,2,AMEX,ETF,레버리지 주식,,,,카테고리,usa10104+master
US,LITX,TRADR LITE DAILY 2X,TRADR 2X LONG LITE DAILY ETF,레버리지,2,AMEX,ETF,레버리지 주식,,,,카테고리,usa10104+master
US,LLYX,일라이 릴리 데일리 타겟 2배 디파이언스 E,DEFIANCE DAILY TARGET 2X LONG LLY ETF,레버리지,2,NYSE,ETF,레버리지 주식,,,,카테고리,usa10104+master
US,LMNX,DEFIANCE LMND DAILY 2X,DEFIANCE DAILY TARGET 2X LONG LMND ETF,레버리지,2,NASDAQ,ETF,레버리지 주식,,,,카테고리,usa10104+master
US,LMTL,DIREXION LMT DAILY 2X,DIREXION DAILY LMT BULL 2X ETF,레버리지,2,NASDAQ,ETF,레버리지 주식,,,,카테고리,usa10104+master
US,LNOK,DEFIANCE NOK DAILY 2X,DEFIANCE DAILY TARGET 2X LONG NOK ETF,레버리지,2,AMEX,ETF,레버리지 주식,,,,카테고리,usa10104+master
US,LOFF,스페이스X 2배 디렉시온 ETF,DIREXION DAILY SPACEX BULL 2X ETF,레버리지,2,NYSE,ETF,레버리지 주식,,,,카테고리,usa10104+master
US,LRCC,CORGI LRCX DAILY 2X,CORGI LRCX 2X DAILY ETF,레버리지,2,AMEX,ETF,레버리지 주식,,,,카테고리,usa10104+master
US,LRCU,TRADR LRCX DAILY 2X,TRADR 2X LONG LRCX DAILY ETF,레버리지,2,AMEX,ETF,레버리지 주식,,,,카테고리,usa10104+master
US,LRNX,CORGI LRN DAILY 2X,CORGI LRN 2X DAILY ETF,레버리지,2,AMEX,ETF,레버리지 주식,,,,카테고리,usa10104+master
US,LTL,커뮤니케이션 2배 프로셰어즈 ETF,PROSHARES TRUST ULTRA COMMUNICATION SERV,레버리지,2,NYSE,ETF,레버리지 주식,,,,카테고리,usa10104+master
US,LULG,LEVERAGE SHARES LULU DAILY 2X,LEVERAGE SHARES 2X LONG LULU DAILY ETF,레버리지,2,NASDAQ,ETF,레버리지 주식,,,,카테고리,usa10104+master
US,LUNL,DEFIANCE LUNR DAILY 2X,DEFIANCE DAILY TARGET 2X LONG LUNR ETF,레버리지,2,AMEX,ETF,레버리지 주식,,,,카테고리,usa10104+master
US,MAAY,GRANITESHARES YIELDBOOST MARA 2X,GRANITESHARES YIELDBOOST MARA ETF,레버리지,2,NASDAQ,ETF,,,,,종목명,usa10104+master
US,MAGX,ROUNDHILL DAILY MAGNIFICENT SEVEN 2X,ROUNDHILL DAILY 2X LONG MAGNIFICENT SEVE,레버리지,2,AMEX,ETF,레버리지 주식,,,,카테고리,usa10104+master
US,MCHG,LEVERAGE SHARES MCHP DAILY 2X,LEVERAGE SHARES 2X LONG MCHP DAILY ETF,레버리지,2,AMEX,ETF,레버리지 주식,,,,카테고리,usa10104+master
US,MCHU,TRADR MCHP DAILY 2X,TRADR 2X LONG MCHP DAILY ETF,레버리지,2,AMEX,ETF,레버리지 주식,,,,카테고리,usa10104+master
US,MEME,ROUNDHILL MEME STOCK,ROUNDHILL MEME STOCK ETF,레버리지,2,NYSE,ETF,레버리지 주식,,,,카테고리,usa10104+master
US,METU,메타 2배 디렉시온 ETF,DIREXION DAILY META BULL 2X ETF,레버리지,2,NASDAQ,ETF,레버리지 주식,,,,카테고리,usa10104+master
US,MEXX,MSCI 멕시코 3배 디렉시온 ETF,DIREXION DAILY MSCI MEXICO BULL 3X ETF,레버리지,3,NYSE,ETF,레버리지 주식,,,,카테고리,usa10104+master
US,MGKX,CORGI US MEGA-CAP GROWTH DAILY 2X,CORGI U.S. MEGA-CAP GROWTH 2X DAILY ETF,레버리지,2,AMEX,ETF,레버리지 주식,,,,카테고리,usa10104+master
US,MHX,CORGI MARA 2X DAILY ETF,CORGI MARA 2X DAILY ETF,레버리지,2,AMEX,ETF,레버리지 주식,,,,카테고리,usa10104+master
US,MIC,CORGI MU DAILY 2X,CORGI MU 2X DAILY ETF,레버리지,2,AMEX,ETF,레버리지 주식,,,,카테고리,usa10104+master
US,MIDU,S&P 400 중형주 3배 디렉시온 ETF,DIREXION DAILY MID CAP BULL 3X ETF,레버리지,3,NYSE,ETF,레버리지 주식,,,,카테고리,usa10104+master
US,MLPR,MLP 1.5배 이트렉스 ETN,UBS AG LONDON ETRACS 1.5X QTLY LEV ALER,레버리지,1.5,NYSE,ETN,레버리지 주식,,,,카테고리,usa10104+master
US,MNSX,CORGI MNST DAILY 2X,CORGI MNST 2X DAILY ETF,레버리지,2,AMEX,ETF,레버리지 주식,,,,카테고리,usa10104+master
US,MPG,MP 머티리얼스 데일리 2배 롱 레버리지 셰,LEVERAGE SHARES 2X LONG MP DAILY ETF,레버리지,2,NASDAQ,ETF,레버리지 주식,,,,카테고리,usa10104+master
US,MPL,MP 머티리얼스 데일리 2배 디파이언스 ETF,DEFIANCE DAILY TARGET 2X LONG MP ETF,레버리지,2,NYSE,ETF,레버리지 주식,,,,카테고리,usa10104+master
US,MPWC,CORGI MPWR DAILY 2X,CORGI MPWR 2X DAILY ETF,레버리지,2,AMEX,ETF,레버리지 주식,,,,카테고리,usa10104+master
US,MPWX,TRADR MPWR DAILY 2X,TRADR 2X LONG MPWR DAILY ETF,레버리지,2,AMEX,ETF,레버리지 주식,,,,카테고리,usa10104+master
US,MQQQ,TRADR INNOVATION 100 MONTHLY 2X,INVESTMENT MANAGERS SERIES TRUST II TRAD,레버리지,2,NASDAQ,ETF,레버리지 주식,,,,카테고리,usa10104+master
US,MRAL,GRANITESHARES MARA DAILY 2X,GRANITESHARES 2X LONG MARA DAILY ETF,레버리지,2,NASDAQ,ETF,레버리지 주식,,,,카테고리,usa10104+master
US,MRNX,DEFIANCE MRNA DAILY 2X,DEFIANCE DAILY TARGET 2X LONG MRNA ETF,레버리지,2,NYSE,ETF,레버리지 주식,,,,카테고리,usa10104+master
US,MRVU,DIREXION MRVL DAILY 2X,DIREXION DAILY MRVL BULL 2X ETF,레버리지,2,NASDAQ,ETF,레버리지 주식,,,,카테고리,usa10104+master
US,MRVX,CORGI MRVL 2X DAILY ETF,CORGI MRVL 2X DAILY ETF,레버리지,2,AMEX,ETF,레버리지 주식,,,,카테고리,usa10104+master
US,MSFC,CORGI MSFT DAILY 2X,CORGI MSFT 2X DAILY ETF,레버리지,2,AMEX,ETF,레버리지 주식,,,,카테고리,usa10104+master
US,MSFL,마이크로소프트 2배 그래닛셰어즈 ETF,GRANITESHARES ETF TRUST GRANITESHARES 2X,레버리지,2,NASDAQ,ETF,레버리지 주식,,,,카테고리,usa10104+master
US,MSFU,마이크로소프트 레버리지 2배 디렉시온 ETF,DIREXION DAILY MSFT BULL 2X ETF,레버리지,2,NASDAQ,ETF,레버리지 주식,,,,카테고리,usa10104+master
US,MSFX,마이크로소프트 타겟 2배 T-Rex ETF,ETF OPPORTUNITIES TR T REX 2X LONG MICRO,레버리지,2,AMEX,ETF,레버리지 주식,,,,카테고리,usa10104+master
US,MSIX,CORGI MSI DAILY 2X,CORGI MSI 2X DAILY ETF,레버리지,2,AMEX,ETF,레버리지 주식,,,,카테고리,usa10104+master
US,MSOX,MSOS 2배 어드바이저셰어즈 ETF,ADVISORSHARES MSOS DAILY LEVERAGED ETF,레버리지,2,NYSE,ETF,레버리지 주식,,,,카테고리,usa10104+master
US,MST,스트래티지 레버리지드 롱 플러스 인컴 디,DEFIANCE LEVERAGED LONG INCOME MSTR ETF,레버리지,2,NASDAQ,ETF,,,,,종목명,usa10104+master
US,MSTC,CORGI MSTR DAILY 2X,CORGI MSTR 2X DAILY ETF,레버리지,2,AMEX,ETF,레버리지 주식,,,,카테고리,usa10104+master
US,MSTP,GRANITESHARES MSTR DAILY 2X,GRANITESHARES 2X LONG MSTR DAILY ETF,레버리지,2,NASDAQ,ETF,레버리지 주식,,,,카테고리,usa10104+master
US,MSTU,스트래티지 타겟 2배 T-REX ETF,T-REX 2X LONG MSTR DAILY TARGET ETF,레버리지,2,AMEX,ETF,레버리지 주식,,,,카테고리,usa10104+master
US,MSTX,스트래티지 2배 롱 디파이언스 ETF,DEFIANCE DAILY TARGET 2X LONG MSTR ETF,레버리지,2,NASDAQ,ETF,레버리지 주식,,,,카테고리,usa10104+master
US,MTSG,LEVERAGE SHARES MTSI DAILY 2X,LEVERAGE SHARES 2X LONG MTSI DAILY ETF,레버리지,2,AMEX,ETF,레버리지 주식,,,,카테고리,usa10104+master
US,MTUL,MSCI 미국 모멘텀 팩터 레버리지 2배 이트,UBS AG LONDON ETRACS 2X LEV MSCI US MON,레버리지,2,NYSE,ETN,레버리지 주식,,,,카테고리,usa10104+master
US,MTYY,GRANITESHARES YIELDBOOST MSTR 2X,GRANITESHARES YIELDBOOST MSTR ETF,레버리지,2,NASDAQ,ETF,,,,,종목명,usa10104+master
US,MULL,GRANITESHARES MU DAILY 2X,GRANITESHARES 2X LONG MU DAILY ETF,레버리지,2,NASDAQ,ETF,레버리지 주식,,,,카테고리,usa10104+master
US,MUU,마이크론 테크놀로지 2배 디렉시온 ETF,DIREXION DAILY MU BULL 2X ETF,레버리지,2,NASDAQ,ETF,레버리지 주식,,,,카테고리,usa10104+master
US,MUYY,GRANITESHARES YIELDBOOST MU 2X,GRANITESHARES YIELDBOOST MU ETF,레버리지,2,NASDAQ,ETF,,,,,종목명,usa10104+master
US,MVLL,마벨 테크놀로지 데일리 2배 롱 그래닛셰어,GRANITESHARES 2X LONG MRVL DAILY ETF,레버리지,2,NASDAQ,ETF,레버리지 주식,,,,카테고리,usa10104+master
US,MVPL,S&P 500 레버리지 어드바이저셰어즈 ETF,ADVISOR MANAGED PORTFOLIOS MILLER VALUE,레버리지,2,NYSE,ETF,레버리지 주식,,,,카테고리,usa10104+master
US,MVRL,모기지 리츠 1.5배 레버리지 이트랙스 ETN,UBS AG LONDON ETRACS 2XMTHLY LEVERAGED M,레버리지,1.5,NYSE,ETN,레버리지 주식,,,,카테고리,usa10104+master
US,MVV,S&P 중형주 400 2배 프로셰어즈 ETF,PROSHARES TRUST PSHS ULT MCAP400,레버리지,2,NYSE,ETF,레버리지 주식,,,,카테고리,usa10104+master
US,NAIL,미국 건설주 3배 레버리지 디렉시온 ETF,DIREXION DAILY HOMEBUILDERS & SUPPLIES B,레버리지,3,NYSE,ETF,레버리지 주식,,,,카테고리,usa10104+master
US,NBIC,CORGI NBIS 2X DAILY ETF,CORGI NBIS 2X DAILY ETF,레버리지,2,AMEX,ETF,레버리지 주식,,,,카테고리,usa10104+master
US,NBIG,LEVERAGE SHARES NBIS DAILY 2X,LEVERAGE SHARES 2X LONG NBIS DAILY ETF,레버리지,2,NASDAQ,ETF,레버리지 주식,,,,카테고리,usa10104+master
US,NBIL,GRANITESHARES NBIS DAILY 2X,GRANITESHARES 2X LONG NBIS DAILY ETF,레버리지,2,NASDAQ,ETF,레버리지 주식,,,,카테고리,usa10104+master
US,NEBX,네비우스 그룹 데일리 2배 TRADR ETF,TRADR 2X LONG NBIS DAILY ETF,레버리지,2,AMEX,ETF,레버리지 주식,,,,카테고리,usa10104+master
US,NEMG,LEVERAGE SHARES NEM DAILY 2X,LEVERAGE SHARES 2X LONG NEM DAILY ETF,레버리지,2,NASDAQ,ETF,레버리지 주식,,,,카테고리,usa10104+master
US,NETG,LEVERAGE SHARES NET DAILY 2X,LEVERAGE SHARES 2X LONG NET DAILY ETF,레버리지,2,NASDAQ,ETF,레버리지 주식,,,,카테고리,usa10104+master
US,NFLU,넷플릭스 데일리 타겟 2배 T-REX ETF,T-REX 2X LONG NFLX DAILY TARGET ETF,레버리지,2,AMEX,ETF,레버리지 주식,,,,카테고리,usa10104+master
US,NFX,CORGI NFLX DAILY 2X,CORGI NFLX 2X DAILY ETF,레버리지,2,AMEX,ETF,레버리지 주식,,,,카테고리,usa10104+master
US,NFXL,넷플릭스 2배 디렉시온 ETF,DIREXION DAILY NFLX BULL 2X ETF,레버리지,2,NASDAQ,ETF,레버리지 주식,,,,카테고리,usa10104+master
US,NIOG,LEVERAGE SHARES NIO DAILY 2X,LEVERAGE SHARES 2X LONG NIO DAILY ETF,레버리지,2,NASDAQ,ETF,레버리지 주식,,,,카테고리,usa10104+master
US,NOWL,GRANITESHARES NOW DAILY 2X,GRANITESHARES 2X LONG NOW DAILY ETF,레버리지,2,NASDAQ,ETF,레버리지 주식,,,,카테고리,usa10104+master
US,NOWX,CORGI NOW 2X DAILY ETF,CORGI NOW 2X DAILY ETF,레버리지,2,AMEX,ETF,레버리지 주식,,,,카테고리,usa10104+master
US,NRGU,미국 석유 기업 3배 마이크로섹터 ETN,MICROSECTORS U.S. BIG OIL 3 LEVERAGED ET,레버리지,3,NYSE,ETN,레버리지 주식,,,,카테고리,usa10104+master
US,NTAL,GRANITESHARES 2X LONG NTAP DAILY ETF,GRANITESHARES 2X LONG NTAP DAILY ETF,레버리지,2,NASDAQ,ETF,레버리지 주식,,,,카테고리,usa10104+master
US,NUG,LEVERAGE SHARES NU DAILY 2X,LEVERAGE SHARES 2X LONG NU DAILY ETF,레버리지,2,NASDAQ,ETF,레버리지 주식,,,,카테고리,usa10104+master
US,NUGT,글로벌 금광 2배 디렉시온 ETF,DIREXION DAILY GOLD MINERS INDEX BULL 2X,레버리지,2,NYSE,ETF,레버리지 주식,,,,카테고리,usa10104+master
US,NVC,CORGI NVDA DAILY 2X,CORGI NVDA 2X DAILY ETF,레버리지,2,AMEX,ETF,레버리지 주식,,,,카테고리,usa10104+master
US,NVDB,PROSHARES NVDA 2X,PROSHARES ULTRA NVDA,레버리지,2,NYSE,ETF,레버리지 주식,,,,카테고리,usa10104+master
US,NVDG,엔비디아 데일리 2배 롱 레버리지 셰어즈 E,THEMES ETF TRUST LEVERAGE SHARES 2X LONG,레버리지,2,NASDAQ,ETF,레버리지 주식,,,,카테고리,usa10104+master
US,NVDL,엔비디아 2배 그래닛셰어즈 ETF,GRANITESHARES ETF TRUST 2X LONG NVDA DAI,레버리지,2,NASDAQ,ETF,레버리지 주식,,,,카테고리,usa10104+master
US,NVDU,엔비디아 2배 레버리지 디렉시온 ETF,DIREXION DAILY NVDA BULL 2X ETF,레버리지,2,NASDAQ,ETF,레버리지 주식,,,,카테고리,usa10104+master
US,NVDX,엔비디아 2배 레버리지 T-REX ETF,ETF OPPORTUNITIES TR T REX 2X LONG NVIDI,레버리지,2,AMEX,ETF,레버리지 주식,,,,카테고리,usa10104+master
US,NVII,REX NVDA GROWTH & INCOME,REX NVDA GROWTH & INCOME ETF,레버리지,2,AMEX,ETF,레버리지 주식,,,,카테고리,usa10104+master
US,NVOC,CORGI NVO 2X DAILY ETF,CORGI NVO 2X DAILY ETF,레버리지,2,AMEX,ETF,레버리지 주식,,,,카테고리,usa10104+master
US,NVOX,노보노디스크 데일리 타겟 2배 디파이언스,DEFIANCE DAILY TARGET 2X LONG NVO ETF,레버리지,2,NYSE,ETF,레버리지 주식,,,,카테고리,usa10104+master
US,NVTC,CORGI NVTS DAILY 2X,CORGI NVTS 2X DAILY ETF,레버리지,2,AMEX,ETF,레버리지 주식,,,,카테고리,usa10104+master
US,NVTX,나비타스 세미컨덕터 데일리 2배 롱 TRADR,TRADR 2X LONG NVTS DAILY ETF,레버리지,2,AMEX,ETF,레버리지 주식,,,,카테고리,usa10104+master
US,NVYY,GRANITESHARES YIELDBOOST NVDA 2X,GRANITESHARES YIELDBOOST NVDA ETF,레버리지,2,NASDAQ,ETF,,,,,종목명,usa10104+master
US,NXPG,LEVERAGE SHARES NXPI DAILY 2X,LEVERAGE SHARES 2X LONG NXPI DAILY ETF,레버리지,2,AMEX,ETF,레버리지 주식,,,,카테고리,usa10104+master
US,NXPX,TRADR NXPI DAILY 2X,TRADR 2X LONG NXPI DAILY ETF,레버리지,2,AMEX,ETF,레버리지 주식,,,,카테고리,usa10104+master
US,OILU,원유 및 가스 레버리지 3배 프로셰어즈 ETN,BANK OF MONTREAL MICROSECTORS OIL & GAS,레버리지,3,NYSE,ETN,레버리지 주식,,,,카테고리,usa10104+master
US,OKLC,CORGI OKLO DAILY 2X,CORGI OKLO 2X DAILY ETF,레버리지,2,AMEX,ETF,레버리지 주식,,,,카테고리,usa10104+master
US,OKLL,오클로 데일리 2배 디파이언스 ETF,DEFIANCE DAILY TARGET 2X LONG OKLO ETF,레버리지,2,NASDAQ,ETF,레버리지 주식,,,,카테고리,usa10104+master
US,OKTG,LEVERAGE SHARES OKTA DAILY 2X,LEVERAGE SHARES 2X LONG OKTA DAILY ETF,레버리지,2,NASDAQ,ETF,레버리지 주식,,,,카테고리,usa10104+master
US,ONDC,CORGI ONDS DAILY 2X,CORGI ONDS 2X DAILY ETF,레버리지,2,AMEX,ETF,레버리지 주식,,,,카테고리,usa10104+master
US,ONDG,LEVERAGE SHARES ONDS DAILY 2X,LEVERAGE SHARES 2X LONG ONDS DAILY ETF,레버리지,2,NASDAQ,ETF,레버리지 주식,,,,카테고리,usa10104+master
US,ONDL,DEFIANCE ONDS DAILY 2X,DEFIANCE DAILY TARGET 2X LONG ONDS ETF,레버리지,2,AMEX,ETF,레버리지 주식,,,,카테고리,usa10104+master
US,ONDU,TRADR ONDS DAILY 2X,TRADR 2X LONG ONDS DAILY ETF,레버리지,2,AMEX,ETF,레버리지 주식,,,,카테고리,usa10104+master
US,ONG,LEVERAGE SHARES ON DAILY 2X,LEVERAGE SHARES 2X LONG ON DAILY ETF,레버리지,2,AMEX,ETF,레버리지 주식,,,,카테고리,usa10104+master
US,ONTX,CORGI ONTO DAILY 2X,CORGI ONTO 2X DAILY ETF,레버리지,2,AMEX,ETF,레버리지 주식,,,,카테고리,usa10104+master
US,ONX,TRADR ON DAILY 2X,TRADR 2X LONG ON DAILY ETF,레버리지,2,AMEX,ETF,레버리지 주식,,,,카테고리,usa10104+master
US,OPEG,LEVERAGE SHARES OPEN DAILY 2X,LEVERAGE SHARES 2X LONG OPEN DAILY ETF,레버리지,2,NASDAQ,ETF,레버리지 주식,,,,카테고리,usa10104+master
US,OPEX,오픈도어 테크놀로지스 데일리 2배 롱 TRAD,TRADR 2X LONG OPEN DAILY ETF,레버리지,2,AMEX,ETF,레버리지 주식,,,,카테고리,usa10104+master
US,ORAC,CORGI ORCL DAILY 2X,CORGI ORCL 2X DAILY ETF,레버리지,2,AMEX,ETF,레버리지 주식,,,,카테고리,usa10104+master
US,ORCU,DIREXION ORCL DAILY 2X,DIREXION DAILY ORCL BULL 2X ETF,레버리지,2,NASDAQ,ETF,레버리지 주식,,,,카테고리,usa10104+master
US,ORCX,오라클 데일리 타겟 2배 롱 디파이언스 ETF,DEFIANCE DAILY TARGET 2X LONG ORCL ETF,레버리지,2,NASDAQ,ETF,레버리지 주식,,,,카테고리,usa10104+master
US,ORLG,LEVERAGE SHARES ORLY DAILY 2X,LEVERAGE SHARES 2X LONG ORLY DAILY ETF,레버리지,2,NASDAQ,ETF,레버리지 주식,,,,카테고리,usa10104+master
US,OSCG,LEVERAGE SHARES OSCR DAILY 2X,LEVERAGE SHARES 2X LONG OSCR DAILY ETF,레버리지,2,NASDAQ,ETF,레버리지 주식,,,,카테고리,usa10104+master
US,OSCX,DEFIANCE OSCR DAILY 2X,DEFIANCE DAILY TARGET 2X LONG OSCR ETF,레버리지,2,NASDAQ,ETF,레버리지 주식,,,,카테고리,usa10104+master
US,OSSL,DEFIANCE OSS DAILY 2X,DEFIANCE DAILY TARGET 2X LONG OSS ETF,레버리지,2,AMEX,ETF,레버리지 주식,,,,카테고리,usa10104+master
US,OUSL,DEFIANCE DAILY TARGET 2X LONG OUST ETF,DEFIANCE DAILY TARGET 2X LONG OUST ETF,레버리지,2,AMEX,ETF,레버리지 주식,,,,카테고리,usa10104+master
US,PALU,팔로알토 네트웍스 데일리 2배 디렉시온 ET,DIREXION DAILY PANW BULL 2X ETF,레버리지,2,NASDAQ,ETF,레버리지 주식,,,,카테고리,usa10104+master
US,PANG,팔로알토 네트웍스 2배 롱 레버리지 셰어즈,LEVERAGE SHARES 2X LONG PANW DAILY ETF,레버리지,2,NASDAQ,ETF,레버리지 주식,,,,카테고리,usa10104+master
US,PATX,TRADR PATH DAILY 2X,TRADR 2X LONG PATH DAILY ETF,레버리지,2,AMEX,ETF,레버리지 주식,,,,카테고리,usa10104+master
US,PBRG,LEVERAGE SHARES PBR DAILY 2X,LEVERAGE SHARES 2X LONG PBR DAILY ETF,레버리지,2,NASDAQ,ETF,레버리지 주식,,,,카테고리,usa10104+master
US,PDDL,GRANITESHARES PDD DAILY 2X,GRANITESHARES 2X LONG PDD DAILY ETF,레버리지,2,NASDAQ,ETF,레버리지 주식,,,,카테고리,usa10104+master
US,PFFL,우선주 2배 이트랙스 ETN,UBS AG LONDON ETRACS 2XMNTLY PAY LVRG PR,레버리지,2,NYSE,ETN,,,,,종목명,usa10104+master
US,PILL,제약/의료 3배 디렉시온 ETF,DIREXION DAILY PHARMACEUTICAL & MEDICAL,레버리지,3,NYSE,ETF,레버리지 주식,,,,카테고리,usa10104+master
US,PLTA,팔란티어 2배 프로셰어즈 ETF,PROSHARES ULTRA PLTR,레버리지,2,NYSE,ETF,레버리지 주식,,,,카테고리,usa10104+master
US,PLTG,팔란티어 데일리 2배 레버리지 셰어즈 ETF,LEVERAGE SHARES 2X LONG PLTR DAILY ETF,레버리지,2,NASDAQ,ETF,레버리지 주식,,,,카테고리,usa10104+master
US,PLTL,CORGI PLTR DAILY 2X,CORGI PLTR 2X DAILY ETF,레버리지,2,AMEX,ETF,레버리지 주식,,,,카테고리,usa10104+master
US,PLTU,데일리 팔란티어 2배 롱 디렉시온 ETF,DIREXION DAILY PLTR BULL 2X ETF,레버리지,2,NASDAQ,ETF,레버리지 주식,,,,카테고리,usa10104+master
US,PLU,DEFIANCE PL DAILY 2X,DEFIANCE DAILY TARGET 2X LONG PL ETF,레버리지,2,AMEX,ETF,레버리지 주식,,,,카테고리,usa10104+master
US,PLUL,LEVERAGE SHARES PLUG DAILY 2X,LEVERAGE SHARES 2X LONG PLUG DAILY ETF,레버리지,2,NASDAQ,ETF,레버리지 주식,,,,카테고리,usa10104+master
US,PLYY,GRANITESHARES YIELDBOOST PLTR 2X,GRANITESHARES YIELDBOOST PLTR ETF,레버리지,2,NASDAQ,ETF,,,,,종목명,usa10104+master
US,POEL,DEFIANCE TARGET POET DAILY 2X,DEFIANCE DAILY TARGET 2X LONG POET ETF,레버리지,2,AMEX,ETF,레버리지 주식,,,,카테고리,usa10104+master
US,PONX,TRADR PONY DAILY 2X,TRADR 2X LONG PONY DAILY ETF,레버리지,2,AMEX,ETF,레버리지 주식,,,,카테고리,usa10104+master
US,PTIR,팔란티어 데일리 2배 롱 그래닛셰어즈 ETF,GRANITESHARES 2X LONG PLTR DAILY ETF,레버리지,2,NASDAQ,ETF,레버리지 주식,,,,카테고리,usa10104+master
US,PUL,GRANITESHARES P DAILY 2X,GRANITESHARES 2X LONG P DAILY ETF,레버리지,2,NASDAQ,ETF,레버리지 주식,,,,카테고리,usa10104+master
US,PUR,DEFIANCE PURR DAILY 2X,DEFIANCE DAILY TARGET 2X LONG PURR ETF,레버리지,2,NASDAQ,ETF,레버리지 주식,,,,카테고리,usa10104+master
US,PYPG,페이팔 데일리 2배 롱 레버리지 셰어즈 ETF,LEVERAGE SHARES 2X LONG PYPL DAILY ETF,레버리지,2,NASDAQ,ETF,레버리지 주식,,,,카테고리,usa10104+master
US,PYPU,DIREXION PYPL DAILY 2X,DIREXION DAILY PYPL BULL 2X ETF,레버리지,2,NYSE,ETF,레버리지 주식,,,,카테고리,usa10104+master
US,QBTX,디 웨이브 퀀텀 데일리 2배 TRADR ETF,TRADR 2X LONG QBTS DAILY ETF,레버리지,2,AMEX,ETF,레버리지 주식,,,,카테고리,usa10104+master
US,QBY,GRANITESHARES YIELDBOOST QBTS 2X,GRANITESHARES YIELDBOOST QBTS ETF,레버리지,2,NASDAQ,ETF,,,,,종목명,usa10104+master
US,QCML,GRANITESHARES DAILY QCOM 2X,GRANITESHARES 2X LONG QCOM DAILY ETF,레버리지,2,NASDAQ,ETF,레버리지 주식,,,,카테고리,usa10104+master
US,QCMU,DIREXION QCOM DAILY 2X,DIREXION DAILY QCOM BULL 2X ETF,레버리지,2,NASDAQ,ETF,레버리지 주식,,,,카테고리,usa10104+master
US,QLD,QQQ 2배 프로셰어즈 ETF,PROSHARES TRUST PSHS ULTRA QQQ,레버리지,2,NYSE,ETF,레버리지 주식,,,,카테고리,usa10104+master
US,QNTU,TRADR QNT DAILY 2X,TRADR 2X LONG QNT DAILY ETF,레버리지,2,AMEX,ETF,레버리지 주식,,,,카테고리,usa10104+master
US,QPUX,롱 퓨어 퀀텀 데일리 2배 디파이언스 ETF,DEFIANCE 2X DAILY LONG PURE QUANTUM ETF,레버리지,2,NASDAQ,ETF,레버리지 주식,,,,카테고리,usa10104+master
US,QQQP,TRADR INNOVATION 100 QUARTERLY 2X,INVESTMENT MANAGERS SERIES TRUST II TRAD,레버리지,2,NASDAQ,ETF,레버리지 주식,,,,카테고리,usa10104+master
US,QQQU,데일리 집중 QS 레버리지 2배 주식 디렉시,DIREXION DAILY MAGNIFICENT 7 BULL 2X ETF,레버리지,2,NYSE,ETF,레버리지 주식,,,,카테고리,usa10104+master
US,QQUP,PROSHARES ULTRA TOP QQQ,PROSHARES ULTRA QQQ MEGA,레버리지,2,NASDAQ,ETF,레버리지 주식,,,,카테고리,usa10104+master
US,QQXL,울트라 큐큐큐 톱 30 프로셰어즈 ETF,PROSHARES ULTRA QQQ TOP 30,레버리지,2,NASDAQ,ETF,레버리지 주식,,,,카테고리,usa10104+master
US,QSU,DEFIANCE QS DAILY 2X,DEFIANCE DAILY TARGET 2X LONG QS ETF,레버리지,2,NYSE,ETF,레버리지 주식,,,,카테고리,usa10104+master
US,QUA,CORGI QBTS DAILY 2X,CORGI QBTS 2X DAILY ETF,레버리지,2,AMEX,ETF,레버리지 주식,,,,카테고리,usa10104+master
US,QUBX,TRADR QUBT DAILY 2X,TRADR 2X LONG QUBT DAILY ETF,레버리지,2,AMEX,ETF,레버리지 주식,,,,카테고리,usa10104+master
US,QULL,MSCI 미국 가치주 팩터 레버리지 2배 이트,UBS AG LONDON ETRACS 2X LEV MSCI US QTY,레버리지,2,NYSE,ETN,레버리지 주식,,,,카테고리,usa10104+master
US,RAM,ROUNDHILL T-REX DRAM DAILY 2X,ROUNDHILL T-REX 2X LONG DRAM DAILY TARGE,레버리지,2,AMEX,ETF,레버리지 주식,,,,카테고리,usa10104+master
US,RBLU,로블록스 데일리 타겟 2배 T-REX ETF,T-REX 2X LONG RBLX DAILY TARGET ETF,레버리지,2,AMEX,ETF,레버리지 주식,,,,카테고리,usa10104+master
US,RCAX,DEFIANCE RCAT DAILY 2X,DEFIANCE DAILY TARGET 2X LONG RCAT ETF,레버리지,2,NASDAQ,ETF,레버리지 주식,,,,카테고리,usa10104+master
US,RDDC,CORGI RDDT 2X DAILY ETF,CORGI RDDT 2X DAILY ETF,레버리지,2,AMEX,ETF,레버리지 주식,,,,카테고리,usa10104+master
US,RDTL,레딧 데일리 2배 롱 그래닛셰어즈 ETF,GRANITESHARES 2X LONG RDDT DAILY ETF,레버리지,2,NASDAQ,ETF,레버리지 주식,,,,카테고리,usa10104+master
US,RDWU,T-REX RDW DAILY 2X,T-REX 2X LONG RDW DAILY TARGET ETF,레버리지,2,AMEX,ETF,레버리지 주식,,,,카테고리,usa10104+master
US,RETL,리테일 3배 레버리지 디렉시온 ETF,DIREXION DAILY RETAIL BULL 3X ETF,레버리지,3,NYSE,ETF,레버리지 주식,,,,카테고리,usa10104+master
US,RGTC,CORGI RGTI 2X DAILY ETF,CORGI RGTI 2X DAILY ETF,레버리지,2,AMEX,ETF,레버리지 주식,,,,카테고리,usa10104+master
US,RGTU,리게티 컴퓨팅 2배 TRADR ETF,TRADR 2X LONG RGTI DAILY ETF,레버리지,2,AMEX,ETF,레버리지 주식,,,,카테고리,usa10104+master
US,RGTX,리게티 컴퓨팅 데일리 타겟 2배 롱 디파이,DEFIANCE DAILY TARGET 2X LONG RGTI ETF,레버리지,2,NASDAQ,ETF,레버리지 주식,,,,카테고리,usa10104+master
US,RGYY,GRANITESHARES YIELDBOOST RGTI 2X,GRANITESHARES YIELDBOOST RGTI ETF,레버리지,2,NASDAQ,ETF,,,,,종목명,usa10104+master
US,RIOX,라이엇 데일리 타겟 2배 롱 디파이언스 ETF,DEFIANCE DAILY TARGET 2X LONG RIOT ETF,레버리지,2,NYSE,ETF,레버리지 주식,,,,카테고리,usa10104+master
US,RIVC,CORGI RIVN 2X DAILY ETF,CORGI RIVN 2X DAILY ETF,레버리지,2,AMEX,ETF,레버리지 주식,,,,카테고리,usa10104+master
US,RKLX,로켓 랩 데일리 타겟 2배 롱 디파이언스 ET,DEFIANCE DAILY TARGET 2X LONG RKLB ETF,레버리지,2,NASDAQ,ETF,레버리지 주식,,,,카테고리,usa10104+master
US,RKTL,DEFIANCE RKT DAILY 2X,DEFIANCE DAILY TARGET 2X LONG RKT ETF,레버리지,2,AMEX,ETF,레버리지 주식,,,,카테고리,usa10104+master
US,RKX,CORGI RKLB DAILY 2X,CORGI RKLB 2X DAILY ETF,레버리지,2,AMEX,ETF,레버리지 주식,,,,카테고리,usa10104+master
US,RMBC,CORGI RMBS DAILY 2X,CORGI RMBS 2X DAILY ETF,레버리지,2,AMEX,ETF,레버리지 주식,,,,카테고리,usa10104+master
US,RMBX,TRADR RMBS DAILY 2X,TRADR 2X LONG RMBS DAILY ETF,레버리지,2,AMEX,ETF,레버리지 주식,,,,카테고리,usa10104+master
US,ROBN,로빈후드 데일리 타겟 2배 T-REX ETF,T-REX 2X LONG HOOD DAILY TARGET ETF,레버리지,2,AMEX,ETF,레버리지 주식,,,,카테고리,usa10104+master
US,ROM,기술주 레버리지 2배 프로셰어즈 ETF,PROSHARES TRUST PSHS ULTRA TECH,레버리지,2,NYSE,ETF,레버리지 주식,,,,카테고리,usa10104+master
US,RTXG,RTX 데일리 2배 롱 레버리지 셰어즈 ETF,LEVERAGE SHARES 2X LONG RTX DAILY ETF,레버리지,2,NASDAQ,ETF,레버리지 주식,,,,카테고리,usa10104+master
US,RTYY,GRANITESHARES YIELDBOOST RIOT 2X,GRANITESHARES YIELDBOOST RIOT ETF,레버리지,2,NASDAQ,ETF,,,,,종목명,usa10104+master
US,RVNL,리비안 데일리 2배 롱 그래닛셰어즈 ETF,GRANITESHARES 2X LONG RIVN DAILY ETF,레버리지,2,NASDAQ,ETF,레버리지 주식,,,,카테고리,usa10104+master
US,RXL,헬스케어 레버리지 2배 프로셰어즈 ETF,PROSHARES TRUST PSHS ULT HLTHCRE,레버리지,2,NYSE,ETF,레버리지 주식,,,,카테고리,usa10104+master
US,SAA,2배 소형주 600 프로셰어즈 ETF,PROSHARES TRUST PSHS ULT SCAP600,레버리지,2,NYSE,ETF,레버리지 주식,,,,카테고리,usa10104+master
US,SBTU,T-REX SBET DAILY 2X,T-REX 2X LONG SBET DAILY TARGET ETF,레버리지,2,AMEX,ETF,레버리지 주식,,,,카테고리,usa10104+master
US,SBU,LEVERAGE SHARES SBUX DAILY 2X,LEVERAGE SHARES 2X LONG SBUX DAILY ETF,레버리지,2,NASDAQ,ETF,레버리지 주식,,,,카테고리,usa10104+master
US,SCDL,미국 배당주 2배 레버리지 이트랙시 ETN,UBS AG LONDON UBS ETRACS 2X LEV US DIV F,레버리지,2,NYSE,ETN,레버리지 주식,,,,카테고리,usa10104+master
US,SHNY,금 3배 레버리지 마이크로섹터 ETN,BANK OF MONTREAL MICROSECTORS GOLD 3X LE,레버리지,3,NYSE,ETN,레버리지 원자재,,,,카테고리,usa10104+master
US,SHPU,DIREXION SHOP DAILY 2X,DIREXION DAILY SHOP BULL 2X ETF,레버리지,2,NASDAQ,ETF,레버리지 주식,,,,카테고리,usa10104+master
US,SIMX,CORGI SIMO DAILY 2X,CORGI SIMO 2X DAILY ETF,레버리지,2,AMEX,ETF,레버리지 주식,,,,카테고리,usa10104+master
US,SK,CORGI SK HYNIX 2X DAILY ETF,CORGI SK HYNIX 2X DAILY ETF,레버리지,2,AMEX,ETF,레버리지 주식,,,,카테고리,usa10104+master
US,SKHL,DIREXION DAILY SK HYNIX BULL 2X ETF,DIREXION DAILY SK HYNIX BULL 2X ETF,레버리지,2,NYSE,ETF,레버리지 주식,,,,카테고리,usa10104+master
US,SKHX,LEVERAGE SHARES 2X LONG SK HYNIX DAILY,LEVERAGE SHARES 2X LONG SK HYNIX DAILY E,레버리지,2,AMEX,ETF,레버리지 주식,,,,카테고리,usa10104+master
US,SKUU,GRANITESHARES 2X LONG SK HYNIX DAILY ET,GRANITESHARES 2X LONG SK HYNIX DAILY ETF,레버리지,2,NASDAQ,ETF,레버리지 주식,,,,카테고리,usa10104+master
US,SLON,울트라 솔라나 2배 프로셰어즈 ETF,PROSHARES ULTRA SOLANA ETF,레버리지,2,NYSE,ETF,,,,,종목명,usa10104+master
US,SMCC,CORGI SMCI DAILY 2X,CORGI SMCI 2X DAILY ETF,레버리지,2,AMEX,ETF,레버리지 주식,,,,카테고리,usa10104+master
US,SMCL,그래닛셰어즈 슈퍼 마이크로 컴퓨터 2배 롱,GRANITESHARES ETF TRUST 2X LONG SMCI DAI,레버리지,2,NASDAQ,ETF,레버리지 주식,,,,카테고리,usa10104+master
US,SMCX,슈퍼 마이크로 컴퓨터 2배 롱디파이언스 ET,DEFIANCE DAILY TARGET 2X LONG SMCI ETF,레버리지,2,NASDAQ,ETF,레버리지 주식,,,,카테고리,usa10104+master
US,SMHB,미국 소형주 2배 이트랙스 ETN,UBS AG LONDON ETRACS MNTLY PAY 2X LVGD S,레버리지,2,NYSE,ETN,레버리지 주식,,,,카테고리,usa10104+master
US,SMRX,CORGI SMR DAILY 2X,CORGI SMR 2X DAILY ETF,레버리지,2,AMEX,ETF,레버리지 주식,,,,카테고리,usa10104+master
US,SMTG,LEVERAGE SHARES SMTC DAILY 2X,LEVERAGE SHARES 2X LONG SMTC DAILY ETF,레버리지,2,AMEX,ETF,레버리지 주식,,,,카테고리,usa10104+master
US,SMU,Tradr 뉴스케일파워 데일리 2배 ETF,TRADR 2X LONG SMR DAILY ETF,레버리지,2,AMEX,ETF,레버리지 주식,,,,카테고리,usa10104+master
US,SMUP,뉴스케일파워 데일리 타겟 2배 T-REX ETF,T-REX 2X LONG SMR DAILY TARGET ETF,레버리지,2,AMEX,ETF,레버리지 주식,,,,카테고리,usa10104+master
US,SMYY,GRANITESHARES YIELDBOOST SMCI 2X,GRANITESHARES YIELDBOOST SMCI ETF,레버리지,2,NASDAQ,ETF,,,,,종목명,usa10104+master
US,SNAG,LEVERAGE SHARES SNAP DAILY 2X,LEVERAGE SHARES 2X LONG SNAP DAILY ETF,레버리지,2,NASDAQ,ETF,레버리지 주식,,,,카테고리,usa10104+master
US,SNDC,CORGI SNDK DAILY 2X,CORGI SNDK 2X DAILY ETF,레버리지,2,AMEX,ETF,레버리지 주식,,,,카테고리,usa10104+master
US,SNDG,LEVERAGE SHARES SNDK DAILY 2X,LEVERAGE SHARES 2X LONG SNDK DAILY ETF,레버리지,2,AMEX,ETF,레버리지 주식,,,,카테고리,usa10104+master
US,SNDU,T-REX SNDK DAILY 2X,T-REX 2X LONG SNDK DAILY TARGET ETF,레버리지,2,AMEX,ETF,레버리지 주식,,,,카테고리,usa10104+master
US,SNOU,스노우플레이크 데일리 2배 롱 T-REX ETF,T-REX 2X LONG SNOW DAILY TARGET ETF,레버리지,2,AMEX,ETF,레버리지 주식,,,,카테고리,usa10104+master
US,SNXX,TRADR SNDK DAILY 2X,TRADR 2X LONG SNDK DAILY ETF,레버리지,2,AMEX,ETF,레버리지 주식,,,,카테고리,usa10104+master
US,SOFA,DIREXION SOFI DAILY 2X,DIREXION DAILY SOFI BULL 2X ETF,레버리지,2,NASDAQ,ETF,레버리지 주식,,,,카테고리,usa10104+master
US,SOFC,CORGI SOFI DAILY 2X,CORGI SOFI 2X DAILY ETF,레버리지,2,AMEX,ETF,레버리지 주식,,,,카테고리,usa10104+master
US,SOFX,소파이 테크놀로지스 데일리 타겟 2배 롱,DEFIANCE DAILY TARGET 2X LONG SOFI ETF,레버리지,2,NASDAQ,ETF,레버리지 주식,,,,카테고리,usa10104+master
US,SOLT,솔라나 2배 ETF,VOLATILITY SHARES TRUST 2X SOLANA ETF,레버리지,2,NASDAQ,ETF,,,,,종목명,usa10104+master
US,SOUX,사운드하운드 AI 데일리 2배 디파이언스 ET,DEFIANCE DAILY TARGET 2X LONG SOUN ETF,레버리지,2,NASDAQ,ETF,레버리지 주식,,,,카테고리,usa10104+master
US,SOXL,미국 반도체 3배 디렉시온 ETF,DIREXION DAILY SEMICONDUCTOR BULL 3X ETF,레버리지,3,NYSE,ETF,레버리지 주식,,,,카테고리,usa10104+master
US,SPAL,스페이스X 2배 그내릿셰어즈 ETF,GRANITESHARES 2X LONG SPACEX DAILY ETF,레버리지,2,AMEX,ETF,레버리지 주식,,,,카테고리,usa10104+master
US,SPAX,T-REX 스페이스X 데일리2배 ETF,T-REX 2X LONG SPCX DAILY TARGET ETF,레버리지,2,NYSE,ETF,레버리지 주식,,,,카테고리,usa10104+master
US,SPCF,스페이스X 2배 프로셰어즈 ETF,PROSHARES ULTRA SPACEX,레버리지,2,NYSE,ETF,레버리지 주식,,,,카테고리,usa10104+master
US,SPCH,스페이스X 2배 레버리지 셰어즈 ETF,LEVERAGE SHARES 2X LONG SPCX DAILY ETF,레버리지,2,AMEX,ETF,레버리지 주식,,,,카테고리,usa10104+master
US,SPCL,DEFIANCE PURE SPACE STRATEGY DAILY 2X,DEFIANCE DAILY 2X SPACE ETF,레버리지,2,AMEX,ETF,레버리지 주식,,,,카테고리,usa10104+master
US,SPCM,스페이스X 2배 트레이더 ETF,TRADR 2X LONG SPACEX DAILY ETF,레버리지,2,AMEX,ETF,레버리지 주식,,,,카테고리,usa10104+master
US,SPCU,스페이스X 2배 디파이언스 ETF,DEFIANCE DAILY TARGET 2X LONG SPCX ETF,레버리지,2,AMEX,ETF,레버리지 주식,,,,카테고리,usa10104+master
US,SPOG,LEVERAGE SHARES SPOT DAILY 2X,LEVERAGE SHARES 2X LONG SPOT DAILY ETF,레버리지,2,NASDAQ,ETF,레버리지 주식,,,,카테고리,usa10104+master
US,SPUU,S&P 500 레버리지 2배 디렉시온 ETF,DIREXION DAILY S&P 500 BULL 2X ETF,레버리지,2,NYSE,ETF,레버리지 주식,,,,카테고리,usa10104+master
US,SPXL,S&P 500 레버리지 3배 디렉시온 ETF,DIREXION DAILY S&P 500 BULL 3X ETF,레버리지,3,NYSE,ETF,레버리지 주식,,,,카테고리,usa10104+master
US,SPYQ,TRADR SPY QUARTERLY 2X,TRADR 2X LONG SPY QUARTERLY ETF,레버리지,2,NASDAQ,ETF,레버리지 주식,,,,카테고리,usa10104+master
US,SPYU,S&P 500 4배 레버리지 뱅크 오브 몬트리올,BANK OF MONTREAL S&P 500 INDEX 4X LEVERA,레버리지,4,NYSE,ETN,레버리지 주식,,,,카테고리,usa10104+master
US,SSO,S&P 500 2배 프로셰어스 ETF,PROSHARES TRUST PSHS ULT S&P 500,레버리지,2,NYSE,ETF,레버리지 주식,,,,카테고리,usa10104+master
US,STLU,STELLAR 2X,2X STELLAR ETF,레버리지,2,AMEX,ETF,,,,,종목명,usa10104+master
US,STXL,DEFIANCE STX DAILY 2X,DEFIANCE DAILY TARGET 2X LONG STX ETF,레버리지,2,AMEX,ETF,레버리지 주식,,,,카테고리,usa10104+master
US,STXU,LEVERAGE SHARES STX DAILY 2X,LEVERAGE SHARES 2X LONG STX DAILY ETF,레버리지,2,AMEX,ETF,레버리지 주식,,,,카테고리,usa10104+master
US,STXX,TRADR STX DAILY 2X,TRADR 2X LONG STX DAILY ETF,레버리지,2,AMEX,ETF,레버리지 주식,,,,카테고리,usa10104+master
US,SUIL,SUI 2X,2X SUI ETF,레버리지,2,AMEX,ETF,,,,,종목명,usa10104+master
US,TAJX,CORGI INDIA DAILY 2X,CORGI INDIA 2X DAILY ETF,레버리지,2,AMEX,ETF,레버리지 주식,,,,카테고리,usa10104+master
US,TARK,2배 이노베이션 AXS ETF,INVESTMENT MANAGERS SERIES TRUST II TRAD,레버리지,2,NASDAQ,ETF,레버리지 주식,,,,카테고리,usa10104+master
US,TBXU,DIREXION BIOTECH TOP 5 DAILY 2X,DIREXION DAILY BIOTECH TOP 5 BULL 2X ETF,레버리지,2,NYSE,ETF,레버리지 주식,,,,카테고리,usa10104+master
US,TDAX,TDAQ LIFT,TDAQ LIFT ETF,레버리지,2,AMEX,ETF,레버리지 주식,,,,카테고리,usa10104+master
US,TDCL,GRANITESHARES 2X LONG TDC DAILY ETF,GRANITESHARES 2X LONG TDC DAILY ETF,레버리지,2,NASDAQ,ETF,레버리지 주식,,,,카테고리,usa10104+master
US,TECL,빅테크 3배 디렉시온 ETF,DIREXION DAILY TECHNOLOGY BULL 3X ETF,레버리지,3,NYSE,ETF,레버리지 주식,,,,카테고리,usa10104+master
US,TECY,GRANITESHARES YIELDBOOST TECHNOLOGY 3X,GRANITESHARES YIELDBOOST TECHNOLOGY ETF,레버리지,3,NASDAQ,ETF,,,,,종목명,usa10104+master
US,TELG,LEVERAGE SHARES TEL DAILY 2X,LEVERAGE SHARES 2X LONG TEL DAILY ETF,레버리지,2,AMEX,ETF,레버리지 주식,,,,카테고리,usa10104+master
US,TEMC,CORGI TEM DAILY 2X,CORGI TEM 2X DAILY ETF,레버리지,2,AMEX,ETF,레버리지 주식,,,,카테고리,usa10104+master
US,TEMT,TRADR 템퍼스 AI 데일리 2배 ETF,TRADR 2X LONG TEM DAILY ETF,레버리지,2,AMEX,ETF,레버리지 주식,,,,카테고리,usa10104+master
US,TERC,CORGI TER DAILY 2X,CORGI TER 2X DAILY ETF,레버리지,2,AMEX,ETF,레버리지 주식,,,,카테고리,usa10104+master
US,TERG,LEVERAGE SHARES TER DAILY 2X,LEVERAGE SHARES 2X LONG TER DAILY ETF,레버리지,2,NASDAQ,ETF,레버리지 주식,,,,카테고리,usa10104+master
US,TESC,CORGI TSLA DAILY 2X,CORGI TSLA 2X DAILY ETF,레버리지,2,AMEX,ETF,레버리지 주식,,,,카테고리,usa10104+master
US,TEUP,T-REX TE DAILY 2X,T-REX 2X LONG TE DAILY TARGET ETF,레버리지,2,AMEX,ETF,레버리지 주식,,,,카테고리,usa10104+master
US,TEXU,DIREXION ENERGY TOP 5 DAILY 2X,DIREXION DAILY ENERGY TOP 5 BULL 2X ETF,레버리지,2,NYSE,ETF,레버리지 주식,,,,카테고리,usa10104+master
US,TMF,미국채 20년 레버리지 3배 디렉시온 ETF,DIREXION DAILY 20+ YEAR TREASURY BULL 3X,레버리지,3,NYSE,ETF,레버리지 채권,,,,카테고리,usa10104+master
US,TMYY,GRANITESHARES YIELDBOOST TSM 2X,GRANITESHARES YIELDBOOST TSM ETF,레버리지,2,NASDAQ,ETF,,,,,종목명,usa10104+master
US,TNA,소형주 레버리지 3배 디렉시온 ETF,DIREXION DAILY SMALL CAP BULL 3X ETF,레버리지,3,NYSE,ETF,레버리지 주식,,,,카테고리,usa10104+master
US,TPLX,CORGI TPL DAILY 2X,CORGI TPL 2X DAILY ETF,레버리지,2,AMEX,ETF,레버리지 주식,,,,카테고리,usa10104+master
US,TPOR,운송주 3배 디렉시온 ETF,DIREXION DAILY TRANSPORTATION BULL 3X ET,레버리지,3,NYSE,ETF,레버리지 주식,,,,카테고리,usa10104+master
US,TQQQ,QQQ 레버리지 3배 프로셰어즈 ETF,PROSHARES TRUST ULTRAPRO QQQ USD,레버리지,3,NASDAQ,ETF,레버리지 주식,,,,카테고리,usa10104+master
US,TQQY,GRANITESHARES YIELDBOOST QQQ 3X,GRANITESHARES YIELDBOOST QQQ ETF,레버리지,3,NASDAQ,ETF,,,,,종목명,usa10104+master
US,TSEG,LEVERAGE SHARES TSEM DAILY 2X,LEVERAGE SHARES 2X LONG TSEM DAILY ETF,레버리지,2,AMEX,ETF,레버리지 주식,,,,카테고리,usa10104+master
US,TSEU,TRADR TSEM DAILY 2X,TRADR 2X LONG TSEM DAILY ETF,레버리지,2,AMEX,ETF,레버리지 주식,,,,카테고리,usa10104+master
US,TSII,REX TSLA GROWTH & INCOME,REX TSLA GROWTH & INCOME ETF,레버리지,2,AMEX,ETF,레버리지 주식,,,,카테고리,usa10104+master
US,TSL,테슬라 1.25배 레버리지 그래닛셰어즈 ETF,GRANITESHARES ETF TRUST 1.25X LONG TESLA,레버리지,1.25,NASDAQ,ETF,레버리지 주식,,,,카테고리,usa10104+master
US,TSLG,레버리지 셰어즈 테슬라 2배 롱 데일리 ETF,THEMES ETF TRUST LEVERAGE SHARES 2X LONG,레버리지,2,NASDAQ,ETF,레버리지 주식,,,,카테고리,usa10104+master
US,TSLI,PROSHARES TSLA 2X,PROSHARES ULTRA TSLA,레버리지,2,NYSE,ETF,레버리지 주식,,,,카테고리,usa10104+master
US,TSLL,테슬라 레버리지 2배 디렉시온 ETF,DIREXION DAILY TSLA BULL 2X ETF,레버리지,2,NASDAQ,ETF,레버리지 주식,,,,카테고리,usa10104+master
US,TSLR,테슬라 레버리지 2배 그래닛셰어즈 ETF,GRANITESHARES ETF TRUST 2X LONG TSLA DAI,레버리지,2,NASDAQ,ETF,레버리지 주식,,,,카테고리,usa10104+master
US,TSLT,테슬라 데일리 타겟 2배 T-REX ETF,ETF OPPORTUNITIES TR T-REX 2X LONG TESLA,레버리지,2,AMEX,ETF,레버리지 주식,,,,카테고리,usa10104+master
US,TSMG,TSMC(ADR) 데일리 2배 롱 레버리지 셰어즈,LEVERAGE SHARES 2X LONG TSM DAILY ETF,레버리지,2,NASDAQ,ETF,레버리지 주식,,,,카테고리,usa10104+master
US,TSMU,GRANITESHARES TSM DAILY 2X,GRANITESHARES 2X LONG TSM DAILY ETF,레버리지,2,NASDAQ,ETF,레버리지 주식,,,,카테고리,usa10104+master
US,TSMX,TSMC 2배 디렉시온 ETF,DIREXION DAILY TSM BULL 2X ETF,레버리지,2,NASDAQ,ETF,레버리지 주식,,,,카테고리,usa10104+master
US,TSXU,DIREXION SEMICONDUCTORS TOP 5 DAILY 2X,DIREXION DAILY SEMICONDUCTORS TOP 5 BULL,레버리지,2,NYSE,ETF,레버리지 주식,,,,카테고리,usa10104+master
US,TSYX,TSPY LIFT,TSPY LIFT ETF,레버리지,2,NASDAQ,ETF,레버리지 주식,,,,카테고리,usa10104+master
US,TSYY,GRANITESHARES YIELDBOOST TSLA 2X,GRANITESHARES YIELDBOOST TSLA ETF,레버리지,2,NASDAQ,ETF,,,,,종목명,usa10104+master
US,TTDU,T-REX TTD DAILY 2X,T-REX 2X LONG TTD DAILY TARGET ETF,레버리지,2,AMEX,ETF,레버리지 주식,,,,카테고리,usa10104+master
US,TTMX,TRADR TTMI DAILY 2X,TRADR 2X LONG TTMI DAILY ETF,레버리지,2,AMEX,ETF,레버리지 주식,,,,카테고리,usa10104+master
US,TTXU,DIREXION TECHNOLOGY TOP 5 DAILY 2X,DIREXION DAILY TECHNOLOGY TOP 5 BULL 2X,레버리지,2,NYSE,ETF,레버리지 주식,,,,카테고리,usa10104+master
US,TWSC,CORGI TSM DAILY 2X,CORGI TSM 2X DAILY ETF,레버리지,2,AMEX,ETF,레버리지 주식,,,,카테고리,usa10104+master
US,TXNU,DIREXION TXN DAILY 2X,DIREXION DAILY TXN BULL 2X ETF,레버리지,2,NYSE,ETF,레버리지 주식,,,,카테고리,usa10104+master
US,TXXD,21SHARES DOGECOIN 2X,21SHARES 2X LONG DOGECOIN ETF,레버리지,2,NASDAQ,ETF,,,,,종목명,usa10104+master
US,TXXH,21SHARES HYPE 2X,21SHARES 2X LONG HYPE ETF,레버리지,2,NASDAQ,ETF,,,,,종목명,usa10104+master
US,TXXS,21SHARES SUI 2X,21SHARES 2X LONG SUI ETF,레버리지,2,NASDAQ,ETF,,,,,종목명,usa10104+master
US,TYD,데일리 미국 장기채 3배 디렉시온 ETF,DIREXION DAILY 7-10 YEAR TREASURY BULL 3,레버리지,3,NYSE,ETF,레버리지 채권,,,,카테고리,usa10104+master
US,UBOT,인공지능 및 자율주행 레버리지 2배 디렉시,DIREXION DAILY ROBOTICS  ARTIFICIAL INTE,레버리지,2,NYSE,ETF,레버리지 주식,,,,카테고리,usa10104+master
US,UBR,MSCI 2배 브라질 캡 프로셰어즈 ETF,PROSHARES TRUST ULTRA MSCI BRAZIL CAPD (,레버리지,2,NYSE,ETF,레버리지 주식,,,,카테고리,usa10104+master
US,UBRL,GRANITESHARES UBER DAILY 2X,GRANITESHARES 2X LONG UBER DAILY ETF,레버리지,2,NASDAQ,ETF,레버리지 주식,,,,카테고리,usa10104+master
US,UBT,20년 이상 미국 채권 2배 프로셰어즈 ETF,PROSHARES TRUST PROSHARES ULTRA 20+YR TR,레버리지,2,NYSE,ETF,레버리지 채권,,,,카테고리,usa10104+master
US,UCC,2배 소비자 서비스 프로셰어즈 ETF,PROSHARES TRUST ULTRA CONSUMER DISCRETIO,레버리지,2,NYSE,ETF,레버리지 주식,,,,카테고리,usa10104+master
US,UCO,원유 선물 2배 프로셰어즈 ETF,PROSHARES TRUST II ULTA BLOMBERG CRUD OI,레버리지,2,NYSE,ETF,레버리지 원자재,,,,카테고리,usa10104+master
US,UCOP,PROSHARES COPPER K-1 FREE 2X,PROSHARES ULTRA COPPER K-1 FREE ETF,레버리지,2,NYSE,ETF,레버리지 원자재,,,,카테고리,usa10104+master
US,UCTX,CORGI UCTT DAILY 2X,CORGI UCTT 2X DAILY ETF,레버리지,2,AMEX,ETF,레버리지 주식,,,,카테고리,usa10104+master
US,UCYB,나스닥 사이버보안 2배 프로셰어즈 ETF,PROSHARES TRUST ULTRA NASDAQ CYBERSECURI,레버리지,2,NASDAQ,ETF,레버리지 주식,,,,카테고리,usa10104+master
US,UDEC,미국주 2배 버퍼 12월 이노베이터 ETF,INNOVATOR ETFS TRUST INNOVATOR US EQUTY,레버리지,2,AMEX,ETF,,,,,종목명,usa10104+master
US,UDOW,다우존스 30 3배 프로셰어즈 ETF,PROSHARES TRUST ULTRAPRO DOW30,레버리지,3,NYSE,ETF,레버리지 주식,,,,카테고리,usa10104+master
US,UECG,LEVERAGE SHARES UEC DAILY 2X,LEVERAGE SHARES 2X LONG UEC DAILY ETF,레버리지,2,NASDAQ,ETF,레버리지 주식,,,,카테고리,usa10104+master
US,UFEB,S&P 500 2배 버퍼 이노베이터 ETF - 2월,INNOVATOR ETFS TRUST INNOVATOR US EQITY,레버리지,2,AMEX,ETF,,,,,종목명,usa10104+master
US,UGE,2배 소비재 프로셰어즈 ETF,PROSHARES TRUST ULTRA CONSUMER STAPLES,레버리지,2,NYSE,ETF,레버리지 주식,,,,카테고리,usa10104+master
US,UGL,금 레버리지 2배 프로셰어즈 ETF,PROSHARES TRUST II PROSHARES ULTRA GOLD,레버리지,2,NYSE,ETF,레버리지 원자재,,,,카테고리,usa10104+master
US,UGLD,DIREXION GOLD DAILY 2X,DIREXION DAILY GOLD BULL 2X ETF,레버리지,2,NYSE,ETF,레버리지 주식,,,,카테고리,usa10104+master
US,UJAN,S&P 500 2배 버퍼 이노베이터 ETF - 1월,INNOVATOR ETFS TRUST INNOVATOR US EQUTY,레버리지,2,AMEX,ETF,,,,,종목명,usa10104+master
US,UJB,하이일드 채권 레버리지 2배 프로셰어즈 ET,PROSHARES TRUST ULTRA HIGH YIELD,레버리지,2,NYSE,ETF,레버리지 채권,,,,카테고리,usa10104+master
US,ULE,2배 유로 프로셰어즈 ETF,PROSHARES TRUST II PROSHARES ULTRA EURO,레버리지,2,NYSE,ETF,,,,,종목명,usa10104+master
US,UMAL,DEFIANCE UMAC DAILY 2X,DEFIANCE DAILY TARGET 2X LONG UMAC ETF,레버리지,2,AMEX,ETF,레버리지 주식,,,,카테고리,usa10104+master
US,UMCX,CORGI UMC DAILY 2X,CORGI UMC 2X DAILY ETF,레버리지,2,AMEX,ETF,레버리지 주식,,,,카테고리,usa10104+master
US,UMDD,S&P 400 3배 프로셰어즈 ETF,PROSHARES TRUST ULTRAPRO MIDCAP400,레버리지,3,NYSE,ETF,레버리지 주식,,,,카테고리,usa10104+master
US,UN,CORGI UNH DAILY 2X,CORGI UNH 2X DAILY ETF,레버리지,2,AMEX,ETF,레버리지 주식,,,,카테고리,usa10104+master
US,UNHG,레버리지 셰어즈 유나이티드 헬스 2배 롱,LEVERAGE SHARES 2X LONG UNH DAILY ETF,레버리지,2,NASDAQ,ETF,,,,,종목명,usa10104+master
US,UNHU,DIREXION UNH DAILY 2X,DIREXION DAILY UNH BULL 2X ETF,레버리지,2,NYSE,ETF,레버리지 주식,,,,카테고리,usa10104+master
US,UNOV,미국주 2배 버퍼 11월 이노베이터 ETF,INNOVATOR ETFS TRUST INNOVATOR US EQUTY,레버리지,2,AMEX,ETF,,,,,종목명,usa10104+master
US,UNX,TRADR U DAILY 2X,TRADR 2X LONG U DAILY ETF,레버리지,2,AMEX,ETF,레버리지 주식,,,,카테고리,usa10104+master
US,UPAL,PROSHARES PALLADIUM K-1 FREE 2X,PROSHARES ULTRA PALLADIUM K-1 FREE ETF,레버리지,2,NYSE,ETF,레버리지 원자재,,,,카테고리,usa10104+master
US,UPLT,PROSHARES PLATINUM K-1 FREE 2X,PROSHARES ULTRA PLATINUM K-1 FREE ETF,레버리지,2,NYSE,ETF,레버리지 원자재,,,,카테고리,usa10104+master
US,UPRO,S&P 500 3배 프로셰어즈 ETF,PROSHARES TRUST PROSHARES ULTRAPRO S&P50,레버리지,3,NYSE,ETF,레버리지 주식,,,,카테고리,usa10104+master
US,UPSC,CORGI UPST DAILY 2X,CORGI UPST 2X DAILY ETF,레버리지,2,AMEX,ETF,레버리지 주식,,,,카테고리,usa10104+master
US,UPSG,LEVERAGE SHARES UPS DAILY 2X,LEVERAGE SHARES 2X LONG UPS DAILY ETF,레버리지,2,NASDAQ,ETF,레버리지 주식,,,,카테고리,usa10104+master
US,UPSX,TRADR 업스타트 홀딩스 데일리 2배 ETF,TRADR 2X LONG UPST DAILY ETF,레버리지,2,AMEX,ETF,레버리지 주식,,,,카테고리,usa10104+master
US,UPV,FTSE 유럽 레버리지 2배 프로셰어즈 ETF,PROSHARES TRUST ULTRA FTSE EUROPE,레버리지,2,NYSE,ETF,레버리지 주식,,,,카테고리,usa10104+master
US,UPW,유틸리티 2배 프로셰어즈 ETF,PROSHARES TRUST PSHS ULTRA UTIL,레버리지,2,NYSE,ETF,레버리지 주식,,,,카테고리,usa10104+master
US,URAA,DIREXION URANIUM INDUSTRY DAILY 2X,DIREXION DAILY URANIUM INDUSTRY BULL 2X,레버리지,2,NYSE,ETF,레버리지 주식,,,,카테고리,usa10104+master
US,URE,부동산 2배 프로셰어즈 ETF,PROSHARES TRUST ULTRA REAL ESTATE NEW,레버리지,2,NYSE,ETF,레버리지 주식,,,,카테고리,usa10104+master
US,URSP,울트라 S&P 500 동일 가중 프로셰어즈 ETF,PROSHARES ULTRA S&P 500 EQUAL WEIGHT,레버리지,2,NYSE,ETF,레버리지 주식,,,,카테고리,usa10104+master
US,URTY,러셀 2000 3배 프로셰어즈 ETF,PROSHARES TRUST ULTRAPRO RUSSELL2000,레버리지,3,NYSE,ETF,레버리지 주식,,,,카테고리,usa10104+master
US,USAX,TRADR USAR DAILY 2X,TRADR 2X LONG USAR DAILY ETF,레버리지,2,AMEX,ETF,레버리지 주식,,,,카테고리,usa10104+master
US,USD,반도체 2배 프로셰어즈 ETF,PROSHARES TRUST PROSHARES ULTRA SEMICOND,레버리지,2,NYSE,ETF,레버리지 주식,,,,카테고리,usa10104+master
US,USEP,미국주식 2배 버퍼 이노베이터 ETF - 9월,INNOVATOR ETFS TRUST INNOVATOR US EQUTY,레버리지,2,AMEX,ETF,,,,,종목명,usa10104+master
US,USGG,LEVERAGE SHARES USAR DAILY 2X,LEVERAGE SHARES 2X LONG USAR DAILY ETF,레버리지,2,NASDAQ,ETF,레버리지 주식,,,,카테고리,usa10104+master
US,USLV,DIREXION SILVER DAILY 2X,DIREXION DAILY SILVER BULL 2X ETF,레버리지,2,NYSE,ETF,레버리지 주식,,,,카테고리,usa10104+master
US,USML,MSCI 미국 최저 변동성 레버리지 2배 이트,UBS AG LONDON ETRACS 2X LEV MSCI US MIN,레버리지,2,NYSE,ETN,레버리지 주식,,,,카테고리,usa10104+master
US,UST,미국 7~10년 국채 2배 프로셰어즈 ETF,PROSHARES TRUST PROSHARES ULTRA 7-10 YR,레버리지,2,NYSE,ETF,레버리지 채권,,,,카테고리,usa10104+master
US,USX,CORGI TOTAL US MARKET DAILY 2X,CORGI TOTAL U.S. MARKET 2X DAILY ETF,레버리지,2,AMEX,ETF,레버리지 주식,,,,카테고리,usa10104+master
US,UTSL,유틸리티 레버리지 3배 디렉시온 ETF,DIREXION DAILY UTILITIES BULL 3X ETF,레버리지,3,NYSE,ETF,레버리지 주식,,,,카테고리,usa10104+master
US,UUUC,CORGI UUUU DAILY 2X,CORGI UUUU 2X DAILY ETF,레버리지,2,AMEX,ETF,레버리지 주식,,,,카테고리,usa10104+master
US,UUUG,LEVERAGE SHARES UUUU DAILY 2X,LEVERAGE SHARES 2X LONG UUUU DAILY ETF,레버리지,2,NASDAQ,ETF,레버리지 주식,,,,카테고리,usa10104+master
US,UVIX,VIX 장기선물 2배 ETF,2X LONG VIX FUTURES ETF,레버리지,2,AMEX,ETF,레버리지 주식,,,,카테고리,usa10104+master
US,UVXY,VIX 단기 선물 1.5배 프로셰어즈 ETF,PROSHARES ULTRA VIX SHORT-TERM FUTURES E,레버리지,1.5,AMEX,ETF,,,,,종목명,usa10104+master
US,UWM,러셀 2000 2배 프로셰어즈 ETF,PROSHARES TRUST PSHS ULTRUSS2000,레버리지,2,NYSE,ETF,레버리지 주식,,,,카테고리,usa10104+master
US,UXI,2배 산업 프로셰어즈 ETF,PROSHARES TRUST PSHS ULTRA INDL,레버리지,2,NYSE,ETF,레버리지 주식,,,,카테고리,usa10104+master
US,UYG,S&P 500 금융 2배 프로셰어즈 ETF,PROSHARES TRUST ULTRA FINANCIALS NEW,레버리지,2,NYSE,ETF,레버리지 주식,,,,카테고리,usa10104+master
US,UYM,원자재 2배 프로셰어즈 ETF,PROSHARES TRUST ULTRA MATERIALS,레버리지,2,NYSE,ETF,레버리지 주식,,,,카테고리,usa10104+master
US,VALG,LEVERAGE SHARES VALE DAILY 2X,LEVERAGE SHARES 2X LONG VALE DAILY ETF,레버리지,2,NASDAQ,ETF,레버리지 주식,,,,카테고리,usa10104+master
US,VBX,CORGI US SMALL-CAP DAILY 2X,CORGI U.S. SMALL-CAP 2X DAILY ETF,레버리지,2,AMEX,ETF,레버리지 주식,,,,카테고리,usa10104+master
US,VELL,DEFIANCE VELO DAILY 2X,DEFIANCE DAILY TARGET 2X LONG VELO ETF,레버리지,2,AMEX,ETF,레버리지 주식,,,,카테고리,usa10104+master
US,VIAG,LEVERAGE SHARES VIAV DAILY 2X,LEVERAGE SHARES 2X LONG VIAV DAILY ETF,레버리지,2,AMEX,ETF,레버리지 주식,,,,카테고리,usa10104+master
US,VOOX,CORGI US LARGE-CAP DAILY 2X,CORGI U.S. LARGE-CAP 2X DAILY ETF,레버리지,2,AMEX,ETF,레버리지 주식,,,,카테고리,usa10104+master
US,VRC,CORGI VRT 2X DAILY ETF,CORGI VRT 2X DAILY ETF,레버리지,2,AMEX,ETF,레버리지 주식,,,,카테고리,usa10104+master
US,VRTL,GRANITESHARES VRT DAILY 2X,GRANITESHARES 2X LONG VRT DAILY ETF,레버리지,2,NASDAQ,ETF,레버리지 주식,,,,카테고리,usa10104+master
US,VSTL,비스트라 에너지 데일리 2배 디파이언스 ET,DEFIANCE DAILY TARGET 2X LONG VST ETF,레버리지,2,NASDAQ,ETF,레버리지 주식,,,,카테고리,usa10104+master
US,WANT,임의소비재 3배 디렉시온 ETF,DIREXION DAILY CONSUMER DISCRETIONARY BU,레버리지,3,NYSE,ETF,레버리지 주식,,,,카테고리,usa10104+master
US,WDCC,CORGI WDC DAILY 2X,CORGI WDC 2X DAILY ETF,레버리지,2,AMEX,ETF,레버리지 주식,,,,카테고리,usa10104+master
US,WDCX,TRADR WDC DAILY 2X,TRADR 2X LONG WDC DAILY ETF,레버리지,2,AMEX,ETF,레버리지 주식,,,,카테고리,usa10104+master
US,WEBL,인터넷 3배 디렉시온 ETF,DIREXION DAILY DOW JONES INTERNET BULL 3,레버리지,3,NYSE,ETF,레버리지 주식,,,,카테고리,usa10104+master
US,WEBX,CORGI CHINESE INTERNET DAILY 2X,CORGI CHINESE INTERNET 2X DAILY ETF,레버리지,2,AMEX,ETF,레버리지 주식,,,,카테고리,usa10104+master
US,WLDU,LEVERAGE SHARES WORLD STOCK DAILY 2X,LEVERAGE SHARES 2X LONG WORLD STOCK DAIL,레버리지,2,AMEX,ETF,레버리지 주식,,,,카테고리,usa10104+master
US,WMTI,REX WMT GROWTH & INCOME,REX WMT GROWTH & INCOME ETF,레버리지,2,AMEX,ETF,레버리지 주식,,,,카테고리,usa10104+master
US,WTIU,마이크로섹터 에너지주 3배 ETN,BANK OF MONTREAL MICROSECTORS ENERGY 3X,레버리지,3,NYSE,ETN,레버리지 주식,,,,카테고리,usa10104+master
US,WULX,TRADR WULF DAILY 2X,TRADR 2X LONG WULF DAILY ETF,레버리지,2,AMEX,ETF,레버리지 주식,,,,카테고리,usa10104+master
US,WX,CORGI ALL WORLD DAILY 2X,CORGI ALL WORLD 2X DAILY ETF,레버리지,2,AMEX,ETF,레버리지 주식,,,,카테고리,usa10104+master
US,WXET,TEUCRIUM WHEAT DAILY 2X,TEUCRIUM 2X DAILY WHEAT ETF,레버리지,2,NYSE,ETF,레버리지 원자재,,,,카테고리,usa10104+master
US,WYFL,DEFIANCE WYFI DAILY 2X,DEFIANCE DAILY TARGET 2X LONG WYFI ETF,레버리지,2,AMEX,ETF,레버리지 주식,,,,카테고리,usa10104+master
US,XAGI,CORGI AGIX DAILY 2X,CORGI AGIX 2X DAILY ETF,레버리지,2,AMEX,ETF,레버리지 주식,,,,카테고리,usa10104+master
US,XBIX,CORGI US BIOTECH DAILY 2X,CORGI U.S. BIOTECH 2X DAILY ETF,레버리지,2,AMEX,ETF,레버리지 주식,,,,카테고리,usa10104+master
US,XBNB,TEUCRIUM XETFS BNB DAILY 2X,TEUCRIUM XETFS 2X LONG DAILY BNB ETF,레버리지,2,NYSE,ETF,,,,,종목명,usa10104+master
US,XBTY,GRANITESHARES YIELDBOOST BITCOIN 2X,GRANITESHARES YIELDBOOST BITCOIN ETF,레버리지,2,NASDAQ,ETF,,,,,종목명,usa10104+master
US,XCOM,CORGI ALL COMMODITIES DAILY 2X,CORGI ALL COMMODITIES 2X DAILY ETF,레버리지,2,AMEX,ETF,레버리지 원자재,,,,카테고리,usa10104+master
US,XEUR,CORGI EUROPE EQUITIES DAILY 2X,CORGI EUROPE EQUITIES 2X DAILY ETF,레버리지,2,AMEX,ETF,레버리지 주식,,,,카테고리,usa10104+master
US,XEY,GRANITESHARES YIELDBOOST ETHER 2X,GRANITESHARES YIELDBOOST ETHER ETF,레버리지,2,NASDAQ,ETF,,,,,종목명,usa10104+master
US,XHOA,CORGI US REAL ESTATE DAILY 2X,CORGI U.S. REAL ESTATE 2X DAILY ETF,레버리지,2,AMEX,ETF,레버리지 주식,,,,카테고리,usa10104+master
US,XIWC,CORGI US MICRO-CAP DAILY 2X,CORGI U.S. MICRO-CAP 2X DAILY ETF,레버리지,2,AMEX,ETF,레버리지 주식,,,,카테고리,usa10104+master
US,XKRE,CORGI US REGIONAL BANKS DAILY 2X,CORGI U.S. REGIONAL BANKS 2X DAILY ETF,레버리지,2,AMEX,ETF,레버리지 주식,,,,카테고리,usa10104+master
US,XLBX,CORGI US MATERIALS DAILY 2X,CORGI U.S. MATERIALS 2X DAILY ETF,레버리지,2,AMEX,ETF,레버리지 주식,,,,카테고리,usa10104+master
US,XLEX,CORGI US ENERGY DAILY 2X,CORGI U.S. ENERGY 2X DAILY ETF,레버리지,2,AMEX,ETF,레버리지 주식,,,,카테고리,usa10104+master
US,XLFX,CORGI US FINANCIALS DAILY 2X,CORGI U.S. FINANCIALS 2X DAILY ETF,레버리지,2,AMEX,ETF,레버리지 주식,,,,카테고리,usa10104+master
US,XLIX,CORGI US INDUSTRIALS DAILY 2X,CORGI U.S. INDUSTRIALS 2X DAILY ETF,레버리지,2,AMEX,ETF,레버리지 주식,,,,카테고리,usa10104+master
US,XLKX,CORGI US TECHNOLOGY DAILY 2X,CORGI U.S. TECHNOLOGY 2X DAILY ETF,레버리지,2,AMEX,ETF,레버리지 주식,,,,카테고리,usa10104+master
US,XLPX,CORGI US CONSUMER STAPLES DAILY 2X,CORGI U.S. CONSUMER STAPLES 2X DAILY ETF,레버리지,2,AMEX,ETF,레버리지 주식,,,,카테고리,usa10104+master
US,XLUX,CORGI US UTILITIES DAILY 2X,CORGI U.S. UTILITIES 2X DAILY ETF,레버리지,2,AMEX,ETF,,,,,종목명,usa10104+master
US,XLVX,CORGI US HEALTHCARE DAILY 2X,CORGI U.S. HEALTHCARE 2X DAILY ETF,레버리지,2,AMEX,ETF,레버리지 주식,,,,카테고리,usa10104+master
US,XLYX,CORGI US CONSUMER DISCRETIONARY DAILY 2,CORGI U.S. CONSUMER DISCRETIONARY 2X DAI,레버리지,2,AMEX,ETF,레버리지 주식,,,,카테고리,usa10104+master
US,XNDX,TRADR XNDU DAILY 2X,TRADR 2X LONG XNDU DAILY ETF,레버리지,2,AMEX,ETF,레버리지 주식,,,,카테고리,usa10104+master
US,XOMX,DIREXION XOM DAILY 2X,DIREXION DAILY XOM BULL 2X ETF,레버리지,2,NASDAQ,ETF,레버리지 주식,,,,카테고리,usa10104+master
US,XOVL,DEFIANCE XOVR DAILY 2X,DEFIANCE DAILY TARGET 2X LONG XOVR ETF,레버리지,2,AMEX,ETF,레버리지 주식,,,,카테고리,usa10104+master
US,XPAV,CORGI US INFRASTRUCTURE DAILY 2X,CORGI U.S. INFRASTRUCTURE 2X DAILY ETF,레버리지,2,AMEX,ETF,,,,,종목명,usa10104+master
US,XPEG,LEVERAGE SHARES XPEV DAILY 2X,LEVERAGE SHARES 2X LONG XPEV DAILY ETF,레버리지,2,NASDAQ,ETF,레버리지 주식,,,,카테고리,usa10104+master
US,XPP,FTSE 중국 50 2배 프로셰어즈 ETF,PROSHARES TRUST ULTRA FTSE/XINHUA CHINA,레버리지,2,NYSE,ETF,레버리지 주식,,,,카테고리,usa10104+master
US,XQTM,CORGI QUANTUM COMPUTING DAILY 2X,CORGI QUANTUM COMPUTING 2X DAILY ETF,레버리지,2,AMEX,ETF,레버리지 주식,,,,카테고리,usa10104+master
US,XRPT,엑스알피(리플) 2배 ETF,VOLATILITY SHARES TRUST 2X XRP ETF,레버리지,2,NASDAQ,ETF,,,,,종목명,usa10104+master
US,XSEM,CORGI US SEMICONDUCTORS DAILY 2X,CORGI U.S. SEMICONDUCTORS 2X DAILY ETF,레버리지,2,AMEX,ETF,레버리지 주식,,,,카테고리,usa10104+master
US,XTAI,CORGI TAIWAN DAILY 2X,CORGI TAIWAN 2X DAILY ETF,레버리지,2,AMEX,ETF,레버리지 주식,,,,카테고리,usa10104+master
US,XUSP,언캡 엑셀러레이티드 미국 주식 이노베이터,INNOVATOR ETFS TRUST US EQTY ACCELERATED,레버리지,2,AMEX,ETF,레버리지 주식,,,,카테고리,usa10104+master
US,XVO,CORGI US MID-CAP DAILY 2X,CORGI U.S. MID-CAP 2X DAILY ETF,레버리지,2,AMEX,ETF,레버리지 주식,,,,카테고리,usa10104+master
US,XVUG,CORGI US GROWTH DAILY 2X,CORGI U.S. GROWTH 2X DAILY ETF,레버리지,2,AMEX,ETF,레버리지 주식,,,,카테고리,usa10104+master
US,XW,CORGI EX-US EQUITIES DAILY 2X,CORGI EX-U.S. EQUITIES 2X DAILY ETF,레버리지,2,AMEX,ETF,레버리지 주식,,,,카테고리,usa10104+master
US,XXRP,엑스알피(리플) 데일리 2배 롱튜크리움 ETF,TEUCRIUM 2X LONG DAILY XRP ETF,레버리지,2,NYSE,ETF,,,,,종목명,usa10104+master
US,XYZG,블록 데일리 2배 레버리지 셰어즈 ETF,LEVERAGE SHARES 2X LONG XYZ DAILY ETF,레버리지,2,NASDAQ,ETF,레버리지 주식,,,,카테고리,usa10104+master
US,YCL,2배 엔화 프로셰어즈 ETF,PROSHARES TRUST II ULTRA YEN,레버리지,2,NYSE,ETF,,,,,종목명,usa10104+master
US,YINN,중국 3배 디렉시온 ETF,DIREXION DAILY FTSE CHINA BULL 3X ETF,레버리지,3,NYSE,ETF,레버리지 주식,,,,카테고리,usa10104+master
US,YSPY,GRANITESHARES YIELDBOOST SPY 3X,GRANITESHARES YIELDBOOST SPY ETF,레버리지,3,NASDAQ,ETF,,,,,종목명,usa10104+master
US,ZETX,DEFIANCE ZETA DAILY 2X,DEFIANCE DAILY TARGET 2X LONG ZETA ETF,레버리지,2,NYSE,ETF,레버리지 주식,,,,카테고리,usa10104+master
US,AAOZ,TRADR 2X SHORT AAOI DAILY ETF,TRADR 2X SHORT AAOI DAILY ETF,인버스,-2,AMEX,ETF,인버스 주식,,,,카테고리,usa10104+master
US,AAPD,애플 인버스 디렉시온 ETF,DIREXION DAILY AAPL BEAR 1X ETF,인버스,-1,NASDAQ,ETF,인버스 주식,,,,카테고리,usa10104+master
US,AIBD,인공지능 및 빅데이터 인버스 2배 디렉시온,DIREXION DAILY AI AND BIG DATA BEAR 2X E,인버스,-2,NYSE,ETF,인버스 주식,,,,카테고리,usa10104+master
US,AIQD,MICROSECTORS ARTIFICIAL INTELLIGENCE -3,MICROSECTORS -3X SHORT ARTIFICIAL INTELL,인버스,-3,NYSE,ETN,인버스 주식,,,,카테고리,usa10104+master
US,AMDD,AMD 데일리 1배 인버스 디렉시온 ETF,DIREXION DAILY AMD BEAR 1X ETF,인버스,-1,NASDAQ,ETF,인버스 주식,,,,카테고리,usa10104+master
US,AMZD,아마존 인버스 디렉시온 ETF,DIREXION DAILY AMZN BEAR 1X ETF,인버스,-1,NASDAQ,ETF,인버스 주식,,,,카테고리,usa10104+master
US,AMZO,TRADR AMZN DAILY -2X,TRADR 2X SHORT AMZN DAILY ETF,인버스,-2,AMEX,ETF,인버스 주식,,,,카테고리,usa10104+master
US,APLZ,TRADR APLD DAILY -2X,TRADR 2X SHORT APLD DAILY ETF,인버스,-2,AMEX,ETF,인버스 주식,,,,카테고리,usa10104+master
US,ASTN,DEFIANCE ASTS DAILY -2X,TIDAL TRUST II DEFIANCE DAILY TARGET 2X,인버스,-2,AMEX,ETF,인버스 주식,,,,카테고리,usa10104+master
US,AVS,DIREXION AVGO DAILY -1X,DIREXION DAILY AVGO BEAR 1X ETF,인버스,-1,NASDAQ,ETF,인버스 주식,,,,카테고리,usa10104+master
US,BERZ,FANG 이노베이션 인버스 3배 마이크로섹터,MICROSECTORS FANG & INNOVATION -3X INVER,인버스,-3,NYSE,ETN,인버스 주식,,,,카테고리,usa10104+master
US,BEZ,TRADR BE DAILY -2X,TRADR 2X SHORT BE DAILY ETF,인버스,-2,AMEX,ETF,인버스 주식,,,,카테고리,usa10104+master
US,BIS,나스닥 바이오 인버스 2배 프로셰어즈 ETF,PROSHARES TRUST ULTRASHORT NASDAQ BIOTEC,인버스,-2,NASDAQ,ETF,인버스 주식,,,,카테고리,usa10104+master
US,BITI,비트코인 인버스 프로셰어즈 ETF,PROSHARES SHORT BITCOIN ETF,인버스,-1,NYSE,ETF,,,,,종목명,usa10104+master
US,BMNZ,DEFIANCE BMNR DAILY -2X,DEFIANCE DAILY TARGET 2X SHORT BMNR ETF,인버스,-2,NYSE,ETF,인버스 주식,,,,카테고리,usa10104+master
US,BNKD,미국 대형 은행주 3배 인버스 레버리지 마,MICROSECTORS U.S. BIG BANKS -3A INVERSE,인버스,-3,NYSE,ETN,인버스 주식,,,,카테고리,usa10104+master
US,BTCZ,비트코인 데일리 타겟 2배 인버스 T-REX ET,T-REX 2X INVERSE BITCOIN DAILY TARGET ET,인버스,-2,AMEX,ETF,,,,,종목명,usa10104+master
US,BZQ,MSCI 브라질 인버스 2배 프로셰어즈 ETF,PROSHARES TRUST ULTRASHORT MSCI BRAZIL C,인버스,-2,NYSE,ETF,인버스 주식,,,,카테고리,usa10104+master
US,CARD,자동 산업 3배 인버스 맥스 ETF,BANK OF MONTREAL MAX AUTO INDUSTRY -3X I,인버스,-3,NYSE,ETN,인버스 주식,,,,카테고리,usa10104+master
US,CBRZ,TRADR CBRS DAILY -2X,TRADR 2X SHORT CBRS DAILY ETF,인버스,-2,AMEX,ETF,인버스 주식,,,,카테고리,usa10104+master
US,CONI,코인베이스 데일리 2배 인버스 그래닛셰어,GRANITESHARES ETF TRUST GRANITESHARES 2X,인버스,-2,NASDAQ,ETF,인버스 주식,,,,카테고리,usa10104+master
US,CORD,T-REX CRWV DAILY -2X,T-REX 2X INVERSE CRWV DAILY TARGET ETF,인버스,-2,AMEX,ETF,인버스 주식,,,,카테고리,usa10104+master
US,CRCD,T-REX CRCL DAILY -2X,T-REX 2X INVERSE CRCL DAILY TARGET ETF,인버스,-2,AMEX,ETF,인버스 주식,,,,카테고리,usa10104+master
US,CSCS,DIREXION CSCO DAILY -1X,DIREXION DAILY CSCO BEAR 1X ETF,인버스,-1,NASDAQ,ETF,인버스 주식,,,,카테고리,usa10104+master
US,DAMD,DEFIANCE AMD DAILY -2X,DEFIANCE DAILY TARGET 2X SHORT AMD ETF,인버스,-2,NYSE,ETF,인버스 주식,,,,카테고리,usa10104+master
US,DGZ,금 인버스 도이치뱅크 ETN,DEUTSCHE BANK AG LONDON TRACKER ZERT 10/,인버스,-1,NYSE,ETN,인버스 원자재,,,,카테고리,usa10104+master
US,DOG,다우30 인버스 프로셰어즈 ETF,PROSHARES TRUST SHORT DOW30 (POST REV SP,인버스,-1,NYSE,ETF,인버스 주식,,,,카테고리,usa10104+master
US,DRIP,S&P 원유 및 가스 인버스 2배 디렉시온 ETF,DIREXION DAILY S&P OIL & GAS EXP. & PROD,인버스,-2,NYSE,ETF,인버스 주식,,,,카테고리,usa10104+master
US,DRV,부동산 인버스 3배 디렉시온 ETF,DIREXION DAILY REAL ESTATE BEAR 3X ETF,인버스,-3,NYSE,ETF,인버스 주식,,,,카테고리,usa10104+master
US,DUG,원유 및 가스 인버스 2배 프로셰어즈 ETF,PROSHARES ULTRASHORT ENERGY,인버스,-2,NYSE,ETF,인버스 주식,,,,카테고리,usa10104+master
US,DULL,금 인버스 3배 마이크로섹터 ETN,MICROSECTORS GOLD -3X INVERSE LEVERAGED,인버스,-3,NYSE,ETN,인버스 원자재,,,,카테고리,usa10104+master
US,DUST,금광 인버스 2배 디렉시온 ETF,DIREXION DAILY GOLD MINERS INDEX BEAR 2X,인버스,-2,NYSE,ETF,인버스 주식,,,,카테고리,usa10104+master
US,DWSH,도시 라이트 숏 어드바이저셰어즈 ETF,ADVISORSHARES TRUST DORSEY WRIGHT SHORT,인버스,-1,NASDAQ,ETF,인버스 주식,,,,카테고리,usa10104+master
US,DXD,다우 30 인버스 2배 프로셰어즈 ETF,PROSHARES TRUST ULTRASHORT DOW 30 (POST,인버스,-2,NYSE,ETF,인버스 주식,,,,카테고리,usa10104+master
US,DZZ,금 인버스 2배 도이치뱅크 ETN,DEUTSCHE BANK AG LONDON GOLD DOUBLE SHOR,인버스,-2,NYSE,ETN,인버스 원자재,,,,카테고리,usa10104+master
US,EDZ,신흥국 인버스 3배 디렉시온 ETF,DIREXION DAILY MSCI EMERGING MARKETS BEA,인버스,-3,NYSE,ETF,인버스 주식,,,,카테고리,usa10104+master
US,EEV,MSCI 신흥국 인버스 2배 프로셰어즈 ETF,PROSHARES TRUST ULTRASHORT MSCI EMERGING,인버스,-2,NYSE,ETF,인버스 주식,,,,카테고리,usa10104+master
US,EFU,MSCI 선진국 인버스 2배 프로셰어즈 ETF,PROSHARES ULTRASHORT MSCI EAFE,인버스,-2,NYSE,ETF,인버스 주식,,,,카테고리,usa10104+master
US,EFZ,MSCI EAFE 인버스 프로셰어즈 ETF,PROSHARES TRUST SHORT MSCI EAFE (POST RE,인버스,-1,NYSE,ETF,인버스 주식,,,,카테고리,usa10104+master
US,EMTY,디클라인 소매업 프로셰어즈 ETF,PROSHARES TRUST DECLINE RETAIL STORE ETF,인버스,-1,NYSE,ETF,인버스 주식,,,,카테고리,usa10104+master
US,EPV,FTSE 유럽 인버스 2배 프로셰어즈 ETF,PROSHARES ULTRASHORT FTSE EUROPE,인버스,-2,NYSE,ETF,인버스 주식,,,,카테고리,usa10104+master
US,ERY,에너지 인버스 2배 디렉시온 ETF,DIREXION DAILY ENERGY BEAR 2X ETF,인버스,-2,NYSE,ETF,인버스 주식,,,,카테고리,usa10104+master
US,ETHD,이더리움 2배 인버스 프로셰어즈 ETF,PROSHARES ULTRASHORT ETHER ETF,인버스,-2,NYSE,ETF,,,,,종목명,usa10104+master
US,EUM,MSCI 신흥국 프로셰어즈 ETF,PROSHARES SHORT MSCI EMERGING MARKETS,인버스,-1,NYSE,ETF,인버스 주식,,,,카테고리,usa10104+master
US,EUO,유로화 인버스 2배 프로셰어즈 ETF,PROSHARES TRUST II PROSHARES ULTRASHORT,인버스,-2,NYSE,ETF,,,,,종목명,usa10104+master
US,EWV,MSCI 일본 인버스 2배 프로셰어즈 ETF,PROSHARES ULTRASHORT MSCI JAPAN,인버스,-2,NYSE,ETF,인버스 주식,,,,카테고리,usa10104+master
US,FAZ,미국 금융 인버스 3배 디렉시온 ETF,DIREXION DAILY FINANCIAL BEAR 3X ETF,인버스,-3,NYSE,ETF,인버스 주식,,,,카테고리,usa10104+master
US,FLYD,여행주 인버스 3배 마이크로섹터 ETN,MICROSECTORS TRAVEL -3X INVERSE LEVERAGE,인버스,-3,NYSE,ETN,인버스 주식,,,,카테고리,usa10104+master
US,FNGD,FANG 플러스 인버스 3배 마이크로섹터 ETN,BANK OF MONTREAL MICROSTORS FANG IDX 3X,인버스,-3,NYSE,ETN,인버스 주식,,,,카테고리,usa10104+master
US,FXP,FTSE 중국 50 인버스 2배 프로셰어즈 ETF,PROSHARES TRUST ULTRASHORT FTSE CHINA 50,인버스,-2,NYSE,ETF,인버스 주식,,,,카테고리,usa10104+master
US,GDXD,금광 인버스 3배 마이크로섹터 ETN,BANK OF MONTREAL MICROSECTORS GOLD MNRS,인버스,-3,NYSE,ETN,인버스 원자재,,,,카테고리,usa10104+master
US,GGLS,구글 인버스 디렉시온 ETF,DIREXION DAILY GOOGL BEAR 1X ETF,인버스,-1,NASDAQ,ETF,인버스 주식,,,,카테고리,usa10104+master
US,GLL,금 인버스 2배 프로셰어즈 ETF,PROSHARES ULTRASHORT GOLD,인버스,-2,NYSE,ETF,인버스 원자재,,,,카테고리,usa10104+master
US,HDGE,주식 베어 어드바이저쉐어즈 ETF,ADVISORSHARES TRUST RANGER EQUITY BEAR E,인버스,-1,NYSE,ETF,인버스 주식,,,,카테고리,usa10104+master
US,HIBS,S&P 500 경기 민감주 인버스 3배 디렉시온,DIREXION DAILY S&P 500 HIGH BETA BEAR 3X,인버스,-3,NYSE,ETF,인버스 주식,,,,카테고리,usa10104+master
US,HOOZ,DEFIANCE HOOD DAILY -2X,DEFIANCE DAILY TARGET 2X SHORT HOOD ETF,인버스,-2,NYSE,ETF,인버스 주식,,,,카테고리,usa10104+master
US,IONZ,아이온큐 데일리 2배 인버스 디파이언스 ET,DEFIANCE DAILY TARGET 2X SHORT IONQ ETF,인버스,-2,NASDAQ,ETF,인버스 주식,,,,카테고리,usa10104+master
US,IREZ,TRADR IREN DAILY -2X,TRADR 2X SHORT IREN DAILY ETF,인버스,-2,AMEX,ETF,인버스 주식,,,,카테고리,usa10104+master
US,JDST,금광 소형주 인버스 2배 디렉시온 ETF,DIREXION DAILY JUNIOR GOLD MINERS INDEX,인버스,-2,NYSE,ETF,인버스 주식,,,,카테고리,usa10104+master
US,JETD,3배 인버스 맥스 에어라인 ETN,BANK OF MONTREAL MAX AIRLINES -3X INVERS,인버스,-3,NYSE,ETN,인버스 주식,,,,카테고리,usa10104+master
US,KOLD,천연가스 인버스 2배 프로셰어즈 ETF,PROSHARES TRUST II ULTRASHORT BLOOMBERG,인버스,-2,NYSE,ETF,인버스 원자재,,,,카테고리,usa10104+master
US,LABD,S&P 바이오주 인버스 3배 디렉시온 ETF,DIREXION DAILY S&P BIOTECH BEAR 3X ETF,인버스,-3,NYSE,ETF,인버스 주식,,,,카테고리,usa10104+master
US,LITZ,TRADR LITE DAILY -2X,TRADR 2X SHORT LITE DAILY ETF,인버스,-2,AMEX,ETF,인버스 주식,,,,카테고리,usa10104+master
US,METD,메타 데일리 1배 인버스디렉시온 ETF,DIREXION DAILY META BEAR 1X ETF,인버스,-1,NASDAQ,ETF,인버스 주식,,,,카테고리,usa10104+master
US,MSFD,마이크로소프트 인버스 디렉시온 ETF,DIREXION DAILY MSFT BEAR 1X ETF,인버스,-1,NASDAQ,ETF,인버스 주식,,,,카테고리,usa10104+master
US,MSTZ,스트래티지 데일리 타겟 2배 인버스 T-REX,T-REX 2X INVERSE MSTR DAILY TARGET ETF,인버스,-2,AMEX,ETF,인버스 주식,,,,카테고리,usa10104+master
US,MUD,DIREXION MU DAILY -1X,DIREXION DAILY MU BEAR 1X ETF,인버스,-1,NASDAQ,ETF,인버스 주식,,,,카테고리,usa10104+master
US,MUZ,DEFIANCE MU DAILY -2X,DEFIANCE DAILY TARGET 2X SHORT MU ETF,인버스,-2,NYSE,ETF,인버스 주식,,,,카테고리,usa10104+master
US,MYY,S&P 단기 중형주 400 프로셰어즈 ETF,PROSHARES TRUST SHORT S&P MID CAP 400 ET,인버스,-1,NYSE,ETF,인버스 주식,,,,카테고리,usa10104+master
US,MZZ,중형주 인버스 2배 프로셰어즈 ETF,PROSHARES TRUST ULTRASHORT MIDCAP 400 NE,인버스,-2,NYSE,ETF,인버스 주식,,,,카테고리,usa10104+master
US,NBIZ,TRADR NBIS DAILY -2X,TRADR 2X SHORT NBIS DAILY ETF,인버스,-2,AMEX,ETF,인버스 주식,,,,카테고리,usa10104+master
US,NFXS,DIREXION NFLX DAILY -1X,DIREXION DAILY NFLX BEAR 1X ETF,인버스,-1,NASDAQ,ETF,인버스 주식,,,,카테고리,usa10104+master
US,NRGD,미국 석유주 인버스 3배 마이크로섹터 ETN,MICROSECTORS U.S. BIG OIL -3A INVERSE LE,인버스,-3,NYSE,ETN,인버스 주식,,,,카테고리,usa10104+master
US,NVD,엔비디아 인버스 2배 그래닛셰어즈 ETF,GRANITESHARES ETF TRUST 2X SHORT NVDA DA,인버스,-2,NASDAQ,ETF,인버스 주식,,,,카테고리,usa10104+master
US,NVDD,엔비디아 인버스 1배 디렉시온 ETF,DIREXION DAILY NVDA BEAR 1X ETF,인버스,-1,NASDAQ,ETF,인버스 주식,,,,카테고리,usa10104+master
US,NVDQ,엔비디아 인버스 2배 T-REX ETF,T-REX 2X INVERSE NVIDIA DAILY TARGET ETF,인버스,-2,AMEX,ETF,인버스 주식,,,,카테고리,usa10104+master
US,NVDS,엔비디아 인버스 1.25배 ETF,INVESTMENT MANAGERS SERIES TRUST II TRAD,인버스,-1,NASDAQ,ETF,인버스 주식,,,,카테고리,usa10104+master
US,OILD,원유 및 가스 인버스 3배 마이크로섹터 ETN,MICROSECTORS OIL & GAS EXP. & PROD. -3X,인버스,-3,NYSE,ETN,인버스 주식,,,,카테고리,usa10104+master
US,OKLS,DEFIANCE OKLO DAILY -2X,DEFIANCE DAILY TARGET 2X SHORT OKLO ETF,인버스,-2,NYSE,ETF,인버스 채권,,,,카테고리,usa10104+master
US,ORCS,DIREXION ORCL DAILY -1X,DIREXION DAILY ORCL BEAR 1X ETF,인버스,-1,NASDAQ,ETF,인버스 주식,,,,카테고리,usa10104+master
US,ORCZ,TRADR 2X SHORT ORCL DAILY ETF,TRADR 2X SHORT ORCL DAILY ETF,인버스,-2,AMEX,ETF,인버스 주식,,,,카테고리,usa10104+master
US,PALD,DIREXION PANW DAILY -1X,DIREXION DAILY PANW BEAR 1X ETF,인버스,-1,NASDAQ,ETF,인버스 주식,,,,카테고리,usa10104+master
US,PFIX,금리 헤지 심플리파이 ETF,SIMPLIFY EXCHANGE TRADED FUNDS SIMPLIFY,인버스,-1,NYSE,ETF,인버스 채권,,,,카테고리,usa10104+master
US,PLTD,팔란티어 데일리 1배 숏 디렉시온 ETF,DIREXION DAILY PLTR BEAR 1X ETF,인버스,-1,NASDAQ,ETF,인버스 주식,,,,카테고리,usa10104+master
US,PLTZ,팔란티어 데일리 타겟 2배 숏 디파이언스 E,DEFIANCE DAILY TARGET 2X SHORT PLTR ETF,인버스,-2,NASDAQ,ETF,인버스 주식,,,,카테고리,usa10104+master
US,PSQ,QQQ 인버스 프로셰어즈 ETF,PROSHARES TRUST SHORT QQQ POST REV SPLIT,인버스,-1,NYSE,ETF,인버스 주식,,,,카테고리,usa10104+master
US,PST,미국 국채 7년-10년 인버스 2배 프로셰어즈,PROSHARES TRUST PSHS ULSHT 7-10Y,인버스,-2,NYSE,ETF,인버스 채권,,,,카테고리,usa10104+master
US,QBER,TRUESHARES QUARTERLY BEAR HEDGE,TRUESHARES QUARTERLY BEAR HEDGE ETF,인버스,-1,AMEX,ETF,,,,,종목명,usa10104+master
US,QBTZ,디 웨이브 퀀텀 인버스 2배 디파이언스 ETF,DEFIANCE DAILY TARGET 2X SHORT QBTS ETF,인버스,-2,NASDAQ,ETF,인버스 주식,,,,카테고리,usa10104+master
US,QCMD,DIREXION QCOM DAILY -1X,DIREXION DAILY QCOM BEAR 1X ETF,인버스,-1,NASDAQ,ETF,인버스 주식,,,,카테고리,usa10104+master
US,QID,QQQ 인버스 2배 프로셰어즈 ETF,PROSHARES TRUST ULTRASHORT QQQ (POST REV,인버스,-2,NYSE,ETF,인버스 주식,,,,카테고리,usa10104+master
US,QQDN,PROSHARES ULTRASHORT TOP QQQ,PROSHARES ULTRASHORT QQQ MEGA,인버스,-2,NASDAQ,ETF,인버스 주식,,,,카테고리,usa10104+master
US,QQQD,데일리 집중 QS 1배 인버스 디렉시온 ETF,DIREXION DAILY MAGNIFICENT 7 BEAR 1X ETF,인버스,-1,NYSE,ETF,인버스 주식,,,,카테고리,usa10104+master
US,REK,부동산 인버스 프로셰어즈 ETF,PROSHARES TRUST SHORT REAL ESTATE FD ETF,인버스,-1,NYSE,ETF,인버스 주식,,,,카테고리,usa10104+master
US,REW,기술주 인버스 2배 프로셰어즈 ETF,PROSHARES TRUST ULTRASHORT TECHNOLOGY (P,인버스,-2,NYSE,ETF,인버스 주식,,,,카테고리,usa10104+master
US,RGTZ,리게티 컴퓨팅 인버스 2배 디파이언스 ETF,DEFIANCE DAILY TARGET 2X SHORT RGTI ETF,인버스,-2,NASDAQ,ETF,인버스 주식,,,,카테고리,usa10104+master
US,RKLZ,DEFIANCE RKLB DAILY -2X,DEFIANCE DAILY TARGET 2X SHORT RKLB ETF,인버스,-2,NASDAQ,ETF,인버스 주식,,,,카테고리,usa10104+master
US,RWM,러셀 2000 인버스 프로셰어스 ETF,PROSHARES TRUST SHORT RUSSELL2000 (POST,인버스,-1,NYSE,ETF,인버스 주식,,,,카테고리,usa10104+master
US,RXD,헬스케어 인버스 2배 프로셰어즈 ETF,PROSHARES TRUST ULTRASHORT HEALTHCARE (P,인버스,-2,NYSE,ETF,인버스 주식,,,,카테고리,usa10104+master
US,SARK,이노베이션 인버스 AXS ETF,INVESTMENT MANAGERS SERIES TRUST II TRAD,인버스,-1,NASDAQ,ETF,인버스 주식,,,,카테고리,usa10104+master
US,SBB,S&P600 인버스 프로셰어즈 ETF,PROSHARES TRUST SHORT SMALLCAP600 (P/S),인버스,-1,NYSE,ETF,인버스 주식,,,,카테고리,usa10104+master
US,SBIT,비트코인 인버스 2배 프로셰어즈 ETF,PROSHARES ULTRASHORT BITCOIN ETF,인버스,-2,NYSE,ETF,,,,,종목명,usa10104+master
US,SCC,S&P 소비자 서비스 인버스 2배 프로셰어즈,PROSHARES ULTRASHORT CONSUMER DISCRETION,인버스,-2,NYSE,ETF,인버스 주식,,,,카테고리,usa10104+master
US,SCO,원유 인버스 2배 프로셰어즈 ETF,PROSHARES TRUST II ULTRASHORT BLOOMBERG,인버스,-2,NYSE,ETF,인버스 원자재,,,,카테고리,usa10104+master
US,SDD,S&P600 2배 인버스 소형주 프로셰어즈 ETF,PROSHARES TRUST ULTRASHORT SMALLCAP600 N,인버스,-2,NYSE,ETF,인버스 주식,,,,카테고리,usa10104+master
US,SDOW,다우 30 인버스 3배 프로셰어즈 ETF,PROSHARES ULTRAPRO SHORT DOW30,인버스,-3,NYSE,ETF,인버스 주식,,,,카테고리,usa10104+master
US,SDP,유틸리티 인버스 2배 프로셰어즈 ETF,PROSHARES ULTRASHORT UTILITIES,인버스,-2,NYSE,ETF,인버스 주식,,,,카테고리,usa10104+master
US,SDS,S&P 500 인버스 2배 프로셰어즈 ETF,PROSHARES TRUST ULTRASHORT S&P 500 (POST,인버스,-2,NYSE,ETF,인버스 주식,,,,카테고리,usa10104+master
US,SEF,금융주 인버스 프로셰어즈 ETF,PROSHARES SHORT FINANCIALS,인버스,-1,NYSE,ETF,인버스 주식,,,,카테고리,usa10104+master
US,SETH,이더리움 인버스 프로셰어즈 ETF,PROSHARES SHORT ETHER ETF,인버스,-1,NYSE,ETF,,,,,종목명,usa10104+master
US,SH,S&P 500 인버스 프로셰어즈 ETF,PROSHARES SHORT S&P 500,인버스,-1,NYSE,ETF,인버스 주식,,,,카테고리,usa10104+master
US,SHRT,롱숏 포지션 전략 타이달 ETF,TIDAL ETF TRUST GOTHAM SHORT STRATEGIES,인버스,-1,NYSE,ETF,인버스 주식,,,,카테고리,usa10104+master
US,SIJ,산업 인버스 2배 프로셰어즈 ETF,PROSHARES ULTRASHORT INDUSTRIALS,인버스,-2,NYSE,ETF,인버스 주식,,,,카테고리,usa10104+master
US,SJB,하이일드 인버스 프로셰어즈 ETF,PROSHARES TRUST SHORT HIGH YIELD,인버스,-1,NYSE,ETF,인버스 채권,,,,카테고리,usa10104+master
US,SKDD,GRANITESHARES 2X SHORT SK HYNIX DAILY E,GRANITESHARES 2X SHORT SK HYNIX DAILY ET,인버스,-2,NASDAQ,ETF,인버스 주식,,,,카테고리,usa10104+master
US,SKF,금융 인버스 2배 프로셰어즈 ETF,PROSHARES ULTRASHORT FINANCIALS,인버스,-2,NYSE,ETF,인버스 주식,,,,카테고리,usa10104+master
US,SKHU,PROSHARES SK HYNIX 2X,PROSHARES ULTRA SK HYNIX,인버스,-2,NYSE,ETF,인버스 주식,,,,카테고리,usa10104+master
US,SKHZ,LEVERAGE SHARES 1X SHORT SK HYNIX DAILY,LEVERAGE SHARES 1X SHORT SK HYNIX DAILY,인버스,-1,AMEX,ETF,인버스 주식,,,,카테고리,usa10104+master
US,SKRE,캐피탈 지역은행 인버스 2배 터틀 ETF,ETF OPPORTUNITIES TR TUTTLE CAP DAILY 2X,인버스,-2,NASDAQ,ETF,인버스 주식,,,,카테고리,usa10104+master
US,SKYU,나스닥 클라우드 컴퓨팅 2배 프로셰어즈 ET,PROSHARES TRUST ULTRA NASDAQ CLOUD COMPU,인버스,-2,NASDAQ,ETF,인버스 주식,,,,카테고리,usa10104+master
US,SMCZ,슈퍼 마이크로 컴퓨터 데일리 타겟 2배 인,DEFIANCE DAILY TARGET 2X SHORT SMCI ETF,인버스,-2,NASDAQ,ETF,인버스 주식,,,,카테고리,usa10104+master
US,SMDD,S&P400 인버스 3배 프로셰어즈 ETF,PROSHARES ULTRAPRO SHORT MIDCAP400,인버스,-3,NYSE,ETF,인버스 주식,,,,카테고리,usa10104+master
US,SMN,원자재 2배 인버스 프로셰어즈 ETF,PROSHARES ULTRASHORT MATERIALS,인버스,-2,NYSE,ETF,인버스 주식,,,,카테고리,usa10104+master
US,SMST,스트래티지 데일리 2배 인버스 디파이언스,TIDAL TRUST II DEFIANCE DAILY TARGET 2X,인버스,-2,NASDAQ,ETF,인버스 주식,,,,카테고리,usa10104+master
US,SMZ,TRADR SMR DAILY -2X,INVESTMENT MANAGERS SERIES TR II TRADR 2,인버스,-2,AMEX,ETF,인버스 주식,,,,카테고리,usa10104+master
US,SNDQ,TRADR SNDK DAILY -2X,TRADR 2X SHORT SNDK DAILY ETF,인버스,-2,AMEX,ETF,인버스 주식,,,,카테고리,usa10104+master
US,SNK,스페이스X 2배 인버스 그래닛셰어즈 ETF,GRANITESHARES 2X SHORT SPACEX DAILY ETF,인버스,-2,AMEX,ETF,인버스 주식,,,,카테고리,usa10104+master
US,SOXS,미국 반도체 인버스 3배 디렉시온 ETF,DIREXION DAILY SEMICONDUCTOR BEAR 3X ETF,인버스,-3,NYSE,ETF,인버스 주식,,,,카테고리,usa10104+master
US,SPCG,스페이스X 2배 인버스 트레이더 ETF,TRADR 2X SHORT SPACEX DAILY ETF,인버스,-2,AMEX,ETF,인버스 주식,,,,카테고리,usa10104+master
US,SPCQ,스페이스X 2배 인버스 디파이언스 ETF,DEFIANCE DAILY TARGET 2X SHORT SPCX ETF,인버스,-2,AMEX,ETF,인버스 주식,,,,카테고리,usa10104+master
US,SPDN,S&P 500 인버스 디렉시온 ETF,DIREXION DAILY S&P 500 BEAR 1X ETF,인버스,-1,NYSE,ETF,인버스 주식,,,,카테고리,usa10104+master
US,SPXS,S&P 500 인버스 3배 디렉시온 ETF,DIREXION DAILY S&P 500 BEAR 3X ETF,인버스,-3,NYSE,ETF,인버스 주식,,,,카테고리,usa10104+master
US,SPXU,S&P 500 인버스 3배 프로셰어즈 ETF,PROSHARES TRUST ULTRAPRO SHORT S&P 500 (,인버스,-3,NYSE,ETF,인버스 주식,,,,카테고리,usa10104+master
US,SQQQ,QQQ 인버스 3배 프로셰어즈 ETF,PROSHARES ULTRAPRO SHORT QQQ,인버스,-3,NASDAQ,ETF,인버스 주식,,,,카테고리,usa10104+master
US,SRS,부동산 인버스 2배 프로셰어즈 ETF,PROSHARES ULTRASHORT REAL ESTATE,인버스,-2,NYSE,ETF,인버스 주식,,,,카테고리,usa10104+master
US,SRTY,러셀 2000 인버스 3배 프로셰어즈 ETF,PROSHARES TRUST ULTRAPRO SHORT RUSSELL 2,인버스,-3,NYSE,ETF,인버스 주식,,,,카테고리,usa10104+master
US,SSG,반도체 인버스 2배 프로셰어즈 ETF,PROSHARES ULTRASHORT SEMICONDUCTORS,인버스,-2,NYSE,ETF,인버스 주식,,,,카테고리,usa10104+master
US,SSPC,스페이스X 2배 인버스 레버리지 셰어즈 ETF,LEVERAGE SHARES 2X SHORT SPCX DAILY ETF,인버스,-2,AMEX,ETF,인버스 주식,,,,카테고리,usa10104+master
US,STSM,DEFIANCE TSM DAILY -2X,DEFIANCE DAILY TARGET 2X SHORT TSM ETF,인버스,-2,NYSE,ETF,인버스 주식,,,,카테고리,usa10104+master
US,SVIX,VIX 선물 인버스 ETF,VS TRUST 1X SHORT VIX FUTURES ETF,인버스,-1,AMEX,ETF,인버스 주식,,,,카테고리,usa10104+master
US,SVXY,VIX 단기선물 인버스 0.5배 프로셰어즈 ETF,PROSHARES TRUST II SHORT VIX SHRT TRM FU,인버스,-0.5,AMEX,ETF,,,,,종목명,usa10104+master
US,SZK,필수 소비재 인버스 2배 프로셰어즈 ETF,PROSHARES TRUST ULTRASHORT CONSUMER STAP,인버스,-2,NYSE,ETF,인버스 주식,,,,카테고리,usa10104+master
US,TAIL,테일 리스크 캄브리아 ETF,CAMBRIA ETF TRUST TAIL RISK ETF,인버스,-1,AMEX,ETF,인버스 주식,,,,카테고리,usa10104+master
US,TBF,초장기 채권 프로셰어즈 ETF,PROSHARES TRUST SHORT 20+ YR TREASURY US,인버스,-1,NYSE,ETF,인버스 채권,,,,카테고리,usa10104+master
US,TBT,초장기채 인버스 2배 프로셰어즈 ETF,PROSHARES TRUST PSHS ULTSH 20YRS NEW,인버스,-2,NYSE,ETF,인버스 채권,,,,카테고리,usa10104+master
US,TBX,7년-10년 국채 인버스 ETF,PROSHARES TRUST SHORT 7-10YR TREAS,인버스,-1,NYSE,ETF,인버스 채권,,,,카테고리,usa10104+master
US,TECS,기술주 인버스 3배 디렉시온 ETF,DIREXION DAILY TECHNOLOGY BEAR 3X ETF,인버스,-3,NYSE,ETF,인버스 주식,,,,카테고리,usa10104+master
US,TMV,초장기채권 인버스 3배 디렉시온 ETF,DIREXION DAILY 20+ YEAR TREASURY BEAR 3X,인버스,-3,NYSE,ETF,인버스 채권,,,,카테고리,usa10104+master
US,TSDD,테슬라 인버스 2배 그래닛셰어즈 ETF,GRANITESHARES ETF TRUST GRANITESHARES 2X,인버스,-2,NASDAQ,ETF,인버스 주식,,,,카테고리,usa10104+master
US,TSLQ,테슬라 인버스 2배 AXS ETF,INVESTMENT MANAGERS SERIES TRUST II TRAD,인버스,-2,NASDAQ,ETF,인버스 주식,,,,카테고리,usa10104+master
US,TSLS,테슬라 인버스 디렉시온 ETF,DIREXION DAILY TSLA BEAR 1X ETF,인버스,-1,NASDAQ,ETF,인버스 주식,,,,카테고리,usa10104+master
US,TSLZ,테슬라 데일리 타겟 2배 인버스 T-REX ETF,T-REX 2X INVERSE TESLA DAILY TARGET ETF,인버스,-2,AMEX,ETF,인버스 주식,,,,카테고리,usa10104+master
US,TSMZ,DIREXION TSM DAILY -1X,DIREXION DAILY TSM BEAR 1X ETF,인버스,-1,NASDAQ,ETF,인버스 주식,,,,카테고리,usa10104+master
US,TSXD,DIREXION SEMICONDUCTORS TOP 5 DAILY -2X,DIREXION DAILY SEMICONDUCTORS TOP 5 BEAR,인버스,-2,NYSE,ETF,인버스 주식,,,,카테고리,usa10104+master
US,TTT,미국 장기채 인버스 3배 프로셰어즈 ETF,PROSHARES TRUST PROSHARES ULTRAPRO SHRT,인버스,-3,NYSE,ETF,인버스 채권,,,,카테고리,usa10104+master
US,TTXD,DIREXION TECHNOLOGY TOP 5 DAILY -2X,DIREXION DAILY TECHNOLOGY TOP 5 BEAR 2X,인버스,-2,NYSE,ETF,인버스 주식,,,,카테고리,usa10104+master
US,TWM,러셀 2000 인버스 2배 프로셰어스 ETF,PROSHARES ULTRASHORT RUSSELL2000,인버스,-2,NYSE,ETF,인버스 주식,,,,카테고리,usa10104+master
US,TYO,미국 장기채 인버스 3배 디렉시온 ETF,DIREXION DAILY 7-10 YEAR TREASURY BEAR 3,인버스,-3,NYSE,ETF,인버스 채권,,,,카테고리,usa10104+master
US,TZA,러셀 2000 인버스 3배 ETF,DIREXION DAILY SMALL CAP BEAR 3X ETF,인버스,-3,NYSE,ETF,인버스 주식,,,,카테고리,usa10104+master
US,UDN,달러 인버스 인베스코 ETF,INVESCO DB US DLR INDEX TR BEARISH FD ET,인버스,-1,NYSE,ETF,,,,,종목명,usa10104+master
US,VYLD,INVERSE VIX SHORT TERM FUTURES ETN - MA,INVERSE VIX SHORT-TERM FUTURES ETNS DUE,인버스,-1,NYSE,ETN,,,,,종목명,usa10104+master
US,WEBS,다우존스 인터넷 인버스 3배 디렉시온 ETF,DIREXION DAILY DOW JONES INTERNET BEAR 3,인버스,-3,NYSE,ETF,인버스 주식,,,,카테고리,usa10104+master
US,WTID,에너지 인버스 3배 마이크로섹터 ETN,BANK OF MONTREAL MICROSECTORS ENERGY 3X,인버스,-3,NYSE,ETN,인버스 주식,,,,카테고리,usa10104+master
US,YANG,중국FTSE 인버스 3배 디렉시온 ETF,DIREXION DAILY FTSE CHINA BEAR 3X ETF,인버스,-3,NYSE,ETF,인버스 주식,,,,카테고리,usa10104+master
US,YCS,엔화 인버스 2배 프로셰어즈 ETF,PROSHARES TRUST II PROSHS ULRASHRT YEN,인버스,-2,NYSE,ETF,,,,,종목명,usa10104+master
US,YXI,FTSE 중국 50 인버스 프로셰어즈 ETF,PROSHARES TRUST SHORT FTSE CHINA 50 NEW(,인버스,-1,NYSE,ETF,인버스 주식,,,,카테고리,usa10104+master
US,ZSL,은 인버스 2배 프로셰어즈 ETF,PROSHARES ULTRASHORT SILVER,인버스,-2,NYSE,ETF,인버스 원자재,,,,카테고리,usa10104+master
US,ZVOL,VOLATILITY PREMIUM PLUS,VOLATILITY PREMIUM PLUS ETF,인버스,-1,AMEX,ETF,인버스 주식,,,,카테고리,usa10104+master
