Ticker,Signal_sco,수익률(%),당일등락률(%),시가,고가,저가,종가,거래량,거래대금,HighVol,NewSig,is_lime,is_green,is_red,RSI14,MA5,MA10,MA20,MA60,MA120,정배열값(jung),HLd99,HLv99,HLv71,HLv7,Stoch_K3,Stoch_K2,ATR5,ATR60,Norm_sco,Norm_rtn,Final_score
VIAV,16.0,131.78036230736492,-2.2227438596898352,43.47999954223633,43.63999938964844,41.65999984741211,41.790000915527344,5174700.0,216250717.73757935,False,-,True,False,False,62.08716018964789,40.07000045776367,37.226999855041505,35.20349979400635,29.008499908447266,23.042999974886577,,2,2.0,1.0,1.0,79.72647559270406,89.8566632838541,2.546000671386719,2.1193333943684896,1.0,0.997365030529204,99.96047545793806
ICHR,16.0,120.05358533013082,4.147801038763976,56.400001525878906,58.2400016784668,54.584999084472656,57.5,667800.0,38398500.0,False,-,True,False,False,56.383836268444156,52.39799880981445,49.18799934387207,48.240499877929686,42.41900014877319,30.59800008138021,,2,2.0,1.0,1.0,66.3310917622764,77.97896938261606,3.6740013122558595,3.7606334686279297,1.0,0.9387691694529833,99.08153754179475
UCTT,16.0,101.67597034014535,4.163230049625666,74.4000015258789,76.98999786376953,72.87999725341797,75.80999755859375,910300.0,69009840.77758789,False,-,True,False,False,58.175418122124015,68.7859992980957,64.75299949645996,62.37099952697754,55.585499954223636,41.32791657447815,,2,2.0,1.0,1.0,75.23620336356717,82.89422617893564,4.635999298095703,4.521333758036295,1.0,0.8469406835053086,97.70411025257962
DNTH,16.0,100.11144766313657,-2.061975718449882,92.0,92.25,88.0,89.7699966430664,481100.0,43188345.38497925,False,-,True,False,False,69.82708045340867,88.12200012207032,85.56699905395507,82.34899978637695,63.8756664276123,51.65666650136312,,2,2.0,1.0,1.0,84.59895832176957,83.6417935251333,3.93800048828125,4.289833005269369,1.0,0.8391231430497702,97.58684714574656
AGX,16.0,92.25063959244085,-0.8944757616923149,611.3400268554688,614.6599731445312,600.0,603.8400268554688,219800.0,132724037.90283203,False,-,True,False,False,61.049896796148595,590.1340087890625,572.2460021972656,515.0395004272461,439.804665629069,382.70599975585935,,2,2.0,1.0,1.0,88.05335553290062,92.04451432361313,24.41597900390625,30.221497090657554,1.0,0.7998445911892264,96.9976688678384
GLW,16.0,90.52070619266972,0.8480579596734872,172.61000061035156,176.75,167.97000122070312,171.24000549316406,9880500.0,1691936874.2752075,False,-,True,False,False,57.85117751935727,160.23200378417968,149.27900238037108,141.30100173950194,129.0505007425944,107.83158359527587,,2,2.0,1.0,1.0,74.63614407362574,92.01369335712701,9.541995239257812,8.318000666300456,1.0,0.7912005334604154,96.86800800190623
ELVN,16.0,75.99999881485134,-0.5922361413906341,45.970001220703125,46.310001373291016,44.650001525878906,45.31999969482422,1124500.0,50962339.656829834,True,-,True,False,False,70.60562532622059,43.1879997253418,40.718000411987305,35.66200017929077,30.352416769663492,25.091958379745485,,2,2.0,1.0,1.0,88.35805607828023,90.60538778069213,2.7139984130859376,1.9899162928263345,1.0,0.7186440796376037,95.77966119456406
POWL,16.0,73.58690175571279,0.05632549897649497,230.80999755859375,235.30999755859375,227.0,230.94000244140625,708800.0,163690273.73046875,False,-,True,False,False,59.159836602530966,213.64800109863282,196.27533416748048,186.342333984375,173.74738896687825,144.42736123402912,,2,2.0,1.0,1.0,72.11550354202495,88.15581443239675,15.646002197265625,11.295333607991536,1.0,0.706586418754718,95.59879628132077
FORM,16.0,70.6409343131768,2.2548966414594807,122.1500015258789,126.30000305175781,121.58999633789062,123.80000305175781,1743400.0,215832925.32043457,False,-,True,False,False,60.7786466488905,114.452001953125,106.26600189208985,101.6145004272461,91.64200007120768,73.09866669972737,,2,2.0,1.0,1.0,74.16588711149048,86.50163246478454,6.351998901367187,6.076666005452474,1.0,0.6918661337750491,95.37799200662573
RAPT,16.0,66.01317500846953,0.0,58.005001068115234,58.005001068115234,58.005001068115234,58.005001068115234,0.0,0.0,False,-,False,False,False,78.91961799968355,58.005001068115234,57.97750053405762,57.87675037384033,47.09666678110759,37.63754177093506,,2,2.0,-1.0,1.0,95.3771014840845,97.56345812024895,0.005999755859375,1.5230448404947916,1.0,0.668742342656718,95.03113513985078
TSEM,16.0,63.15915878312195,-0.11285005301870932,206.0,211.8300018310547,201.6199951171875,203.58999633789062,1959400.0,398914238.8244629,False,-,False,False,False,68.4108759749849,198.4279998779297,188.29900054931642,173.6035015106201,143.489333597819,123.81558354695638,,2,2.0,-1.0,1.0,84.58866582909332,82.29256682563457,13.365997314453125,11.0358336130778,1.0,0.6544815156132425,94.81722273419864
TIGO,16.0,62.80391917509191,0.30200531974702294,82.95999908447266,84.44000244140625,82.48999786376953,83.02999877929688,1102900.0,91573785.65368652,False,-,True,False,False,62.91956284982627,81.63500061035157,78.81050033569336,76.26675033569336,68.97808329264323,60.14287494023641,,2,2.0,1.0,1.0,86.69949321041778,90.64216338393977,2.2419998168945314,2.465733591715495,1.0,0.6527064694295119,94.79059704144268
AEIS,16.0,62.29480917413825,1.2427338859615222,375.54998779296875,385.9700012207031,372.7900085449219,379.6400146484375,362100.0,137467649.30419922,False,-,True,False,False,57.59871778376371,358.5580078125,338.96800537109374,331.13500061035154,305.6868352254232,258.43950068155925,,2,2.0,1.0,1.0,66.20450834496347,81.4848037565858,16.093994140625,17.816168212890624,1.0,0.6501625702024428,94.75243855303664
TER,16.0,60.505074094673716,1.037862460663197,370.9599914550781,373.0,365.5,367.989990234375,3112200.0,1145258447.6074219,False,-,True,False,False,56.207379709306224,345.2799987792969,321.6629974365234,311.9389984130859,293.1981658935547,238.67133280436198,,2,2.0,1.0,1.0,72.94502348891048,90.81331470709807,16.120001220703124,17.376498413085937,1.0,0.6412196979807631,94.61829546971144
MTZ,16.0,59.78236365634242,1.077316550387275,357.8299865722656,365.489990234375,354.5400085449219,361.2200012207031,759000.0,274165980.9265137,False,-,True,False,False,64.21343491564913,348.43199462890624,335.5749969482422,321.53099822998047,285.1146647135417,248.67199885050456,,2,2.0,1.0,1.0,85.81578956095608,89.52907183197796,13.734002685546875,13.659168497721355,1.0,0.6376084891614082,94.56412733742113
STX,16.0,57.99836736133352,0.4712774169612244,504.6700134277344,509.54998779296875,494.6000061035156,503.1300048828125,3431500.0,1726490611.755371,False,-,True,False,False,56.5007267517512,484.443994140625,440.89599609375,424.30649719238284,401.7546671549479,336.5946674346924,,2,2.0,1.0,1.0,73.77215771117115,90.70138016971569,28.727996826171875,28.127999369303385,1.0,0.6286942922541272,94.43041438381191
DIOD,16.0,53.0962076382109,0.9478658046164767,83.0999984741211,85.54000091552734,82.83999633789062,83.06999969482422,461600.0,38345111.85913086,False,-,True,False,False,59.38985529630964,78.17200012207032,72.9150001525879,70.44650020599366,65.75883337656657,58.19908339182536,,2,2.0,1.0,1.0,71.42511662321247,83.80571644109816,4.877999877929687,3.741499582926432,1.0,0.6041993887808893,94.06299083171334
ORKA,15.0,90.10849247278925,-6.320749590429864,63.470001220703125,63.470001220703125,59.0,59.58000183105469,1021400.0,60855013.87023926,True,-,True,False,False,73.33066738976981,60.43199920654297,54.494999694824216,47.86350002288818,38.33283316294352,33.586749935150145,,2,2.0,1.0,1.0,92.99736832009917,89.53990085404669,4.516000366210937,2.6046666781107586,0.9642857142857143,0.7891408014547058,93.80139773610631
SBS,16.0,47.08926185774107,3.394964761750252,33.5,34.22999954223633,33.5,34.11000061035156,1348200.0,45987102.82287598,False,-,True,False,False,59.270430965122095,31.90400047302246,30.882000350952147,29.74900026321411,28.418500010172526,26.73391668001811,,2,2.0,1.0,1.0,87.16460626725907,90.80068045315824,1.0859992980957032,0.9236666043599446,1.0,0.5741841372647972,93.61276205897195
FTI,16.0,46.321634878027275,0.38089888608352496,73.0,74.25,72.62000274658203,73.79000091552734,3009100.0,222041491.75491333,False,-,True,False,False,66.36397642980025,72.78399963378907,71.2639991760254,69.02999954223633,62.98199990590413,53.567249902089436,,2,2.0,1.0,1.0,86.15333432714395,89.18826144783135,2.1939987182617187,2.1791663487752277,1.0,0.5703484913794027,93.55522737069104
KGS,15.5,65.13587423274568,0.6459082191941024,60.34000015258789,61.45000076293945,59.80500030517578,60.77000045776367,1035400.0,62921258.473968506,False,-,True,False,False,64.7645558654976,59.75400009155273,58.886000061035155,57.92250022888184,51.4068333307902,43.52525002161662,,2,2.0,1.0,1.0,77.06657426595288,78.89695593202136,1.606999969482422,1.7968502680460612,0.9821428571428571,0.664358683406084,93.44752310823411
DFTX,16.0,44.78816982072911,0.5135415964508061,22.0049991607666,22.1200008392334,21.375,21.530000686645508,1435100.0,30897703.98540497,False,-,True,False,False,59.988331402284714,20.996000289916992,20.054000091552734,19.15050001144409,17.822666676839194,15.212916707992553,,2,2.0,1.0,1.0,76.9280491664135,87.17896814651525,0.9150005340576172,1.094349988301595,1.0,0.5626861383187857,93.44029207478178
CENX,16.0,44.4971921967791,0.980246644262861,66.69999694824219,68.22000122070312,66.30000305175781,66.95999908447266,924400.0,61897823.15368652,False,-,True,False,False,58.252999152573885,65.88199920654297,61.70799942016602,56.66049995422363,52.69366658528646,42.871416600545246,,2,2.0,1.0,1.0,81.65113578684131,92.20085259199814,3.265999603271484,3.835499890645345,1.0,0.5612321936874208,93.41848290531131
SLAB,16.0,44.22670237087934,0.39927574788227727,210.5,211.67999267578125,210.25999450683594,211.22000122070312,272900.0,57641938.33312988,False,-,True,False,False,71.63353513750906,210.29000244140624,208.8220016479492,207.4015007019043,191.76600087483723,162.3012498855591,,2,2.0,1.0,1.0,87.66977466273592,89.64651395740972,1.617999267578125,4.018331654866537,1.0,0.5598806216150838,93.39820932422626
TS,16.0,43.55224745278443,1.182633517790932,59.099998474121094,59.970001220703125,59.040000915527344,59.88999938964844,1532500.0,91781424.06463623,False,🆕LIME,True,False,False,69.41522514174979,58.997999572753905,58.4689998626709,57.203499984741214,51.56683317820231,45.488000043233235,,2,2.0,1.0,1.0,86.27647017360842,75.46085914871772,1.2040008544921874,1.2829997380574545,1.0,0.5565105339294745,93.34765800894212
ADEA,16.0,43.230279911542134,-0.7021383239423806,27.059999465942383,27.59000015258789,26.760000228881836,26.8700008392334,1493405.0,40127793.60331535,True,-,True,False,False,67.10800526479592,26.262000274658202,25.280000114440917,24.560499954223634,21.18991673787435,18.04654176235199,,2,2.0,1.0,1.0,81.2562792710539,88.10280445227946,1.0373397827148438,0.9608002344767252,1.0,0.5549017401957562,93.32352610293634
WDC,15.5,60.48130498868283,1.6425913675754966,343.95001220703125,349.75,330.0,343.42999267578125,6116400.0,2100555207.2021484,False,-,True,False,False,55.503297089036565,327.2399963378906,302.6399978637695,298.9484992980957,275.73149922688805,219.8689161936442,,2,2.0,1.0,1.0,68.96494306207843,90.99316989489827,20.896002197265624,21.6178337097168,0.9821428571428571,0.6411009295215989,93.09865679996683
VSAT,16.0,35.15137300233639,1.5526279469724624,56.0,56.61000061035156,54.11000061035156,56.25,1102000.0,61987500.0,False,-,True,False,False,54.99048404772556,54.79000015258789,50.89700012207031,49.74849987030029,46.63316650390625,41.42924997011821,,2,2.0,1.0,1.0,64.69054708382528,82.84837615447654,3.3519989013671876,3.42433344523112,1.0,0.5145334013232288,92.71800101984843
CSTM,16.0,34.911244041922785,0.5768580938409151,29.780000686645508,30.18000030517578,29.530000686645508,29.639999389648438,1715800.0,50856310.95275879,False,-,True,False,False,55.949372764357236,28.587999725341795,26.888999938964844,25.634499931335448,24.751833311716716,21.07316661675771,,2,2.0,1.0,1.0,74.19754079162303,90.83066899091503,1.3800003051757812,1.3116666793823242,1.0,0.5133335351339009,92.7000030270085
EZPW,16.0,34.37939120112843,0.8790435840555499,28.31999969482422,28.770000457763672,28.280000686645508,28.690000534057617,409800.0,11757162.218856812,False,-,True,False,False,57.64608720579521,27.88000030517578,26.825,26.310000038146974,24.764833386739095,21.97841671307882,,2,2.0,1.0,1.0,69.02646646533061,87.44647410159129,1.090000534057617,0.895500119527181,1.0,0.5106759954507739,92.6601399317616
COHU,16.0,34.12356303136341,5.480221873128355,35.9900016784668,37.93000030517578,35.630001068115234,37.34000015258789,1088600.0,40648324.16610718,False,-,True,False,False,58.99950744827775,34.524000549316405,32.57600021362305,31.25349998474121,30.259333324432372,27.04916664759318,,2,2.0,1.0,1.0,80.01002706160456,91.81140754304805,1.7419998168945312,1.6863334019978842,1.0,0.5093976841190212,92.64096526178531
ESI,16.0,33.061947442788984,1.157159060660562,37.459999084472656,38.04999923706055,37.099998474121094,37.59000015258789,1867500.0,70199325.28495789,False,-,True,False,False,57.39917500327582,36.0379997253418,34.875,33.69750003814697,32.34049994150798,29.26949995358785,,2,2.0,1.0,1.0,78.693426308329,80.19729347408857,1.3600006103515625,1.4663334528605143,1.0,0.5040930484407592,92.5613957266114
PLXS,16.0,32.04525313121673,1.8847682347212569,223.99000549316406,227.99000549316406,221.75,227.5800018310547,263600.0,59990088.482666016,False,-,True,False,False,58.36189924747024,216.65,209.25,204.9739990234375,197.13583399454754,172.8140837351481,,2,2.0,1.0,1.0,68.0125302130979,78.88399029274845,7.95,9.326998901367187,1.0,0.4990128734912802,92.48519310236921
MATX,16.0,31.150937342332274,-0.48227879234091775,172.6199951171875,172.6999969482422,170.63999938964844,171.27000427246094,144700.0,24782769.618225098,False,-,True,False,False,57.92831353340926,170.21400451660156,166.17000274658204,161.89350280761718,160.59316813151042,136.67241744995118,,2,2.0,1.0,1.0,79.80556058479874,81.49591270827818,4.45799560546875,5.601000213623047,1.0,0.4945441943456396,92.4181629151846
KLIC,15.75,39.79425969641177,0.8593698001158279,78.87000274658203,80.97000122070312,77.1500015258789,77.45999908447266,923800.0,71557547.15423584,False,-,True,False,False,53.496781450178005,72.08400115966796,68.29700088500977,67.15600128173828,65.6313336054484,54.884250195821124,,2,2.0,1.0,1.0,64.93414535284224,80.39656969569822,4.0319976806640625,3.2638333638509116,0.9910714285714286,0.5377327803381814,92.30706313364415
CRUS,16.0,29.4812659991466,0.18157490072137072,160.57000732421875,162.50999450683594,158.0800018310547,160.0,646200.0,103392000.0,False,-,True,False,False,61.16087912993638,154.1320037841797,149.1260025024414,143.73350219726564,138.3723341623942,130.54266713460285,,2,2.0,1.0,1.0,73.26654681050832,81.81129409924759,5.658001708984375,5.507332356770833,1.0,0.48620125150139615,92.29301877252094
MOD,14.5,90.02125387091056,-0.024841651843487966,244.13999938964844,245.0,235.33999633789062,241.4600067138672,652000.0,157431924.3774414,False,-,True,False,False,57.288644633774354,229.34000244140626,222.1840026855469,214.55050048828124,200.68333358764647,173.18974997202557,,2,2.0,1.0,1.0,68.39786896187468,68.00313386678977,15.922000122070312,13.437333170572916,0.9464285714285714,0.7887048913145119,92.27700194114625
FIX,15.5,48.427972499201765,1.1680278966473168,1592.449951171875,1614.0,1567.0,1592.8399658203125,241200.0,384192999.7558594,False,-,True,False,False,55.1038865895391,1510.289990234375,1441.6099975585937,1427.17099609375,1327.4269958496093,1141.3091649373373,,2,2.0,1.0,1.0,69.97724877797182,84.73686158908399,67.00400390625,71.71116536458334,0.9821428571428571,0.5808733497330291,92.19524310313828
JBL,16.0,25.655545345330033,2.211456975389403,296.8999938964844,303.739990234375,294.6099853515625,299.5,1155800.0,346162100.0,False,-,True,False,False,56.481282527163444,283.9960021972656,273.4699996948242,268.717000579834,258.2828328450521,237.66674995422363,,2,2.0,1.0,1.0,71.01370109976386,81.70402650745739,10.739996337890625,11.771834309895834,1.0,0.4670850530452764,92.00627579567914
LSCC,16.0,22.943215205320875,-0.1787585283372528,108.20999908447266,109.41000366210938,105.30999755859375,106.0999984741211,784200.0,83203618.80340576,False,-,True,False,False,54.86319721061037,102.60599822998047,97.20599899291992,95.20149955749511,91.7996669769287,82.18133347829183,,2,2.0,1.0,1.0,64.64640926085019,82.20361622756397,5.432003784179687,5.222333780924479,1.0,0.4535321970145558,91.80298295521834
ETN,16.0,21.24676396887535,0.6392961599705149,404.2200012207031,407.010009765625,401.1000061035156,403.0,2218200.0,893934600.0,False,-,True,False,False,54.00667751773562,384.352001953125,370.6980010986328,366.5440017700195,362.4136678059896,354.43725128173827,,2,2.0,1.0,1.0,63.49584018844837,81.69070533155187,12.151995849609374,12.968999735514323,1.0,0.4450554415372131,91.6758316230582
KLAC,16.0,20.492162268129512,0.5801106651342813,1747.6199951171875,1759.9599609375,1732.1800537109375,1737.280029296875,686400.0,1192469012.109375,False,-,True,False,False,56.406217818443515,1645.1580078125,1556.0669921875,1523.200994873047,1492.1851623535156,1355.3632446289062,,2,2.0,1.0,1.0,73.43704851730637,90.21160440987522,60.48798828125,71.58531697591145,1.0,0.4412848798124849,91.61927319718727
PDFS,16.0,19.55049993323106,2.4268055588118953,38.400001525878906,39.06999969482422,38.099998474121094,38.83000183105469,245100.0,9517233.448791504,False,-,True,False,False,55.84586902224236,36.432000732421876,34.73200016021728,34.162999629974365,33.20933307011922,30.814916531244915,,2,2.0,1.0,1.0,72.01585086221533,87.35757359787627,1.5939987182617188,1.789666239420573,1.0,0.43657962145688234,91.54869432185323
FLEX,16.0,19.402523528913896,2.3063533905746336,75.87999725341797,77.08000183105469,75.02999877929688,76.73999786376953,3953900.0,303422277.55355835,False,-,True,False,False,56.236872539431275,72.16999969482421,68.85099945068359,67.07999954223632,65.02783292134603,63.700499852498375,,2,2.0,1.0,1.0,71.88038575646954,85.57566795045248,3.1379989624023437,3.4314993540445964,1.0,0.4358402192454511,91.53760328868177
CLH,16.0,18.950727648093224,0.02316895795944074,302.1000061035156,303.4599914550781,298.8900146484375,302.2300109863281,310200.0,93751749.40795898,False,-,True,False,False,56.979634971754145,301.0940002441406,293.8000030517578,290.28150177001953,279.23983408610025,254.8103333791097,,2,2.0,1.0,1.0,63.712310455878495,74.73445287878577,7.798004150390625,7.644499206542969,1.0,0.43358270477930483,91.50374057168958
BTSG,16.0,17.37442538774936,-1.2848352818307096,45.630001068115234,46.369998931884766,44.63199996948242,45.33000183105469,1413800.0,64087556.58874512,False,-,True,False,False,56.64802917695628,44.987999725341794,43.65499992370606,42.86700000762939,40.92216682434082,38.03341663678487,,2,2.0,1.0,1.0,73.4210830608812,77.92077314598558,1.5805992126464843,1.8389833450317383,1.0,0.42570630460212444,91.38559456903187
CAT,15.75,24.21408837818879,0.4561177261114491,790.6699829101562,797.8499755859375,786.239990234375,790.6599731445312,1871500.0,1479720139.7399902,False,-,True,False,False,53.837828542079066,758.997998046875,731.3820007324218,715.6650024414063,709.4274993896485,641.7527491251627,,2,2.0,1.0,1.0,69.39243300424542,88.01304451781496,24.1219970703125,25.660331217447915,0.9910714285714286,0.45988244210128615,91.13930806009073
KEX,16.0,13.355950447376763,-0.85457411284241,141.22999572753906,141.4199981689453,139.83999633789062,140.3800048828125,454800.0,63844826.220703125,False,-,True,False,False,64.42565064042196,140.0919982910156,137.23799896240234,133.7669990539551,128.79866689046224,118.44024988810222,,2,2.0,1.0,1.0,87.00961401460133,85.69827199360881,3.43800048828125,3.8441670735677085,1.0,0.4056269597146527,91.08440439571979
APD,16.0,12.221053300170404,0.3257880205945973,299.0,299.6700134277344,295.69000244140625,298.7099914550781,863300.0,257876335.62316895,False,-,True,False,False,60.38425869977074,295.91399536132815,293.6789947509766,289.74149932861326,279.9814994812012,266.0845822652181,,2,2.0,1.0,1.0,84.82009649857851,87.42936361881593,7.32000732421875,6.798667653401693,1.0,0.3999561538570327,90.99934230785549
TPH,15.5,31.332391839694118,0.08550858608624701,46.77000045776367,46.849998474121094,46.7599983215332,46.81999969482422,2085400.0,97638427.36358643,False,-,False,False,False,79.61214649198416,46.763999938964844,46.72399978637695,46.64299964904785,42.39449984232585,37.48024999300639,,2,2.0,-1.0,1.0,88.27638917899944,79.02130307781616,0.10800018310546874,0.6555002212524415,0.9821428571428571,0.4954508784703323,90.91390603419784
TDW,15.0,51.4511887160648,-1.8132100844079457,87.12000274658203,87.62000274658203,85.12999725341797,86.0999984741211,649100.0,55887509.009552,False,-,True,False,False,63.03445202865056,86.63999938964844,84.88600006103516,80.45050048828125,73.42783381144206,63.37058340708415,,2,2.0,1.0,1.0,81.02817667164481,86.35757312345353,3.4280014038085938,3.5714999516805013,0.9642857142857143,0.5959796281069243,90.90398013588958
BWXT,16.0,9.038669442828052,-0.31264318159907045,230.3800048828125,233.67999267578125,228.47000122070312,229.57000732421875,759500.0,174358420.56274414,False,-,True,False,False,55.22712888440638,224.41199951171876,214.85199890136718,210.5239990234375,206.1271664937337,196.70749944051107,,2,2.0,1.0,1.0,66.79611507375809,84.34413688901259,8.473995971679688,10.187999216715495,1.0,0.38405455337822647,90.76081830067339
XPO,15.0,44.50482524737749,0.4770272450790092,212.25,214.55999755859375,210.77999877929688,212.74000549316406,809500.0,172213034.4467163,False,-,True,False,False,55.473943881145416,208.31999816894532,201.05499877929688,194.05050048828124,186.8716667175293,162.6874163945516,,2,2.0,1.0,1.0,64.73568147189663,83.71444837609124,8.189999389648438,8.769168090820312,0.9642857142857143,0.5612703341904182,90.383340727142
COHR,14.5,61.81655632021248,8.209869257791524,295.95001220703125,310.9800109863281,275.69000244140625,307.5,7961300.0,2448099750.0,False,-,True,False,False,53.254496021924425,276.356005859375,258.90800323486326,257.7065010070801,239.38650029500326,200.4911666870117,,2,2.0,1.0,1.0,55.45565134593561,78.83001051097264,23.96600341796875,21.400000762939452,0.9464285714285714,0.64777285665691,90.16302142128222
SSRM,15.0,38.968124396252946,-0.8380687835248923,33.63999938964844,34.5099983215332,32.83000183105469,33.130001068115234,4531200.0,150118660.83984375,False,-,True,False,False,54.293005754689105,33.21600074768067,31.122000312805177,28.419000244140626,27.80266669591268,24.888583342234295,,2,2.0,1.0,1.0,74.2631003661421,85.84518260431275,2.1759994506835936,2.0761669158935545,0.9642857142857143,0.5336047825624716,89.9683574527228
WAB,15.5,17.49604527838471,-1.3508539267474529,272.1000061035156,273.4700012207031,267.2099914550781,267.2799987792969,1419400.0,379377230.267334,True,-,True,False,False,56.10484737428977,263.5919982910156,255.62899932861328,248.11899795532227,246.7374994913737,228.01991628011066,,2,2.0,1.0,1.0,70.75542702223815,86.2694790512686,7.272003173828125,6.277834828694662,0.9821428571428571,0.42631400970554795,89.87685300272607
VECO,15.5,17.213117957787972,2.772078686945134,39.7400016784668,40.720001220703125,39.619998931884766,40.040000915527344,864000.0,34594560.791015625,False,-,True,False,False,61.362761086312744,37.476000213623045,35.8370002746582,34.17250003814697,32.33366657892863,31.148916641871136,,2,2.0,1.0,1.0,73.98060855355598,83.2949277404329,1.9760009765625,1.865000025431315,0.9821428571428571,0.42490029048802225,89.85564721446318
AEP,15.5,16.875321421438215,-0.6197527397398983,137.0,137.72000122070312,136.27000427246094,136.3000030517578,1982200.0,270173866.04919434,False,-,True,False,False,56.426993207922756,134.68800048828126,133.00899963378907,131.5345001220703,127.42433344523111,122.76025015513102,,2,2.0,1.0,1.0,74.84812180321043,90.86018976526601,2.2200042724609377,2.459833272298177,0.9821428571428571,0.4232124031039264,89.83032890370174
TIMB,15.0,37.12604179217065,1.3778069681573024,27.790000915527344,28.219999313354492,27.670000076293945,27.959999084472656,997000.0,27876119.08721924,True,-,True,False,False,55.21439985450287,26.91800003051758,26.516999816894533,25.992999839782716,25.301666514078775,23.580083274841307,,2,2.0,1.0,1.0,75.64631328758028,74.55799883327002,0.7499992370605468,0.7659998575846354,0.9642857142857143,0.5244003424533712,89.83029085108629
ACLS,15.5,13.736605219798337,1.9678537738824664,110.0,112.81999969482422,109.7300033569336,110.37000274658203,670400.0,73992049.8413086,False,-,True,False,False,61.63515208326703,103.5260009765625,98.90900039672852,93.93150024414062,89.53916714986165,87.02650000254313,,2,2.0,1.0,1.0,78.59608878540226,86.37720163495187,5.531999206542968,5.18400026957194,0.9821428571428571,0.40752899931224346,89.5950778468265
DAN,15.0,33.11427490667291,0.9133628746240019,36.5,36.66999816894531,35.97999954223633,36.459999084472656,864600.0,31523315.20843506,False,-,True,False,False,56.16152785122531,34.93600006103516,34.04300041198731,33.22750005722046,32.32283325195313,27.294166564941406,,2,2.0,1.0,1.0,72.25840040673567,78.23607634584286,1.2160003662109375,1.2989999771118164,0.9642857142857143,0.504354516089557,89.52960345562907
PCVX,15.0,32.29030956657595,-1.3130127680746284,61.11000061035156,61.40999984741211,60.20000076293945,60.880001068115234,863700.0,52582056.92253113,False,-,True,False,False,53.86012340821383,60.635999298095705,58.62899971008301,56.808999633789064,56.08399982452393,50.74666649500529,,2,2.0,1.0,1.0,66.17785394472011,87.48833352763447,2.4339996337890626,2.966166877746582,0.9642857142857143,0.5002373610781099,89.46784613045737
INTC,15.0,31.909494312640607,1.0693451626030193,61.52000045776367,63.38999938964844,60.75,62.380001068115234,98439700.0,6140668591.144943,True,-,True,False,False,56.57334935787473,57.34800033569336,51.36000022888184,48.18099994659424,47.363000106811526,42.96275005340576,,2,2.0,1.0,1.0,72.90228184173438,95.23177469278093,3.520000457763672,2.969666608174642,0.9642857142857143,0.49833451959330793,89.43930350818535
ECG,14.5,52.136355069833094,-0.015336055112391556,132.1300048828125,133.30499267578125,129.9199981689453,130.32000732421875,363900.0,47423450.6652832,False,-,True,False,False,57.038702509922174,125.79200134277343,122.49400024414062,119.44549980163575,108.1439998626709,99.11433308919271,,2,2.0,1.0,1.0,68.02978966402088,73.09194199637787,6.358000183105469,6.3813836415608725,0.9464285714285714,0.5994032382393119,89.43747714501825
ANDE,15.0,31.56779210115197,0.40419754436704647,73.9800033569336,75.0199966430664,72.80000305175781,74.5199966430664,267100.0,19904291.103363037,False,-,True,False,False,62.65341844241969,74.19199829101562,73.35999984741211,71.66150016784668,66.73683325449626,58.81749992370605,,2,2.0,1.0,1.0,88.79164285664959,82.29325876398761,2.5300003051757813,2.3095001856486004,0.9642857142857143,0.4966271164975813,89.41369246174943
LSTR,15.5,10.042994725809361,-0.850887223215635,171.52000427246094,172.5800018310547,168.16000366210938,168.9600067138672,313200.0,52918274.1027832,False,-,True,False,False,61.94311638703751,168.58800048828124,164.1570022583008,157.6775016784668,155.27350031534831,146.22874978383382,,2,2.0,1.0,1.0,81.85701966852073,83.98080144767145,4.810000610351563,6.052166493733724,0.9821428571428571,0.3890729232910471,89.31823670650856
RTO,15.5,6.9042257329789525,-0.7678739856578187,33.75,33.790000915527344,33.38999938964844,33.599998474121094,744300.0,25008478.86428833,False,-,True,False,False,54.21752321468663,33.33399963378906,32.40699939727783,31.994499588012694,31.751166502634685,30.08624990781148,,2,2.0,1.0,1.0,70.45347887021065,90.26191626975921,0.6680000305175782,0.8241666475931804,0.9821428571428571,0.37338925571458575,89.08298169286164
AMAL,15.0,26.706770129669888,-0.26041810127966913,42.150001525878906,42.40999984741211,41.66999816894531,42.130001068115234,102100.0,4301473.109054565,False,-,True,False,False,58.601044245874675,41.284000396728516,39.99600067138672,38.962500190734865,38.846666717529295,34.47641668319702,,2,2.0,1.0,1.0,83.04095166747244,94.17643837073965,1.018000030517578,1.305999755859375,0.9642857142857143,0.47233776839431396,89.04935224020043
CTRI,15.0,25.615208836898496,0.8380687835248812,33.5,33.72999954223633,33.209999084472656,33.689998626708984,630100.0,21228068.13468933,False,-,True,False,False,53.182762523513865,31.979999923706053,30.648999786376955,30.30649995803833,29.76283334096273,26.525249989827476,,2,2.0,1.0,1.0,66.91360209967031,87.62038544338188,1.3419998168945313,1.2503165245056151,0.9642857142857143,0.4668835012933378,88.96753823368579
GLDD,15.0,24.35991152246464,0.0,17.0,17.0,17.0,17.0,0.0,0.0,False,-,True,False,False,67.18135990729478,16.981999588012695,16.969999885559083,16.954500198364258,16.026500066121418,14.216000016530355,,2,2.0,1.0,1.0,76.08075446145688,73.01516130135224,0.02100067138671875,0.3142415523529053,0.9642857142857143,0.46061108499440795,88.87345198920184
CWEN,15.0,24.003626266080435,0.7358332933337541,40.939998626708984,41.400001525878906,40.939998626708984,41.06999969482422,459400.0,18867557.859802246,False,-,True,False,False,57.04641436738765,40.34399948120117,39.931999588012694,39.453499221801756,38.29999987284342,35.95316661198934,,2,2.0,1.0,1.0,82.01792113261666,77.84451087530941,1.0,1.1011665344238282,0.9642857142857143,0.4588308139593977,88.84674792367669
SPB,15.0,23.59655976944555,-1.4709552321363506,80.38999938964844,80.38999938964844,78.91999816894531,79.04000091552734,188600.0,14906944.172668457,False,-,True,False,False,53.92926895394853,78.1,75.94599990844726,74.73050003051758,73.05316664377848,65.48058347702026,,2,2.0,1.0,1.0,73.34488261216806,90.88770355237584,2.6279998779296876,2.394166374206543,0.9642857142857143,0.45679680138016066,88.81623773498814
FCFS,15.0,21.573709654833962,1.3725545852700805,197.52000427246094,203.42999267578125,196.1999969482422,201.6300048828125,326100.0,65751544.592285156,False,-,True,False,False,55.75965429742546,196.9279998779297,194.45900115966796,192.99300079345704,184.77899932861328,171.9106669108073,,2,2.0,1.0,1.0,67.57776846545892,76.64022618669388,6.609994506835937,5.943665313720703,0.9642857142857143,0.446689109852991,88.66462236208059
BEP,15.0,21.35854515243929,2.0011780881002084,34.029998779296875,34.790000915527344,34.029998779296875,34.65999984741211,878600.0,30452275.86593628,False,-,True,False,False,61.09214050454442,33.827999114990234,33.192999839782715,32.17199993133545,30.891166655222573,29.722083377838135,,2,2.0,1.0,1.0,88.05603945146002,85.11283849368688,0.9000007629394531,0.9308334350585937,0.9642857142857143,0.4456139850070654,88.6484954893917
ALSN,15.0,21.281611567763537,0.8079629140097078,128.1300048828125,128.6199951171875,126.56999969482422,128.50999450683594,787500.0,101201620.6741333,False,-,True,False,False,55.036982565594556,123.14599914550782,119.57499847412109,117.00849914550781,116.10616607666016,103.28124980926513,,2,2.0,1.0,1.0,65.10806432369063,85.41404345177327,3.7459991455078123,3.4411666870117186,0.9642857142857143,0.44522956653910034,88.64272921237223
MKSI,14.5,39.0573213530365,2.0968619235220753,268.260009765625,272.7099914550781,266.0,268.7699890136719,789000.0,212059521.3317871,False,-,True,False,False,53.86668419666245,252.63599853515626,239.7259994506836,235.31549987792968,234.5323336283366,195.15508359273275,,2,2.0,1.0,1.0,70.77462615842396,85.09892196189597,12.16199951171875,13.744665273030598,0.9464285714285714,0.534050478127268,88.45718574333759
CSX,15.0,18.551783362888408,-0.5883737117541643,42.5099983215332,42.720001220703125,42.0,42.2400016784668,8939700.0,377612943.0049896,False,-,True,False,False,54.83443543689145,41.954000091552736,41.29199981689453,40.27699966430664,39.97399984995524,37.85891653696696,,2,2.0,1.0,1.0,73.78183052170561,86.68839895308035,0.7219993591308593,0.9051665623982748,0.9642857142857143,0.43158927692113075,88.43812486810268
NEE,15.0,15.237631717796884,-0.42337162538802486,94.3499984741211,94.81999969482422,93.91999816894531,94.08000183105469,5322300.0,500721993.74542236,False,-,True,False,False,55.21881869638882,93.8260009765625,93.14600067138672,92.33150100708008,90.5748338063558,86.55075022379557,,2,2.0,1.0,1.0,70.57017231588192,75.01927285335792,1.6199996948242188,2.0260003407796225,0.9642857142857143,0.4150292647576595,88.18972468565062
HASI,15.0,14.302493512493776,0.8812761061533836,38.65999984741211,39.33000183105469,38.65999984741211,38.91999816894531,430000.0,16735599.212646484,False,-,True,False,False,56.08053614600929,38.30400085449219,37.51200065612793,36.88050022125244,36.243666903177896,34.06158347129822,,2,2.0,1.0,1.0,80.40486345446249,90.57317825540555,0.8019996643066406,1.0430002212524414,0.9642857142857143,0.4103566058956905,88.11963480272108
PLAB,14.5,34.471405650276225,0.9442490736623288,45.18000030517578,45.91999816894531,44.66999816894531,44.900001525878906,1014500.0,45551051.54800415,False,-,True,False,False,59.45401996476062,42.68600082397461,41.21500015258789,39.420999908447264,37.20616636276245,32.24366655349731,,2,2.0,1.0,1.0,76.0832047469996,76.09191399361578,1.981999969482422,2.4743334452311196,0.9464285714285714,0.5111357693417361,88.1134651115546
AA,15.0,11.717906854631966,-0.3275527156616054,74.22000122070312,75.19000244140625,72.86000061035156,73.02999877929688,3185100.0,232607849.11193848,False,-,True,False,False,56.56589427878841,72.40599975585937,69.35799980163574,64.87900009155274,62.46366678873698,53.6623335202535,,2,2.0,1.0,1.0,82.33752473617533,90.54386779046285,3.349798583984375,3.745349566141764,0.9642857142857143,0.3974420530703459,87.92591651034091
VRT,13.5,70.86034232623028,2.59698592779416,289.75,297.55999755859375,289.29998779296875,295.1099853515625,4638000.0,1368720112.0605469,False,-,True,False,False,55.69759330608491,276.9619995117188,264.13400115966795,263.92900161743165,234.72250010172527,204.46150016784668,,2,2.0,1.0,1.0,58.736522246462926,79.31880648856222,12.331002807617187,13.90393320719401,0.9107142857142857,0.6929624624147809,87.80515122193599
ONTO,14.5,30.237039844419698,4.122128141324954,251.89999389648438,258.989990234375,250.0,257.1400146484375,902400.0,232043149.21875,False,-,True,False,False,56.61192509499143,236.97400512695313,221.06900329589843,212.90100173950196,210.4293347676595,179.68625055948894,,2,2.0,1.0,1.0,78.58334863469237,94.16147016378636,12.808993530273437,12.57771479288737,0.9464285714285714,0.48997767014810845,87.7960936236502
PTF,14.75,18.34051181160541,-0.3623847334688457,100.48999786376953,100.48999786376953,98.25,98.9800033569336,124400.0,12313112.417602539,True,-,True,False,False,53.1942694024902,96.46600036621093,91.71900024414063,91.02700004577636,89.07950070699056,83.65400040944418,,2,2.0,1.0,1.0,67.04174503426118,91.2004670666731,2.98800048828125,3.478333282470703,0.9553571428571429,0.4305336042079573,87.66336120597651
MPWR,14.25,37.68712220811095,1.4720332798772606,1339.010009765625,1370.0,1339.010009765625,1353.8499755859375,522400.0,707251227.2460938,False,-,True,False,False,55.44996316738024,1274.4499755859374,1175.8949890136719,1127.365493774414,1125.4818288167319,1044.2880823771159,,2,2.0,1.0,1.0,78.90997219818226,97.57510344721103,61.8,54.941671752929686,0.9375,0.5272039252424744,87.59555887863712
CASY,14.5,22.086230744242673,-2.713641545477452,760.02001953125,762.5999755859375,730.2000122070312,738.1699829101562,574100.0,423783387.1887207,True,-,True,False,False,65.09073928109588,748.9780029296875,737.2369934082031,709.2349975585937,671.9441619873047,612.2268325805665,,2,2.0,1.0,1.0,90.61797297711263,80.13617891022929,22.2559814453125,18.262330118815104,0.9464285714285714,0.44925005346195773,87.18517937335794
DCOM,14.5,21.39253517752713,-0.9876559748047908,36.459999084472656,36.470001220703125,35.79999923706055,36.09000015258789,146600.0,5290794.022369385,False,-,True,False,False,61.04855700778014,35.53600006103515,34.590000534057616,33.60250024795532,33.52883345286052,31.177333370844522,,2,2.0,1.0,1.0,88.15183255469647,90.06865903775761,0.9800010681152344,1.184000301361084,0.9464285714285714,0.4457838249206146,87.13318594523778
ENS,14.5,16.377255117500013,0.7702407974530479,190.9199981689453,191.4199981689453,188.5500030517578,191.00999450683594,284700.0,54380545.43609619,False,-,True,False,False,58.7440573486016,184.5919982910156,179.01499938964844,173.53649826049804,172.53549982706707,156.37908356984457,,2,2.0,1.0,1.0,84.34897697690387,87.92037527261593,5.302001953125,6.776333618164062,0.9464285714285714,0.4207236865529962,86.75728386972351
CRS,14.0,35.971752319370154,0.9484929428674294,430.0899963378906,439.6000061035156,425.1000061035156,435.29998779296875,659000.0,286862691.9555664,False,-,True,False,False,54.98881009004253,416.6339965820313,402.0779998779297,391.8270004272461,374.1531656901042,344.80341657002765,,2,2.0,1.0,1.0,67.91458050954313,75.52783822918911,18.1,18.489668782552084,0.9285714285714286,0.5186326378469589,86.70806099627582
SDRL,14.0,34.73206646160823,-0.20999260051250968,47.41999816894531,48.0099983215332,47.095001220703125,47.52000045776367,573400.0,27247968.26248169,False,-,True,False,False,60.60176997282563,47.844000244140624,46.527000427246094,45.44650020599365,42.37166665395101,37.03616660435994,,2,2.0,1.0,1.0,79.01266363056126,79.95758656714642,1.7589988708496094,1.8485663731892903,0.9285714285714286,0.5124382282115924,86.61514485174531
FMX,14.5,13.180628935214056,1.153714300085107,115.37000274658203,116.9800033569336,114.86000061035156,116.61000061035156,433600.0,50562096.26464844,False,-,True,False,False,56.42156543864697,115.25999908447265,113.08799896240234,109.40550003051757,109.22133344014486,103.74608351389567,,2,2.0,1.0,1.0,83.71081891874456,84.04011117025709,2.4260025024414062,2.8436664581298827,0.9464285714285714,0.4047509206298895,86.51769238087691
ASX,14.0,32.83421999541829,1.3463889050363775,24.979999542236328,25.329999923706055,24.809999465942383,24.84000015258789,5613400.0,139436856.85653687,False,-,True,False,False,53.75039511869314,23.645999908447266,22.70599994659424,22.19099998474121,21.744333203633627,18.472999946276346,,2,2.0,1.0,1.0,70.75279464397104,88.45755036513232,0.9739997863769532,0.9010000228881836,0.9285714285714286,0.5029551496050194,86.47289867264672
CSCO,14.5,8.943951094237335,-1.1422351438705514,83.88999938964844,84.55999755859375,81.62000274658203,82.22000122070312,17568700.0,1444498535.446167,False,-,True,False,False,54.196234657757486,82.04199981689453,80.1709991455078,79.78199996948243,79.05666656494141,77.21058336893718,,2,2.0,1.0,1.0,57.68718321012243,75.08147582100077,2.3099990844726563,2.190334192911784,0.9464285714285714,0.38358126875738263,86.20014760278931
CGON,14.0,28.756170769582145,-1.2543766642006848,68.47000122070312,68.9000015258789,67.51000213623047,67.69999694824219,1214900.0,82248726.29241943,False,-,False,False,False,60.28393624391875,68.49799957275391,67.3020004272461,66.42600002288819,59.43049996693929,50.724083264668785,,2,2.0,-1.0,1.0,75.31372775679301,70.22942462670244,2.2660003662109376,3.0177499135335286,0.9285714285714286,0.4825781264585073,86.16724332544904
DELL,13.5,48.58766305391533,-2.016975381181707,183.22999572753906,184.0,177.0399932861328,177.8000030517578,4276500.0,760361713.0508423,False,-,False,False,False,66.68476637479462,179.12000122070313,173.99500122070313,168.30449981689452,139.85783348083496,138.07708358764648,,2,2.0,-1.0,1.0,71.95374254973585,71.60953087871037,7.492001342773437,7.142833201090495,0.9107142857142857,0.5816712847135738,86.13578355641789
TRMD,14.0,25.085320080190023,-1.5777146903615868,29.399999618530273,29.5,28.969999313354492,29.31999969482422,913600.0,26786751.721191406,False,-,True,False,False,58.147942125484825,29.620000076293945,28.795999908447264,27.489500045776367,26.406166648864748,23.8549999554952,,2,2.0,1.0,1.0,77.35078101849513,85.6532067649157,0.9860000610351562,0.9564166069030762,0.9285714285714286,0.4642357756621419,85.89210806350356
AIR,14.0,23.661859546835352,-1.7961630917004978,122.94000244140625,124.05000305175781,119.94000244140625,120.83000183105469,261500.0,31597045.4788208,False,-,True,False,False,53.177505024899645,118.50200042724609,113.35300064086914,110.49350013732911,110.58716659545898,97.34358304341634,,2,2.0,1.0,1.0,58.377009182807264,75.71639620500683,5.0260009765625,4.6243330637613935,0.9285714285714286,0.4571230885340538,85.78541775658223
KN,14.0,22.564105866327957,2.648531699976653,28.15999984741211,28.760000228881836,27.889999389648438,28.68000030517578,609600.0,17483328.186035156,False,-,True,False,False,54.59672990706024,27.3060001373291,26.432000160217285,25.81150016784668,25.832333374023438,24.243000030517578,,2,2.0,1.0,1.0,71.75199405074014,85.13657059893413,0.978000259399414,0.9698333104451498,0.9285714285714286,0.4516378795730753,85.70313962216755
NVT,14.0,22.430606063251002,1.5004218320131102,129.7899932861328,131.83999633789062,128.74000549316406,130.55999755859375,1285300.0,167808764.86206055,False,-,True,False,False,55.76935770656053,124.5260009765625,120.9860008239746,120.00050086975098,115.60950088500977,110.41141713460287,,2,2.0,1.0,1.0,65.44348878420182,68.54029473170806,4.904995727539062,5.31296641031901,0.9285714285714286,0.450970813427792,85.69313362998831
ODFL,14.0,21.38072444626107,-0.5489231009471962,209.5,212.22000122070312,207.5500030517578,208.35000610351562,1073300.0,223622061.55090332,False,-,True,False,False,55.75526453226225,205.297998046875,199.76099853515626,192.1894989013672,190.8845001220703,169.20733337402345,,2,2.0,1.0,1.0,69.12277707592303,87.5274118475784,6.9239990234375,7.467499542236328,0.9285714285714286,0.44572480956031413,85.61444357197614
EME,14.0,19.667438264651828,0.2536192153673067,799.0,809.9299926757812,790.0800170898438,802.4299926757812,195900.0,157196035.56518555,False,-,True,False,False,54.009473617475926,779.99599609375,758.8129943847656,748.202993774414,743.4871643066406,693.1264175415039,,2,2.0,1.0,1.0,71.66914403816297,85.13940128742908,24.3,28.568496704101562,0.9285714285714286,0.43716393394408304,85.48603043773268
LUNR,13.5,34.14911840759727,7.2826601341637875,22.06999969482422,24.219999313354492,21.940000534057617,23.56999969482422,15200900.0,358285208.36105347,True,-,True,False,False,55.54115626000406,22.915999603271484,21.123999786376952,19.914499855041505,18.90883339246114,15.659041690826417,,2,2.0,1.0,1.0,65.00980249255817,79.74998962432305,2.021999740600586,2.1534999052683514,0.9107142857142857,0.5095253781374592,85.05359495777617
MXL,14.0,12.813524328886805,4.284276083328842,20.079999923706055,21.040000915527344,19.950000762939453,20.690000534057617,1157300.0,23944537.61806488,False,-,True,False,False,54.6195061896724,19.3060001373291,18.267000007629395,17.677499771118164,17.98466657002767,17.291999944051106,,2,2.0,1.0,1.0,81.84300511056098,93.80459947535599,0.9200004577636719,1.0523333867390952,0.9285714285714286,0.40291658792666224,84.97232024747136
EWTX,13.5,31.54308092677418,-2.088307736813655,33.52000045776367,33.720001220703125,32.2599983215332,32.81999969482422,599300.0,19669025.817108154,False,-,True,False,False,58.94778935801624,32.94200057983399,32.38000049591064,31.325000190734862,29.939333407084145,25.7622917731603,,2,2.0,1.0,1.0,80.16870199852804,77.0434814476192,1.4280006408691406,1.6322166760762533,0.9107142857142857,0.49650364075111814,84.85826889698104
HUBB,14.0,11.279276265562732,0.25062690973880475,537.1699829101562,543.6500244140625,535.0,536.010009765625,431324.0,231193981.45214844,False,-,True,False,False,54.221882846189565,519.2800048828125,503.4810028076172,493.573503112793,496.58666839599607,471.2303342183431,,2,2.0,1.0,1.0,70.76900955442767,84.96885917920291,15.2090087890625,16.796153767903647,0.9285714285714286,0.3952503223747952,84.85732626419336
AMAT,13.5,31.036178250607115,0.4223103205277745,402.5,407.2900085449219,398.9800109863281,399.489990234375,6397400.0,2555697263.5253906,False,-,True,False,False,53.91043951709006,377.9899963378906,359.42999877929685,357.0939971923828,346.24749959309895,298.49574991861977,,2,2.0,1.0,1.0,58.92020070960037,79.02465355324432,15.25,16.64816640218099,0.9107142857142857,0.49397077099078135,84.820275850576
ITT,13.75,17.720485154129918,0.5097269829337003,216.5,218.99000549316406,214.58999633789062,216.89999389648438,1053100.0,228417383.5723877,False,-,True,False,False,54.068586273626416,206.6260009765625,197.5540008544922,192.88049926757813,193.13999989827474,186.51583353678384,,2,2.0,1.0,1.0,74.17047837902805,95.1265087165564,6.884005737304688,6.342833964029948,0.9196428571428571,0.4274354813430372,84.5811750772884
CROX,13.75,16.856037163738492,-2.1481067950630095,101.5999984741211,103.77999877929688,99.70999908447266,99.76000213623047,1496100.0,149250939.1960144,True,-,False,True,False,54.79269365608196,95.65400085449218,88.80500030517578,83.75100021362304,86.30300013224284,85.31583340962727,,2,2.0,1.0,-1.0,74.01297705824265,92.76572684598406,5.211997985839844,3.668666203816732,0.9196428571428571,0.4231160443441986,84.51638352230583
CGNX,13.25,34.77163363082452,-0.9274717147379152,54.13999938964844,54.439998626708984,53.189998626708984,53.40999984741211,1137500.0,60753874.826431274,False,-,True,False,False,51.713390793225344,52.46199951171875,50.33399963378906,50.15549983978271,48.365999921162924,43.777749919891356,,2,2.0,1.0,1.0,55.70909158966818,82.08677336897728,2.0360008239746095,2.149166997273763,0.9017857142857143,0.5126359357620197,84.34132475071601
ZD,13.5,20.54039335239315,-1.3092506238063462,44.52000045776367,45.209999084472656,43.0,43.720001220703125,547700.0,23945444.6685791,False,-,True,False,False,62.293852066535294,43.44200057983399,42.8129997253418,42.64449977874756,37.75116662979126,36.031166807810465,,2,2.0,1.0,1.0,61.655482604897166,63.736909659331744,1.5899993896484375,2.3640000661214193,0.9107142857142857,0.44152587884559985,84.03360246839827
AMLX,13.25,29.84127075433669,-5.54271998491741,17.360000610351562,17.360000610351562,16.34000015258789,16.360000610351562,851400.0,13928904.51965332,True,-,True,False,False,53.55153298403041,16.538000106811523,15.220000076293946,14.550000047683715,14.580250056584676,13.924625023206074,,2,2.0,1.0,1.0,67.97252534009701,92.61266141311916,0.9509998321533203,0.9801000118255615,0.9017857142857143,0.4880001079700448,83.97178733383639
NBIS,13.0,37.50355762219062,6.33756273278383,134.88499450683594,149.82000732421875,134.88499450683594,144.97000122070312,25736400.0,3731005939.416504,False,-,True,False,False,54.41375708489823,127.24800109863281,114.38500061035157,115.54000053405761,102.47433420817057,100.49754225413004,,2,2.0,1.0,1.0,56.977592290716416,90.3490266650323,10.259002685546875,8.911500295003256,0.8928571428571429,0.5262866975169038,83.78715760561072
JCI,13.25,27.156752106268378,0.4793744423845947,142.57000732421875,143.0500030517578,141.52000427246094,142.52999877929688,3583800.0,510799009.62524414,False,-,True,False,False,51.36857605021746,138.05599975585938,134.6789993286133,133.832999420166,132.02483355204265,124.03850002288819,,2,2.0,1.0,1.0,57.77982856033835,80.73244762945964,3.36400146484375,3.7568339029947917,0.9017857142857143,0.4745862192208929,83.77057900259912
DWAS,13.75,4.673545486726316,-0.7152961282169135,105.98999786376953,106.02999877929688,105.04000091552734,105.48999786376953,8400.0,886115.9820556641,False,-,True,False,False,52.66974211274521,103.96999969482422,100.93300018310546,98.93249969482422,100.57750002543132,98.16125005086263,,2,2.0,1.0,1.0,72.76814896544184,95.25601070646175,1.7600006103515624,2.2241663614908855,0.9196428571428571,0.3622430874137268,83.60328916834875
LIN,13.5,13.603522427250647,-0.02980208625518177,505.95001220703125,506.3299865722656,499.7300109863281,503.1499938964844,1153000.0,580131942.9626465,False,-,True,False,False,55.060471701202324,500.197998046875,498.3559997558594,494.05899810791016,479.57183227539065,451.34041697184244,,2,2.0,1.0,1.0,80.45663604661942,81.81387619510645,10.20799560546875,9.613165791829427,0.9107142857142857,0.4068640168674593,83.51367453872616
TXG,13.5,13.40155915522676,1.1739150337551019,23.25,23.6299991607666,22.559999465942383,23.270000457763672,1738600.0,40457222.79586792,False,-,True,False,False,57.1933155456495,22.6,21.789999771118165,20.293999862670898,20.375499979654947,18.32749999364217,,2,2.0,1.0,1.0,79.59667308873821,81.92537885641721,1.1459995269775392,1.298566722869873,0.9107142857142857,0.40585485536869587,83.49853711624472
LIT,13.5,10.480781684519624,1.511602416472102,77.75,78.54000091552734,77.18000030517578,77.9000015258789,337800.0,26314620.515441895,False,-,True,False,False,55.5439478608631,75.64199981689453,74.55900039672852,72.37150001525879,72.40333315531413,67.84333324432373,,2,2.0,1.0,1.0,85.57391964351709,82.8556208419769,1.9199996948242188,2.075166193644206,0.9107142857142857,0.3912604385702554,83.27962086426811
ALL,13.5,6.7493104015304395,-1.6455336141115495,214.02999877929688,214.32000732421875,208.3000030517578,210.99000549316406,1017300.0,214640132.5881958,False,-,True,False,False,51.64168346776124,211.29400329589845,208.49200286865235,207.35900192260743,205.3183339436849,204.87858390808105,,2,2.0,1.0,1.0,56.041221854016555,85.08343214747612,4.224002075195313,4.84183349609375,0.9107142857142857,0.37261518136681254,82.99994200621647
SOXX,13.25,15.991605239318062,2.1049576414763793,382.6700134277344,389.6000061035156,382.6700134277344,386.6000061035156,5589900.0,2161055374.118042,False,-,True,False,False,51.95653808060755,365.4980041503906,346.7570037841797,341.9840026855469,345.51883494059246,323.3139177958171,,2,2.0,1.0,1.0,72.21675809866004,97.08737375519736,11.708001708984375,11.65266621907552,0.9017857142857143,0.4187966876231214,82.93373602863254
ARCB,13.0,23.9629764698877,-0.6775296241520845,108.76000213623047,109.95999908447266,107.66000366210938,108.4800033569336,177800.0,19287744.596862793,False,-,True,False,False,58.10263482505666,106.64200134277344,101.7660011291504,95.70350036621093,97.25833346048991,85.01641677220663,,2,2.0,1.0,1.0,78.59294534682945,90.3029430693787,4.257998657226563,4.722999572753906,0.8928571428571429,0.45862769678448173,82.77227259462438
CELC,13.25,12.407638824269362,-6.0173299396075635,125.0,125.0,115.5,117.13999938964844,625700.0,73294497.61810303,False,-,True,False,False,52.05495620997791,117.7,114.2489990234375,112.55249977111816,110.43433329264323,101.19375012715658,,2,2.0,1.0,1.0,68.170894255504,80.93295968631114,5.7239990234375,6.1253002166748045,0.9017857142857143,0.40088847647817244,82.66511286145831
TJX,13.5,2.187938995334071,-2.060602361505681,164.42999267578125,164.9499969482422,160.4199981689453,161.60000610351562,3559400.0,575199061.7248535,False,-,True,False,False,55.031421742423575,161.5280029296875,160.15699920654296,158.15599975585937,156.389000193278,153.24450022379557,,2,2.0,1.0,1.0,71.76537201795063,75.77912095019096,4.162005615234375,3.2064999898274738,0.9107142857142857,0.34982311447977193,82.65806100291086
MTSI,13.0,20.88328034229654,4.198449136416382,252.55999755859375,262.0799865722656,251.61000061035156,258.1099853515625,1030800.0,266059772.90039062,False,-,True,False,False,53.48443691421459,244.56999816894532,234.7510009765625,230.69699935913087,231.08766504923503,199.1516663869222,,2,2.0,1.0,1.0,68.1801589794795,81.92549022770592,12.397994995117188,12.404832204182943,0.8928571428571429,0.44323920199178296,82.5414451727339
VALE,13.0,20.198437258265358,1.8618586969658235,16.90999984741211,17.190000534057617,16.799999237060547,16.959999084472656,41156000.0,698005722.3205566,False,-,True,False,False,54.130876172524,16.533999633789062,16.09499979019165,15.444999933242798,15.932166655858358,14.268833335240682,,2,2.0,1.0,1.0,81.82773281855218,89.15738331513701,0.43199939727783204,0.5518332481384277,0.8928571428571429,0.43981720715988615,82.49011525025544
MSGS,13.0,19.511234009860324,2.752946859445826,329.6600036621094,334.989990234375,328.97198486328125,331.07000732421875,225300.0,74590072.65014648,False,-,True,False,False,56.30031677268271,325.28400268554685,321.48900146484374,317.6239990234375,305.835166422526,269.4838333129883,,2,2.0,1.0,1.0,70.12541775547113,77.3569529220317,9.773004150390625,10.390165710449219,0.8928571428571429,0.4363834191588998,82.43860843024065
WFRD,13.0,17.088175220546688,-0.5033923108408778,103.41999816894531,104.20999908447266,101.4800033569336,102.77999877929688,666000.0,68451479.18701172,False,-,True,False,False,55.511051580200956,99.90599975585937,97.20900039672851,93.48450088500977,95.53916714986165,85.82954190572103,,2,2.0,1.0,1.0,77.60102829657959,84.12934445881577,3.9489974975585938,3.8164669036865235,0.8928571428571429,0.4242759819258243,82.25699687174452
C,13.25,6.956144561999955,-0.4242705628126009,125.23999786376953,125.47000122070312,123.61000061035156,124.38999938964844,8953400.0,1113713420.5352783,False,-,True,False,False,57.47113905163248,121.45799865722657,116.58999938964844,113.3479995727539,113.70849978129068,110.51899998982748,,2,2.0,1.0,1.0,81.5837166609242,95.51861881562478,3.3539993286132814,3.9523342132568358,0.9017857142857143,0.3736486815140582,82.25651593699659
PRIM,13.0,16.759659302549146,-1.569853532967358,162.52999877929688,164.82000732421875,160.61000061035156,161.13999938964844,609400.0,98198715.62805176,False,-,True,False,False,53.19504512027015,155.41399841308595,149.6499984741211,145.58399963378906,149.33383331298828,139.2273333867391,,2,2.0,1.0,1.0,76.77081789296518,81.60203869990707,7.014004516601562,7.991499964396159,0.8928571428571429,0.4226344675412938,82.23237415597656
PL,12.5,36.927324592473724,1.2854181495564276,34.880001068115234,36.38999938964844,33.95000076293945,34.66999816894531,9409600.0,326230814.7705078,False,-,True,False,False,60.80585859782857,35.12799911499023,32.89299964904785,31.220999908447265,26.98583329518636,21.163333264986672,,2,2.0,1.0,1.0,67.15538261226723,77.33948956302264,2.7639999389648438,2.6974000612894695,0.875,0.5234074007909262,82.22611101186389
FFBC,13.0,15.84548055748709,-1.5410418289537042,29.799999237060547,29.799999237060547,29.309999465942383,29.389999389648438,630300.0,18524516.61529541,False,-,True,False,False,55.0872747764975,29.09799995422363,28.405999755859376,27.7189998626709,28.285000038146972,26.627833318710326,,2,2.0,1.0,1.0,80.95733181438553,89.93283510757621,0.7420005798339844,0.8393333752950033,0.8928571428571429,0.41806653801995275,82.16385521315644
TGT,13.0,12.206575045101786,-1.7253885436671057,124.33999633789062,124.45999908447266,121.30999755859375,121.88999938964844,3697800.0,450724839.743042,False,-,True,False,False,57.981941559250856,122.15399932861328,121.14899826049805,118.4819995880127,114.86949984232585,104.6615001042684,,2,2.0,1.0,1.0,76.53347116056398,85.25414395692223,3.200001525878906,3.378666305541992,0.8928571428571429,0.3998838095271052,81.89111428576373
BY,13.0,11.65375860418829,-1.0447715645405808,33.349998474121094,33.435001373291016,32.91999816894531,33.150001525878906,124500.0,4127175.189971924,False,-,True,False,False,57.49614447478462,32.84800033569336,32.16100006103515,31.394999980926514,31.742999903361003,30.10875000953674,,2,2.0,1.0,1.0,81.04514186307026,89.565421297979,0.7210002899169922,0.8290999094645183,0.8928571428571429,0.39712151981738325,81.84967994011791
AMD,13.0,10.892877735647378,3.549693170279733,239.0,249.5800018310547,238.9600067138672,245.0399932861328,36398600.0,8919112699.624634,False,-,True,False,False,56.02265432929623,231.04199829101563,218.43799896240233,210.44049987792968,215.03516642252603,220.64258308410643,,2,2.0,1.0,1.0,71.88824963401649,90.60569089288737,9.4260009765625,11.086166127522786,0.8928571428571429,0.39331958261373967,81.79265088206324
RUSHA,12.75,20.53193799291215,-0.08425440158000841,71.0999984741211,71.62000274658203,70.68000030517578,71.1500015258789,514300.0,36592445.78475952,False,-,True,False,False,53.80273256984429,69.23999938964843,67.51199951171876,65.84349956512452,67.28549989064534,60.047333335876466,,2,2.0,1.0,1.0,69.51475312005945,84.92552278285989,2.2280014038085936,2.245333735148112,0.8839285714285714,0.4414836294645073,81.75618301339618
UBSI,13.0,9.874682897326515,-1.5716226954441304,44.540000915527344,44.599998474121094,43.790000915527344,43.84000015258789,814400.0,35703296.12426758,False,-,True,False,False,57.599553438843145,43.316000366210936,42.25999984741211,41.08250007629395,41.985999997456865,39.84016669591268,,2,2.0,1.0,1.0,85.75009264083006,90.88199599761177,1.0239997863769532,1.0761667251586915,0.8928571428571429,0.38823190989594186,81.71633579129627
CNOB,13.0,8.613370035368085,-0.46017402041275135,28.229999542236328,28.260000228881836,27.649999618530273,28.1200008392334,377300.0,10609676.316642761,True,-,True,False,False,55.902604742880435,27.9060001373291,27.26100025177002,26.68100004196167,27.05266669591268,26.27991665204366,,2,2.0,1.0,1.0,84.20558606720317,89.52830743402389,0.7080005645751953,0.8558333396911622,0.8928571428571429,0.3819294353646663,81.62179867332715
KNX,13.0,8.250129745811808,0.7827781223502583,61.43000030517578,62.02000045776367,60.810001373291016,61.79999923706055,2810900.0,173713617.8554535,False,-,True,False,False,54.919852431218594,60.97200012207031,58.96300010681152,56.38349990844726,57.90633316040039,53.3463331858317,,2,2.0,1.0,1.0,69.49668463348348,85.2706019165775,2.058000183105469,2.285499636332194,0.8928571428571429,0.38011441171533394,81.59457331858717
WWD,12.75,17.68911972378213,-1.0317651658633853,393.1199951171875,393.1199951171875,385.5,388.4800109863281,523300.0,203291589.7491455,False,-,True,False,False,50.188716938759626,386.006005859375,372.82900390625,368.6134994506836,367.70999908447266,326.80050061543784,,2,2.0,1.0,1.0,56.35099167997472,87.22445921595461,12.275994873046875,14.032166544596354,0.8839285714285714,0.42727875589299896,81.54310990982356
CVBF,13.0,7.467364666639775,-0.8192774761153987,20.709999084472656,20.709999084472656,20.3700008392334,20.579999923706055,1295800.0,26667563.901138306,False,-,True,False,False,54.78155391304475,20.25199966430664,19.78899974822998,19.385499954223633,19.778166611989338,19.490916601816814,,2,2.0,1.0,1.0,83.07788365058387,91.90835438005293,0.48400001525878905,0.5498331387837728,0.8928571428571429,0.37620312441759435,81.53590400912107
RIO,12.75,17.549953871322344,1.1633943320972673,99.12000274658203,99.33999633789062,97.9800033569336,98.26000213623047,2386800.0,234526973.09875488,False,-,True,False,False,52.364413546312626,96.50200042724609,94.05199966430663,90.52350006103515,92.77116635640462,83.61449947357178,,2,2.0,1.0,1.0,77.97379958788775,86.78079620712502,2.523997497558594,2.9001664479573566,0.8839285714285714,0.42658337787283895,81.53267923952116
COST,13.0,6.002566906987239,-3.25184903937481,1026.510009765625,1029.0,995.5,998.469970703125,2331500.0,2327932736.694336,False,-,True,False,False,54.736281818238915,1018.506005859375,1008.0920043945313,995.4170013427735,988.6931650797526,945.1567494710287,,0,2.0,1.0,1.0,76.67154625185933,82.52086307667248,22.08797607421875,19.142667643229167,0.8928571428571429,0.3688838851930411,81.42611542075277
CFR,13.0,5.602488084937196,-1.6970244204823515,144.9600067138672,144.9600067138672,142.0,142.5,468400.0,66747000.0,False,-,True,False,False,55.41002239332384,142.1320037841797,139.39800262451172,136.0625015258789,138.94316762288412,132.71508382161457,,2,2.0,1.0,1.0,79.4089661698964,88.44906736368463,2.79000244140625,3.518666076660156,0.8928571428571429,0.36688478832935095,81.39612896779742
NVRI,13.0,5.501610032612159,-0.3565955059444126,19.670000076293945,19.790000915527344,19.3799991607666,19.559999465942383,601700.0,11769251.678657532,False,-,True,False,False,60.98480029095748,19.55399971008301,19.469999885559083,18.881500053405762,18.738166777292886,17.33666672706604,,2,2.0,1.0,1.0,86.55761548395886,74.4200335679747,0.4160003662109375,0.45883328119913735,0.8928571428571429,0.366380725162536,81.3885680202952
OBK,12.75,14.1110574436494,-1.2563361433619913,45.25,45.25,44.65999984741211,44.79999923706055,185100.0,8292479.858779907,False,-,True,False,False,54.64323949695425,43.773999786376955,42.48899955749512,41.579999923706055,42.187833340962726,39.373916657765704,,2,2.0,1.0,1.0,76.49554000429715,93.93623821142788,1.129999542236328,1.193066660563151,0.8839285714285714,0.4094000462786056,81.27492926560765
AMKR,12.75,11.56881276856625,5.1142541277459985,56.20000076293945,58.91999816894531,55.38999938964844,57.959999084472656,3901200.0,226113548.42834473,False,-,True,False,False,53.71354901816668,52.03399887084961,48.408999633789065,47.515499877929685,47.8976666132609,43.26516664822896,,2,2.0,1.0,1.0,61.20513749579236,81.60469847998787,3.4220001220703127,3.3255001068115235,0.8839285714285714,0.39669706607422983,81.08438456254201
EBAY,13.0,1.0914472282710364,-0.1883242328180157,95.11000061035156,95.80000305175781,94.27999877929688,95.4000015258789,4317800.0,411918126.58843994,False,-,True,False,False,55.219383937794476,96.29800109863281,93.57700042724609,92.07750015258789,90.33949979146321,88.35933341979981,,2,2.0,1.0,1.0,66.34117033184435,80.60430961328528,2.78800048828125,3.0898329416910806,0.8928571428571429,0.34434421099428936,81.0580203077715
JBHT,12.75,10.659450851668307,0.8080952204800873,225.25,228.10000610351562,223.1199951171875,227.0399932861328,844400.0,191712570.33081055,False,-,True,False,False,52.855642328775176,222.3940002441406,216.25800018310548,209.33249893188477,215.1000005086263,198.55575014750164,,2,2.0,1.0,1.0,66.91031380833775,88.88306634947496,6.202001953125,7.011667887369792,0.8839285714285714,0.3921532050752527,81.01622664755736
TTE,12.0,40.80546691312625,3.0245760163158497,90.68000030517578,92.7300033569336,90.4800033569336,92.6500015258789,3797800.0,351866175.7949829,True,-,False,False,False,72.4106926859099,91.13000030517578,91.02200088500976,89.23600044250489,79.69716631571451,71.95683323542276,,2,2.0,-1.0,1.0,85.9260631941729,63.76231194352063,2.6640029907226563,1.8035003662109375,0.8571428571428571,0.5427855376051529,80.99892592122013
BHP,12.5,20.03437340812102,-0.5438376020763691,78.26000213623047,78.44999694824219,76.5199966430664,76.80999755859375,3382000.0,259771411.74316406,False,-,True,False,False,51.93736138768878,75.41999969482421,73.51599884033203,71.0569995880127,72.15916608174642,65.01999969482422,,2,2.0,1.0,1.0,70.95420578039361,86.47158951274102,2.1240005493164062,2.3715002059936525,0.875,0.4389974198824994,80.95996129823749
TFII,12.75,9.851070740286062,-1.162411078413217,124.1500015258789,125.36000061035156,121.54000091552734,122.44000244140625,401900.0,49208636.98120117,False,-,True,False,False,54.509161572763894,119.21199951171874,113.64999923706054,108.03999977111816,112.66399981180827,104.23274981180826,,2,2.0,1.0,1.0,72.8425911629553,93.680420776943,4.405999755859375,4.1716668446858725,0.8839285714285714,0.38811392567262637,80.95563745651796
BOKF,12.75,9.385188000749011,-1.156798784333679,135.3800048828125,135.3800048828125,133.97999572753906,134.14999389648438,281000.0,37696148.28491211,False,-,True,False,False,54.83580207386882,132.98999938964843,129.94499893188475,127.70099983215331,129.73033409118653,121.6049170811971,,2,2.0,1.0,1.0,77.50252614531523,89.2245606522133,3.3140045166015626,3.21850102742513,0.8839285714285714,0.38578602258922,80.92071891026687
ARMN,12.5,19.058551551571167,1.4180880066481993,20.690000534057617,20.940000534057617,20.399999618530273,20.739999771118164,943300.0,19564041.784095764,False,-,True,False,False,49.92689174173705,20.246000289916992,19.307999992370604,18.363999938964845,19.321333376566567,16.289083329836526,,2,2.0,1.0,1.0,67.24926843709761,84.36763759126609,0.9618000030517578,1.286199935277303,0.875,0.43412147468011864,80.88682212020178
DLX,12.5,18.85835544930319,-0.31914946862756643,28.200000762939453,28.440000534057617,27.850000381469727,28.110000610351562,309500.0,8700045.188903809,False,-,True,False,False,56.02402234380154,27.980000305175782,27.737000274658204,27.335000038146973,26.811333306630452,23.778833293914794,,2,2.0,1.0,1.0,70.8910171771972,58.09286225110154,0.7860000610351563,0.9076667149861654,0.875,0.4331211433001266,80.8718171495019
ADI,12.5,18.206686050135534,-0.3472138985617046,353.0,354.2900085449219,349.010009765625,350.1400146484375,2504200.0,876820624.6826172,False,-,True,False,False,52.086529993537056,340.49599609375,327.00799865722655,319.9330001831055,323.7233332316081,291.49850069681804,,2,2.0,1.0,1.0,64.89831954402204,95.608102510858,9.958001708984375,10.128333028157552,0.875,0.42986490932762217,80.82297363991434
CFG,12.75,7.343592303934265,-1.2313422144478725,64.88999938964844,64.92500305175781,64.1050033569336,64.16999816894531,4021900.0,258085315.63568115,False,-,True,False,False,54.08551163239691,63.1859992980957,61.268999862670896,59.3689998626709,61.68616663614909,58.359166558583574,,2,2.0,1.0,1.0,81.99466417137646,94.41294957131004,1.3839988708496094,1.7824996948242187,0.8839285714285714,0.37558466393316214,80.767698530426
SHG,12.25,26.522549987412212,1.0053994223916396,67.30999755859375,67.66999816894531,66.7699966430664,67.30999755859375,170600.0,11483085.583496094,False,-,True,False,False,51.535641499343555,65.13399963378906,63.21399993896485,62.189999961853026,62.669833056132,58.04391670227051,,2,2.0,1.0,1.0,70.53124235042618,93.7413949791433,1.8099998474121093,2.020500119527181,0.8660714285714286,0.47141726501268333,80.68733040376168
ON,12.5,15.55294008112893,0.233616100306544,69.13999938964844,70.11000061035156,68.13999938964844,68.6500015258789,6274800.0,430765029.57458496,False,-,True,False,False,52.170845721389064,66.55999984741212,63.31199951171875,61.88699951171875,63.42183316548665,58.117916679382326,,2,2.0,1.0,1.0,72.67943476528723,92.94229266562088,2.4779998779296877,2.8123332341512044,0.875,0.4166047841940607,80.62407176291092
NTRS,12.75,4.805504803813476,-0.2620776665640312,152.0,152.60000610351562,151.22000122070312,152.22999572753906,824700.0,125544077.47650146,False,-,True,False,False,53.771373115577106,149.11000366210936,144.0000030517578,140.59050064086915,144.2321673075358,138.75908374786377,,2,2.0,1.0,1.0,72.10382019546466,93.61594188513853,3.65999755859375,4.29266586303711,0.8839285714285714,0.3629024561240522,80.57746541328935
NGVT,12.5,14.361696823644344,0.3600915323797915,75.25,75.88999938964844,74.22000122070312,75.25,179800.0,13529950.0,False,-,True,False,False,57.58213507753705,72.93600158691406,71.94100036621094,69.58100032806396,69.56749998728434,62.48233331044515,,2,2.0,1.0,1.0,85.20671761379447,80.95353362080652,2.25,2.643666458129883,0.875,0.4106524304860417,80.53478645729062
GSAT,12.5,13.779160481873953,0.04103160100967784,73.37000274658203,77.0,72.0,73.16000366210938,1367100.0,100017041.00646973,True,-,True,False,False,58.50873961386644,73.54200134277343,70.63700103759766,65.64750022888184,62.18016681671143,60.38991689682007,,2,2.0,1.0,1.0,71.47578461342084,74.80856423250088,4.252000427246093,4.4225003560384115,0.875,0.4077416376381438,80.49112456457216
TPC,12.5,13.339675600306467,2.2699367780626867,82.4000015258789,83.72000122070312,81.5,83.3499984741211,574500.0,47884574.12338257,False,-,True,False,False,54.40303553621794,80.0720001220703,78.25400085449219,75.41050033569336,77.55416653951009,72.25708303451538,,2,2.0,1.0,1.0,80.39408218620765,78.42278722596654,2.9540023803710938,3.8841670989990233,0.875,0.4055456382501259,80.4581845737519
SAIA,12.5,12.695614234108298,0.044811081177109635,402.4100036621094,405.989990234375,397.6400146484375,401.8500061035156,296500.0,119148526.80969238,False,-,True,False,False,52.5845155715466,390.297998046875,368.225,348.16150054931643,367.13616739908855,338.4721665700277,,2,2.0,1.0,1.0,65.28601492418402,93.67940608592663,17.33599853515625,18.352336629231772,0.875,0.40232741977359354,80.40991129660391
MRK,12.5,12.155917026636276,-1.027064014587642,122.95999908447266,123.01000213623047,120.94999694824219,121.41999816894531,9706300.0,1178538928.227234,False,-,True,False,False,57.461774947488244,121.48199920654297,120.7139991760254,118.36399993896484,117.02000020345052,107.13091684977213,,2,2.0,1.0,1.0,79.63398516764578,77.9338038538248,3.23800048828125,2.9131673177083335,0.875,0.3996306836922604,80.3694602553839
LTC,12.5,11.81410207668181,0.9860920282470875,39.66999816894531,40.119998931884766,39.459999084472656,39.939998626708984,312600.0,12485243.570709229,False,-,True,False,False,48.76486691369332,39.09199981689453,38.31399993896484,38.10599994659424,38.033999888102215,36.67508335113526,,2,2.0,1.0,1.0,59.46415092239325,91.50500042566742,0.644000244140625,0.8495002110799154,0.875,0.3979227172697565,80.34384075904634
XLU,12.5,9.591600365712406,-0.4029744119986134,47.060001373291016,47.459999084472656,46.869998931884766,46.959999084472656,15046200.0,706569538.2247925,False,-,True,False,False,50.927175791821234,46.66599960327149,46.31799964904785,46.14499988555908,45.36583340962728,44.62295837402344,,2,2.0,1.0,1.0,58.35797646480188,82.66636002598615,0.655999755859375,0.7426666895548503,0.875,0.3868174151265975,80.17726122689896
TSN,12.5,9.254323217613237,0.33629047211982677,65.47000122070312,65.63999938964844,64.94999694824219,65.63999938964844,1959700.0,128634706.80389404,False,-,True,False,False,57.15555995524216,64.88000030517578,64.50799980163575,62.640999984741214,62.980500030517575,59.31724996566773,,2,2.0,1.0,1.0,93.28568581180788,92.10641282723589,0.9240013122558594,1.4013333638509116,0.875,0.3851321229996499,80.15198184499475
CMI,12.5,8.582407302534168,0.8428983283485403,616.2999877929688,620.780029296875,612.6199951171875,616.1400146484375,612600.0,377447372.9736328,False,-,True,False,False,50.36904122681706,586.510009765625,560.5280090332031,551.6360046386719,569.7975016276042,527.9766682942708,,2,2.0,1.0,1.0,62.31904661773389,90.96264362032203,18.61600341796875,18.885167439778645,0.875,0.3817747220964598,80.1016208314469
GKOS,12.5,5.597385449555303,-2.5533658436884266,120.66999816894531,120.95999908447266,116.09500122070312,116.4000015258789,522100.0,60772440.79666138,False,-,True,False,False,53.72413984573414,117.24400024414062,112.74800033569336,108.10449981689453,112.98183314005534,106.405499903361,,2,2.0,1.0,1.0,74.19245176519405,82.7568704797482,5.746000671386719,5.5299827575683596,0.875,0.3668592916976217,79.87788937546432
ATMU,12.25,13.791861219200307,-0.4881082771004297,63.36000061035156,64.0199966430664,62.94499969482422,63.20000076293945,860900.0,54408880.656814575,True,-,True,False,False,51.16482238558565,62.072000122070314,59.57599983215332,58.61149978637695,59.97149969736735,54.98858302434285,,2,2.0,1.0,1.0,60.39177644671986,90.56007496010777,2.319998931884766,2.0759662628173827,0.8660714285714286,0.40780510014292115,79.73314793071525
ENTG,11.75,32.575690926626486,2.0282005144937276,134.05999755859375,136.67999267578125,133.27000427246094,135.32000732421875,2698700.0,365188103.76586914,False,-,True,False,False,51.23400248564131,126.35600433349609,120.63600158691406,118.2035011291504,121.51183331807455,104.29108308156331,,2,2.0,1.0,1.0,58.13569260357658,80.87226752970473,6.147999572753906,6.585000228881836,0.8482142857142857,0.501663342535737,79.62316442375032
TNK,12.0,21.74485446003729,-1.215444942869215,74.87000274658203,75.27999877929688,72.98999786376953,73.95999908447266,506700.0,37475531.536102295,False,-,True,False,False,56.60932105655335,75.98000030517578,74.76499938964844,71.28049964904785,69.33299935658773,63.36816641489665,,2,2.0,1.0,1.0,73.87219771336831,63.82850118251829,3.6300003051757814,2.9259997685750325,0.8571428571428571,0.4475442789458355,79.57030704133038
FDX,12.0,20.803456096464167,-0.7745393707518256,377.55999755859375,378.7799987792969,373.0400085449219,374.0799865722656,1139400.0,426226736.70043945,False,-,True,False,False,50.142342902697656,368.0699951171875,360.3199981689453,357.4699966430664,354.7884989420573,314.0789156595866,,2,2.0,1.0,1.0,44.811553993847234,80.30553731680632,8.16600341796875,9.607496643066407,0.8571428571428571,0.44284033959093844,79.49974795100692
WCC,12.25,9.661459628353075,1.3321383875221082,301.19000244140625,305.2099914550781,299.17999267578125,303.510009765625,386600.0,117336969.77539062,False,-,True,False,False,52.60982974810786,290.647998046875,280.6040008544922,271.10700073242185,283.3769994099935,268.6773323059082,,2,2.0,1.0,1.0,71.83635505640238,84.13182868013178,11.30999755859375,12.495834350585938,0.8660714285714286,0.38716648492271677,79.42356870241218
MAR,12.25,9.642065727131687,0.331514309357428,354.32000732421875,357.0299987792969,352.0199890136719,354.1000061035156,1122800.0,397583486.85302734,False,-,True,False,False,52.63479006002041,344.9079956054687,335.38499755859374,329.3644989013672,331.4736673990885,312.92391713460285,,2,2.0,1.0,1.0,73.4881790963845,88.02700514772246,11.76400146484375,9.462332661946615,0.8660714285714286,0.38706957830089733,79.42211510308489
EBC,12.25,9.171907793488533,-0.6202250307487223,20.940000534057617,20.959999084472656,20.709999084472656,20.829999923706055,960700.0,20011380.926704407,False,-,True,False,False,53.9976204607666,20.494000244140626,19.983000183105467,19.472499942779542,20.0915833791097,19.255458307266235,,2,2.0,1.0,1.0,83.98529011470819,93.07893589610582,0.47800025939941404,0.6027164777119954,0.8660714285714286,0.3847203131091809,79.38687612520914
TT,12.0,19.083053964721874,1.2171016239164612,463.7200012207031,469.8800048828125,459.8800048828125,465.7099914550781,1258700.0,586189166.2445068,False,-,True,False,False,50.2389114804001,447.6059997558594,432.41400146484375,427.481999206543,431.7730000813802,419.9855000813802,,2,2.0,1.0,1.0,61.8512236917212,89.60229153791197,11.5699951171875,12.469333394368489,0.8571428571428571,0.4342439072973499,79.3708014666031
AAUC,12.0,18.71235436987153,0.0,31.530000686645508,31.649999618530273,31.479999542236328,31.530000686645508,321500.0,10136895.22075653,False,-,True,False,False,53.885293784054795,31.44400062561035,31.262000465393065,31.16500015258789,31.051000118255615,25.604750029246013,,2,2.0,1.0,1.0,69.86251178099467,81.30948849136743,0.20000038146972657,0.48788334528605143,0.8571428571428571,0.43239161130817655,79.3430170267655
NE,11.0,57.483105200437976,-1.3905655815433793,49.25,49.7400016784668,48.84000015258789,48.93000030517578,1011600.0,49497588.30871582,False,-,False,False,False,64.13806385896754,49.827999877929685,49.52700004577637,48.66999988555908,43.34883346557617,36.55075004895528,,0,2.0,-1.0,1.0,76.3165177141236,58.583324767174666,1.5541999816894532,1.8198832829793294,0.8214285714285714,0.6261196521755887,79.2132233540624
QMOM,12.25,6.403335069202898,0.17507132593024277,73.68000030517578,74.33999633789062,73.64900207519531,73.81199645996094,11400.0,841456.7596435547,False,-,True,False,False,50.88554908482344,72.07679901123046,69.91569900512695,69.03789939880372,70.03483289082845,67.82799971898397,,2,2.0,1.0,1.0,66.4414913257897,91.74189563134375,1.6165985107421874,1.811516571044922,0.8660714285714286,0.37088642652238935,79.17936782640727
ABCB,12.25,5.904911647142841,-0.8377177700984673,83.30000305175781,83.48999786376953,82.33000183105469,82.86000061035156,379600.0,31453656.231689453,False,-,True,False,False,54.32318053910882,81.44199829101562,79.45199890136719,77.50499954223633,79.79433326721191,77.4155834197998,,2,2.0,1.0,1.0,79.90345179845062,91.80116348914052,1.8839981079101562,2.350666300455729,0.8660714285714286,0.36839592553879735,79.1420103116534
TCBI,12.25,5.142917039209172,-0.572163179776819,100.94999694824219,101.7300033569336,99.80999755859375,100.79000091552734,277200.0,27938988.25378418,False,-,True,False,False,53.94448378942816,99.45200042724609,96.93099975585938,94.9275001525879,97.93850008646648,93.76566670735677,,2,2.0,1.0,1.0,82.92970311209585,90.51142283819203,3.031999206542969,3.1924999237060545,0.8660714285714286,0.36458842324946483,79.0848977773134
FCX,12.0,14.256829924866409,2.031611987231763,67.23999786376953,68.41000366210938,67.0999984741211,67.80000305175781,15705000.0,1064799047.9278564,False,-,True,False,False,51.33565604296468,64.23199920654297,61.34099998474121,58.56550006866455,61.37283312479655,53.407499917348225,,2,2.0,1.0,1.0,71.65585987091815,89.98687063156804,2.3860015869140625,3.009166781107585,0.8571428571428571,0.410128436020707,79.00906939745346
NFLX,12.0,14.050047037515046,0.9407144103521059,102.47000122070312,103.08000183105469,101.45999908447266,103.01000213623047,25678900.0,2645183543.8560486,False,-,False,True,False,60.42255548241186,100.44000091552735,97.89600143432617,95.59949989318848,89.12916666666666,96.15312506357829,,2,2.0,1.0,-1.0,65.12167116469992,80.26856318344055,2.837998962402344,2.8376664479573566,0.8571428571428571,0.4090951920728001,78.99357073823485
LRCX,11.75,22.987217864014433,1.8936441921310054,263.19000244140625,268.2300109863281,259.3299865722656,263.6600036621094,9118900.0,2404289207.394409,False,-,True,False,False,52.31079147768178,242.7820037841797,227.93600158691407,227.08550033569335,227.4898333231608,196.2012496948242,,2,2.0,1.0,1.0,60.508724334827335,79.89259092925036,11.967999267578126,12.419999440511068,0.8482142857142857,0.4537520676303949,78.9044953001702
DUK,12.0,12.266797828907894,-0.9097794841106621,132.41000366210938,133.52000427246094,131.7899932861328,131.7899932861328,2758800.0,363582233.4777832,False,-,True,False,False,54.991225933785316,131.92400207519532,131.53800201416016,130.7250011444092,126.87416725158691,123.83033383687338,,0,2.0,1.0,1.0,61.761656802160736,73.16642365032445,2.074005126953125,2.176834487915039,0.8571428571428571,0.40018472817511713,78.8599137797696
RNST,12.0,11.488402251729223,-0.855561495288315,39.540000915527344,39.58000183105469,39.20000076293945,39.400001525878906,631300.0,24873220.963287354,False,-,True,False,False,51.08187548749088,38.63200073242187,37.37700004577637,36.388000106811525,37.895500055948894,36.62633336385091,,2,2.0,1.0,1.0,70.61505560061018,88.60616114408523,1.3620002746582032,1.2034999211629231,0.8571428571428571,0.3962952742193326,78.80157197043283
TTMI,11.5,30.29815599231922,12.98242280568167,109.18000030517578,123.16000366210938,107.91000366210938,121.48999786376953,3059300.0,371674350.4646301,False,-,True,False,False,53.12183805181046,105.97199859619141,100.55999984741212,99.32799987792968,98.97183354695638,83.45058317184449,,2,2.0,1.0,1.0,52.918496845961705,71.18605168808048,7.5,7.671167119344076,0.8392857142857143,0.4902830527198745,78.69353150508384
NUE,12.0,9.818267529578751,1.1521712593410394,185.5,188.22000122070312,185.41000366210938,186.1199951171875,1644100.0,305999883.97216797,False,-,True,False,False,51.30621604126971,179.0259979248047,173.85299987792968,168.1529998779297,175.56616617838543,165.4336664835612,,2,2.0,1.0,1.0,75.90323529670808,87.54350937596982,5.227999877929688,5.198667399088541,0.8571428571428571,0.3879500159827609,78.67639309688425
NESR,11.5,29.43162300230191,-3.401929794668823,23.690000534057617,23.989999771118164,22.799999237060547,23.0,1422700.0,32722100.0,False,-,True,False,False,53.27977227893417,22.745999908447267,22.219999885559083,21.639499950408936,21.55566670099894,17.87537502447764,,2,2.0,1.0,1.0,69.57195468217529,57.65247058002719,1.603600311279297,1.150216801961263,0.8392857142857143,0.48595319748347066,78.62858367653779
BKR,11.5,28.303043220043755,-0.9303001496766439,62.81999969482422,63.470001220703125,62.349998474121094,62.83000183105469,6205100.0,389866444.36187744,False,-,True,False,False,56.31328996301304,62.27200012207031,61.70300025939942,60.65099983215332,59.44500001271566,53.58316672643026,,2,2.0,1.0,1.0,71.80594376652725,56.8324039507453,1.8319999694824218,1.9033337275187174,0.8392857142857143,0.48031395796667825,78.5439950837859
NBHC,12.0,5.939086451686859,-0.6663464451370338,42.04999923706055,42.04999923706055,41.619998931884766,41.7400016784668,811600.0,33876185.36224365,False,-,True,False,False,51.15917818220544,41.00400009155273,39.952000045776366,39.16849994659424,40.232666969299316,39.05583349863688,,2,2.0,1.0,1.0,66.4643111627836,92.32811486917478,0.9639999389648437,1.1346665064493815,0.8571428571428571,0.36856668875048426,78.38564318840011
MTB,12.0,5.144384355729081,-1.3767466023551722,222.47999572753906,223.72999572753906,219.82000732421875,219.9199981689453,777700.0,171031782.57598877,False,-,True,False,False,51.04091621108133,217.21600036621095,211.4,205.75449981689454,215.90450083414714,205.05325063069662,,2,2.0,1.0,1.0,72.27050325077582,93.28957838471165,4.703997802734375,5.441500854492188,0.8571428571428571,0.36459575507432374,78.3260791832577
TXN,11.75,13.896990992353043,-0.11628988974250465,216.3800048828125,217.32000732421875,213.9199981689453,214.72999572753906,4265900.0,916016688.7741089,False,-,True,False,False,49.39205711156107,207.5539978027344,199.98299865722657,195.94449996948242,204.83883361816407,188.38125076293946,,2,2.0,1.0,1.0,66.26588045549451,95.99446880903251,6.032000732421875,6.368166859944662,0.8482142857142857,0.40833040812776566,78.22317040763076
AIT,12.0,3.6732866361202543,0.9077916519225182,286.92999267578125,290.6099853515625,285.5899963378906,289.010009765625,256700.0,74188869.50683594,False,-,True,False,False,52.038849435518884,279.65,271.8730010986328,265.7160011291504,273.35366744995116,265.67541732788084,,2,2.0,1.0,1.0,66.75037845709238,88.41610462063882,9.094000244140625,8.410332489013673,0.8571428571428571,0.35724503647746714,78.21581840430485
MSGE,12.0,2.106150012025787,-0.49261583619226723,61.2400016784668,61.2400016784668,60.279998779296875,60.599998474121094,263900.0,15992339.597320557,False,-,True,False,False,50.725145638399184,60.67600021362305,59.287000274658205,58.15700016021729,59.77366663614909,54.806583340962725,,2,2.0,1.0,1.0,69.80341929158884,84.14551137271579,1.2170005798339845,2.0322334289550783,0.8571428571428571,0.3494144347621649,78.09835937857532
BAP,11.75,12.17335904582162,-0.8371829980790668,353.1300048828125,358.6499938964844,346.82000732421875,349.4200134277344,291500.0,101855933.91418457,False,-,True,False,False,51.71679297936431,346.06199951171874,339.2589996337891,334.3509994506836,341.11649831136066,305.7524149576823,,2,2.0,1.0,1.0,66.32840207546928,78.33739926021342,10.7,11.549665832519532,0.8482142857142857,0.39971783723283316,78.09398184420678
CIB,12.0,2.024905501556784,0.9612768462029297,74.55000305175781,75.41999816894531,74.2699966430664,74.56999969482422,285300.0,21274820.91293335,False,-,True,False,False,54.30396283062141,73.93800048828125,72.71100006103515,71.0224998474121,74.21216634114583,68.2695831934611,,2,2.0,1.0,1.0,83.80753555928285,79.83878470144131,2.005998229980469,2.6036661148071287,0.8571428571428571,0.3490084756433133,78.09226999179255
SQM,12.0,1.4077541891714729,-0.0608438888613394,82.7699966430664,86.0,81.7300033569336,82.12000274658203,1540600.0,126514076.23138428,False,-,False,False,False,56.838019869809564,81.1479995727539,81.53299942016602,78.64750022888184,76.97483342488607,68.46725012461344,,2,2.0,-1.0,1.0,75.30047236629129,53.244600576041705,3.9739974975585937,3.636665852864583,0.8571428571428571,0.34592472018060244,78.04601365985188
DE,11.5,21.116274284559445,-2.1035598705501646,618.4500122070312,619.239990234375,601.0599975585938,605.0,1263800.0,764599000.0,False,-,True,False,False,49.49309420173142,596.6820068359375,581.5260070800781,577.4530059814454,577.8331665039062,526.0526662190755,,2,2.0,1.0,1.0,50.04732970787458,80.73941541854168,15.84600830078125,16.85216776529948,0.8392857142857143,0.44440341622549284,78.00533695766812
FHB,12.0,0.574271109153135,-1.7209094364023736,26.65999984741211,26.84000015258789,26.174999237060547,26.270000457763672,2229500.0,58568966.02058411,False,-,True,False,False,54.010876433912294,26.11599998474121,25.35499973297119,24.708499908447266,25.66024990081787,25.42412495613098,,2,2.0,1.0,1.0,80.37058334947642,91.8313397942735,0.6620002746582031,0.7490667978922526,0.8571428571428571,0.3417600073306055,77.98354296710193
SLX,11.75,10.07258105603086,0.47910420796501985,98.30999755859375,98.97000122070312,97.88999938964844,98.56999969482422,22000.0,2168539.993286133,False,-,True,False,False,50.57583934056513,96.00799865722657,93.4249984741211,91.03549880981446,94.52883313496908,88.07575003306071,,2,2.0,1.0,1.0,74.0152774511465,90.74269803853221,1.9819992065429688,2.210499954223633,0.8482142857142857,0.3892207590091459,77.93652567085147
TWST,11.5,19.119836880438925,-1.904177523075834,48.810001373291016,49.08000183105469,47.11000061035156,47.90999984741211,726800.0,34820987.88909912,False,-,True,False,False,53.27242369398834,49.84399948120117,48.42799949645996,46.92799949645996,46.59066664377848,39.227999989191694,,2,2.0,1.0,1.0,64.62448244114174,68.93437750705864,2.493999481201172,3.0501665115356444,0.8392857142857143,0.4344277026081603,77.85570125340813
HTH,11.75,7.509997240825794,-1.155155224327531,37.970001220703125,37.970001220703125,37.369998931884766,37.650001525878906,199000.0,7492350.303649902,False,-,True,False,False,50.461694041134464,37.19200057983399,36.41900062561035,35.74950046539307,36.95383332570394,35.416750017801924,,2,2.0,1.0,1.0,64.28196486112124,86.10669443607608,0.9259994506835938,0.9448333104451497,0.8482142857142857,0.37641614905336385,77.74445652151473
BSAC,11.75,7.055959913194765,1.004310772289596,35.25,35.77000045776367,35.09000015258789,35.20000076293945,249300.0,8775360.190200806,False,-,True,False,False,52.488882763738744,34.19000015258789,33.45700035095215,32.54999990463257,33.99549992879232,32.02766669591268,,2,2.0,1.0,1.0,69.52451532919842,67.10456353562707,1.1040008544921875,1.1376666704813638,0.8482142857142857,0.3741474346210065,77.71042580502937
PHIN,11.75,5.1706702032421115,-1.3643146736251555,74.11000061035156,74.13999938964844,72.36499786376953,73.0199966430664,335900.0,24527416.872406006,False,-,True,False,False,52.91591682636682,71.31799926757813,69.63000030517578,67.37849960327148,70.25249977111817,63.695416641235354,,2,2.0,1.0,1.0,72.52663104532529,81.1411266583456,2.1460006713867186,2.2689998626708983,0.8482142857142857,0.36472709908062095,77.5691207719236
ERO,11.75,4.425074415689845,1.0707330531267711,31.549999237060547,31.799999237060547,30.841999053955078,31.149999618530273,864000.0,26913599.670410156,False,-,True,False,False,48.57047930822604,29.88400001525879,28.22199993133545,26.70950002670288,30.029833285013833,27.194083388646444,,2,2.0,1.0,1.0,70.07150334700815,92.26373509965777,1.3939998626708985,1.8908164978027344,0.8482142857142857,0.3610015377203901,77.51323735152013
GILT,11.75,3.6885196930955377,-0.2815379716485933,17.780000686645508,17.799999237060547,17.049999237060547,17.709999084472656,547300.0,9692682.498931885,False,-,True,False,False,51.06406222014844,17.977999877929687,16.648000049591065,16.72749991416931,16.921499935785928,14.929999963442485,,2,2.0,1.0,1.0,50.976591947166696,80.99482940543302,1.2979995727539062,1.148833433787028,0.8482142857142857,0.3573211523694998,77.45803157125677
NIC,11.25,23.65014131062373,-1.1859732728628947,158.50999450683594,158.50999450683594,155.0399932861328,156.63999938964844,114000.0,17856959.930419922,False,-,True,False,False,52.393045079174506,153.79200134277343,150.53600006103517,147.77249984741212,148.8093340555827,136.97925046284993,,2,2.0,1.0,1.0,66.6983255243978,88.16158374263814,3.584002685546875,4.723166020711263,0.8303571428571429,0.45706453534911234,77.43632517309383
MUFG,11.75,3.2018266053218003,-0.5509663006693977,18.059999465942383,18.1200008392334,17.979999542236328,18.049999237060547,2487500.0,44899373.10218811,False,-,True,False,False,48.796067816717766,17.969999694824217,17.464999771118165,17.083999824523925,17.948499902089438,16.811083300908408,,2,2.0,1.0,1.0,62.48138966558207,82.53009338192251,0.45800056457519533,0.49266681671142576,0.8482142857142857,0.3548892650219949,77.4215532610442
SLB,11.5,13.115460660000778,-1.1800584997683106,52.560001373291016,53.75,51.68000030517578,51.91999816894531,13218700.0,686314879.7958374,False,-,True,False,False,57.79987609740715,51.29399948120117,51.235999298095706,49.59499969482422,49.43266665140788,43.62541681925456,,0,2.0,1.0,1.0,69.27851036290437,45.014946509082606,1.6920005798339843,1.780833117167155,0.8392857142857143,0.40442529056048615,77.40566507269301
FLS,11.5,12.747195860961513,-0.0828889252265097,85.0,85.2300033569336,84.05999755859375,84.37999725341797,1368100.0,115440274.24240112,False,-,True,False,False,47.20954238230799,80.96799774169922,77.02999954223633,75.60550003051758,80.07433344523112,74.00624977747599,,2,2.0,1.0,1.0,54.18193432437762,89.93141679883419,3.2319976806640627,2.93383305867513,0.8392857142857143,0.4025851606555976,77.37806312411969
HSBC,11.5,10.72130256755528,-0.011071792630568122,90.93000030517578,90.93000030517578,90.16999816894531,90.26000213623047,1299700.0,117310924.77645874,False,-,True,False,False,51.24423046538162,88.11799926757813,85.14899978637695,82.35949974060058,85.4831667582194,79.38541653951009,,2,2.0,1.0,1.0,69.3900310792385,87.09926697283893,2.2979995727539064,2.295500564575195,0.8392857142857143,0.39246226310189336,77.22621966081412
TRNO,11.5,9.045391079057685,0.07657439372372732,65.6500015258789,66.05999755859375,65.01000213623047,65.33999633789062,575500.0,37603167.892456055,False,-,True,False,False,47.923367371178365,64.03399963378907,62.680999755859375,62.26999988555908,63.296166865030926,61.91175003051758,,2,2.0,1.0,1.0,51.40946880904797,89.73364746448152,1.4759986877441407,1.3988330205281576,0.8392857142857143,0.3840881397646207,77.10060781075504
INDB,11.5,8.341277807866954,-2.0061504657451934,81.12000274658203,81.12000274658203,79.5199966430664,79.62000274658203,223300.0,17779146.613311768,False,-,True,False,False,48.275777886864816,79.3520004272461,77.2270004272461,75.95699958801269,78.90049985249837,75.46600011189778,,2,2.0,1.0,1.0,62.070039013974586,86.3604639515768,2.082000732421875,2.2756668090820313,0.8392857142857143,0.3805698564800736,77.04783356148683
TDS,11.5,7.580379009550264,0.39421880371728335,45.61000061035156,45.959999084472656,45.06999969482422,45.84000015258789,353400.0,16199856.05392456,False,-,True,False,False,51.4761507399731,45.45799942016602,44.213999557495114,43.40849990844727,44.459333419799805,41.86400016148885,,2,2.0,1.0,1.0,72.73480119644763,93.28130269583183,1.1100006103515625,1.2736665725708007,0.8392857142857143,0.376767829685688,76.99080315957104
XLB,11.5,6.628359475843526,0.5612559044014809,51.93000030517578,52.220001220703125,51.880001068115234,51.959999084472656,6137300.0,318894102.38113403,False,-,True,False,False,50.63597846570864,51.136000061035155,50.452000045776366,49.516500091552736,50.60766684214274,47.59404157002767,,2,2.0,1.0,1.0,74.39627329509578,87.49428633668882,0.8139999389648438,0.9506665547688802,0.8392857142857143,0.3720108189190275,76.91944799807113
CARZ,11.5,6.217182451956216,0.9527095210726921,88.55000305175781,89.04000091552734,88.55000305175781,89.01000213623047,1300.0,115713.00277709961,False,-,True,False,False,49.31966864313084,86.29799957275391,83.28699951171875,82.60099983215332,84.49816652933757,81.00099989573161,,2,2.0,1.0,1.0,66.06470969917049,97.54366598493982,1.8760025024414062,1.7266676584879557,0.8392857142857143,0.3699562670318203,76.88862971976303
PDP,11.5,5.399081788141369,0.08429811151884348,130.97000122070312,131.1699981689453,130.02999877929688,130.60000610351562,124300.0,16233580.758666992,True,-,True,False,False,50.0930624608044,127.62400360107422,123.88000106811523,123.05900115966797,124.69366760253907,121.31975034077962,,2,2.0,1.0,1.0,62.88144204060237,93.00908698315013,2.075999450683594,2.7938340504964194,0.8392857142857143,0.3658684163857031,76.82731196007127
MIRM,11.5,5.26315167883793,-3.789792941541492,98.94999694824219,99.2300033569336,92.7699966430664,95.19999694824219,722900.0,68820077.79388428,False,-,True,False,False,50.58883589642295,96.797998046875,94.14999923706054,92.42999992370605,95.84983342488607,84.37845840454102,,2,2.0,1.0,1.0,71.36668273511614,85.17666462134437,3.980601501464844,4.130933252970378,0.8392857142857143,0.36518920658950055,76.81712381312823
GTY,11.25,15.287707329991896,-0.059033226485027956,33.91999816894531,34.02000045776367,33.68000030517578,33.86000061035156,272100.0,9213306.16607666,False,-,True,False,False,51.02416181982825,33.290000915527344,32.6410005569458,32.72100038528443,31.84750010172526,29.92075007756551,,2,2.0,1.0,1.0,41.578239492430654,92.92844106759252,0.5319999694824219,0.6519999821980794,0.8303571428571429,0.415279480449591,76.80954934960101
BKU,11.5,5.01913015286779,-2.036534114949806,47.2599983215332,47.2599983215332,46.59000015258789,46.65999984741211,852400.0,39772983.86993408,False,-,True,False,False,51.31455730683569,46.61600036621094,45.787000274658205,44.79600028991699,46.8511666615804,44.6535000483195,,2,2.0,1.0,1.0,73.7843536928464,84.55669064825408,1.1120002746582032,1.5375000635782878,0.8392857142857143,0.36396989019394593,76.79883406719492
UCB,11.5,4.649021420911326,-2.4397200642892525,34.66999816894531,34.66999816894531,33.810001373291016,33.9900016784668,1018700.0,34625614.709854126,False,-,True,False,False,53.771652900571326,33.412000274658205,32.43600025177002,31.408500099182127,32.99316673278808,31.986166604359944,,2,2.0,1.0,1.0,79.58196269904721,91.06850148772455,0.9960006713867188,0.9251670201619466,0.8392857142857143,0.36212054660338233,76.77109391333646
WHD,11.5,3.9005754211976607,0.7228904247140289,53.720001220703125,54.599998474121094,53.33000183105469,54.34000015258789,717200.0,38972648.109436035,False,-,True,False,False,49.88457796975346,52.58600006103516,50.01500015258789,48.44150009155273,52.58633327484131,48.30483325322469,,2,2.0,1.0,1.0,64.529990536016,97.57189310549313,2.1289993286132813,2.1701496760050456,0.8392857142857143,0.35838074342409315,76.71499686564712
TECK,11.25,13.496680623498802,3.3845563104381915,56.81999969482422,57.11000061035156,55.880001068115234,56.5099983215332,2916800.0,164828363.10424805,False,-,True,False,False,49.58063430807406,54.45199966430664,52.68800010681152,50.68950004577637,54.09133345286052,49.127583471934,,2,2.0,1.0,1.0,72.64075124062661,82.79417444828013,2.4900001525878905,2.5888331095377604,0.8303571428571429,0.40633015428083985,76.67530945706974
SMFG,11.5,3.0686757900422634,-0.5171631781108466,21.270000457763672,21.270000457763672,21.1299991607666,21.15999984741211,1649700.0,34907651.74827576,False,-,True,False,False,47.910201155525726,20.98400001525879,20.38700008392334,19.92450017929077,21.12466672261556,19.544000005722047,,2,2.0,1.0,1.0,60.989649186409295,82.64500087143745,0.5420001983642578,0.5946665128072103,0.8392857142857143,0.35422394268411367,76.65264485454743
MTUM,11.5,1.749642236770721,0.39251505846673584,263.6400146484375,265.3500061035156,262.1300048828125,263.44000244140625,1000000.0,263440002.44140625,False,-,True,False,False,49.500238359263484,256.49200439453125,248.0070037841797,246.42950210571288,250.83766708374023,250.9666670481364,,2,2.0,1.0,1.0,66.1556993003603,96.86854197463225,4.836001586914063,5.565167236328125,0.8392857142857143,0.34763305185431276,76.55378149210041
SBLK,11.0,21.89229134571551,0.12401314028347432,24.31999969482422,24.3700008392334,23.850000381469727,24.219999313354492,916500.0,22197629.370689392,False,-,True,False,False,50.94416888061555,24.171999740600587,23.60499973297119,23.088499736785888,23.298999913533528,21.14874997138977,,2,2.0,1.0,1.0,64.30614783350948,84.88171305950989,0.6860000610351562,0.8120002110799154,0.8214285714285714,0.44828098531344895,76.54564335113031
ATI,10.75,30.372937711836514,1.6162386469565693,159.1999969482422,162.25999450683594,158.00999450683594,162.2100067138672,1270900.0,206152697.5326538,False,-,True,False,False,51.02245114529466,154.69400329589843,149.2740020751953,147.94550094604492,143.26616694132488,123.41750036875406,,2,2.0,1.0,1.0,49.75072691961551,78.38281715808613,6.206002807617187,5.968166478474935,0.8125,0.49065671883942147,76.42235078259132
XEL,11.25,9.927935107593399,-0.4711844937366094,82.62999725341797,83.05000305175781,82.19000244140625,82.37999725341797,3515400.0,289598642.3446655,False,-,True,False,False,49.27664882660307,81.50799865722657,80.46899871826172,79.82499885559082,79.3266663869222,78.57641677856445,,2,2.0,1.0,1.0,62.190676672501,90.548438835063,1.35,1.5135002136230469,0.8303571428571429,0.3884979982781851,76.40782711702992
FBNC,11.25,8.01400587075456,-1.1298451560967093,59.119998931884766,59.439998626708984,58.34000015258789,58.630001068115234,117900.0,6912477.125930786,False,-,True,False,False,52.299415168448874,57.57399978637695,56.737999725341794,55.304499816894534,57.56533311208089,54.283416493733725,,2,2.0,1.0,1.0,75.05833873173792,82.51117476956492,1.4779991149902343,1.7701667149861653,0.8303571428571429,0.3789345579663888,76.26437551235298
HUT,11.25,7.490240039889273,4.202145998850426,64.5,68.66000366210938,64.5,66.08499908447266,5821800.0,384733647.6699829,True,-,True,False,False,52.01428125144349,58.63499984741211,52.56800003051758,51.816499900817874,53.691583251953126,49.78187481562296,,2,2.0,1.0,1.0,52.73236251763785,77.54338494218311,5.900201416015625,5.063033485412598,0.8303571428571429,0.3763174271109598,76.22511854952155
OII,10.5,34.52248594650493,-0.6858710418853775,36.130001068115234,36.709999084472656,35.70000076293945,36.20000076293945,551400.0,19960680.420684814,False,-,True,False,False,54.974740599319546,36.61000061035156,35.9240005493164,35.54000015258789,33.60066668192545,29.07966667811076,,0,2.0,1.0,1.0,65.14280058753539,72.95179978019686,1.5780006408691407,1.6771665891011556,0.8035714285714286,0.5113910051961708,75.974436506514
DAR,10.0,53.021975666347764,-0.11411753284983339,61.54999923706055,62.47999954223633,60.97999954223633,61.27000045776367,2363300.0,144799392.0818329,False,-,False,False,False,73.26824584736087,62.61199951171875,62.13699951171875,59.46699962615967,52.29316654205322,43.632833337783815,,2,2.0,-1.0,1.0,84.84819863788417,70.35264848965241,2.747999572753906,1.9244999567667642,0.7857142857142857,0.6038284696170688,75.84314132997031
INSW,10.5,32.24709512673607,-1.454298041724189,73.37999725341797,74.57499694824219,72.33999633789062,73.86000061035156,420000.0,31021200.256347656,False,-,True,False,False,56.6512796391247,74.9240005493164,73.72000045776367,71.57650032043458,66.82083346048991,58.76933342615764,,2,2.0,1.0,1.0,68.92882782132787,74.02894521766412,3.493998718261719,2.7133670171101887,0.8035714285714286,0.5000214290007573,75.80389286358279
SRVR,11.0,11.182333150390033,0.020914159626905793,33.439998626708984,33.630001068115234,33.3849983215332,33.47700119018555,74500.0,2494036.5886688232,False,-,True,False,False,47.653115030393394,32.91420059204101,32.003900146484376,31.844649982452392,31.881749884287515,30.831624889373778,,2,2.0,1.0,1.0,59.13894955048751,95.21261379620577,0.5530014038085938,0.5684000968933105,0.8214285714285714,0.3947659211347969,75.74291738845052
CALY,11.25,-0.35335150818710526,-2.758618058829476,14.470000267028809,14.470000267028809,13.9399995803833,14.100000381469727,1532700.0,21611070.58467865,False,-,True,False,False,51.743065751350265,14.250000190734863,13.958000087738037,13.724000072479248,14.13733336130778,12.655416703224182,,2,2.0,1.0,1.0,71.2919571307394,77.08679584064731,0.5299999237060546,0.6619999885559082,0.8303571428571429,0.3371249020393263,75.63723067344705
BNL,11.0,9.270436513956714,0.9118556598928684,19.6200008392334,19.920000076293945,19.6200008392334,19.920000076293945,2074000.0,41314080.15823364,True,-,True,False,False,46.98971448450662,19.310000228881837,18.898000144958495,18.980999851226805,18.97616656621297,18.44341662724813,,2,2.0,1.0,1.0,39.97565540208272,81.72013110466767,0.5299995422363282,0.40655012130737306,0.8214285714285714,0.38521263723436716,75.59961812994408
GMOM,11.0,6.154729253593105,0.08405387516190466,37.029998779296875,37.029998779296875,36.849998474121094,36.90999984741211,4500.0,166094.9993133545,False,-,True,False,False,47.97239494154119,36.64820022583008,36.09580001831055,35.75979995727539,36.436300086975095,34.799591700236,,2,2.0,1.0,1.0,64.34631122495134,95.3084656374389,0.3288002014160156,0.5669665654500325,0.8214285714285714,0.3696442035430923,75.36609162457495
MT,10.5,26.123122047140377,1.2522958885346602,60.83000183105469,61.33000183105469,60.40999984741211,60.63999938964844,1448400.0,87830975.1159668,False,-,True,False,False,47.946467167712726,57.54199981689453,54.474999618530276,52.81199989318848,56.63866685231527,49.53983345031738,,2,2.0,1.0,1.0,56.17127969222145,90.66416169558225,2.5080001831054686,2.3895002365112306,0.8035714285714286,0.46942142044741475,75.34489273528266
PNC,11.0,4.085671009298708,-0.9407296890735384,222.91000366210938,223.8000030517578,220.38999938964844,221.1300048828125,1798100.0,397613861.77978516,False,-,True,False,False,50.54379160480137,218.43599853515624,212.5259994506836,207.8840003967285,217.79750061035156,207.17358360290527,,2,2.0,1.0,1.0,75.16083387582103,93.72583730816109,4.763998413085938,5.63900146484375,0.8214285714285714,0.35930562119632725,75.21101288937348
AUB,11.0,3.76534023455235,-1.933986651903652,38.65999984741211,38.65999984741211,37.91999816894531,38.029998779296875,889700.0,33835289.91394043,False,-,True,False,False,49.935403424182375,37.470000457763675,36.46200065612793,35.51800022125244,37.709333419799805,36.11000011761983,,2,2.0,1.0,1.0,73.53252372360237,90.84066252935597,1.0260002136230468,1.1749999364217123,0.8214285714285714,0.3577050059879102,75.18700366124722
FITB,11.0,2.451693910219954,-1.812026732960259,50.59000015258789,50.59000015258789,49.27000045776367,49.310001373291016,7544100.0,371999581.36024475,False,-,True,False,False,49.65856642776115,48.84400100708008,47.3830005645752,45.99400043487549,49.22383371988932,47.02766679128011,,2,2.0,1.0,1.0,71.33005192482948,92.24536760779736,1.1960006713867188,1.4790002187093099,0.8214285714285714,0.35114103383483664,75.08854407895112
LQDA,11.0,1.2076636456547885,-4.389882120933852,40.380001068115234,40.70000076293945,38.0,38.54999923706055,1419200.0,54710158.91723633,False,-,True,False,False,52.910462876431225,38.41399993896484,37.51700019836426,36.94350032806396,37.71516704559326,33.95658351580302,,2,2.0,1.0,1.0,67.66804900217923,75.1613552772587,1.9839988708496095,2.390500068664551,0.8214285714285714,0.34492491625209504,74.99530231521
HWC,11.0,0.43322513437489274,-1.5233533576545666,68.05000305175781,68.05000305175781,67.08999633789062,67.2300033569336,430300.0,28929070.444488525,False,-,True,False,False,50.44940118377582,66.54600067138672,64.93600044250488,63.606500244140626,66.85850009918212,64.17141682306925,,2,2.0,1.0,1.0,75.29049768063908,90.78265450401581,1.9180015563964843,1.9216667811075847,0.8214285714285714,0.3410552347951074,74.93725709335519
PICK,10.75,10.11498577712806,0.6734557165223753,61.4900016784668,61.93000030517578,61.060001373291016,61.290000915527344,652000.0,39961080.59692383,False,-,True,False,False,49.3622678254412,59.582000732421875,57.75200004577637,56.1665002822876,58.738666725158694,53.61633335749308,,2,2.0,1.0,1.0,65.3919334693021,86.61246948725393,1.570000457763672,1.8790002822875977,0.8125,0.3894326451182798,74.9039896767742
CB,10.75,9.052512886924902,-1.5107823458919145,332.9100036621094,332.989990234375,324.5,327.9100036621094,1258600.0,412707530.60913086,False,-,True,False,False,50.21532774388816,329.55800170898436,327.36499938964846,326.8654983520508,323.4305013020833,309.9777506510417,,0,2.0,1.0,1.0,52.20047896419597,75.88059436745952,6.591998291015625,6.228835042317709,0.8125,0.3841237257116554,74.82435588567483
EWY,10.25,29.00315654312804,-0.4020371782511245,138.3300018310547,139.47999572753906,137.5,138.72999572753906,11218800.0,1556384076.0681152,False,-,True,False,False,49.105710708059895,134.24400024414064,128.0730010986328,128.75900077819824,128.33250045776367,111.65183353424072,,2,2.0,1.0,1.0,51.08096700210983,82.86849484293201,6.013998413085938,5.824666976928711,0.7946428571428571,0.48381225448043474,74.80182667434937
SNDR,11.0,-1.770827552234533,0.6761584750116567,28.239999771118164,28.670000076293945,28.06999969482422,28.290000915527344,667600.0,18886404.611206055,False,-,True,False,False,54.32618220805738,27.916000366210938,27.053000450134277,25.733000183105467,27.573833243052164,26.042250029246013,,2,2.0,1.0,1.0,75.25240614784659,85.43371081568452,0.8360000610351562,1.0671666145324707,0.8214285714285714,0.3300421179532027,74.77206034072661
ALHC,11.0,-2.0076485409284417,-4.115992494431175,21.389999389648438,21.530000686645508,20.31999969482422,20.5,3126000.0,64083000.0,True,-,True,False,False,48.87019784836282,20.703999710083007,19.12200012207031,18.33750009536743,19.964583301544188,19.250208361943564,,1,1.0,1.0,1.0,62.24959300718037,80.30460308843553,1.5349998474121094,0.9818833669026693,0.8214285714285714,0.32885878089644954,74.75431028487532
DD,10.75,7.9013450836576515,-0.358494676317056,47.779998779296875,47.83000183105469,47.08000183105469,47.25,2195400.0,103732650.0,False,-,True,False,False,49.787283066176705,46.7239990234375,46.05899925231934,45.41049995422363,46.43733342488607,42.814115079243976,,2,2.0,1.0,1.0,67.59519968022607,75.09615828509543,1.0819999694824218,1.455666732788086,0.8125,0.37837161933096625,74.73807428996449
HLT,10.75,7.587651496601877,0.2852571648318314,322.989990234375,324.2200012207031,320.8699951171875,323.42999267578125,1270400.0,410885462.6953125,False,-,True,False,False,53.10205238063322,314.4360046386719,307.93800354003906,302.9325012207031,305.2160008748372,291.48133316040037,,2,2.0,1.0,1.0,74.29612291304728,86.32140709314031,8.558001708984374,7.682664998372396,0.8125,0.3768041685400707,74.71456252810106
HTHT,10.75,7.102039882114952,-2.2718830602793894,53.61000061035156,54.34000015258789,52.36000061035156,52.47999954223633,1452300.0,76216703.33518982,False,-,True,False,False,49.28645297250586,52.70200042724609,51.557999801635745,50.99300003051758,51.34666659037272,48.21933329900106,,2,2.0,1.0,1.0,58.10399697983388,73.8753635389806,1.832000732421875,1.6866665522257487,0.8125,0.3743776850523472,74.6781652757852
FERG,10.75,5.557375116763308,1.154995569369155,256.30999755859375,258.1499938964844,254.02000427246094,256.6099853515625,1113200.0,285658235.6933594,False,-,True,False,False,49.84971438931798,246.90199584960936,239.03099670410157,230.87699813842772,245.0019999186198,241.965083694458,,2,2.0,1.0,1.0,70.5042854727022,89.03094180982755,8.10400390625,7.212833150227865,0.8125,0.36665936976626373,74.56239054649396
HLIO,10.5,14.98544544390965,-1.740574867874145,72.80999755859375,73.23999786376953,70.66000366210938,71.12999725341797,388500.0,27634003.93295288,True,-,True,False,False,49.95820269833775,68.99799957275391,67.24799995422363,66.15349998474122,68.2821668624878,61.71375010808309,,2,2.0,1.0,1.0,56.32716391966134,74.87551128426539,3.194000244140625,2.834333610534668,0.8035714285714286,0.41376915109653045,74.51010869501938
SATS,10.75,3.9195074816961384,7.078025030564583,120.08999633789062,132.42999267578125,117.76000213623047,128.58999633789062,9096600.0,1169731760.6872559,False,-,True,False,False,56.15184000352314,124.64399719238281,121.70099792480468,116.47249832153321,115.58599942525228,101.44416643778483,,2,2.0,1.0,1.0,72.05172311686331,72.28549338593469,7.755998229980468,6.867999649047851,0.8125,0.35847534233980627,74.43963013509709
USB,10.75,2.9787245755364067,-1.189422975081822,56.290000915527344,56.31999969482422,55.56999969482422,55.65999984741211,7385000.0,411049098.8731384,False,-,True,False,False,48.61465152917355,54.89800033569336,53.39300003051758,52.43400001525879,54.87566668192546,52.63591664632161,,2,2.0,1.0,1.0,68.7099462263266,93.38985388359119,1.132000732421875,1.3863335927327474,0.8125,0.3537744782763693,74.36911717414554
AFL,10.75,2.5379750713276916,-2.0960491314925833,113.08000183105469,113.08000183105469,110.66000366210938,110.69999694824219,1798500.0,199093944.51141357,False,-,True,False,False,48.04365724004318,111.50999908447265,110.19599990844726,108.94399948120117,110.95749994913737,110.46899992624918,,2,2.0,1.0,1.0,64.40294557224333,86.08983246625904,2.1119979858398437,2.1771661122639974,0.8125,0.35157215987565577,74.33608239813483
TSM,10.5,11.89276159073238,1.3981274469004656,375.5899963378906,378.0,369.75,370.6000061035156,13141100.0,4870091740.206909,False,-,True,False,False,49.52710317587561,357.8140014648437,345.07900085449216,341.9235015869141,347.8115000406901,322.3859166463216,,2,2.0,1.0,1.0,58.06925139450514,84.46384422028345,12.8800048828125,13.26416727701823,0.8035714285714286,0.3983157597883086,74.27830782539606
AX,10.75,0.8724133897292763,-1.1857713952720728,93.13999938964844,93.13999938964844,92.0,92.5,283800.0,26251500.0,True,-,True,False,False,48.939936378433394,91.05,87.75199966430664,85.82399940490723,90.97583312988282,87.20400002797444,,2,2.0,1.0,1.0,63.583879120756855,87.00046513412589,3.0039993286132813,3.217832819620768,0.8125,0.34324975201386354,74.21124628020796
CGAU,10.25,21.095205065500267,1.3014055799829505,19.389999389648438,19.780000686645508,19.260000228881836,19.459999084472656,876200.0,17050851.19781494,False,-,True,False,False,49.95247528919573,18.90999984741211,18.251000022888185,17.631000185012816,18.224166742960612,15.6412500222524,,2,2.0,1.0,1.0,65.64972619715277,85.05312229902974,0.7259998321533203,1.079166841506958,0.7946428571428571,0.44429813844666477,74.20911493384281
AME,10.5,10.947909319565241,0.6081622919773766,233.66000366210938,236.17999267578125,232.25,234.91000366210938,966400.0,227017027.5390625,False,-,True,False,False,48.04683215513278,227.01200256347656,220.39500122070314,216.9370002746582,223.9923334757487,211.45266647338866,,2,2.0,1.0,1.0,51.08431094542076,88.64423481067669,6.007998657226563,5.489332580566407,0.8035714285714286,0.39359456209465893,74.20748985999131
GOLF,10.5,10.82275984015968,-0.8214985508405936,98.63999938964844,98.69999694824219,97.47000122070312,97.79000091552734,213800.0,20907502.195739746,False,-,True,False,False,48.5079409217001,96.81999969482422,94.83100051879883,93.77000045776367,96.40316670735677,89.18216654459636,,2,2.0,1.0,1.0,61.47665524744798,86.84898271244329,2.1889999389648436,2.9316675821940104,0.8035714285714286,0.3929692204919964,74.19810973595138
DY,10.5,10.114880000246252,0.3523836627390642,392.1400146484375,396.54998779296875,388.94000244140625,393.0,455100.0,178854300.0,False,-,True,False,False,45.81048564946405,374.2080017089844,357.2150024414062,353.6800003051758,378.320166015625,351.407915242513,,2,2.0,1.0,1.0,50.93729341370592,90.28439394646257,15.28800048828125,18.115498352050782,0.8035714285714286,0.3894321165768499,74.14505317722418
GATX,10.5,10.026723914520952,0.5506274207208284,191.97999572753906,193.92999267578125,191.97999572753906,193.57000732421875,266100.0,51508978.94897461,True,-,True,False,False,48.418300590570276,184.1439971923828,177.21899871826173,172.35699920654298,180.65883356730143,172.51358426411946,,2,2.0,1.0,1.0,61.106528971600014,93.55096153657686,5.51199951171875,4.406000010172526,0.8035714285714286,0.3889916219923438,74.13844575845658
PAVE,10.5,7.705951356070706,0.11908480809106337,54.810001373291016,54.94499969482422,54.47999954223633,54.650001525878906,900100.0,49190466.3734436,False,-,True,False,False,49.12335532238581,53.20800018310547,51.88099975585938,51.125250053405765,52.46566658020019,50.36970822016398,,2,2.0,1.0,1.0,60.20136173722447,88.24388554591148,1.1434005737304687,1.1396002451578775,0.8035714285714286,0.3773952842527878,73.96450069236325
CAMT,10.0,27.757849351822593,-1.1217470903396198,178.1999969482422,179.38999938964844,172.5,174.52999877929688,354700.0,61905790.5670166,False,🆕LIME,True,False,False,52.83850823923131,167.8939971923828,160.52999877929688,162.92049865722657,156.05949986775715,134.9324165980021,,2,2.0,1.0,1.0,48.777446328619945,70.10726092576924,8.612002563476562,9.82616704305013,0.7857142857142857,0.4775897564043979,73.94956063178024
PCAR,10.5,6.4975317059378535,0.11019235441607211,127.38999938964844,127.94000244140625,126.47000122070312,127.19000244140625,2467900.0,313892207.0251465,False,-,True,False,False,49.38688997863544,122.99000091552735,119.1640007019043,116.93150024414062,121.56799977620443,113.5980832417806,,2,2.0,1.0,1.0,62.46032813552954,95.76005842903177,2.7980010986328123,3.013666025797526,0.8035714285714286,0.3713571042755934,73.87392799270533
EMGF,10.5,6.256172426823792,0.45136329264956476,64.52999877929688,64.8499984741211,64.30999755859375,64.54000091552734,46300.0,2988202.042388916,False,-,True,False,False,47.755818274684025,63.033999633789065,61.39299964904785,61.05149974822998,62.67516676584879,60.379450194040935,,2,2.0,1.0,1.0,53.31873885774576,89.89416143478647,1.570001220703125,1.3418167114257813,0.8035714285714286,0.37015109048204375,73.85583778580208
SNA,10.5,5.316880897730614,-1.057897121139073,385.0,386.8800048828125,379.5299987792969,379.7200012207031,398600.0,151356392.48657227,False,-,True,False,False,48.023428359010104,375.4179992675781,368.85499877929686,366.3984970092773,372.55566457112633,358.58624877929685,,2,2.0,1.0,1.0,51.25808919679739,83.57359063758723,10.467999267578126,8.335666910807292,0.8035714285714286,0.3654576784681831,73.78543660559417
PH,10.5,4.889434227795819,0.12614474681267307,986.4299926757812,989.989990234375,978.969970703125,984.22998046875,511500.0,503433635.0097656,False,-,True,False,False,47.130816719331314,951.6679809570312,923.2329895019532,913.5309967041015,949.8028299967448,898.1160822550456,,2,2.0,1.0,1.0,51.425937665016285,82.0430700983051,26.3880126953125,25.440164184570314,0.8035714285714286,0.36332183110469896,73.75339889514191
XLI,10.5,4.578995193681301,-0.38910398945681823,172.49000549316406,172.6999969482422,171.2100067138672,171.52000427246094,5169700.0,886706966.0873413,False,-,True,False,False,44.485995377814625,168.60800170898438,164.87799987792968,164.5159996032715,168.6913330078125,161.8119997660319,,2,2.0,1.0,1.0,50.53272551004436,88.79178482319841,3.075994873046875,3.034832763671875,0.8035714285714286,0.3617706425256951,73.73013106645686
KOF,10.5,4.520964617425438,-0.8614123797543449,105.66999816894531,106.44999694824219,103.81999969482422,104.7300033569336,173100.0,18128763.581085205,False,-,True,False,False,44.98526985609158,102.50200042724609,99.90500030517578,97.98250045776368,104.12716687520346,97.33200009663899,,2,2.0,1.0,1.0,52.9111086218875,87.57074734287816,2.9939971923828126,2.9758328755696613,0.8035714285714286,0.3614806778072509,73.72578159568019
EWJ,10.5,4.357608570940719,-0.10202217868937602,88.18000030517578,88.37999725341797,87.79000091552734,88.12999725341797,4469600.0,393905835.72387695,False,-,True,False,False,48.08826145207655,87.36800079345703,85.60000076293946,84.6615005493164,86.99750010172527,84.78866678873698,,2,2.0,1.0,1.0,58.09393719064387,78.63280354907661,2.0139984130859374,1.7539997100830078,0.8035714285714286,0.3606644272531249,73.7135378373683
RVT,10.5,4.281533620237354,0.3386082145375502,17.84000015258789,17.899999618530273,17.700000762939453,17.780000686645508,157200.0,2795016.107940674,False,-,True,False,False,46.30791004916625,17.345999908447265,16.942000007629396,16.760500049591066,17.441666698455812,16.7649999777476,,2,2.0,1.0,1.0,54.06586087839463,86.26141912421915,0.40799942016601565,0.393999989827474,0.8035714285714286,0.36028429917092053,73.70783591613524
APG,10.5,3.7859287151754017,0.6116911225580779,44.290000915527344,44.654998779296875,43.95000076293945,44.40999984741211,2424300.0,107663162.63008118,False,-,True,False,False,50.07359654507782,43.30199966430664,41.96099967956543,41.55349979400635,42.61800009409587,40.309750175476076,,2,2.0,1.0,1.0,64.68242272247566,88.65356383335208,1.1720001220703125,1.3944334030151366,0.8035714285714286,0.35780788163334126,73.67068965307155
SCZ,10.5,3.758927567686632,0.32711005581733676,83.12999725341797,83.20999908447266,82.45999908447266,82.80999755859375,800100.0,66256279.04663086,False,-,True,False,False,46.503313162959316,81.55800018310546,79.69200057983399,78.80149993896484,81.49250030517578,79.2680835723877,,2,2.0,1.0,1.0,58.01131037594665,90.42856769120328,1.6220001220703124,1.3019999186197917,0.8035714285714286,0.35767296344650934,73.66866588026907
VTV,10.5,2.4009366237489393,-0.8080805194920382,203.02000427246094,203.02999877929688,201.0399932861328,201.30999755859375,4634600.0,932991314.6850586,False,-,True,False,False,45.34544101990552,200.33199768066407,197.78999938964844,197.38800125122071,200.7583335876465,195.11574986775716,,2,2.0,1.0,1.0,50.46531145577112,89.0920133729325,2.274005126953125,2.3360000610351563,0.8035714285714286,0.3508874119818385,73.56688260829901
STLD,10.25,12.20561200736634,0.30000385485198233,192.5500030517578,194.58999633789062,190.3300018310547,190.57000732421875,817600.0,155810037.98828125,False,-,True,False,False,48.968303525738875,184.37000122070313,180.76500091552734,175.48250045776368,183.69150034586588,173.52858390808106,,2,2.0,1.0,1.0,64.77065331356297,80.3042712514619,6.0279998779296875,6.60583267211914,0.7946428571428571,0.39987899746105615,73.54282781905869
PWR,9.75,31.77847124388189,0.5669497657991185,581.5,590.5,576.5,585.3599853515625,611400.0,357889095.0439453,False,🆕LIME,True,False,False,53.60767891740703,570.7219970703125,560.7140014648437,564.109506225586,532.0945012410482,486.41300099690756,,2,2.0,1.0,1.0,58.487683346737796,74.70624945942548,16.156005859375,20.656666056315103,0.7767857142857143,0.49767982908886066,73.49198315061864
IWM,10.5,-0.019138438637367194,-0.25194826829979533,262.3999938964844,262.75,260.3399963378906,261.29998779296875,22329700.0,5834750337.420654,False,-,True,False,False,48.650668761663404,257.7999969482422,252.05599822998047,249.87399978637694,257.84166615804037,252.65766626993815,,2,2.0,1.0,1.0,59.839871185233825,94.61670533002716,4.529995727539062,5.5141649881998696,0.8035714285714286,0.33879488370873234,73.38549468420241
NGG,10.0,15.637805837776476,-0.03321388330185249,90.54000091552734,91.16999816894531,90.19999694824219,90.29000091552734,611300.0,55194277.559661865,False,-,True,False,False,44.99453215463647,89.02999877929688,87.01899871826171,86.4199993133545,87.35649948120117,82.01308307647705,,0,2.0,1.0,1.0,51.68433243262844,92.38172219253177,1.2759994506835937,1.6531661987304687,0.7857142857142857,0.417028837801996,73.04114685274422
ALKS,10.0,14.442542184957862,-4.46734719471168,35.189998626708984,35.52000045776367,33.34000015258789,33.36000061035156,2036600.0,67940977.24304199,False,-,True,False,False,58.62444094535253,34.03000030517578,33.49400005340576,30.875,31.666000111897787,30.610083452860515,,2,2.0,1.0,1.0,79.33327226338942,70.12231303223263,1.5260009765625,1.2805002530415852,0.7857142857142857,0.411056395153348,72.9515602130145
ONB,10.25,4.030114483998415,-0.6345161692176471,23.59000015258789,23.59000015258789,23.34000015258789,23.489999771118164,3900900.0,91632140.10715485,False,-,True,False,False,47.41086043199625,23.063999938964844,22.486000061035156,21.985499954223634,23.3424999554952,22.545916668574016,,2,2.0,1.0,1.0,66.54939385459357,89.88977944758547,0.5480003356933594,0.6725001335144043,0.7946428571428571,0.35902801871060647,72.93006313780194
UMBF,10.25,1.20370392966469,-0.48008791770636217,120.33999633789062,120.83999633789062,119.06999969482422,120.2300033569336,712000.0,85603762.39013672,False,-,True,False,False,48.39003064518068,118.48000030517578,115.38200073242187,113.01600036621093,120.0668337504069,116.75683358510335,,2,2.0,1.0,1.0,67.81006428597934,87.98391992314932,3.1579986572265626,3.7116666158040363,0.7946428571428571,0.3449051305114343,72.71821981481436
SO,10.0,10.965160639053062,-0.4508605682167488,97.33000183105469,98.19999694824219,96.83999633789062,97.1500015258789,3475100.0,337605970.3025818,False,-,True,False,False,53.71888593097634,97.13399963378906,96.90599975585937,96.4185001373291,93.77483329772949,91.69958362579345,,0,2.0,1.0,1.0,58.34886545404417,74.90369114137204,1.5020004272460938,1.6848326365152995,0.7857142857142857,0.39368076275508357,72.69092572704054
GMED,10.25,0.28837011565605586,-1.0722137205392945,92.44999694824219,92.44999694824219,90.3499984741211,90.41999816894531,1028100.0,92960800.11749268,False,-,True,False,False,49.58177291926341,90.47599945068359,88.14899978637695,87.33150024414063,89.50999972025554,85.45849974950154,,2,2.0,1.0,1.0,59.72646674559361,78.87259186952164,2.705999755859375,2.685499827067057,0.7946428571428571,0.3403314293906454,72.64961429800253
UNP,10.0,9.254656479588498,-0.25482755532625356,251.0,252.22999572753906,249.27000427246094,250.50999450683594,2431600.0,609140102.6428223,False,-,True,False,False,46.416379375092184,248.48399658203124,245.08899688720703,242.10449905395507,247.12416712443033,237.56150042215984,,2,2.0,1.0,1.0,53.951719824221655,87.96812790133549,4.039996337890625,5.187670389811198,0.7857142857142857,0.3851337882289318,72.56272110914826
HBM,10.0,8.085293986310305,3.6642549446612938,23.989999771118164,24.420000076293945,23.899999618530273,24.329999923706055,4163100.0,101288222.68238068,False,-,True,False,False,46.499059057736545,23.03199996948242,21.82299976348877,20.727999782562257,23.548333263397218,20.575416644414265,,2,2.0,1.0,1.0,63.66927061003791,89.79937113396161,1.1740001678466796,1.4451668421427408,0.7857142857142857,0.37929076739406015,72.47507579662518
INVX,10.0,7.895810167495787,0.37864589946041693,26.399999618530273,26.549999237060547,25.860000610351562,26.510000228881836,338400.0,8970984.077453613,False,-,True,False,False,49.43987488385367,25.796000289916993,25.1439998626709,24.836499977111817,25.36366669336955,23.537833420435586,,2,2.0,1.0,1.0,45.35899971375977,80.57057232301466,1.0559993743896485,1.1131664594014485,0.7857142857142857,0.3783439626969978,72.46087372616924
CMP,10.0,7.872986011144922,-1.3524270518792791,25.200000762939453,25.93000030517578,24.770000457763672,24.799999237060547,291300.0,7224239.777755737,False,-,True,False,False,52.15269858945247,24.263999938964844,23.655999755859376,23.26999988555908,23.795666662851968,21.320333353678386,,2,2.0,1.0,1.0,61.26575171082493,61.36210370014019,1.176000213623047,1.2699998537699382,0.7857142857142857,0.37822991592205585,72.45916302454512
IEX,10.0,7.345323425152972,0.6809195611293228,200.63999938964844,201.97999572753906,198.47000122070312,201.08999633789062,640700.0,128838360.65368652,False,-,True,False,False,46.21477769555315,196.2519989013672,192.3300003051758,190.79700088500977,198.96616643269857,186.37741661071777,,2,2.0,1.0,1.0,48.58995928232097,80.49694689345108,4.74599609375,5.13733139038086,0.7857142857142857,0.3755933139261342,72.4196139946063
AVGO,10.0,4.777079930395023,4.688508060962238,360.94000244140625,376.54998779296875,360.82000732421875,371.54998779296875,29929600.0,11120342514.648438,False,-,True,False,False,49.43876171380419,345.097998046875,325.71299743652344,322.0415008544922,327.7181666056315,343.4112497965495,,2,2.0,1.0,1.0,50.753426007223936,89.96802950109505,15.144000244140624,13.954500834147135,0.7857142857142857,0.36276042392397106,72.22712064457384
GBCI,10.0,4.653183978139364,-0.1659365647720734,48.130001068115234,48.290000915527344,47.65999984741211,48.130001068115234,723600.0,34826868.77288818,False,-,True,False,False,50.93390832184104,47.24000015258789,45.863999938964845,44.80749988555908,47.380666669209795,45.41391668319702,,2,2.0,1.0,1.0,79.31723564798737,91.76822876052564,1.2220008850097657,1.535333506266276,0.7857142857142857,0.36214134589252456,72.21783447410215
STNG,9.5,23.997340567524628,-1.973424493939091,75.5,75.98999786376953,72.52999877929688,74.51000213623047,1177700.0,87750429.51583862,True,-,True,False,False,55.84090485440293,75.64600067138672,75.27900085449218,72.58500099182129,69.7411673227946,63.3886669476827,,2,2.0,1.0,1.0,70.74497977481232,63.49874917376083,3.16400146484375,2.768000348409017,0.7678571428571429,0.45879940584785456,72.14984823057497
IMTM,10.0,3.3013236114268985,0.48657063994328453,51.619998931884766,51.849998474121094,51.42499923706055,51.630001068115234,308200.0,15912366.329193115,False,-,True,False,False,48.05288510015787,50.51800003051758,49.14199981689453,48.455999755859374,50.18566665649414,49.171616586049396,,2,2.0,1.0,1.0,60.82668070239764,89.82278241383828,1.0899986267089843,0.989033317565918,0.7857142857142857,0.3553864274357214,72.11651069725009
PRAX,9.75,12.573453606987073,-1.2802821980280599,325.1700134277344,327.55999755859375,312.8900146484375,316.1400146484375,254100.0,80331177.72216797,False,-,True,False,False,49.21146938499782,314.67999877929685,309.1790008544922,304.10450134277346,313.420166015625,268.65799980163575,,2,2.0,1.0,1.0,55.037000664777636,64.39387891741559,14.445989990234375,18.79549611409505,0.7767857142857143,0.4017170127410666,72.05254090540173
NVMI,9.5,22.589893745431123,0.4007470531370183,498.9700012207031,503.010009765625,493.0,496.05999755859375,233200.0,115681191.43066406,False,-,True,False,False,53.91356427260695,471.1139892578125,453.1789947509766,456.5014938354492,450.50999704996747,390.1158322652181,,2,2.0,1.0,1.0,53.8666372099393,71.72562844657502,21.002001953125,23.206165568033853,0.7678571428571429,0.45176673535197454,72.04435817313677
MO,9.75,12.019942716756926,-0.11859150925055406,67.47000122070312,67.93000030517578,66.9000015258789,67.37999725341797,7115600.0,479449108.4564209,False,-,True,False,False,49.12640234406545,66.88800048828125,66.51700057983399,65.96700019836426,65.58100039164225,62.23258358637492,,0,2.0,1.0,1.0,62.195511908400405,83.64172039467913,1.6279998779296876,1.4405000686645508,0.7767857142857143,0.3989512530364977,72.01105450983319
AU,9.75,11.867700085277978,0.6448612884040417,108.80000305175781,110.3499984741211,107.91999816894531,109.25,2130300.0,232735275.0,False,-,True,False,False,47.85278929472394,105.55800018310546,100.96199951171874,95.10949974060058,104.1831662495931,92.41766624450683,,2,2.0,1.0,1.0,62.84436906885446,82.75926474289187,4.746000671386719,6.231000137329102,0.7767857142857143,0.3981905335224029,71.99964371712177
VGK,10.0,1.4803550874383342,0.3457761813931537,87.43000030517578,87.56999969482422,86.69999694824219,87.05999755859375,2305400.0,200708118.37158203,False,-,True,False,False,46.28712538654836,85.5739990234375,83.64599990844727,82.65300064086914,85.92016665140788,83.95466683705648,,2,2.0,1.0,1.0,61.77728803852524,93.10197270484868,1.6220016479492188,1.3949995676676432,0.7857142857142857,0.34628748926516106,71.98002662469169
KGC,10.0,1.1986860613792505,2.8319132181931383,33.290000915527344,33.79999923706055,33.25,33.77000045776367,6599900.0,222878626.02119446,False,-,True,False,False,47.406871650619806,32.536000442504886,31.40700035095215,30.11200017929077,32.96250022252401,29.84933344523112,,2,2.0,1.0,1.0,68.1163269670134,86.48036086874228,1.2379989624023438,1.7694999694824218,0.7857142857142857,0.3448800574403319,71.95891514731926
ECO,9.5,21.0370381673177,-2.5059633097127554,49.4900016784668,50.2599983215332,48.60300064086914,49.02000045776367,284200.0,13931484.130096436,False,-,True,False,False,56.895151411928154,50.327999877929685,50.39200019836426,48.85250015258789,45.760166803995766,40.47266666094462,,2,2.0,1.0,1.0,72.42095930714865,48.27244633135489,2.477400207519531,1.9172835032145181,0.7678571428571429,0.44400749256060784,71.92796953126627
DOCN,9.0,38.97774808998618,-13.2843892099336,86.9800033569336,87.08000183105469,75.01499938964844,75.58999633789062,10497300.0,793490868.5577393,True,-,False,False,False,64.44007844337781,85.15999755859374,84.90099868774413,83.06399917602539,67.11283334096272,56.6471666653951,,0,2.0,-1.0,1.0,79.09049743905265,53.2417324398494,8.665800476074219,5.376049868265787,0.75,0.5336528698265278,71.75479304739792
ATKR,10.0,-1.9088932258811586,-0.029471840112171854,68.30999755859375,69.1500015258789,67.58000183105469,67.83000183105469,338200.0,22940106.619262695,False,-,False,True,False,52.69945188448095,65.6260009765625,62.607000732421874,60.128500366210936,64.64200057983399,65.19591716130574,,2,2.0,1.0,-1.0,76.77643747162553,91.61093802838573,2.5696006774902345,2.2855170567830405,0.7857142857142857,0.3293522372598035,71.72599784461133
SEI,9.5,18.20765599206704,2.2619260876592495,60.63999938964844,63.95000076293945,59.40999984741211,62.38999938964844,1949200.0,121610586.81030273,False,-,False,False,False,53.156751449121906,59.06399993896484,57.37700004577637,59.293000030517575,54.86566670735677,51.87450002034505,,2,2.0,-1.0,1.0,42.496131671014815,60.031452997015435,4.472799682617188,4.794116338094075,0.7678571428571429,0.42986975589226484,71.71590348124113
RMBS,9.5,15.668201255238312,4.603145033212219,108.55000305175781,112.73999786376953,108.4800033569336,110.44000244140625,2178700.0,240615633.3190918,False,-,True,False,False,49.152219475095116,100.30800170898438,94.0010009765625,93.66750068664551,100.21599960327148,99.08041642506917,,2,2.0,1.0,1.0,64.6222330971508,88.8564431942997,6.1439971923828125,7.228499476114909,0.7678571428571429,0.41718071633284937,71.52556788784989
NEM,9.75,5.469776169146678,1.5881012988177012,119.5199966430664,121.91999816894531,119.5199966430664,120.9000015258789,6486800.0,784254129.8980713,False,-,True,False,False,47.83336662222296,117.10800170898438,112.68500137329102,107.86200065612793,116.33216679890951,104.68841654459635,,2,2.0,1.0,1.0,67.45671713929025,89.60693013087216,3.721998596191406,5.490666198730469,0.7767857142857143,0.3662216590657932,71.52011060027262
RRX,9.0,35.28800207770815,0.3274779458502186,209.72999572753906,211.1699981689453,207.44000244140625,208.3300018310547,826000.0,172080581.51245117,False,-,True,False,False,49.00564661065227,198.16799926757812,191.50800018310548,189.10750045776368,191.46300048828124,167.35400060017903,,2,2.0,1.0,1.0,49.99977743847586,73.47023154929757,8.977996826171875,9.56066665649414,0.75,0.5152161036833912,71.47824155525086
MU,9.25,24.387067182534338,-0.21826609248163376,420.2900085449219,423.8599853515625,410.04998779296875,420.5899963378906,36285700.0,15261402430.117798,False,🆕LIME,True,False,False,45.14820316117617,400.83400268554686,375.5119995117187,397.55349884033205,399.4409993489583,325.3535826365153,,2,2.0,1.0,1.0,37.362846660603346,81.31833185343741,22.344000244140624,26.24450225830078,0.7589285714285714,0.4607467752431409,71.42013020007568
CAAP,9.75,3.202440591870004,-0.036928467171382096,27.229999542236328,27.649999618530273,27.049999237060547,27.06999969482422,291400.0,7888197.911071777,False,-,True,False,False,47.61912484441369,26.383999633789063,25.69199981689453,25.39149980545044,27.085999902089437,25.496666590372723,,2,2.0,1.0,1.0,49.5907253918577,73.78577399554925,1.183599853515625,1.1254498799641928,0.7767857142857143,0.3548923329638984,71.3501707087442
SMTC,9.5,12.161091676138147,-3.8799935701744226,92.0999984741211,92.0999984741211,84.27999877929688,85.22000122070312,3391200.0,288998068.13964844,False,-,True,False,False,48.34941077490492,85.31000061035157,80.89000091552734,79.79750022888183,83.28349990844727,77.57308336893718,,2,2.0,1.0,1.0,53.69681652563359,81.57750114081776,5.363999938964843,5.494500096638998,0.7678571428571429,0.39965654016108537,71.26270524527344
NUVL,9.75,1.5518431582873582,-1.768810152879674,104.88999938964844,105.21499633789062,99.78500366210938,102.73999786376953,412800.0,42411071.11816406,False,-,True,False,False,51.64788144472516,103.66599884033204,102.5229995727539,99.97774963378906,102.25174967447917,101.86062469482422,,2,2.0,1.0,1.0,69.27385567827346,73.19883107961878,3.7019989013671877,4.286083221435547,0.7767857142857143,0.3466446978209482,71.22645618159994
FRO,9.0,31.924699372773226,-1.3785167904745155,34.43000030517578,34.939998626708984,33.70000076293945,34.34000015258789,3072400.0,105506216.46881104,False,-,True,False,False,55.452981793231466,35.354000091552734,35.010000228881836,33.86050004959107,32.0650000890096,27.791333389282226,,2,2.0,1.0,1.0,70.72902060225849,59.26862870234046,1.8260002136230469,1.4108333269755045,0.75,0.4984104955919064,71.2261574338786
SBCF,9.75,0.09276060344878267,-1.0394379764727235,32.61000061035156,32.61000061035156,32.189998626708984,32.369998931884766,638800.0,20677955.31768799,False,-,True,False,False,48.53156309632876,31.80399971008301,30.917000007629394,30.33699998855591,32.126000022888185,31.76541666984558,,2,2.0,1.0,1.0,65.3930391709249,92.27890711213045,0.8200000762939453,0.9694999694824219,0.7767857142857143,0.3393540160890421,71.11709595562135
FNV,9.5,10.066061700395302,0.5304125356543787,261.8399963378906,264.6300048828125,259.3299865722656,261.54998779296875,480300.0,125622459.13696289,False,-,True,False,False,49.244534815548924,260.91400756835935,253.24000396728516,245.46500244140626,252.1248346964518,227.67175102233887,,0,2.0,1.0,1.0,65.49396628841478,84.32062865971372,8.400006103515626,11.03566640218099,0.7678571428571429,0.3891881833698317,71.10567989340463
NOV,9.5,9.98871628866107,-0.5104664660072311,19.5,19.84000015258789,19.43000030517578,19.489999771118164,2712100.0,52858828.37924957,False,-,True,False,False,52.58820978182913,19.321999740600585,19.130999755859374,19.02200002670288,19.035666624704998,17.263166618347167,,0,2.0,1.0,1.0,53.99972302695024,53.11472129257792,0.5579998016357421,0.6671667734781901,0.7678571428571429,0.38880170710191425,71.09988274938587
ORLA,9.25,19.363395829357067,1.522845260771044,17.809999465942383,18.309999465942383,17.729999542236328,18.0,1621900.0,29194200.0,False,🆕LIME,True,False,False,48.39216283129252,17.6939998626709,16.75299987792969,15.758000040054322,17.01600000063578,14.774333357810974,,2,2.0,1.0,1.0,63.076004877094576,84.32811384685452,0.9277996063232422,1.2012500603993734,0.7589285714285714,0.4356447076183506,71.04359918570383
BMO,9.5,9.135598745647421,1.0786532465138166,143.05999755859375,145.08999633789062,143.0399932861328,144.30999755859375,502400.0,72501342.7734375,False,-,True,False,False,47.37181972436496,140.7220001220703,137.5539978027344,137.11599884033203,139.80933227539063,133.51708285013834,,2,2.0,1.0,1.0,51.33314393223103,93.49944535077589,2.6079986572265623,3.082166290283203,0.7678571428571429,0.3845388856012444,71.03594042687581
CLMT,8.0,69.18050557302547,0.5979095915628285,33.16999816894531,34.119998931884766,33.119998931884766,33.650001525878906,1152000.0,38764801.7578125,False,-,True,False,False,66.85520006785967,34.41000061035156,34.4700008392334,31.708000469207764,27.711833413441976,23.594916693369548,,2,2.0,1.0,1.0,80.13165864261194,66.98582230940056,1.6999992370605468,1.4148331960042317,0.7142857142857143,0.6845687254815546,70.98281659650904
TEX,9.5,4.171473562481842,-1.8791723807147331,64.38999938964844,64.8499984741211,62.959999084472656,63.18000030517578,836000.0,52818480.25512695,False,-,True,False,False,46.68954916703528,62.01199951171875,59.92699928283692,59.5519998550415,62.31183350880941,56.677500057220456,,2,2.0,1.0,1.0,48.72028358859123,80.85673874562463,2.9900001525878905,2.9480003992716473,0.7678571428571429,0.35973435574939877,70.66387247909813
ANET,9.25,13.40723036227911,0.8901081989687532,147.5399932861328,149.33999633789062,145.39999389648438,147.35000610351562,7049200.0,1038699663.0249023,False,-,True,False,False,48.77086530365966,139.67200317382813,130.95700073242188,131.96750183105468,134.61133321126303,134.5083330154419,,2,2.0,1.0,1.0,51.152255624030296,85.4990987550685,6.397999572753906,6.5826667785644535,0.7589285714285714,0.4058831930151966,70.59717646665652
SPMO,9.5,2.6721045183253134,0.47246186996356965,123.30999755859375,124.12999725341797,122.7300033569336,123.33999633789062,1832100.0,225971207.2906494,False,-,True,False,False,45.101522907262456,119.95599975585938,115.92799911499023,115.59549865722656,117.94966608683268,118.84158280690511,,2,2.0,1.0,1.0,58.34462655458863,96.7652647633955,2.186798095703125,2.147866058349609,0.7678571428571429,0.35224237219893617,70.5514927258412
VWO,9.5,1.4117243181773764,0.5492582934690571,56.939998626708984,57.06999969482422,56.650001525878906,56.75,7160400.0,406352700.0,False,-,True,False,False,46.55769964348029,55.55799942016601,54.47799949645996,54.20799961090088,55.98283322652181,55.22900002797444,,2,2.0,1.0,1.0,50.689379829636025,85.3742707106171,1.0799995422363282,0.9329996109008789,0.7678571428571429,0.34594455795257817,70.45702551214583
BVN,9.25,9.988352620660358,-1.7174078640931456,38.84000015258789,39.279998779296875,37.13999938964844,37.77000045776367,1185600.0,44780112.54272461,False,-,True,False,False,49.15539113718999,37.34599990844727,36.38499984741211,34.85050001144409,36.86899970372518,31.318499898910524,,2,2.0,1.0,1.0,66.79912955109731,84.03005243227275,1.7860000610351563,2.201666577657064,0.7589285714285714,0.38879988994109593,70.340926920545
GFS,9.0,19.721070672705586,0.4722783134150532,49.33000183105469,50.10499954223633,48.75,48.93000030517578,2595200.0,126983136.79199219,False,-,True,False,False,51.35855104205273,46.594000244140624,44.976000213623045,44.44500045776367,44.95400021870931,40.55829168955485,,2,2.0,1.0,1.0,51.415286884625665,73.74368684722222,2.243000030517578,2.3636164983113606,0.75,0.437431922082478,70.31147883123717
FEZ,9.5,-1.2282799110025944,0.25848533832601994,66.41999816894531,66.44000244140625,65.7300033569336,65.94000244140625,1068700.0,70470080.60913086,False,-,True,False,False,46.0798012367326,64.62799911499023,63.03400001525879,62.3685001373291,65.29616692860921,64.46875028610229,,2,2.0,1.0,1.0,56.57520519486758,90.07497039462582,1.3939994812011718,1.2338335037231445,0.7678571428571429,0.33275309696086836,70.25915359727018
HST,9.25,8.806046140524915,1.1551961024561352,19.93000030517578,20.239999771118164,19.899999618530273,20.139999389648438,8528400.0,171761970.79467773,False,-,True,False,False,51.738290570371404,19.615999603271483,19.327999687194826,19.153999710083006,19.24483324686686,18.3927499294281,,2,2.0,1.0,1.0,54.58440680088861,63.88630636200425,0.48000030517578124,0.5318332354227702,0.7589285714285714,0.3828921911425236,70.25231143856642
CVS,9.5,-1.6732752466716239,0.6215189192348536,78.9800033569336,79.45999908447266,78.44000244140625,79.33000183105469,6856600.0,543934090.5548096,False,-,True,False,False,45.66743336180338,77.69199981689454,74.6479995727539,73.85349960327149,76.50833320617676,77.84533341725667,,2,2.0,1.0,1.0,52.35289677378519,94.927770210389,2.0739990234375,2.3204994201660156,0.7678571428571429,0.330529563169866,70.22580059040514
WT,9.0,18.474198116461118,-0.06309292518079657,15.899999618530273,15.9399995803833,15.699999809265137,15.84000015258789,1996700.0,31627728.30467224,False,-,True,False,False,46.00920694587217,15.458000183105469,14.859000110626221,14.602500057220459,15.718000094095865,13.845333361625672,,2,2.0,1.0,1.0,46.40434410699502,82.78527359204558,0.6900001525878906,0.6756666978200276,0.75,0.4312016022574065,70.2180240338611
TKR,9.0,16.43760868745705,-0.15899567139601167,107.72000122070312,107.72000122070312,106.36000061035156,106.75,498000.0,53161500.0,False,-,True,False,False,50.472522909597174,103.53199920654296,101.27099914550782,99.97399940490723,101.05133336385092,91.45958321889242,,2,2.0,1.0,1.0,56.66357167106573,74.76770793958488,2.8920028686523436,3.3211673736572265,0.75,0.42102525870769153,70.06537888061537
TDY,9.0,16.347449392320755,-1.410728649715709,654.5700073242188,654.5700073242188,640.6799926757812,645.739990234375,295200.0,190622445.1171875,False,-,True,False,False,44.652839575090674,645.6219970703125,625.1599975585938,627.5349945068359,637.1601582845052,577.7964131673177,,0,2.0,1.0,1.0,49.290106962282245,91.22536141470934,15.14599609375,17.808505249023437,0.75,0.4205747545714918,70.05862131857238
WMT,9.25,5.325686274683816,-1.8276218930587396,128.72000122070312,128.92999267578125,126.22000122070312,126.7699966430664,13884600.0,1760150695.3903198,False,-,True,False,False,51.32478329469797,126.48800048828124,125.36399993896484,124.06649971008301,124.22883326212565,116.6744166056315,,2,2.0,1.0,1.0,73.215651301139,77.2247512388329,3.6720016479492186,3.0335002899169923,0.7589285714285714,0.3655016768017129,69.99145372345427
YUM,9.25,3.4535647706609662,0.6032721321015178,160.69000244140625,161.8000030517578,159.75999450683594,161.75999450683594,1458400.0,235910775.98876953,False,-,True,False,False,47.207152624431025,159.45399475097656,157.10899658203124,158.09949798583983,159.04866638183594,154.12383346557618,,2,2.0,1.0,1.0,36.471670902474216,76.93897985011778,2.58800048828125,3.439832305908203,0.7589285714285714,0.35614713959336547,69.85113566532905
SUN,9.0,12.191749742183955,-1.0494333709600734,65.2300033569336,65.91999816894531,64.8499984741211,65.05999755859375,209000.0,13597539.489746094,False,-,False,False,False,57.17215306547813,65.38999938964844,65.40499954223633,65.43699951171875,61.94666652679443,57.754666550954184,,0,2.0,-1.0,1.0,58.48989255619087,64.57141694568453,1.8800003051757812,1.6471670150756836,0.75,0.39980973108322654,69.7471459662484
BP,8.5,31.334835478237455,1.1764642328511155,45.88999938964844,46.529998779296875,45.869998931884766,46.439998626708984,9180700.0,426351695.3922272,False,-,False,False,False,67.31342087691552,46.59000015258789,46.72699966430664,45.59399967193603,40.631666564941405,37.94824997584025,,2,2.0,-1.0,1.0,83.08765555595,60.3834909558209,1.3659996032714843,1.127332878112793,0.7321428571428571,0.49546308873960615,69.66408918823694
IBKR,9.25,0.8783153120086373,-1.0009748611822467,72.13999938964844,72.27999877929688,70.12000274658203,71.20999908447266,3698000.0,263334576.61437988,False,-,True,False,False,48.19907267501622,70.43600006103516,68.27899971008301,67.81699962615967,71.28099969228109,69.04474983215331,,2,2.0,1.0,1.0,60.89377889332584,81.08925006401721,2.417999267578125,3.007332674662272,0.7589285714285714,0.3432792424884104,69.65811720875473
TTC,9.0,9.66829020547455,-1.2840054439031912,98.4000015258789,98.5,96.31999969482422,96.87000274658203,493400.0,47795659.355163574,False,-,True,False,False,46.370782302611396,95.99400024414062,94.33100051879883,94.41000022888184,95.49466692606607,85.34150015513102,,2,2.0,1.0,1.0,38.50836500950124,73.1525352077228,2.2719985961914064,2.290833282470703,0.75,0.38720061566033187,69.55800923490497
GCT,9.0,6.720163818118818,-4.2043050130208375,46.45000076293945,47.49800109863281,44.220001220703125,44.54499816894531,677500.0,30179236.25946045,True,-,True,False,False,54.377630278492965,44.62699966430664,44.23499984741211,43.39200019836426,41.035000038146975,38.14354163805644,,2,2.0,1.0,1.0,62.23951411838156,57.68629980966982,3.7506004333496095,2.6225666046142577,0.75,0.37246954295689405,69.33704314435342
CCJ,9.0,6.536910453797673,0.43275055914666627,116.81999969482422,119.1500015258789,115.9000015258789,116.04000091552734,2132900.0,247501717.95272827,False,-,True,False,False,48.26758645040678,113.63800201416015,110.72600021362305,109.09299964904785,115.60383326212565,104.0254997253418,,2,2.0,1.0,1.0,50.1859442264482,74.66916966228072,5.063999938964844,6.328666432698568,0.75,0.3715538703301904,69.32330805495286
VNQ,9.0,3.2079111294485374,0.2155686357708353,92.79000091552734,93.27999877929688,92.56999969482422,92.9800033569336,2568500.0,238819138.62228394,False,-,False,True,False,41.18399758859379,91.74600067138672,90.10100021362305,90.23250007629395,91.96350021362305,90.84266668955485,,2,2.0,1.0,-1.0,43.53133307005089,92.53946989370657,1.2759994506835937,1.3423328399658203,0.75,0.3549196679136963,69.07379501870544
TFIN,9.25,-7.071162877457871,-3.259519460012139,63.63999938964844,63.91999816894531,62.0,62.029998779296875,169400.0,10507881.79321289,False,-,False,True,False,52.15510114604644,61.992000579833984,60.204000091552736,58.49850025177002,61.85683326721191,60.3991668065389,,1,1.0,1.0,-1.0,67.9985592784201,79.33444916257749,2.5340003967285156,3.026700019836426,0.7589285714285714,0.3035576275448736,69.06229298460167
CORZ,9.0,1.6084248315836547,1.89099088567386,18.479999542236328,18.959999084472656,18.225000381469727,18.31999969482422,16450700.0,301376818.9796448,False,-,True,False,False,49.912548636605116,17.415999984741212,16.254999923706055,16.366999912261964,17.065083249409994,17.118124953905742,,2,2.0,1.0,1.0,57.6476571492495,82.27395748823234,1.0809993743896484,1.1784666538238526,0.75,0.3469274227226297,68.95391134083944
IUSV,9.0,-0.5050012336429655,-0.7414437280645836,105.30999755859375,105.30999755859375,104.27999877929688,104.41999816894531,503900.0,52617237.07733154,False,-,True,False,False,44.20545939408278,104.0199981689453,102.81899948120117,102.38800010681152,104.77466697692871,103.43450024922689,,2,2.0,1.0,1.0,50.72892862716609,93.11482716075948,1.1339996337890625,1.1874998728434245,0.75,0.3363671451328626,68.79550717699294
EMR,9.0,-1.7628983419582633,-0.6221012703915063,145.63999938964844,145.77000427246094,143.6699981689453,143.77000427246094,2029400.0,291766846.6705322,False,-,True,False,False,43.63789672435945,139.68000183105468,134.21900100708007,132.25450019836427,143.13033434549968,138.7610009511312,,2,2.0,1.0,1.0,51.80088539166447,92.12836882493552,4.264004516601562,4.687333806355794,0.75,0.33008173829429854,68.70122607441448
GS,9.0,-3.2350941567207636,0.4514691743139565,903.3699951171875,908.9600219726562,895.0,907.7999877929688,1639900.0,1488701199.9816895,False,-,True,False,False,52.173006121555986,889.493994140625,862.7199951171875,838.5600006103516,884.4825002034505,862.209585571289,,1,1.0,1.0,1.0,75.3402656485162,89.53510740020879,22.69000244140625,30.016336059570314,0.75,0.32272553278222244,68.59088299173334
DOV,8.75,6.22309275955506,-0.5496574600463267,219.24000549316406,219.24000549316406,217.05999755859375,217.1199951171875,721000.0,156543516.4794922,False,-,True,False,False,47.0004666503246,213.42999877929688,209.7690002441406,210.4095001220703,215.11500040690103,201.70858357747395,,2,2.0,1.0,1.0,45.86660985031715,68.97148740657202,4.454000854492188,5.584665934244792,0.7410714285714286,0.36998579940577536,68.54085841965806
IMO,8.0,34.49243994939897,0.6780415663169226,127.88999938964844,129.92999267578125,127.88999938964844,129.17999267578125,382000.0,49346757.20214844,False,-,False,False,False,65.99635703689653,129.797998046875,129.96999969482422,128.06349983215333,117.21299985249837,104.30558331807454,,2,2.0,-1.0,1.0,79.48689753265849,70.10287138490484,5.089997863769531,3.774498875935872,0.7142857142857143,0.5112408726341092,68.38289880379736
SSB,8.75,0.9927680911727688,-1.7505008421116797,98.9800033569336,99.0999984741211,97.44000244140625,97.66000366210938,867000.0,84671223.17504883,False,-,True,False,False,47.271290042687596,96.4760025024414,94.2500015258789,92.3740005493164,97.98950017293295,95.07258377075195,,2,2.0,1.0,1.0,65.02228241276002,88.21059913469935,2.33599853515625,2.6866668701171874,0.7410714285714286,0.3438511352736751,68.14883845767656
AEM,8.5,9.880449059689012,1.0672692351401558,217.8000030517578,219.72000122070312,215.72999572753906,218.75,2080700.0,455153125.0,False,🆕LIME,True,False,False,47.15090097549797,213.77999877929688,207.57599792480468,200.50349884033204,211.76916681925456,190.8009998321533,,2,2.0,1.0,1.0,58.97849880077039,86.50151417252233,6.74000244140625,10.213834635416667,0.7321428571428571,0.38826072201110284,68.0560536873094
ATRO,8.5,7.6317735799555475,-1.7617604494218897,74.16999816894531,74.16999816894531,71.80000305175781,72.48999786376953,289800.0,21007601.38092041,False,-,True,False,False,47.261343371340665,72.48600006103516,69.68199996948242,68.43299980163575,73.69533335367838,63.126916853586835,,2,2.0,1.0,1.0,51.598992590876755,83.80770104914419,2.8980010986328124,4.039833132425944,0.7321428571428571,0.3770246358919786,67.88751239552253
SKE,8.0,27.40091690843498,2.7666817081213546,32.709999084472656,33.43000030517578,32.20000076293945,33.43000030517578,838500.0,28031055.255889893,False,🆕LIME,True,False,False,46.531715778502466,31.805999755859375,30.564999961853026,29.34699993133545,31.542833137512208,26.112249883015952,,2,2.0,1.0,1.0,57.966970608546674,86.45373642712677,1.4283992767333984,2.026799774169922,0.7142857142857143,0.4758062515328599,67.85137948727862
ASML,8.25,16.385336454992338,2.0460579818810665,1482.3499755859375,1502.5,1473.719970703125,1478.280029296875,1518200.0,2244324740.4785156,False,-,True,False,False,48.91070727286085,1391.6860107421876,1351.2679931640625,1357.71650390625,1389.0833374023437,1233.1339965820312,,2,2.0,1.0,1.0,52.55444582519457,70.54126223009428,58.9120361328125,54.47934366861979,0.7232142857142857,0.4207640670369032,67.78467529126783
PEG,8.5,5.5887129542423475,-0.9531788977111155,83.91999816894531,84.37999725341797,82.8499984741211,83.12999725341797,1866000.0,155120574.87487793,False,-,True,False,False,45.39777952478029,82.48399963378907,81.85199966430665,81.9939998626709,82.43899981180827,81.7625,,2,2.0,1.0,1.0,40.72318731103182,78.94158826329377,1.4040008544921876,1.6414995829264323,0.7321428571428571,0.36681595734142747,67.73438221726427
NVST,8.25,13.603099051580525,-1.0498713379996971,26.850000381469727,26.927000045776367,26.34000015258789,26.389999389648438,1378000.0,36365419.15893555,False,-,True,False,False,47.38117216053195,26.163999938964842,25.676000022888182,25.58199996948242,26.33833335240682,23.641749954223634,,2,2.0,1.0,1.0,43.10825883593806,64.47984184981004,1.0263992309570313,1.0664000511169434,0.7232142857142857,0.40686190136189476,67.57614280614271
AGI,8.25,13.350477024454111,2.951793130482816,47.52000045776367,48.650001525878906,47.5099983215332,48.47999954223633,2182500.0,105807599.00093079,False,-,False,False,False,49.045313153125456,47.19599990844726,45.63299980163574,43.8564998626709,44.799166679382324,40.265000104904175,,0,-1.0,1.0,1.0,58.39219336505852,89.79162197988292,1.75,2.6168333689371743,0.7232142857142857,0.40559961034748987,67.55720844092663
ASTS,8.5,2.351165095421748,3.5913119676975302,92.8499984741211,98.3499984741211,91.73600006103516,94.9000015258789,11787600.0,1118643257.9864502,False,-,True,False,False,49.43671678496209,94.06999969482422,88.23199996948242,89.37749938964843,94.44558308919271,83.43549957275391,,2,2.0,1.0,1.0,53.12503213980517,76.2323500298701,7.419999694824218,9.630399958292644,0.7321428571428571,0.350638715723261,67.49172359299178
JPM,8.5,-0.3312958506006991,-0.14822655720735378,310.0,310.3500061035156,306.7200012207031,309.8699951171875,6067800.0,1880229156.3720703,False,-,True,False,False,51.643192167406724,304.20399780273436,297.1769989013672,292.9960006713867,300.1340016682943,306.4029172261556,,2,2.0,1.0,1.0,71.54378765846079,90.7883272845427,6.35,7.423001098632812,0.7321428571428571,0.3372351088122859,67.29066948932714
OCS,8.0,18.489575313611482,0.40455572211242075,27.450000762939453,27.724000930786133,27.030000686645508,27.299999237060547,133600.0,3647279.898071289,False,🆕LIME,True,False,False,46.87088657142256,26.913999938964842,26.40599994659424,25.903500080108643,27.167833296457925,23.71329166094462,,2,2.0,1.0,1.0,50.43378105057506,73.18218637983914,0.8597999572753906,1.249250062306722,0.7142857142857143,0.4312784383829433,67.18346229002987
XHR,8.25,7.525421401201671,1.7318762119738373,15.729999542236328,15.979999542236328,15.640000343322754,15.859999656677246,578800.0,9179767.80128479,False,-,True,False,False,50.52456546401043,15.202000045776368,14.957000064849854,14.792500066757203,15.112666670481364,14.51200000445048,,2,2.0,1.0,1.0,57.16147389800692,66.44537722811097,0.43699989318847654,0.4478166580200195,0.7232142857142857,0.3764932198427509,67.12061258335555
MS,8.5,-2.8014857031504192,-0.29187486628432513,178.66000366210938,178.66000366210938,174.6999969482422,177.63999938964844,4237100.0,752678441.4138794,False,-,True,False,False,53.2446880582938,173.36000061035156,168.01100006103516,164.32649917602538,171.30399958292642,171.2850824991862,,1,1.0,1.0,1.0,73.46340173347527,84.08474209619955,5.358001708984375,5.775666300455729,0.7321428571428571,0.32489216908443985,67.10552539340945
KMT,8.0,16.73677854306068,-0.6393862142103801,39.25,39.4900016784668,38.70000076293945,38.849998474121094,765800.0,29751328.831481934,False,🆕LIME,True,False,False,47.75667670035107,37.699999237060545,36.797999954223634,36.52799987792969,37.377166493733725,32.170583264033,,2,2.0,1.0,1.0,43.969863412049634,76.96804304796622,1.2980003356933594,1.5210000356038411,0.7142857142857143,0.4225201379341982,67.05208778329869
IPGP,6.75,65.84604046133342,2.3637260864511456,125.80999755859375,128.14999389648438,123.0,127.31999969482422,287600.0,36617231.912231445,False,🆕LIME,True,False,False,50.03082238064383,119.1,116.29099960327149,117.46749954223633,113.94033342997233,97.15141658782959,,2,2.0,1.0,1.0,39.99654095937801,57.65518546723912,6.803999328613282,7.902000681559245,0.6696428571428571,0.6679072118510382,66.93825103490843
SCCO,8.0,11.315291468911305,2.3982953648741034,192.0,196.3800048828125,190.50999450683594,192.55999755859375,1548200.0,298121388.22021484,False,🆕LIME,True,False,False,46.43721509018961,183.68399963378906,176.76100006103516,170.8110008239746,187.6260757446289,163.22831598917642,,2,2.0,1.0,1.0,53.90452890936939,86.74766254328401,8.153997802734375,10.561009216308594,0.7142857142857143,0.39543028161305327,66.64573993848151
ASND,8.0,11.267145028455271,-1.005340228816809,241.7100067138672,241.7100067138672,235.77000427246094,239.27999877929688,687200.0,164433215.1611328,False,-,True,False,False,48.62191860556875,232.27200012207032,228.28800048828126,225.80774993896483,226.81241709391276,216.79762535095216,,2,2.0,1.0,1.0,47.29555115023925,65.49303821813874,9.955996704101562,9.598431396484376,0.7142857142857143,0.3951897055245207,66.64213129715353
CRVS,5.0,132.3076981764573,-3.6375219658520086,15.899999618530273,15.989999771118164,14.970000267028809,15.100000381469727,547200.0,8262720.208740234,False,-,False,False,False,43.418887279192454,14.942000198364259,14.58700008392334,14.452500009536744,17.04075002670288,12.466625006993612,,0,-1.0,1.0,1.0,39.432170803345656,73.10564204505073,0.8909999847412109,1.5342167218526204,0.6071428571428571,1.0,66.60714285714286
BE,7.75,19.267361989404552,4.1029113002511775,161.8800048828125,170.8800048828125,160.35000610351562,166.6999969482422,9092900.0,1515786402.2506714,False,-,True,False,False,46.77391801005235,148.90400085449218,140.08400192260743,145.67100105285644,150.31783434549968,129.4294173558553,,2,2.0,1.0,1.0,42.38954423738504,71.62276836302419,13.00799560546875,15.077750142415365,0.7053571428571429,0.4351648498061488,66.48282988994937
WPC,8.0,6.847686186595658,0.2800400206726561,71.45999908447266,71.8499984741211,71.12000274658203,71.62000274658203,1055400.0,75587750.89874268,False,-,False,False,False,42.65632740857933,71.05800018310546,69.84100036621093,69.51550064086913,70.77183367411295,68.50300019582113,,0,-1.0,1.0,1.0,43.81572581514551,87.20937622049121,1.0059982299804688,1.3379998524983725,0.7142857142857143,0.3731067413108736,66.31088683394881
SBUX,8.0,6.669612498188693,-0.3301689030848043,97.0,97.27999877929688,96.05999755859375,96.5999984741211,5353800.0,517177071.8307495,False,-,False,False,False,44.859016250458104,96.14399871826171,92.4639991760254,93.49750022888183,95.45900039672851,90.35866686503093,,0,-2.0,1.0,1.0,41.270276890797525,93.36129857469008,2.4760009765625,2.796832529703776,0.7142857142857143,0.37221695026875856,66.2975399683171
CVE,7.0,46.8217911864693,0.8183982582621319,25.739999771118164,25.979999542236328,25.600000381469727,25.8700008392334,7869900.0,203594319.60468292,False,-,False,False,False,69.13898294347919,26.31599998474121,26.38799991607666,25.498999977111815,22.523166592915853,19.909333276748658,,0,2.0,-1.0,1.0,76.76255808212231,55.51740201934274,1.0619998931884767,0.831999937693278,0.6785714285714286,0.5728476511760594,66.27128619621232
ORA,8.25,-4.342047206349376,1.2300136440279497,116.3499984741211,117.33000183105469,114.55000305175781,115.22000122070312,478600.0,55144292.584228516,False,-,True,False,False,50.84766700120387,113.06600036621094,112.51699981689453,110.91299934387207,115.66633313496908,113.39616680145264,,1,1.0,1.0,1.0,79.14324099389734,64.4068366824255,2.786000061035156,3.7353331247965493,0.7232142857142857,0.31719435680438474,66.23112963778006
BBVA,8.25,-6.526147569406193,1.585897316755469,23.100000381469727,23.229999542236328,22.989999771118164,23.059999465942383,1305500.0,30104829.30278778,False,-,True,False,False,49.442249795073586,22.637999725341796,21.933999824523926,21.452000045776366,22.9589999516805,22.337166611353556,,1,1.0,1.0,1.0,62.04891441223003,82.99196018969883,0.8180004119873047,0.7241666793823243,0.7232142857142857,0.3062809368852839,66.06742833899354
SIMO,7.75,11.579783205872186,-0.2283471775805901,126.44000244140625,130.6300048828125,126.29000091552734,126.70999908447266,535000.0,67789849.51019287,False,-,True,False,False,44.377313295235815,121.81199951171875,116.77399978637695,119.21700057983398,122.95050010681152,108.22108325958251,,2,2.0,1.0,1.0,45.92786063070871,73.49239426089741,5.8079986572265625,7.54033317565918,0.7053571428571429,0.3967518826893639,65.90663538319761
OSK,8.0,0.7165991136315553,-3.0467580140806527,156.49000549316406,158.61000061035156,151.66000366210938,151.7899932861328,471400.0,71553802.83508301,False,-,True,False,False,43.88818197278176,151.92599792480468,148.13499908447267,146.95400009155273,156.81500116984049,143.49175084431965,,2,2.0,1.0,1.0,47.10099890990906,78.98295557619252,5.88399658203125,6.1516670227050785,0.7142857142857143,0.3424711858576521,65.8513535021505
GHRS,8.0,-0.7575750277974413,2.946953475933567,15.40999984741211,15.899999618530273,15.17300033569336,15.720000267028809,123700.0,1944564.0330314636,False,-,True,False,False,46.15351191619929,15.160000228881836,14.533000087738037,14.444500064849853,15.316499996185303,14.612583367029826,,2,2.0,1.0,1.0,50.89258248494226,78.15620510598191,0.8263999938964843,0.9301500797271729,0.7142857142857143,0.3351050951269231,65.74086214118957
AMZN,8.0,-1.7394893299806813,2.0244002182271403,235.3000030517578,240.42999267578125,235.2100067138672,238.3800048828125,56842200.0,13550043913.549805,False,-,False,True,False,51.31914327370315,223.96799926757814,214.8740005493164,212.19899978637696,217.43333307902017,224.76791661580404,,2,2.0,1.0,-1.0,59.92396468639155,93.95862852274698,7.982000732421875,6.488167063395182,0.7142857142857143,0.3301987074509929,65.66726632605061
NDSN,7.75,3.957708258854531,-0.3511316636029438,276.44000244140625,277.3399963378906,274.4800109863281,275.2799987792969,312000.0,85887359.61914062,False,-,True,False,False,43.97338320406021,270.9600036621094,266.7570007324219,267.29100036621094,277.3875010172526,257.77358360290526,,2,2.0,1.0,1.0,46.98065351972226,73.97138589148744,6.3300048828125,6.5926666259765625,0.7053571428571429,0.3586662223604395,65.33535047826373
EVR,8.0,-7.606914369288232,0.8777174935534093,335.45001220703125,338.7300109863281,330.19000244140625,337.8999938964844,450600.0,152257737.24975586,False,-,True,False,False,52.162714482234904,322.1159973144531,307.95899963378906,292.63999938964844,320.93883260091144,324.2418327331543,,1,1.0,1.0,1.0,75.3829255054735,92.51979490509724,13.596002197265625,14.715666198730469,0.7142857142857143,0.3008806072478547,65.22749482300354
SII,7.0,32.563065597689864,-0.5181704929777875,145.35000610351562,147.1999969482422,143.17999267578125,143.99000549316406,125900.0,18128341.691589355,False,-,False,False,False,47.328807438295335,143.50400085449218,141.72899932861327,141.19049911499025,138.69483235677083,115.14958299001059,,0,-1.0,1.0,1.0,29.463424048291063,62.71147817022813,6.108001708984375,7.228667322794596,0.6785714285714286,0.5016002568283983,65.20257528099741
DAL,7.75,-2.17799235013737,-0.01474588819174727,68.1500015258789,68.62999725341797,67.37999725341797,67.81999969482422,8034200.0,544879441.5481567,False,-,True,False,False,53.478110589083435,67.2260009765625,66.49900093078614,65.41650047302247,66.81949996948242,65.62399984995524,,1,1.0,1.0,1.0,74.1682565116081,49.48572515260281,3.2719985961914064,2.901666831970215,0.7053571428571429,0.3280076141863656,64.87547135565264
AROC,6.75,38.05683371348461,0.2230327110034347,35.939998626708984,36.13999938964844,35.2599983215332,35.95000076293945,1158000.0,41630100.88348389,False,-,False,False,False,54.26824982915799,35.508000183105466,35.11400032043457,35.57000026702881,33.09916667938232,29.079333353042603,,2,2.0,-1.0,1.0,32.20334041227651,55.77393822458074,0.9700004577636718,1.0483331680297852,0.6696428571428571,0.5290512839881223,64.85541211696469
BAC,7.75,-3.667033308447576,-0.3225159777993425,52.79999923706055,52.83000183105469,52.20000076293945,52.540000915527344,25223900.0,1325263729.0931702,False,-,True,False,False,51.05272376340878,51.49400024414062,49.907000350952146,48.68900032043457,50.93933359781901,52.37058353424072,,1,1.0,1.0,1.0,74.30306392785023,95.69971690534678,1.1099998474121093,1.3506665547688803,0.7053571428571429,0.3205672375765491,64.76386570650538
CRC,6.5,44.422743939449624,0.8333379572088129,65.62000274658203,66.68000030517578,65.37000274658203,66.55000305175781,708300.0,47137367.16156006,False,-,False,False,False,65.10127582947685,67.04400177001953,67.59500122070312,65.95600051879883,59.229500198364256,52.883083502451576,,0,2.0,-1.0,1.0,64.76412829968015,47.493752338927834,2.588401031494141,2.1754339853922526,0.6607142857142857,0.5608601937975691,64.57361719267782
VICR,6.75,33.90808729026871,0.373135652302925,187.25,187.94000244140625,183.38999938964844,185.61000061035156,325400.0,60397494.1986084,False,🆕LIME,True,False,False,47.892673123046066,173.21200256347657,163.61000213623046,171.72300186157227,169.6005002339681,133.99941692352294,,2,2.0,1.0,1.0,37.98694979210653,67.46675094745821,11.760000610351563,14.704500579833985,0.6696428571428571,0.50832100408878,64.54445791847455
SPXC,7.5,2.3215017418166894,0.19950262037888855,216.60000610351562,216.60000610351562,213.0,215.97000122070312,252300.0,54489231.3079834,False,-,True,False,False,45.15812954559268,207.21199645996094,202.71599884033202,201.15749969482422,214.6988327026367,211.38741620381674,,2,2.0,1.0,1.0,56.68816080194752,68.71403149312872,7.182003784179687,8.580167134602865,0.6964285714285714,0.35049049513799097,64.45378599849843
DBC,7.0,21.95121513283984,-0.7314492900357905,28.6299991607666,28.780000686645508,28.469999313354492,28.5,496600.0,14153100.0,True,-,False,False,False,61.716781502714205,28.923999786376953,28.994000053405763,28.76850004196167,26.14116668701172,24.47899996439616,,0,2.0,-1.0,1.0,78.18208151553603,56.50754901102126,0.6340003967285156,0.559666633605957,0.6785714285714286,0.4485754131900194,64.40720262642172
WEX,7.5,0.16348771227543413,-0.13166565132739505,158.6699981689453,159.7899932861328,157.39999389648438,159.2899932861328,327700.0,52199330.79986572,False,-,False,False,False,49.24371526902722,158.39800109863282,155.1010009765625,154.77300033569335,156.41716690063475,153.45599988301595,,0,-1.0,1.0,1.0,42.07136198427163,89.72073452074324,6.038003540039062,6.559333801269531,0.6964285714285714,0.33970742230211964,64.29203990596037
CDP,7.25,8.333338140159485,1.0975299326345223,31.969999313354492,32.2599983215332,31.729999542236328,32.2400016784668,456600.0,14720784.76638794,False,🆕LIME,True,False,False,46.68420830960002,31.661999893188476,31.238000106811523,31.408500099182127,31.460166645050048,30.190833298365273,,2,2.0,1.0,1.0,37.88443438024808,77.0391716050671,0.5359992980957031,0.6773329734802246,0.6875,0.38053018388572973,64.14545275828594
MCHP,7.5,-3.388689275782275,0.4773888403020621,71.91000366210938,72.69999694824219,70.83000183105469,71.55999755859375,8064800.0,577117068.3105469,False,-,False,True,False,46.37348899355682,69.64800109863282,66.58900032043456,65.32749977111817,71.49233341217041,66.94074999491373,,1,1.0,1.0,-1.0,62.7245308676361,90.32783143962948,2.6259994506835938,2.972665850321452,0.6964285714285714,0.3219580552156254,64.02579939966296
SU,6.5,33.86660892442579,1.6406387845733006,63.38999938964844,64.55000305175781,63.29999923706055,64.43000030517578,3842000.0,247540061.17248535,False,-,False,False,False,73.09392704754232,65.04600067138672,65.48200149536133,64.11700057983398,57.65916678110759,50.402250130971275,,0,2.0,-1.0,1.0,79.18901743617454,51.84730615477363,2.236000823974609,1.6601662317911783,0.6607142857142857,0.5081137467522314,63.78242048699776
WPM,7.0,10.73393957076374,2.8036034958861755,142.1199951171875,145.30999755859375,142.1199951171875,144.83999633789062,1787900.0,258959429.45251465,False,-,False,False,False,45.677241596489345,139.18599853515624,134.7699981689453,130.53149871826173,140.94366607666015,124.98699938456217,,0,-1.0,1.0,1.0,55.371529879929156,89.0209863168984,4.779998779296875,7.076998901367188,0.6785714285714286,0.3925254071427376,63.56645253571249
BBAR,7.5,-11.490518978686703,1.2399303989173216,16.34000015258789,16.739999771118164,16.229999542236328,16.329999923706055,475400.0,7763281.963729858,False,-,False,True,False,52.92617331741719,16.097999572753906,15.716999912261963,14.706999969482421,16.298166688283285,16.13266672293345,,1,1.0,1.0,-1.0,82.42382124576183,78.5689795418427,0.8260005950927735,1.0266667524973552,0.6964285714285714,0.2814751767012463,63.41855622194726
KO,7.0,8.745092004139398,-0.9081594803033721,77.9800033569336,78.16999816894531,77.30999755859375,77.47000122070312,11078900.0,858282396.5240479,False,-,True,False,False,46.80878344470087,77.21400146484375,76.69000091552735,76.28150062561035,76.60566673278808,73.42575016021729,,0,2.0,1.0,1.0,56.30775184821611,83.12214044107205,1.5740005493164062,1.30900026957194,0.6785714285714286,0.38258761810300895,63.41738570011657
STRL,6.25,38.793525149340184,2.4583935739989737,437.1000061035156,455.0,430.010009765625,446.3599853515625,337800.0,150780403.0517578,False,🆕LIME,True,False,False,51.342920183745434,416.25799560546875,412.8979949951172,418.1274978637695,404.3891662597656,371.5182497660319,,2,2.0,1.0,1.0,46.44304017273974,55.53451529673591,30.617999267578124,26.66566670735677,0.6517857142857143,0.5327323524620292,63.392771001216154
IMNM,7.0,7.596825883877134,-3.517359930459052,22.559999465942383,22.610000610351562,21.540000915527344,21.670000076293945,1138900.0,24679963.086891174,False,-,True,False,False,48.30856386367788,21.777999877929688,21.396000099182128,20.926000022888182,22.472666708628335,20.56049997806549,,2,2.0,1.0,1.0,56.528625470496124,65.77890280476129,1.1200000762939453,1.3358165740966796,0.6785714285714286,0.3768500107287031,63.331321589501975
TEL,7.25,-2.882505134524349,0.502993426901166,229.99000549316406,232.99000549316406,228.58999633789062,229.77999877929688,1195700.0,274747944.5404053,False,-,True,False,False,50.763733665609166,220.42999877929688,213.2690002441406,207.53749923706056,218.78899993896485,226.07466621398925,,1,1.0,1.0,1.0,70.45368495328489,86.0289601217302,6.5540008544921875,8.120833587646484,0.6875,0.3244873346312497,63.304810019468746
GOOG,7.25,-6.155810095991177,-0.20545371132417722,318.2250061035156,319.5,314.5400085449219,315.7200012207031,11977800.0,3781631030.621338,False,-,True,False,False,43.30056249921396,309.6839965820312,297.15399780273435,297.8099990844727,311.7931655883789,305.65599924723307,,1,1.0,1.0,1.0,58.477387610104095,91.52665967211843,8.33800048828125,8.47806396484375,0.6875,0.3081314234414513,63.05947135162177
RTX,7.0,3.8540785536731015,-0.8022072263533464,202.82000732421875,202.82000732421875,197.7899932861328,201.55999755859375,3145400.0,633986816.3208008,False,-,False,False,False,44.94937999449684,200.91199951171876,196.525,197.9640007019043,200.14383341471355,189.01916643778483,,0,-1.0,1.0,1.0,42.32391981818576,90.63828713474842,4.112005615234375,5.03599853515625,0.6785714285714286,0.35814840985151497,63.05079757634415
LOB,7.0,-0.27925798654938605,-2.4050316054808674,36.540000915527344,36.540000915527344,35.47999954223633,35.709999084472656,188800.0,6742047.8271484375,False,-,True,False,False,44.59246890754959,35.136000061035155,33.988999938964845,33.19300012588501,36.691166718800865,35.08091667493184,,2,2.0,1.0,1.0,61.56418887499287,88.30187358040135,1.3120010375976563,1.4599665959676107,0.6785714285714286,0.33749512940094156,62.740998369585554
WERN,7.0,-2.588803668723527,2.2432891007227784,31.770000457763672,32.5,31.709999084472656,32.36000061035156,997900.0,32292044.609069824,False,-,True,False,False,48.68581045477564,31.526000213623046,30.443000030517577,29.15000009536743,32.24999993642171,30.222166697184246,,1,1.0,1.0,1.0,59.56861956924699,82.23518155823581,1.139999771118164,1.43183323542277,0.6785714285714286,0.3259548896398729,62.56789477316953
RGLD,6.75,5.055520833402172,0.5236840925265662,267.510009765625,270.0,264.8399963378906,266.82000732421875,613700.0,163747438.49487305,False,-,False,False,False,46.961594979980724,264.3679992675781,257.9610000610352,247.07550125122071,268.6043342590332,236.14941698710123,,0,-1.0,1.0,1.0,62.355220677721874,82.92743302920398,8.182000732421875,12.298501332600912,0.6696428571428571,0.36415172560065673,62.3819187411527
RIOT,6.75,-0.8955201106285005,-0.5392459539125594,16.739999771118164,17.149999618530273,16.565000534057617,16.600000381469727,13922500.0,231113505.31101227,False,-,True,False,False,47.615834616457995,15.422000312805176,13.951000118255616,14.10575008392334,15.256000026067097,15.679083339373271,,2,2.0,1.0,1.0,47.18449036235129,80.53282018595038,1.1459999084472656,1.2768166700998942,0.6696428571428571,0.33441581699658873,61.93588011209169
AGCO,6.5,9.049208737684843,-0.7694154261276398,122.7699966430664,123.63999938964844,121.05999755859375,121.2300033569336,473200.0,57366037.58850098,False,-,True,False,False,43.54143148463844,118.42200164794922,116.64900054931641,115.83150062561035,122.36016693115235,114.46175022125244,,2,2.0,1.0,1.0,48.04137945010598,67.91332708476844,3.391998291015625,4.1695000966389975,0.6607142857142857,0.38410721567908446,61.92232252090055
O,6.5,7.6312687703813165,0.8702519468687608,63.290000915527344,63.7599983215332,63.04999923706055,63.75,5575000.0,355406250.0,False,-,False,False,False,40.89456758273042,62.76000061035156,62.091000366210935,62.13150005340576,63.19749978383382,60.40874980290731,,0,-1.0,1.0,1.0,36.61587921642136,87.2655931957935,0.8759986877441406,1.0613333384195964,0.6607142857142857,0.37702211348094106,61.8160459879284
XP,6.25,17.51910348111865,0.4270237706129887,20.100000381469727,20.479999542236328,19.65999984741211,19.989999771118164,6512600.0,130186872.50938416,False,🆕LIME,True,False,False,48.43296373779659,19.451000213623047,18.904500198364257,18.90925016403198,19.629916763305665,18.667958362897238,,2,2.0,1.0,1.0,44.88035771467993,66.16530892724568,0.8879997253417968,1.0232664108276368,0.6517857142857143,0.4264292259535151,61.79822410358844
MLI,6.75,-3.848899604713696,0.23992794650247173,121.29000091552734,121.88999938964844,120.27999877929688,121.16000366210938,441100.0,53443677.615356445,False,-,True,False,False,47.13671628250719,117.20800018310547,113.64300003051758,111.9125,119.22533289591472,115.12949968973795,,1,1.0,1.0,1.0,53.50270249133541,88.8852085769824,3.1340011596679687,3.4576666514078775,0.6696428571428571,0.31965849579258365,61.71452029403161
ROK,6.75,-5.0086366911941465,0.2785530819238158,397.9800109863281,397.9800109863281,393.1099853515625,396.0,415400.0,164498400.0,False,-,True,False,False,45.76659777922834,383.48399658203124,371.025,364.6544982910156,390.8636652628581,388.59891611735026,,1,1.0,1.0,1.0,52.00543758642549,90.66139345859453,11.258013916015624,13.011169942220052,0.6696428571428571,0.3138635707815362,61.6275964188659
LHX,6.5,3.619155567034582,-1.2235675804889712,356.0799865722656,357.6600036621094,344.8999938964844,353.5899963378906,1250100.0,442022854.4219971,False,-,False,False,False,47.71913449244634,357.252001953125,352.425,355.07350006103513,353.8438344319662,322.9226671854655,,0,2.0,-1.0,1.0,40.09016728120527,79.69239553004793,8.56199951171875,9.909166971842447,0.6607142857142857,0.35697455665080985,61.51533263547643
NSC,6.5,2.807077028185234,0.33525932708375894,295.05999755859375,297.19000244140625,294.0,296.2900085449219,1436600.0,425650226.27563477,False,🆕LIME,True,False,False,41.85340964067156,292.447998046875,288.98199768066405,286.9664993286133,297.7343343098958,292.8950833638509,,2,2.0,1.0,1.0,44.71745657285324,85.80156956030666,4.105999755859375,5.6356664021809895,0.6607142857142857,0.3529167971029157,61.45446624225802
WFC,6.75,-8.721671917108043,-0.7207569651044299,85.83000183105469,85.9000015258789,84.98999786376953,85.4000015258789,7945700.0,678562792.124176,False,-,True,False,False,50.530909926197005,83.93600006103516,81.44500045776367,79.39400024414063,84.29833348592122,86.67833334604899,,1,1.0,1.0,1.0,74.67035728087708,94.57339090916498,1.8360000610351563,2.557666524251302,0.6696428571428571,0.2953104340849705,61.34929936841741
KRYS,6.75,-11.2800991682802,0.2593633966480935,258.8699951171875,259.8900146484375,255.61000061035156,259.0,162500.0,42087500.0,False,-,True,False,False,48.6555042885415,261.4679931640625,257.78499908447264,254.78149795532227,266.61358210245766,244.2422078450521,,1,1.0,1.0,1.0,60.031752130818745,70.81999003012837,7.971807861328125,10.7334836324056,0.6696428571428571,0.2825265934717878,61.15754175921967
GXO,6.5,-2.453026893947763,0.14287911048267432,56.16999816894531,56.86000061035156,55.720001220703125,56.06999969482422,1039200.0,58267943.68286133,False,-,True,False,False,42.53409647963291,55.00600051879883,53.194000244140625,52.62350025177002,57.13100001017253,54.95208346048991,,1,1.0,1.0,1.0,47.99888443146854,80.7187894140653,2.105999755859375,2.1099836349487306,0.6607142857142857,0.32663333326062083,61.0602142846236
ANIP,6.5,-4.764217582768914,-2.221111545861576,80.13999938964844,80.79000091552734,77.8499984741211,78.36000061035156,581400.0,45558504.3548584,True,-,True,False,False,50.96869179733754,78.83600006103515,76.77799987792969,75.19099922180176,77.79333254496257,81.35491638183593,,1,1.0,1.0,1.0,69.40768851396916,73.7838229410593,3.808001708984375,2.7053333282470704,0.6607142857142857,0.3150848738002141,60.886987392717494
IAG,6.0,14.925375258797757,1.2133456157066735,20.0,20.309999465942383,19.8799991607666,20.020000457763672,3407500.0,68218151.55982971,False,-,False,False,False,45.11640042101929,19.552000045776367,19.05900001525879,18.442499923706055,20.165999984741212,17.385749967892966,,0,-1.0,1.0,1.0,49.55766325900248,75.76616691218995,0.8419994354248047,1.2976665178934732,0.6428571428571429,0.41346899494719186,60.844892067065025
VLO,5.5,31.407505285456637,1.582305880104995,233.8300018310547,239.07000732421875,230.1999969482422,238.82000732421875,2891900.0,690643579.1809082,False,-,False,False,False,62.30938849899947,242.12600402832032,244.78500366210938,241.45900268554686,213.7610013326009,193.09783414204915,,0,2.0,-1.0,1.0,64.12079164046446,39.18308542765348,11.21600341796875,8.067165629069011,0.625,0.4958262021454906,60.56239303218236
HYMC,6.0,10.81560233720098,-3.7721354238043348,38.810001373291016,40.959999084472656,37.2400016784668,37.5,2489300.0,93348750.0,False,-,False,False,False,46.367019710100195,37.20600051879883,35.58099994659424,35.11900005340576,39.74791653951009,26.97570823431015,,0,-1.0,1.0,1.0,39.27308262251006,73.65739888156736,3.598999786376953,5.309800020853678,0.6428571428571429,0.3929334561852449,60.53685898563582
WDS,5.0,49.68394919073922,1.3264846162177157,23.420000076293945,23.709999084472656,23.420000076293945,23.68000030517578,633100.0,14991808.193206787,False,-,False,False,False,64.46135073711172,23.954000091552736,24.061000061035156,23.732499980926512,20.464666652679444,18.281166617075602,,0,2.0,-1.0,1.0,70.42398075527356,59.827834230541626,0.8359996795654296,0.6226667563120524,0.6071428571428571,0.5871491607146121,60.414380267862036
PATK,6.25,-1.4580173597819046,-0.8348072302395537,119.69000244140625,121.38999938964844,117.1500015258789,117.5999984741211,317400.0,37326239.515686035,False,-,True,False,False,40.92392109587213,116.53999786376953,113.43899841308594,112.66449890136718,123.82733319600423,115.55258324940999,,2,2.0,1.0,1.0,50.869521028860696,82.08482804822009,4.780001831054688,4.555167007446289,0.6517857142857143,0.3316051546354697,60.37586303381776
MUX,6.0,5.785124835438649,3.0872506589740167,22.415000915527344,23.447999954223633,22.350000381469727,23.040000915527344,1127900.0,25986817.03262329,False,-,False,False,False,42.07870205625356,22.054000091552734,21.167000007629394,20.74350004196167,23.97116664250692,21.37050004005432,,0,-1.0,1.0,1.0,38.43982520208523,84.51605923686763,1.1733997344970704,1.7173998832702637,0.6428571428571429,0.3677973798863126,60.159817841151835
MBX,6.5,-14.624073733021003,-5.660379110783175,33.2400016784668,33.79999923706055,30.760000228881836,31.0,284300.0,8813300.0,False,-,True,False,False,46.75261562642911,31.40200004577637,30.756000328063966,29.706000137329102,34.00808331171672,30.532458345095318,,1,1.0,1.0,1.0,62.81166553838973,69.43532538778578,2.355999755859375,2.7163498560587565,0.6607142857142857,0.26581756341021473,60.1479777368675
EMBJ,6.25,-5.08895646489369,1.8650121103655826,68.01000213623047,69.12999725341797,67.44000244140625,68.81999969482422,1319200.0,90787343.59741211,False,-,True,False,False,47.46283032069348,65.92200012207032,62.56699981689453,60.15950012207031,67.85333334604898,66.19816656112671,,1,1.0,1.0,1.0,57.98973949069521,93.07787327799016,2.485997772216797,2.7278334299723306,0.6517857142857143,0.3134622323480938,60.103719199507125
PAAS,6.0,3.0573915164352483,1.3896234595097923,57.20000076293945,58.25,57.119998931884766,57.63999938964844,2865900.0,165190474.25079346,False,-,False,False,False,46.602324904011866,56.80399932861328,55.28600006103515,53.40550003051758,58.00633322397868,50.95183331171672,,0,-1.0,1.0,1.0,55.465667510447986,82.22930566489688,2.132000732421875,3.553666687011719,0.6428571428571429,0.35416755790508136,59.955370511433365
BWA,5.75,13.146412909156968,-0.8913983401591219,55.29999923706055,55.349998474121094,54.290000915527344,54.47999954223633,1241900.0,67658711.4315033,False,-,False,False,False,51.42447009560054,53.97200012207031,53.8310001373291,53.48500003814697,53.51899998982747,49.01566667556763,,0,-1.0,1.0,1.0,55.38329364333871,47.18207767746949,1.570000457763672,1.9208337148030599,0.6339285714285714,0.40457995144429704,59.952627843093026
EFXT,5.25,31.169627534405574,1.6129039554954483,20.8700008392334,21.450000762939453,20.8700008392334,21.420000076293945,1005600.0,21539952.07672119,True,🆕LIME,True,False,False,51.22525423723859,20.83199996948242,20.72599983215332,21.001999855041504,19.768333371480306,16.88475000858307,,2,2.0,1.0,1.0,32.48576862081272,53.49905214809422,0.8380001068115235,0.8588331858317058,0.6160714285714286,0.49463758470347974,59.785635199123625
VSCO,6.5,-19.652257082001757,-2.270085298524105,51.689998626708984,51.93899917602539,49.132999420166016,50.369998931884766,2027800.0,102140283.83407593,False,-,True,False,False,43.37008000122862,50.0620002746582,47.57500038146973,46.520500373840335,54.44266675313314,49.4870833714803,,1,1.0,1.0,1.0,53.58568798592184,85.39125649339375,3.1371994018554688,3.3000165303548177,0.6607142857142857,0.2406929504364517,59.77110854226106
SA,6.0,0.06424817957875195,-4.035734759367338,32.65999984741211,33.20000076293945,30.899999618530273,31.149999618530273,1217400.0,37922009.535598755,False,-,False,False,False,44.62444895677806,31.349999618530273,29.711999702453614,28.507999897003174,31.92249994277954,29.50625,,0,-1.0,1.0,1.0,53.68604715193085,87.08658538119484,1.7900009155273438,2.252166811625163,0.6428571428571429,0.3392115464205835,59.7310303391659
EE,5.75,8.90085967834744,-1.0362711368972266,34.68000030517578,35.70000076293945,34.04999923706055,34.380001068115234,328100.0,11280078.350448608,False,🆕LIME,True,False,False,42.57865664071412,34.07400054931641,33.547999954223634,33.76150016784668,36.42833340962728,31.928333377838136,,2,2.0,1.0,1.0,26.5828988033469,57.259277573693524,1.5290008544921876,1.5277336756388347,0.6339285714285714,0.3833659514008776,59.634417842441735
SHOO,6.25,-17.244386378029276,-0.576221107764896,38.220001220703125,38.459999084472656,37.869998931884766,37.959999084472656,785100.0,29802395.281219482,False,-,True,False,False,49.64175667488773,36.737999725341794,35.136000061035155,33.99850025177002,37.63616682688395,38.93874994913737,,1,1.0,1.0,1.0,69.16052394582596,91.83142383424192,1.4660003662109375,1.7483330090840659,0.6517857142857143,0.25272449648984574,59.1926531616334
CI,5.75,-0.20602537199648774,-2.5857467737074313,277.8699951171875,278.4100036621094,271.1499938964844,271.25,906700.0,245942375.0,False,-,False,True,False,47.91353197598001,275.44000244140625,270.13299865722655,268.10799713134764,275.9018320719401,276.0622497558594,,0,2.0,1.0,-1.0,55.53120729408293,84.74861307581853,5.901995849609375,7.376833089192709,0.6339285714285714,0.3378610550186045,58.951844396707635
USFD,5.25,15.327364753889693,-0.7059862365954239,92.0,92.48999786376953,90.05999755859375,91.41999816894531,2123900.0,194166934.11102295,False,-,False,False,False,49.512761668657525,91.08800048828125,91.02100067138672,91.07350044250488,90.47533353169759,82.78883330027263,,-1,-1.0,1.0,1.0,47.3035093539917,49.6497851813827,2.348799133300781,2.6222832997639975,0.6160714285714286,0.4154776389807772,58.59823601328309
GLD,5.5,3.67620895583749,-0.17811851128632927,438.5899963378906,440.3500061035156,436.0,437.1300048828125,6175600.0,2699540058.154297,False,-,False,False,False,41.49042747337025,433.8059997558594,429.5830017089844,429.3000015258789,450.92466837565104,419.56400095621746,,0,-1.0,1.0,1.0,38.11637820658335,83.2452671771833,6.994000244140625,13.729163614908854,0.625,0.35725963860049753,58.48389457900746
EQX,5.5,3.500344815127243,1.3440847293478164,15.039999961853027,15.289999961853027,14.914999961853027,15.079999923706055,6492500.0,97906899.50466156,False,-,False,False,False,44.963111120608076,14.92599983215332,14.413999843597413,13.80549988746643,15.35816666285197,14.200083335240683,,0,-1.0,1.0,1.0,53.48086779469196,81.60018805866163,0.6470001220703125,1.0072333971659342,0.625,0.35638088813245744,58.470713321986864
PHYS,5.5,3.1732436388722585,-0.1383487490452695,36.20000076293945,36.349998474121094,35.9900016784668,36.09000015258789,2804400.0,101210796.42791748,False,-,False,False,False,41.500999741242424,35.76800003051758,35.40199966430664,35.36599979400635,37.21516653696696,34.68674995104472,,0,-1.0,1.0,1.0,38.301991858287245,82.5009203463277,0.5959983825683594,1.1363334019978841,0.625,0.3547464428693715,58.44619664304057
JLL,5.75,-8.079967051928971,-0.7062530517578103,319.3900146484375,321.9800109863281,314.0400085449219,317.739990234375,317700.0,100945994.89746094,False,-,True,False,False,50.12293111290318,314.25,307.72999877929686,303.7220001220703,318.40049845377604,320.3263328552246,,1,1.0,1.0,1.0,70.54586842725485,77.42087835933206,9.156005859375,12.226831563313802,0.6339285714285714,0.2985168776973087,58.3616817368882
NVDA,5.5,1.5176833115933208,2.5664733438725884,184.30999755859375,190.0,184.3000030517578,188.6300048828125,160099500.0,30199569466.73584,False,🆕LIME,True,False,False,46.615220868046116,182.07200317382814,177.05900115966796,177.420499420166,182.6786666870117,184.48683382670086,,2,2.0,1.0,1.0,50.448399577204874,86.71316887519146,4.661996459960937,5.884832763671875,0.625,0.3464740093500107,58.32211014025016
HXL,5.5,1.2475760777074463,-0.9714575152741545,84.66000366210938,84.66000366210938,82.23999786376953,83.58999633789062,530500.0,44344493.05725098,False,🆕LIME,True,False,False,44.26470929087935,82.15399932861328,80.99399871826172,80.66599922180175,84.59066658020019,78.9304999669393,,2,2.0,1.0,1.0,41.982625422203434,71.35805269148443,2.6360015869140625,2.765167744954427,0.625,0.3451243489971973,58.30186523495796
ACWV,5.5,0.4773466856571984,-1.1045139641125412,121.2300033569336,121.23999786376953,119.80999755859375,119.9800033569336,273900.0,32862522.91946411,False,-,False,False,False,42.68131773331006,120.60199890136718,119.70699996948242,119.57999954223632,121.27683296203614,120.37949968973795,,0,-1.0,1.0,1.0,45.19515008824177,87.94544646538877,1.1080001831054687,1.035333251953125,0.625,0.3412756994883837,58.24413549232575
BC,5.75,-11.911300181167583,-1.1924609958321564,78.2699966430664,78.8499984741211,76.58000183105469,77.05999755859375,437600.0,33721454.931640625,False,-,True,False,False,47.096271992377346,75.80399932861329,73.86599960327149,72.85100021362305,79.64833348592123,75.23325026830038,,1,1.0,1.0,1.0,59.550051523661764,73.84271797498263,2.9960006713867187,3.1240000406901043,0.6339285714285714,0.27937263506240373,58.074518097364624
ALB,5.5,-1.8317533942350583,0.7484730144761587,173.5,178.7899932861328,172.57000732421875,173.63999938964844,1208200.0,209791847.26257324,False,-,True,False,False,53.969923987458,173.9980010986328,176.275,171.80149993896484,172.7633321126302,148.3244993845622,,0,2.0,1.0,1.0,67.5921592462928,33.09396599616972,7.69000244140625,9.737501271565755,0.625,0.3297376862938691,58.07106529440804
ITW,5.25,5.359081914900687,-0.9737183298289209,273.80999755859375,274.6600036621094,270.30999755859375,270.5199890136719,982200.0,265704733.20922852,False,-,True,False,False,40.89338525628218,266.1460021972656,262.5000030517578,263.1510009765625,273.7736686706543,261.36308466593425,,2,2.0,1.0,1.0,34.8426685617131,66.50429076984793,5.9499969482421875,6.038667805989584,0.6160714285714286,0.36566854671818677,57.85109962934423
HAL,5.0,15.271387454851816,-0.2653183278447546,37.630001068115234,38.099998474121094,37.209999084472656,37.59000015258789,11343800.0,426413443.7309265,False,-,False,False,False,61.67627100057143,37.92399978637695,38.44599952697754,37.5334997177124,35.40833333333333,31.546416648228963,,0,2.0,-1.0,1.0,65.04139810822679,32.885419282969096,1.3779991149902344,1.260999870300293,0.6071428571428571,0.41519793399071786,57.83511186700362
VMC,5.5,-5.00257109411264,0.8395406678352924,293.9800109863281,295.79998779296875,292.0400085449219,295.4800109863281,780400.0,230592600.57373047,False,-,False,True,False,47.805882022962535,288.11199951171875,280.1269989013672,271.8949996948242,292.2561681111654,292.4000836690267,,1,1.0,1.0,-1.0,70.31987451822485,90.26103541771666,7.60799560546875,8.403165181477865,0.625,0.313893879099382,57.83340818649073
CARR,5.0,14.725595368469646,3.0589018810939006,62.09000015258789,63.9900016784668,61.75,63.34000015258789,7428600.0,470527525.1335144,False,-,True,False,False,45.592512379676954,58.82399978637695,57.16500015258789,57.27900009155273,59.72683327992757,57.29941673278809,,2,2.0,1.0,1.0,42.58613314620999,63.833758123075214,2.2860008239746095,2.0037003835042317,0.6071428571428571,0.4124707432773413,57.79420400630298
LASR,4.0,53.019664978151205,4.225129901630442,62.79999923706055,66.4000015258789,57.79999923706055,65.37000274658203,1897200.0,124019969.21081543,False,-,False,False,False,50.633609537841174,60.86600112915039,59.809000396728514,64.13149986267089,56.86874980926514,45.81916648546855,,2,2.0,-1.0,1.0,30.61701159573455,45.79999158735412,5.1660003662109375,4.970100021362304,0.5714285714285714,0.6038169236684404,57.62868242645518
IR,5.25,-0.5242975277135575,-1.8958997460901017,87.31999969482422,87.31999969482422,85.16000366210938,85.37999725341797,3172300.0,270850965.2870178,False,-,False,True,False,40.249896164386364,83.06599884033203,80.975,81.79049987792969,88.20449994405111,83.79874998728434,,2,2.0,1.0,-1.0,37.878805770684664,68.13803693512145,2.9879974365234374,2.963533147176107,0.6160714285714286,0.3362707262303081,57.41013232202605
FLNG,5.0,8.69888544896471,-0.544217175129702,29.299999237060547,29.458999633789062,28.760000228881836,29.239999771118164,395900.0,11576115.909385681,False,-,False,False,False,55.65868387010455,29.87599983215332,29.88299980163574,29.96299982070923,28.188166650136314,26.892833296457926,,0,2.0,-1.0,1.0,46.04929765304693,41.091841655604206,0.9307994842529297,0.826083246866862,0.6071428571428571,0.3823567351508489,57.342493884405584
SANM,5.5,-11.632086254451545,4.173715680901968,143.8699951171875,148.4499969482422,141.85000610351562,147.75999450683594,394700.0,58320869.831848145,False,-,True,False,False,49.33009302442362,138.11199951171875,133.5519989013672,131.16799926757812,144.3604986826579,148.69841601053875,,1,1.0,1.0,1.0,62.1350583230844,76.05024752875744,6.181996154785156,8.838832219441732,0.625,0.2807677993511219,57.33651699026683
GAP,5.25,-4.119580953493518,-0.22762280691090986,26.469999313354492,26.6299991607666,26.010000228881836,26.299999237060547,7203500.0,189452044.50416565,False,-,False,True,False,49.00415357437508,25.63400001525879,25.0310001373291,24.647500133514406,26.2513334274292,25.754416751861573,,1,1.0,1.0,-1.0,64.52513893696748,79.20381112156396,0.8919994354248046,1.0994998931884765,0.6160714285714286,0.318305966726855,57.14066092947426
VFC,5.25,-7.226463632878966,-0.7621191649488934,18.459999084472656,18.520000457763672,18.15999984741211,18.229999542236328,3458800.0,63053922.41668701,False,-,True,False,False,46.19122147952874,17.697999954223633,17.181999969482423,16.87649998664856,18.621833419799806,17.80308341185252,,1,1.0,1.0,1.0,56.03669528617157,75.87823291811338,0.6939998626708984,0.8471668402353922,0.6160714285714286,0.30278162732696606,56.90779583847592
AAPL,5.0,-0.21834010085940436,-0.0038309525974056235,259.9800109863281,262.19000244140625,259.0199890136719,260.4800109863281,31259500.0,8142474903.427124,False,-,True,False,False,46.76872012438299,258.44599609375,255.29999847412108,253.2849998474121,259.64049936930337,265.2228323618571,,2,2.0,1.0,1.0,56.60491438783995,77.6613201229259,6.7739990234375,6.181501261393229,0.6071428571428571,0.33779952130452057,56.67413567671066
GFI,5.0,-0.42381248780239966,1.0444364169752252,48.900001525878906,49.77000045776367,48.7400016784668,49.34000015258789,2268300.0,111917922.34611511,False,-,False,False,False,45.295887712725595,47.927999877929686,46.53900032043457,44.57950019836426,50.544500096639,46.38674996693929,,0,-1.0,1.0,1.0,54.528685068689995,68.83657641179308,2.476000213623047,3.1148333231608074,0.6071428571428571,0.3367728256093876,56.658735241283665
BA,5.25,-11.007972943368893,-1.104240980978033,220.1699981689453,220.3699951171875,216.66000366210938,217.6300048828125,4822400.0,1049498935.546875,False,-,False,True,False,42.84973290477605,215.55800170898436,207.20900268554686,204.86800155639648,225.40216674804688,216.235750579834,,1,1.0,1.0,-1.0,51.839402700706295,93.2195400577829,6.051998901367187,7.051666514078776,0.6160714285714286,0.2838863422331956,56.62436656206936
QQQ,5.0,-2.422391279176972,0.1442181745508142,611.8400268554688,613.6699829101562,609.5800170898438,611.0700073242188,33831300.0,20673292738.78784,False,-,True,False,False,44.54254165100162,600.8880126953125,587.1770080566406,588.6375030517578,604.2040008544922,610.5450826009114,,1,1.0,1.0,1.0,54.27147575198071,92.7005980501857,9.873974609375,10.707663981119792,0.6071428571428571,0.3267864119991846,56.508939037130624
PPTA,5.0,-3.481624460891175,-0.630596189847854,30.450000762939453,31.264999389648438,29.6299991607666,29.940000534057617,1038500.0,31092690.554618835,False,-,False,False,False,45.2721842686301,29.678000259399415,28.723000144958498,28.029500102996828,30.36258331934611,27.75604166984558,,0,-1.0,1.0,1.0,48.388806641209094,75.68662574449645,1.7389999389648438,2.3388834317525227,0.6071428571428571,0.32149368063032324,56.429548066597704
TRIN,5.0,-4.364329637850483,0.1988053854727445,15.149999618530273,15.229999542236328,15.074999809265137,15.119999885559082,852700.0,12892823.90241623,False,-,False,True,False,48.70830729114084,15.086000061035156,14.856999969482422,14.67750005722046,15.380999978383382,15.178583343823751,,1,1.0,1.0,-1.0,65.87478439745128,83.3141014586386,0.23199996948242188,0.36323335965474446,0.6071428571428571,0.317083016897161,56.36338811060027
GLUE,5.5,-27.136308007469435,-3.157893179595739,18.079999923706055,18.139999389648438,17.389999389648438,17.479999542236328,711600.0,12438767.674255371,False,-,True,False,False,45.5876390883551,17.34000015258789,16.832000160217284,16.26500015258789,18.686833349863686,17.028250042597453,,1,1.0,1.0,1.0,61.871518338988935,79.74010031593784,0.9439994812011718,1.16196665763855,0.625,0.20329696267549927,56.174454440132486
UNH,5.0,-8.86413522377273,-0.8406428787131381,307.95001220703125,310.3699951171875,304.20001220703125,304.3299865722656,5206600.0,1584524508.0871582,False,-,False,True,False,47.52070602064628,301.2619995117187,284.89500122070314,281.2439987182617,291.4898325602214,313.3269157409668,,1,1.0,1.0,-1.0,60.25956906376255,89.30489574895573,11.03599853515625,9.543999735514323,0.6071428571428571,0.29459857948570684,56.02612154942845
TBPH,5.25,-19.576977654561624,-1.2084523553509419,16.600000381469727,16.600000381469727,16.209999084472656,16.350000381469727,361600.0,5912160.137939453,False,-,True,False,False,51.2250231349675,16.431999969482423,16.05900001525879,15.225999975204468,17.35658337275187,17.369375022252402,,1,1.0,1.0,1.0,82.55653242329635,83.54622023876638,0.4180000305175781,0.787766710917155,0.6160714285714286,0.24106910348180616,55.982107980798524
APA,3.5,50.19440940675894,-0.8724663637096897,38.619998931884766,39.130001068115234,38.279998779296875,38.630001068115234,4860000.0,187741805.19104004,False,-,False,False,False,74.10155396763373,40.466000366210935,41.62900009155273,39.945000076293944,32.194500096639,28.268833367029824,,0,2.0,-1.0,1.0,71.28857118327349,45.14226181358107,2.693999481201172,1.5575000127156575,0.5535714285714286,0.5896998066389695,55.89906852815597
FTAI,4.75,-0.8791625394042546,-1.473467597286593,255.17999267578125,257.4679870605469,245.2449951171875,251.4199981689453,1154600.0,290289529.88586426,False,🆕LIME,True,False,False,46.070591985344954,250.81400146484376,245.93899993896486,242.01675033569336,266.6765833536784,223.01591720581055,,2,2.0,1.0,1.0,40.66720915208252,57.43583601427946,14.716595458984376,15.723032887776693,0.5982142857142857,0.3344975518136541,55.865677562919096
NVS,4.5,8.784692032899333,-0.651357231225469,156.4600067138672,156.4600067138672,153.6999969482422,154.0500030517578,996900.0,153572448.04229736,False,-,False,False,False,45.30377906536332,153.51799926757812,152.7989990234375,151.6164993286133,155.00116526285808,143.63233222961426,,0,-1.0,1.0,1.0,50.3549342056608,71.35979314836602,2.9,3.059667714436849,0.5892857142857143,0.3827854898446082,55.83106806195484
CRI,4.75,-2.2564658541032623,-3.4520261651520223,36.90999984741211,36.90999984741211,35.31999969482422,35.52000045776367,932000.0,33104640.426635742,False,-,True,False,False,48.20772338411185,35.61800079345703,35.488000106811526,35.0875,36.49749984741211,34.24974989891052,,1,1.0,1.0,1.0,71.64149932882341,58.46465449874838,2.0439994812011717,1.835833772023519,0.5982142857142857,0.3276155011151034,55.762446802440834
AIG,4.5,6.335595204109246,-1.0936676026385261,77.55999755859375,77.76000213623047,76.16999816894531,76.87000274658203,2140900.0,164570988.88015747,False,🆕GRN,False,True,False,46.186489416414894,76.92200012207032,75.78399963378907,75.47699928283691,76.31116676330566,77.87266667683919,,2,2.0,1.0,-1.0,46.14691385767845,88.35594077022999,1.5060028076171874,1.6671675364176433,0.5892857142857143,0.37054794684190634,55.64750491691431
NXP,4.5,1.2622675218258328,0.0,14.489999771118164,14.5,14.369999885559082,14.4399995803833,129700.0,1872867.945575714,False,🆕LIME,True,False,False,45.566631162391744,14.289999771118165,14.26899995803833,14.303500032424926,14.310833342870076,14.31508337656657,,2,2.0,1.0,1.0,50.49758696637094,66.65294604459997,0.18000011444091796,0.11350007057189941,0.5892857142857143,0.3451977585811129,55.26725209300241
BEN,4.5,-1.4636108749350507,-0.5191735757270721,25.06999969482422,25.360000610351562,24.81999969482422,24.90999984741211,4482800.0,111666547.315979,False,-,True,False,False,41.73273657115144,24.40200004577637,23.82800006866455,23.873499965667726,25.631666628519692,24.430833339691162,,2,2.0,1.0,1.0,39.789149320044615,77.3580656376015,0.8459999084472656,0.8186667124430339,0.5892857142857143,0.33157720519655065,55.06294379223397
MRNA,3.75,28.686871333531517,-0.6240243807365542,51.66999816894531,52.88999938964844,50.02000045776367,50.959999084472656,6274800.0,319763802.255249,False,-,False,False,True,50.03557341958116,50.64399948120117,50.10399971008301,51.33600006103516,48.70350011189779,38.39741668701172,,-1,-1.0,-1.0,1.0,26.916225590340893,48.24910441223703,2.232598876953125,3.424433199564616,0.5625,0.4822318539801131,55.0459778097017
ESGU,4.5,-2.4861211511890247,-0.12190703650679646,147.94000244140625,148.14999389648438,147.35000610351562,147.47999572753906,152300.0,22461203.3493042,False,-,True,False,False,43.54649976585169,145.8480010986328,143.10200042724608,143.0345016479492,147.21016794840494,147.94266726175945,,1,1.0,1.0,1.0,53.75015474402625,95.52185545149413,1.7739959716796876,2.0264010111490887,0.5892857142857143,0.3264679692817975,54.986305253512676
BMA,4.75,-14.147914411443342,-0.3731381169952419,81.05000305175781,82.62999725341797,79.87999725341797,80.0999984741211,175900.0,14089589.7315979,False,-,False,True,False,49.45169615339929,78.71399993896485,76.56200103759765,72.5990005493164,83.19083353678386,83.35108343760173,,1,1.0,1.0,-1.0,76.68160719478472,78.94467165482733,3.95,4.7901662190755205,0.5982142857142857,0.2681968160822386,54.87116652694786
GOLD,4.25,5.518232294194436,-0.3173150340836983,44.61000061035156,44.83000183105469,43.79999923706055,43.97999954223633,305200.0,13422695.860290527,False,-,False,False,False,36.773902052678444,43.98199996948242,42.047000122070315,43.24400024414062,49.61316655476888,39.90575002034505,,0,-1.0,1.0,1.0,29.77451387919087,68.8174886587987,2.15,3.2731998443603514,0.5803571428571429,0.36646378257313894,54.82731388145423
PAA,4.0,14.526316994114929,-0.593874666017935,21.799999237060547,22.1299991607666,21.75,21.760000228881836,1654400.0,35999744.37866211,False,-,False,False,False,60.76705158582847,21.889999771118163,22.061999893188478,21.92249994277954,20.77499990463257,19.041499932607014,,0,2.0,-1.0,1.0,59.673056760081145,38.44121079935175,0.5719997406005859,0.4489999453226725,0.5714285714285714,0.4114749975612035,54.74355353484662
TYRA,3.75,22.388056144241375,-3.8975207378034393,36.68000030517578,36.9900016784668,34.939998626708984,35.2599983215332,875300.0,30863076.530838013,False,🆕RED,False,False,True,56.965634173505585,37.1479995727539,37.281999588012695,37.2462495803833,33.525416660308835,27.059208353360493,,-1,-1.0,-1.0,1.0,60.528903899196564,47.259032181896636,2.071999359130859,2.3331835746765135,0.5625,0.4507582017998969,54.573873026998456
HP,4.0,10.90502013908823,-1.5332223078116214,34.88999938964844,35.380001068115234,34.56999969482422,34.68000030517578,580700.0,20138676.177215576,False,-,False,False,False,53.13439696514156,35.2120002746582,35.343000411987305,35.78300037384033,34.65633347829183,31.23891673088074,,0,2.0,-1.0,1.0,45.3569845388681,34.702654884802925,1.1780006408691406,1.457166608174642,0.5714285714285714,0.3933802552594746,54.47213240032069
BG,3.75,20.791502673225715,0.7807409658592723,123.33000183105469,124.55999755859375,122.29000091552734,123.91999816894531,894700.0,110871222.36175537,False,🆕RED,False,False,True,57.89570882033337,125.90599975585937,126.9470001220703,125.20350036621093,119.89516677856446,107.12283356984456,,-1,-1.0,-1.0,1.0,71.46848590616328,49.080293153744854,4.517997741699219,4.0471654256184895,0.5625,0.4427806112334515,54.45420916850178
WMB,3.75,20.251274335248493,-0.10986244354567187,72.56999969482422,73.0199966430664,71.66000366210938,72.73999786376953,5313300.0,386489430.64956665,False,-,False,False,True,51.59929243540855,73.03999938964844,72.78600006103515,73.19899978637696,70.81666615804036,65.34608297348022,,-1,-1.0,-1.0,1.0,33.77052181281745,46.09257512077162,2.0939987182617186,1.7158329010009765,0.5625,0.440081221221771,54.413718318326566
REGN,4.25,-1.322947171947586,-2.4718344822849847,771.47998046875,771.47998046875,739.0900268554688,748.8699951171875,751300.0,562626027.331543,False,-,True,False,False,49.19724465208554,763.1119995117188,761.4299987792969,753.744497680664,763.3804982503256,738.1331644694011,,0,1.0,1.0,1.0,56.564890168680904,62.25488773386094,18.32999267578125,21.31416015625,0.5803571428571429,0.33228006761260254,54.314558157046186
ITA,4.25,-3.325753186735303,-0.9147373004122938,231.83999633789062,231.83999633789062,227.47999572753906,229.63999938964844,448000.0,102878719.7265625,False,-,False,False,False,41.420495766216945,228.41399841308595,223.31999816894532,225.07649841308594,233.64250005086262,222.80766639709472,,0,-1.0,1.0,1.0,43.17059232900265,86.03101261820004,5.1660003662109375,5.389833323160807,0.5803571428571429,0.3222725315920105,54.164445116737305
COP,3.5,27.047485190661714,-0.7451187817685501,123.30000305175781,124.05000305175781,121.31999969482422,122.55000305175781,10485200.0,1284961291.998291,False,-,False,False,False,68.27496290375244,126.93000183105468,129.2240020751953,127.68150100708007,114.55200004577637,102.82025038401285,,0,2.0,-1.0,1.0,67.60910686685915,36.80649820541865,4.670002746582031,3.381000010172526,0.5535714285714286,0.4740402389383698,54.16417501264698
WM,4.0,6.138405366847621,-1.5658554524672685,231.8800048828125,233.30999755859375,228.11000061035156,229.4499969482422,1375600.0,315631415.80200195,False,-,False,False,False,44.53850152292527,232.21799926757814,231.23199920654298,231.3275001525879,231.62066650390625,222.28233311971027,,0,-1.0,1.0,1.0,46.028107176179766,71.59720202078407,4.5619964599609375,4.780999755859375,0.5714285714285714,0.3695626370391996,54.114868127016564
LCII,4.25,-5.386980127105123,-0.3865251058964403,127.06999969482422,127.41999816894531,125.16999816894531,126.27999877929688,182500.0,23046099.77722168,False,-,True,False,False,40.318012469402966,124.77199859619141,123.37999877929687,122.84999961853028,136.4268330891927,124.59508298238119,,1,1.0,1.0,1.0,47.491156208489066,69.47125524713158,3.703999328613281,4.695001347859701,0.5803571428571429,0.3119730803720419,54.009953348437776
CRH,4.25,-7.4501476435813725,2.0692635408211535,118.47000122070312,119.79000091552734,116.29000091552734,117.88999938964844,6357900.0,749532827.1194458,False,-,True,False,False,46.6951272480626,111.88200073242187,107.90100021362305,105.51849975585938,115.22183316548666,117.82275015513102,,1,1.0,1.0,1.0,60.317849523689986,82.38122436005783,4.167999267578125,3.6803340911865234,0.5803571428571429,0.30166393256381546,53.85531613131438
SKYT,4.0,-1.674068204492274,1.231095243449598,28.549999237060547,28.93000030517578,28.399999618530273,28.780000686645508,932300.0,26831594.640159607,False,🆕LIME,True,False,False,48.9666706347599,28.520000457763672,27.871000289916992,27.971500396728516,29.518999989827474,23.997208285331727,,2,2.0,1.0,1.0,49.491836840788565,68.44621193408202,0.9420001983642579,1.6014168421427408,0.5714285714285714,0.3305256009519106,53.52931258570723
PAGP,3.5,16.90629565946271,-0.12706770804721268,23.610000610351562,23.940000534057617,23.549999237060547,23.579999923706055,938600.0,22132187.928390503,False,-,False,False,False,63.11220478792973,23.731999969482423,23.95999984741211,23.81549987792969,22.350000031789143,20.349333333969117,,0,2.0,-1.0,1.0,58.14165504467419,33.03157550212046,0.5880001068115235,0.4373332977294922,0.5535714285714286,0.4233671738607805,53.40407903648314
MET,4.0,-4.151536717202664,-1.0314859433646517,74.61000061035156,74.61000061035156,73.41000366210938,73.87999725341797,2340400.0,172908745.5718994,False,-,False,True,False,47.389994578674944,73.02199859619141,71.36899871826172,70.2544994354248,73.96266619364421,76.34666646321615,,1,1.0,1.0,-1.0,63.80580739979202,85.5538966780853,1.6240005493164062,2.0676661173502606,0.5714285714285714,0.31814629152415264,53.34362294429086
HAS,3.75,5.5945671194798985,-1.4291792784786428,92.94999694824219,93.44999694824219,90.62000274658203,91.7300033569336,1663600.0,152602033.58459473,False,-,False,False,False,43.359662891848835,91.69199981689454,90.95799942016602,91.60749969482421,94.04133288065593,87.17991650899252,,0,-1.0,1.0,1.0,32.42702091344206,63.76342296218253,2.38800048828125,2.656834284464518,0.5625,0.3668452091856164,53.315178137784244
CEF,4.0,-4.788066464962803,0.18583553999744762,48.56999969482422,48.90999984741211,48.290000915527344,48.52000045776367,375100.0,18199852.171707153,False,-,False,False,False,42.08491698232586,47.77600021362305,47.24800033569336,47.14300022125244,51.084333419799805,46.528166675567626,,0,-1.0,1.0,1.0,34.63645244750866,79.17901514529784,1.1039993286132812,2.349833615620931,0.5714285714285714,0.3149657067187075,53.29591417220918
HUBG,4.25,-16.69516409233035,0.5418031688955383,38.83000183105469,39.61000061035156,37.97999954223633,38.970001220703125,675400.0,26320338.82446289,False,-,True,False,False,44.248500105359824,38.094000244140624,37.029000473022464,35.9870002746582,41.2948335647583,40.497500038146974,,1,1.0,1.0,1.0,56.16052930866783,87.39277300213773,1.4139999389648437,1.8263331731160481,0.5803571428571429,0.25546882707746205,53.162389549019075
AKAM,3.75,2.802158278940481,-16.659065810192132,109.63999938964844,109.79000091552734,90.55999755859375,91.3499984741211,14265800.0,1303180808.2321167,True,🆕RED,False,False,True,59.72711973686922,109.08999938964844,111.87699966430664,111.61949996948242,103.20100008646646,93.76624984741211,,-1,-1.0,-1.0,1.0,61.517188572165516,34.04448667519002,8.290000915527344,5.015332794189453,0.5625,0.3528922193056255,53.10588328958438
LH,3.75,2.7364347842961267,-4.512192289101947,272.989990234375,274.1700134277344,259.6000061035156,260.92999267578125,796500.0,207830739.16625977,False,-,False,False,False,47.76922282219493,270.50800170898435,269.36199951171875,267.6379989624023,273.1126688639323,267.2335007985433,,-1,-1.0,1.0,1.0,49.52847128826702,58.60852216438826,7.9199951171875,6.882331848144531,0.5625,0.35256381493935324,53.1009572240903
CRL,4.25,-19.790862829140654,0.056958611784851954,176.10000610351562,176.27000427246094,172.58999633789062,175.64999389648438,487900.0,85699632.02209473,False,-,True,False,False,50.4804957356999,172.80599975585938,170.4199996948242,163.8655014038086,180.08216807047526,183.8721674601237,,1,1.0,1.0,1.0,66.1168934282113,71.82936958002401,7.634002685546875,8.34016621907552,0.5803571428571429,0.24000037112676723,52.930362709758654
DVN,3.0,29.72312898367415,-0.1879702393069116,47.630001068115234,48.08000183105469,46.97999954223633,47.790000915527344,10326200.0,493489107.45391846,False,-,False,False,False,65.32732963072104,48.63600082397461,49.51700057983398,49.081000328063965,44.462333297729494,39.872499990463254,,0,2.0,-1.0,1.0,63.69161064904777,40.51796614287241,1.8740020751953126,1.5283336639404297,0.5357142857142857,0.48740978218875974,52.84686101854568
EOG,3.0,26.055165945332035,-0.28554648149065054,135.00999450683594,137.0399932861328,134.3000030517578,136.19000244140625,3091200.0,420990535.546875,False,-,False,False,False,68.45591902221572,139.82000122070312,142.61800079345704,140.89950103759764,125.66983299255371,116.176833152771,,0,2.0,-1.0,1.0,60.1457003033938,31.5474851141542,5.167996215820312,3.8618328094482424,0.5357142857142857,0.46908186028450094,52.5719421899818
BRKR,4.25,-26.120284269914716,-1.0268546454686778,38.040000915527344,38.459999084472656,37.54999923706055,37.59000015258789,1252100.0,47066439.1910553,False,-,False,True,False,47.17630838632561,37.44599990844726,36.422000122070315,35.36450004577637,39.92416661580403,42.38041661580404,,1,1.0,1.0,-1.0,59.754161774472685,75.14481872422289,1.5160003662109376,1.897666867574056,0.5803571428571429,0.2083737869292117,52.45596394679532
ASO,3.5,0.6427434764145756,1.239221664739909,55.47999954223633,56.560001373291016,54.915000915527344,56.369998931884766,1195500.0,67390333.72306824,False,🆕LIME,True,False,False,48.70671247633876,56.9,56.37699966430664,54.767499923706055,57.12491645812988,53.43408317565918,,2,2.0,1.0,1.0,58.34162479921456,62.826529344505616,3.275,2.544916788736979,0.5535714285714286,0.3421021471468057,52.185103635773515
CPNG,3.75,-10.059167744849706,0.5086489432648111,19.809999465942383,19.9950008392334,19.6299991607666,19.760000228881836,12227800.0,241621330.7987213,False,-,False,True,False,49.38759739304101,19.560000228881837,19.09000015258789,19.190000152587892,19.126000086466473,23.051749992370606,,1,1.0,1.0,-1.0,34.69389244597508,70.6358496476502,0.7670001983642578,0.9075665791829427,0.5625,0.2886272917463277,52.14190937619492
ASH,3.75,-11.995012272959759,0.17755410984188202,56.88999938964844,56.970001220703125,55.959999084472656,56.41999816894531,721100.0,40684460.679626465,False,-,True,False,False,47.13559114611794,55.439999389648435,54.808999633789064,52.89200000762939,58.42116667429606,56.646416664123535,,1,1.0,1.0,1.0,69.320943561825,82.04704210591072,1.5620010375976563,2.0365000406901044,0.5625,0.2789543460380131,51.996815190570196
TFPM,3.5,-2.623665155696253,0.6497161930012485,35.83000183105469,36.209999084472656,35.380001068115234,35.630001068115234,285300.0,10165239.304733276,False,-,False,False,False,45.49625939863819,35.51600112915039,34.965000534057616,34.1225004196167,36.31533355712891,34.09675013224284,,0,-1.0,1.0,1.0,53.70896224820926,76.11870552538394,1.261998748779297,1.7562666893005372,0.5535714285714286,0.3257806952425948,51.94028185721035
OR,3.5,-3.6638985107864896,-0.5296415916475006,40.09000015258789,40.29999923706055,39.15999984741211,39.439998626708984,868800.0,34265470.806884766,False,-,False,False,False,44.101400044223155,39.84399948120117,38.80999984741211,37.53249988555908,41.35399971008301,37.95858318010966,,0,-1.0,1.0,1.0,54.12055002895194,76.84299293076278,1.5430000305175782,2.1530830383300783,0.5535714285714286,0.32058290140034373,51.862314949576586
GILD,3.0,14.15079094500664,-2.181709426858436,142.3800048828125,142.3800048828125,138.4499969482422,138.99000549316406,4417500.0,613988349.2660522,False,-,False,False,False,42.793748158001335,140.31000061035155,139.1520004272461,139.81600036621094,142.53349965413412,132.59741655985513,,0,-1.0,1.0,1.0,34.54855301618079,78.55909931409876,2.9760040283203124,3.6813339233398437,0.5357142857142857,0.40959858495040946,51.679693059970425
SCHW,3.5,-6.305591257338239,-2.539317031512056,97.19000244140625,97.25,94.1500015258789,94.80000305175781,9346800.0,886076668.5241699,False,-,True,False,False,48.116181824944064,95.0199981689453,94.06299896240235,94.18099937438964,97.13983306884765,96.61674976348877,,1,1.0,1.0,1.0,55.87562229840929,68.79799096858372,2.769999694824219,2.649667231241862,0.5535714285714286,0.3073830032967546,51.66431647802275
WMS,3.5,-6.350223182601178,-1.4067565117148573,148.02000427246094,150.0,146.75999450683594,147.17999267578125,448000.0,65936636.71875,False,-,True,False,False,41.973899228012876,144.95399780273436,140.0729995727539,138.40600051879883,153.59383366902668,150.24758377075196,,1,1.0,1.0,1.0,40.7047466142842,84.52088564614913,5.5780029296875,5.517967224121094,0.5535714285714286,0.30715998838845127,51.6609712543982
AMG,3.5,-8.197146855783233,-0.3352968525071165,285.5799865722656,286.3299865722656,280.6600036621094,285.3599853515625,310100.0,88490131.45751953,False,-,True,False,False,42.61317625929488,279.1559997558594,275.0350036621094,275.7280014038086,297.78799997965496,283.3221668243408,,1,1.0,1.0,1.0,43.09984345247267,72.5843349793082,8.641998291015625,11.695667521158855,0.5535714285714286,0.2979313586309094,51.52254180803507
VIST,2.5,32.292293937426585,1.5365703316910784,64.61000061035156,66.77999877929688,64.41999816894531,66.08000183105469,656100.0,43355089.20135498,False,-,False,False,False,60.387711458737044,67.58600006103515,70.49000091552735,70.10700035095215,61.023166783650716,54.18958339691162,,0,2.0,-1.0,1.0,58.51461368236395,19.660708077866115,3.861998748779297,2.8249165852864584,0.5178571428571429,0.5002472764980853,51.52156629032842
DCI,3.5,-8.447795260241698,-0.5050470886067249,89.5,89.5,88.43000030517578,88.6500015258789,417400.0,37002510.636901855,False,-,True,False,False,38.6891699496715,87.63000030517578,86.0790008544922,85.64050102233887,95.92083409627278,92.28200041453043,,1,1.0,1.0,1.0,46.96307555012975,78.73332722981772,1.9480010986328125,2.6324999491373697,0.5535714285714286,0.2966789293304173,51.50375536852769
VVX,3.25,1.465211787321996,-0.16517943686151781,66.44000244140625,67.0,64.19999694824219,66.4800033569336,391300.0,26013625.313568115,False,-,False,False,True,50.16338928790666,69.02799987792969,68.80500030517578,68.51900062561035,68.65116704305014,62.5707501411438,,-2,-2.0,-1.0,1.0,37.76423769996715,56.265055751414835,2.5650009155273437,2.699366315205892,0.5446428571428571,0.3462118218663885,51.48782018513868
LTM,3.5,-9.013169741302596,0.18832823294165912,53.560001373291016,54.310001373291016,52.65999984741211,53.20000076293945,856800.0,45581760.65368652,False,-,True,False,False,45.28550937347271,50.943999481201175,49.83599967956543,49.41099967956543,55.79066619873047,52.62466650009155,,1,1.0,1.0,1.0,56.14805848860103,65.72485728304977,2.613999938964844,2.3934162775675456,0.5535714285714286,0.2938538901391204,51.461379780658234
ADM,3.0,10.018936859899918,-0.8813008253519272,70.52999877929688,71.13999938964844,69.48999786376953,69.7300033569336,2918500.0,203507014.7972107,False,-,False,False,True,56.057521289828394,71.46600036621093,72.02000122070312,71.20750122070312,68.94450035095215,64.23783353169759,,-1,-1.0,-1.0,1.0,76.20613413174253,58.28902247984913,2.446002197265625,2.1808333079020183,0.5357142857142857,0.38895271196858766,51.3700049652431
PEP,3.0,9.464735318812245,-0.2730382370765616,157.16000366210938,157.7899932861328,156.3300018310547,157.05999755859375,4411300.0,692838767.2302246,False,-,False,False,False,43.84368486923996,155.85800170898438,155.60999908447266,154.52749938964843,157.89899978637695,152.11508331298828,,0,-1.0,1.0,1.0,45.94992278126431,72.08238867277927,3.0119964599609377,3.3231656392415365,0.5357142857142857,0.3861835012491509,51.32846680445155
NXT,2.75,17.687553606125796,3.8559776600251894,113.58999633789062,119.87000274658203,112.93499755859375,117.97000122070312,1356000.0,159967321.65527344,False,-,False,False,True,52.00896734608987,113.04199981689453,115.17600021362304,117.59399948120117,113.57725003560384,103.10287488301596,,0,-1.0,-1.0,1.0,44.13089043001505,30.82039763822408,7.120001220703125,7.088400395711263,0.5267857142857143,0.4272709303828185,51.18584967002799
PNTG,3.0,6.7130445397418415,-3.1259860079988155,31.610000610351562,31.690000534057617,30.200000762939453,30.68000030517578,141800.0,4350424.043273926,False,-,False,False,False,42.57317153979419,30.76599998474121,30.429999923706056,31.20699996948242,31.196166547139487,29.20449989636739,,0,-1.0,1.0,1.0,23.335572553671998,63.87497632217743,0.9870002746582032,1.3710670471191406,0.5357142857142857,0.3724339696491088,51.12222383045092
APH,3.25,-5.51789028216827,2.2298136893776688,138.80999755859375,143.6999969482422,138.4199981689453,140.75,9736500.0,1370412375.0,False,-,True,False,False,45.18571681685201,133.7240005493164,129.34400024414063,129.74849891662598,139.671666208903,138.16066652933756,,1,1.0,1.0,1.0,41.62196918722843,80.3298844080327,4.872000122070313,6.813833872477214,0.5446428571428571,0.3113189540699524,50.96442716819214
FIBK,3.25,-6.690436961162261,-0.7003258688677017,34.27000045776367,34.31999969482422,33.95000076293945,34.029998779296875,1192500.0,40580773.54431152,True,-,True,False,False,44.95515167105147,33.88199996948242,33.547000122070315,33.26350002288818,35.40699996948242,34.45591665903727,,1,1.0,1.0,1.0,60.17545938398009,75.42031387384694,0.855999755859375,1.088666566212972,0.5446428571428571,0.30546002263115213,50.876543196610136
XLP,3.0,1.5534485596707892,-1.2941812356565996,83.37999725341797,83.41000366210938,82.13999938964844,82.37000274658203,12091600.0,995985125.2105713,False,-,False,False,False,37.85863421599081,82.50400085449219,82.15100021362305,82.33850021362305,84.75000038146973,81.414750289917,,0,-1.0,1.0,1.0,27.475038104865735,75.69552256030074,1.4720016479492188,1.2474995930989583,0.5357142857142857,0.3466527196223876,50.735505080050096
HL,3.5,-19.950639605173336,0.8290147862020314,19.56999969482422,19.75,19.25,19.459999084472656,8000600.0,155691668.67523193,False,-,False,False,False,42.93078673440319,19.354000091552734,18.89099998474121,18.633000087738036,22.225666681925457,19.41833337942759,,0,-1.0,1.0,1.0,44.72508214663755,69.33377800114994,0.9479995727539062,1.7503334045410157,0.5535714285714286,0.23920200531919764,50.64160150835939
CNQ,2.0,39.818993486131426,1.4223144427357504,45.65999984741211,46.400001525878906,45.619998931884766,46.349998474121094,8361000.0,387532337.24212646,False,-,False,False,True,59.564923211352315,47.177999877929686,47.81699981689453,48.41499977111816,43.015666516621906,37.777666648228966,,-1,-1.0,-1.0,1.0,48.55018534177934,34.83794580060773,1.9400009155273437,1.356666628519694,0.5,0.5378563690880243,50.56784553632036
PFE,2.75,7.037775286722292,-1.1021280111251253,27.31999969482422,27.360000610351562,26.770000457763672,26.920000076293945,27848300.0,749676238.1246567,False,-,False,False,True,53.9753638846769,27.30799980163574,27.629999923706055,27.360999965667723,26.919666639963786,26.028500048319497,,0,-1.0,-1.0,1.0,60.664688517345326,30.736120591824648,0.5979999542236328,0.6229999860127767,0.5267857142857143,0.3740565704518855,50.387634271064
HII,3.0,-4.1903512234719775,-2.2212835767506878,401.7200012207031,403.3699951171875,386.489990234375,394.4100036621094,432600.0,170621767.58422852,False,-,False,False,False,42.50771144414691,403.8140014648437,393.9779998779297,401.77050018310547,415.48783416748046,369.75266825358074,,0,-1.0,1.0,1.0,39.58825086505643,81.49903936548027,11.80799560546875,15.980667114257812,0.5357142857142857,0.3179523448479675,50.3049994584338
PJT,3.25,-14.822541131275269,0.6400044759114598,150.4199981689453,152.63499450683594,147.8000030517578,150.9600067138672,257800.0,38917489.73083496,False,-,False,True,False,48.23582421363343,145.89800109863282,142.45900115966796,137.58099975585938,153.1006657918294,162.1561659495036,,1,1.0,1.0,-1.0,67.30783847625344,78.63707542896529,5.653997802734375,5.845500818888346,0.5446428571428571,0.26482586994500745,50.26703090631796
GE,3.0,-5.76964344618175,-1.491912042062038,313.0799865722656,313.4700012207031,306.4200134277344,308.3500061035156,3683900.0,1135930587.4847412,False,🆕LIME,True,False,False,41.058665232801495,301.3440002441406,292.03899841308595,293.4749984741211,311.1431650797526,307.79941711425784,,1,1.0,1.0,1.0,37.11497987230011,79.14168609419856,11.93599853515625,10.683997599283854,0.5357142857142857,0.31006100455384317,50.18662935402193
ACMR,3.0,-6.314561667802554,2.341917065218735,47.7599983215332,48.900001525878906,47.130001068115234,48.06999969482422,858800.0,41282515.73791504,False,🆕LIME,True,False,False,39.45159471519977,44.95199966430664,42.31099967956543,43.90374965667725,52.541666475931805,45.3539999961853,,1,1.0,1.0,1.0,39.15618921427696,73.92519133744996,2.337999725341797,3.7744998931884766,0.5357142857142857,0.3073381803307867,50.145786990676086
GM,3.0,-8.19317620116452,-0.4040208190089545,77.11000061035156,77.47000122070312,76.13999938964844,76.41999816894531,4069500.0,310991182.54852295,False,-,True,False,False,46.30036948553778,75.21600036621093,74.39000091552734,74.39550018310547,78.51066678365072,76.60725011825562,,1,1.0,1.0,1.0,39.198516516420604,58.54228259949072,2.1739990234375,2.443666458129883,0.5357142857142857,0.29795119902924494,50.00498227115296
XLE,2.25,21.148933248316993,-0.6802776764162632,57.16999816894531,57.47999954223633,56.400001525878906,56.939998626708984,42534800.0,2421931453.5873413,False,🆕RED,False,False,True,64.70808208477068,58.43199996948242,59.61599998474121,59.496500205993655,55.21116644541423,50.054666423797606,,-1,-1.0,-1.0,1.0,51.42790290340706,24.408956157880375,1.7719993591308594,1.2958336512247721,0.5089285714285714,0.444566605148327,49.92742764865348
XOM,2.25,20.523149520636586,-1.6318362286224186,154.0399932861328,155.1199951171875,151.9199981689453,152.50999450683594,21059600.0,3211799480.316162,False,🆕RED,False,False,True,61.70958028954714,158.20999755859376,162.46399993896483,161.37099914550782,150.48049926757812,134.0663330713908,,-1,-1.0,-1.0,1.0,51.21984021028105,21.514453834970926,5.948001098632813,4.273998896280925,0.5089285714285714,0.4414397155995527,49.88052430542186
AXP,3.0,-12.430167597765362,-1.3437357715640585,317.3699951171875,318.0,313.1300048828125,313.5,1991300.0,624272550.0,False,-,True,False,False,44.48147621562795,312.0739990234375,305.4239990234375,302.05149993896487,327.0696665445964,346.6135838826497,,1,1.0,1.0,1.0,61.507806419441366,84.95822107614887,7.820001220703125,9.233834330240885,0.5357142857142857,0.2767799803953145,49.687413991644
PBA,2.25,17.30159007282539,-0.6942919657266788,44.5099983215332,44.81999969482422,44.34000015258789,44.34000015258789,759500.0,33676230.1158905,False,-,False,False,True,57.27033557918969,44.545999908447264,44.67999954223633,44.753499603271486,43.32266648610433,40.68141667048136,,-1,-1.0,-1.0,1.0,43.514265030337576,39.58580867567199,0.85,0.8181667963663737,0.5089285714285714,0.42534236419437105,49.63906403434414
CBRE,3.0,-14.261431932287326,-0.8704235818650652,142.1999969482422,142.47000122070312,139.5800018310547,141.22000122070312,1683700.0,237772116.05529785,False,-,True,False,False,45.25058226485788,140.0760040283203,137.1840042114258,135.71650314331055,148.6600008646647,153.78625081380207,,1,1.0,1.0,1.0,59.740206934119705,76.20709620025511,4.095999145507813,5.385499572753906,0.5357142857142857,0.2676295965560206,49.55015823405459
MC,3.0,-14.359461495966608,0.4301425136126191,62.720001220703125,63.224998474121094,61.73400115966797,63.040000915527344,711100.0,44827744.651031494,False,-,False,True,False,48.19025031120255,60.24600067138672,58.036000442504886,55.87849998474121,63.08683331807455,65.39474999109903,,1,1.0,1.0,-1.0,74.2088165524022,88.84371030659271,2.478199005126953,2.6800001780192058,0.5357142857142857,0.2671397665962742,49.5428107846584
UPS,2.75,-4.578724712866899,0.059029475554939204,102.16000366210938,102.4000015258789,101.26000213623047,101.69999694824219,4485900.0,456216016.3101196,False,-,False,True,False,39.33145548353639,99.70399932861328,98.27399978637695,97.81799964904785,106.55349998474121,101.68483365376791,,1,1.0,1.0,-1.0,45.54894076371987,78.2825275384475,2.2600006103515624,2.8578338623046875,0.5267857142857143,0.31601173669327576,49.51696176468485
DBA,2.5,5.1622984379284365,0.07442705541653716,26.920000076293945,26.950000762939453,26.84000015258789,26.889999389648438,561100.0,15087978.657531738,True,-,False,False,False,63.81699701775778,26.984000396728515,27.0790002822876,26.957000160217284,26.272833379109702,26.23541669845581,,0,2.0,-1.0,1.0,71.9982353156397,37.05617613731189,0.194000244140625,0.1873334566752116,0.5178571428571429,0.36468526739931284,49.48813615384684
XLF,2.75,-6.380230709347289,-1.090982570260135,51.22999954223633,51.290000915527344,50.63999938964844,50.77000045776367,35400700.0,1797293555.2051544,False,-,False,True,False,44.53115146808732,50.61200103759766,49.75700035095215,49.46500034332276,51.44066677093506,52.52550010681152,,1,1.0,1.0,-1.0,57.88897714547056,91.16302657124984,0.8220001220703125,0.8881663640340169,0.5267857142857143,0.3070100480534496,49.38193643508746
GMAB,3.0,-16.592852403647917,-0.1060844622244872,28.540000915527344,28.559999465942383,28.15999984741211,28.25,1472100.0,41586825.0,False,-,True,False,False,46.304664480944005,28.06599998474121,27.352999877929687,26.644999980926514,29.27949997584025,30.226999966303506,,1,1.0,1.0,1.0,69.67817170873386,91.86944347141659,0.6929996490478516,0.9232332547505696,0.5357142857142857,0.25598005377753047,49.37541509237724
OXY,1.75,33.84899418740916,-0.9567701525253214,58.040000915527344,58.81999969482422,57.630001068115234,57.970001220703125,10466100.0,606719829.776001,False,🆕RED,False,False,True,67.66483643525677,60.433999633789064,62.39299964904785,61.161499977111816,52.611999956766766,46.99333327611287,,-1,-1.0,-1.0,1.0,63.34790861447918,31.313895061407003,2.6719993591308593,1.9678328196207682,0.49107142857142855,0.5080257301825359,49.361457381309464
CR,2.75,-7.947047014705399,1.0130242351140684,188.02000427246094,189.99000549316406,186.5850067138672,188.4600067138672,389000.0,73310942.61169434,False,🆕GRN,False,True,False,42.16813106587573,181.42200317382813,174.41100158691407,173.61600036621093,189.63983408610025,188.9610829671224,,1,1.0,1.0,-1.0,43.55396162391837,85.96802589365196,6.845999145507813,6.73243408203125,0.5267857142857143,0.2991810468932028,49.26450141768376
SN,2.75,-8.83378340837002,0.09568598749791768,115.62999725341797,116.30000305175781,113.95999908447266,115.06999969482422,1023000.0,117716609.68780518,False,-,True,False,False,46.427313526447335,110.91400146484375,107.10700073242188,105.36750030517578,115.82566655476889,109.04874998728434,,1,1.0,1.0,1.0,53.09261115194401,76.37360385900712,6.075001525878906,5.461500295003256,0.5267857142857143,0.2947502401476432,49.19803931650036
XPRO,2.25,8.94256440289778,0.0,16.65999984741211,16.84000015258789,16.540000915527344,16.690000534057617,528500.0,8820665.28224945,False,-,False,False,True,52.66409930612163,16.860000610351562,16.97300033569336,17.05049991607666,16.73333331743876,15.264166657129923,,0,-1.0,-1.0,1.0,45.71381854356082,28.773233108292295,0.5939998626708984,0.830833371480306,0.5089285714285714,0.3835743397970002,49.01254366838357
WBD,2.5,-4.920305080605636,-0.3269166376430488,27.549999237060547,27.56999969482422,27.420000076293945,27.440000534057617,15934100.0,437231712.5097275,False,🆕LIME,True,False,False,44.19577531725611,27.460000228881835,27.372999954223634,27.36949987411499,27.855000019073486,26.460333363215128,,1,1.0,1.0,1.0,46.2225643217683,66.66665253815229,0.13999977111816406,0.38633340199788413,0.5178571428571429,0.314304942421223,48.73243127917549
DRD,2.5,-6.277498914842283,2.9980667035838904,31.530000686645508,32.150001525878906,31.520000457763672,31.950000762939453,216400.0,6913980.165100098,False,-,False,False,False,44.5390157376633,31.002000427246095,30.20700035095215,29.146500205993654,33.121500205993655,31.033583466211955,,0,-1.0,1.0,1.0,52.70333799653724,74.78086569307933,1.3040000915527343,1.8456669807434083,0.5178571428571429,0.3075233739204472,48.630707751663856
CRNX,3.0,-27.37986074493991,-0.47944091921592324,39.630001068115234,39.900001525878906,39.08000183105469,39.439998626708984,761000.0,30013838.954925537,False,-,True,False,False,41.71685054331753,39.02799987792969,37.31999969482422,36.75149974822998,43.05258318583171,44.37120825449626,,1,1.0,1.0,1.0,61.11138846335373,90.14872161797223,1.4769996643066405,2.029449780782064,0.5357142857142857,0.20207998870240687,48.56691411625039
RVTY,2.75,-18.476483191295255,-0.7406568380789569,90.66999816894531,91.19999694824219,89.55999755859375,89.79000091552734,658400.0,59117736.6027832,False,-,False,True,False,42.91419151615762,89.3520004272461,87.99100036621094,87.27700080871583,97.27249997456869,97.56124986012777,,1,1.0,1.0,-1.0,42.329262584861695,67.427725645471,2.9279998779296874,3.696166737874349,0.5267857142857143,0.24656800746965324,48.47530582633051
LMT,2.0,9.92655993585787,-1.6269454363093572,619.280029296875,621.7000122070312,607.1599731445312,613.719970703125,872400.0,535409302.44140625,False,-,False,False,False,44.50780671286373,626.3380004882813,619.0920043945313,625.181005859375,629.1745025634766,554.3371686299641,,-1,-1.0,1.0,1.0,32.45925629865392,73.70120753765153,16.85999755859375,17.894329833984376,0.5,0.3884911268784708,48.327366903177065
ONC,2.5,-11.792854265480502,-1.1996712413171906,314.8800048828125,315.7699890136719,309.2200012207031,309.6600036621094,134400.0,41618304.4921875,False,-,True,False,False,45.866709585269156,308.3160034179688,302.48900146484374,291.85150146484375,321.28516845703126,323.79250055948893,,1,1.0,1.0,1.0,71.46001735188129,80.74323279599142,8.222991943359375,10.563464864095051,0.5178571428571429,0.27996448058262813,48.21732435159657
SLV,2.5,-12.111955251755946,1.0089230114990855,69.0999984741211,69.55000305175781,68.55999755859375,69.08000183105469,20752000.0,1433548197.9980469,False,-,False,False,False,43.012200100745574,67.39400024414063,66.6,66.54350032806397,75.47300014495849,64.72591673533121,,0,-1.0,1.0,1.0,32.121111256572945,76.12029262965846,2.276000213623047,5.318666076660156,0.5178571428571429,0.27837001032900427,48.19340729779221
B,2.5,-12.391872783872648,2.6396392265595647,42.900001525878906,43.91999816894531,42.900001525878906,43.54999923706055,9732000.0,423828592.57507324,False,-,False,False,False,41.673505522950315,42.19000015258789,41.262000274658206,40.44549980163574,45.556833330790205,42.56433342297872,,0,-1.0,1.0,1.0,48.377380829445826,81.19451452807013,1.6139999389648438,2.140999603271484,0.5178571428571429,0.27697133029470744,48.172427097277755
PSLV,2.5,-13.80869326384171,1.1841605481325956,24.81999969482422,25.0,24.610000610351562,24.780000686645508,7254300.0,179761558.9811325,False,-,False,False,False,42.94800102979922,24.1,23.821999931335448,23.78199996948242,27.03216660817464,23.38116665681203,,0,-1.0,1.0,1.0,32.05608318501242,76.72284421145211,0.8179996490478516,1.9288333574930827,0.5178571428571429,0.26989182190332395,48.06623447140701
CVNA,2.75,-28.22324056762241,2.8691172706551527,328.4800109863281,340.1000061035156,324.7099914550781,336.30999755859375,1921800.0,646320553.3081055,False,-,False,True,False,47.57850598448942,327.8239990234375,317.23399963378904,308.5164993286133,355.6086675008138,369.5601671854655,,1,1.0,1.0,-1.0,68.67969496586349,86.51313961425268,18.613995361328126,24.325633239746093,0.5267857142857143,0.19786582422905408,47.744773077721526
JNJ,1.75,11.612456600117449,-1.181049634727438,242.0,242.25999450683594,237.91000366210938,238.4600067138672,7350800.0,1752871817.352295,False,-,False,False,False,51.69147704611054,240.09000244140626,241.4990005493164,239.89600067138673,237.30950088500975,218.98125025431315,,-1,-1.0,1.0,1.0,60.65873908034693,49.01241572613064,4.684002685546875,4.129167683919271,0.49107142857142855,0.3969151437178461,47.69479858433911
NTR,1.5,20.251097013103948,1.3327854313993859,73.38999938964844,74.33000183105469,72.80999755859375,73.75,1810400.0,133517000.0,False,-,False,False,True,49.850580458111,74.81999816894532,75.17899932861329,76.03150024414063,73.1471664428711,66.08224980036418,,0,-1.0,-1.0,1.0,25.3739602777927,53.410230647028335,3.1990020751953123,2.5719496409098306,0.48214285714285715,0.4400803351860113,47.58334788493303
CME,1.75,10.00185299497418,-1.2143327774906787,300.8599853515625,300.8599853515625,294.010009765625,295.29998779296875,3025700.0,893489173.0651855,False,🆕RED,False,False,True,45.034631794453354,303.2379943847656,300.4949951171875,303.5594940185547,301.56599782307944,286.9354153951009,,-1,-1.0,-1.0,1.0,29.4245406854416,55.14360703747737,7.253985595703125,6.513668823242187,0.49107142857142855,0.3888673480380058,47.57408164914151
HLF,2.0,-2.4343377501508834,0.3955139462137769,15.239999771118164,15.779999732971191,15.109999656677246,15.229999542236328,980900.0,14939106.550979614,False,🆕LIME,True,False,False,40.17240781410785,14.73400001525879,14.549000072479249,14.794500064849853,16.396666717529296,13.92633333603541,,1,1.0,1.0,1.0,26.366629561448605,62.94502261282646,0.6900001525878906,0.7590000947316488,0.5,0.32672671838047784,47.40090077570717
QXO,2.25,-12.837836096285027,3.541076436229895,21.459999084472656,22.139999389648438,21.459999084472656,21.93000030517578,8857300.0,194240591.70303345,False,-,False,True,False,43.11534795061277,20.294000244140626,19.638999938964844,19.889499950408936,22.423833306630453,21.076416603724162,,1,1.0,1.0,-1.0,38.50845989391375,66.69270104023508,1.165999984741211,1.1718332608540853,0.5089285714285714,0.27474295975863106,47.38007296780803
JOYY,2.25,-14.788530094150365,-1.1524543029237555,60.70000076293945,61.13999938964844,59.77000045776367,60.040000915527344,242700.0,14571708.222198486,False,-,True,False,False,41.86278121591232,59.902001190185544,58.75900039672852,59.14249973297119,62.181999905904135,62.41349989573161,,0,1.0,1.0,1.0,30.53831801900207,76.52782396626301,1.7259994506835938,1.9289999643961588,0.5089285714285714,0.26499581485061097,47.233865794187736
TECH,2.25,-16.305002404018055,-0.05398376725143095,55.81999969482422,56.130001068115234,55.060001373291016,55.540000915527344,1197400.0,66503597.09625244,False,-,True,False,False,46.19536020183018,54.79000015258789,53.5810001373291,52.51150016784668,58.76449991861979,60.04624993006389,,1,1.0,1.0,1.0,63.55706463198051,76.9630874679667,2.091999816894531,2.4661668141682944,0.5089285714285714,0.257418370428546,47.12020412785676
ABNB,2.0,-7.931748432507291,-0.15484433460174474,128.8699951171875,130.53500366210938,124.83499908447266,128.9600067138672,3572200.0,460670935.98327637,False,-,False,False,False,47.695669091684024,128.26000061035157,126.36900024414062,128.30800018310546,128.73524958292643,127.86054140726725,,0,-1.0,1.0,-1.0,32.51533627592287,51.175760748658135,5.192997741699219,4.678999455769857,0.5,0.2992574901988855,46.98886235298328
BEAM,2.25,-20.607812124775382,4.1777454791382285,26.489999771118164,27.479999542236328,25.790000915527344,27.43000030517578,2003300.0,54950519.61135864,False,-,True,False,False,43.85919040895036,25.584000015258788,24.47199993133545,24.60900001525879,27.23891674677531,26.589791663487752,,1,1.0,1.0,1.0,48.92395791222678,82.50632392385701,1.4579998016357423,1.8558167457580566,0.5089285714285714,0.23591827358826525,46.79770267525255
SVXY,2.0,-12.00936599512702,-0.8722115858625257,49.400001525878906,49.470001220703125,48.65999984741211,48.869998931884766,1206200.0,58946992.711639404,False,-,True,False,False,43.704616087857126,47.863999938964845,46.47199974060059,46.70099983215332,50.76616649627685,51.11033328374227,,1,1.0,1.0,1.0,48.10066351248963,85.75113800291201,1.4419990539550782,1.6511664072672525,0.5,0.27888262396879726,46.68323935953196
TXT,1.75,-2.256685144761028,-0.021884117338932807,91.5199966430664,91.79000091552734,90.58999633789062,91.38999938964844,840200.0,76785877.48718262,False,-,False,False,False,41.40056067195402,90.0780014038086,88.83300094604492,89.42500038146973,93.26666666666667,88.87849992116293,,0,-1.0,1.0,1.0,34.09600729742884,69.7690850584651,1.9060012817382812,2.4633338928222654,0.49107142857142855,0.32761440537285963,46.65528750916432
SHW,1.75,-5.5844280536438635,0.11317855205081884,335.7200012207031,337.25,331.79998779296875,336.1099853515625,1427000.0,479628949.0966797,False,-,False,True,False,44.041097728528214,327.57200317382814,323.33800048828124,319.5875015258789,342.3455006917318,338.73249969482424,,1,1.0,1.0,-1.0,54.87483594664879,66.1639289202374,9.82601318359375,8.930669148763021,0.49107142857142855,0.31098648095979825,46.4058686429684
PFSI,2.5,-37.21409027996562,-0.39227742631091633,90.8499984741211,91.87999725341797,90.12999725341797,91.41000366210938,424800.0,38830969.55566406,False,-,False,True,False,44.49587885434346,90.7239990234375,88.91899948120117,87.47599983215332,101.31833305358887,115.97458318074544,,1,1.0,1.0,-1.0,67.40239106403058,82.98115369214432,2.687998962402344,4.578166580200195,0.5178571428571429,0.15294072829481734,46.31196806727941
SEDG,1.0,21.713776304426837,-0.1912089645385362,42.25,42.70000076293945,40.400001525878906,41.7599983215332,2927600.0,122256571.0861206,False,-,False,False,False,57.01525481256293,43.21199951171875,46.6859992980957,46.30549945831299,39.234999879201254,36.60625,,0,2.0,-1.0,1.0,65.09548227371002,9.220049921025616,3.913199615478516,3.384950319925944,0.4642857142857143,0.44738898893800205,46.17512054835575
LAZ,1.75,-9.041308295479967,1.522402718374205,46.27000045776367,46.77000045776367,45.27000045776367,46.68000030517578,1481300.0,69147084.45205688,False,-,False,True,False,42.632702878775284,44.03199920654297,42.552999877929686,41.36900005340576,47.981833394368486,49.015333366394046,,1,1.0,1.0,-1.0,50.099474901161365,78.96622534891608,1.9139999389648437,2.2481669108072917,0.49107142857142855,0.293713288606861,46.14677075767434
EXPD,1.75,-10.971438555576029,-1.2221254229670353,144.8300018310547,146.27999877929688,142.75,143.05999755859375,947000.0,135477817.68798828,False,-,False,False,False,46.2500479819541,144.9019989013672,144.05599822998047,143.78099899291993,150.4393330891927,146.36449947357178,,1,1.0,-1.0,1.0,53.42907411613824,61.59551047005575,3.191998291015625,4.2918345133463545,0.49107142857142855,0.2840688957102312,46.00210486422489
TLK,1.75,-13.89270450936232,-0.739954487758443,18.989999771118164,18.989999771118164,18.770000457763672,18.780000686645508,580200.0,10896156.398391724,False,-,True,False,False,44.03517095210298,18.752000427246095,18.630000114440918,18.489000129699708,20.08033339182536,20.514166641235352,,1,1.0,1.0,1.0,45.7470130952398,50.80608371508587,0.3579998016357422,0.5346666653951009,0.49107142857142855,0.26947203808029035,45.78315199977578
NXPI,1.75,-14.521728952488488,-0.6320820067737487,207.30999755859375,209.97000122070312,203.39999389648438,204.3699951171875,2420400.0,494657136.1816406,False,-,False,True,False,41.26016803257629,201.3019989013672,197.25500030517577,195.50250015258788,217.0380002339681,216.4846669514974,,1,1.0,1.0,-1.0,47.16301612744318,75.77627425945623,7.0760009765625,8.319666035970052,0.49107142857142855,0.26632895546223395,45.73600576050493
BX,2.0,-26.0354255516556,-1.770743941663655,117.94000244140625,117.94000244140625,113.2699966430664,114.83000183105469,4449300.0,510913127.1469116,False,-,False,True,False,45.87558006873132,114.8740005493164,113.64100036621093,111.75400009155274,124.5976671854655,137.56508356730143,,1,1.0,1.0,-1.0,71.99215305265457,68.29717381556318,4.053999328613282,5.244498825073242,0.5,0.20879780536802664,45.6319670805204
UPB,3.0,-67.82208508553933,0.6717820951217757,10.479999542236328,10.668000221252441,10.335000038146973,10.489999771118164,733100.0,7690218.832206726,False,-,False,True,False,42.32051613174171,10.034000015258789,9.543000030517579,9.292749977111816,15.628500040372213,21.030458303292594,,1,1.0,1.0,-1.0,68.83884800764966,80.60303275012193,0.5354000091552734,1.4093500296274821,0.5357142857142857,0.0,45.535714285714285
TMO,1.75,-18.27930892376226,-0.8692015701131428,500.1099853515625,503.82000732421875,495.80999755859375,496.1099853515625,1308700.0,649259137.8295898,False,-,True,False,False,45.863094721499365,495.543994140625,490.8659942626953,483.6529968261719,527.982497660319,553.0638333638509,,1,1.0,1.0,1.0,60.25428697287056,68.16790046387747,12.9260009765625,14.714830525716145,0.49107142857142855,0.24755323947420138,45.45437002068444
CRSP,1.5,-8.828763007350314,-0.9667439833699221,51.75,52.220001220703125,49.5,51.220001220703125,871400.0,44633109.0637207,False,-,True,False,False,45.10506070780546,50.710000610351564,48.95300025939942,48.2810001373291,52.040333366394044,54.599083455403644,,1,1.0,1.0,1.0,43.84761903420906,84.53639891658818,2.0810005187988283,2.9241668701171877,0.48214285714285715,0.2947753258742047,45.403772745255935
GPCR,2.0,-30.043635007093805,-1.1425481956633954,55.11000061035156,55.70000076293945,52.630001068115234,54.5099983215332,1239800.0,67581495.91903687,False,-,False,False,False,36.91626321505532,53.84199981689453,51.0919994354248,50.942000007629396,66.7377504348755,56.812000306447345,,0,-1.0,1.0,1.0,43.16715259666195,79.95387265924285,3.856999969482422,4.109633255004883,0.5,0.18876975461962342,45.331546319294354
AMGN,1.0,8.239285299560661,-1.2879687883105673,357.4599914550781,357.4599914550781,349.75,351.0199890136719,2257600.0,792462727.1972656,False,-,False,False,False,40.894714659745084,347.8,348.98399963378904,351.8959991455078,359.3368336995443,341.2073338826497,,-1,-1.0,1.0,1.0,21.310743564219184,49.320298731033986,9.4219970703125,9.002669779459636,0.4642857142857143,0.38006022464695066,45.16518908398997
PHG,1.25,-4.454943409421508,0.6398873464128263,28.68000030517578,28.690000534057617,28.25,28.309999465942383,849000.0,24035189.546585083,False,🆕LIME,True,False,False,41.85179661714746,27.739999771118164,27.381000137329103,27.33750009536743,29.197333335876465,28.500083271662394,,1,1.0,1.0,1.0,39.98797401375644,73.35277042952048,0.6820003509521484,0.7538334528605143,0.4732142857142857,0.3166302418524171,44.972667913500544
NLY,1.25,-4.486630292645533,0.18099098410988557,22.100000381469727,22.190000534057617,21.950000762939453,22.139999389648438,4360100.0,96532611.33880615,False,🆕LIME,True,False,False,41.33776054287225,21.737999725341798,21.436999893188478,21.495499992370604,22.59449996948242,22.379166682561237,,1,1.0,1.0,1.0,39.10703204998812,84.781227539933,0.3979999542236328,0.503833262125651,0.4732142857142857,0.31647191018030146,44.97029293841881
AAL,1.75,-26.254075482046634,-0.4397554198603659,11.449999809265137,11.489999771118164,11.239999771118164,11.319999694824219,31838800.0,360415206.28356934,False,-,False,True,False,41.22593922428138,11.161999893188476,10.9,10.78250002861023,12.669500017166138,13.404750005404155,,1,1.0,1.0,-1.0,41.105553751664715,62.2362869317263,0.5239997863769531,0.606833299001058,0.49107142857142855,0.20770526468354097,44.85665039882454
ILMN,1.5,-17.72910008442733,-2.2155720096529996,125.06999969482422,125.93000030517578,118.30000305175781,120.93000030517578,1805500.0,218339115.55099487,False,-,False,False,False,49.709312947121944,125.35599975585937,124.25299911499023,123.79149932861328,128.96283302307128,126.99191691080729,,0,1.0,-1.0,1.0,55.175074308793526,59.109585837236295,5.213998413085937,5.238167063395182,0.48214285714285715,0.2503024996311198,44.73668035160966
BKNG,1.5,-18.405702533693013,-1.778029038010287,177.14999389648438,179.41000366210938,171.5500030517578,173.4600067138672,5115100.0,887265280.342102,False,-,False,True,False,47.71061763281137,176.1320037841797,171.1413604736328,171.80124053955078,178.59502741495768,192.45893351236978,,1,1.0,1.0,-1.0,44.13162179498899,71.0726637924882,9.067996215820312,7.059866841634115,0.48214285714285715,0.24692168125297803,44.68596807593753
BLK,1.25,-8.281480098844751,-0.23062614263441583,1002.3900146484375,1002.9299926757812,991.1799926757812,999.3099975585938,670700.0,670237215.3625488,False,-,False,True,False,44.03215548687013,984.0679931640625,967.3919982910156,965.4284973144531,1037.967339070638,1058.2759221394856,,1,1.0,1.0,-1.0,50.75309591415454,67.65587334636454,23.79200439453125,32.73117370605469,0.4732142857142857,0.29750996586424105,44.6858637736779
ECL,1.0,-0.09139430876303756,0.3009532500990897,273.7099914550781,274.7699890136719,272.0,273.2900085449219,1596800.0,436389485.64453125,False,-,False,False,False,39.94810917027218,269.7120056152344,267.2260009765625,266.3785003662109,282.39683329264324,273.7547496795654,,0,-1.0,1.0,-1.0,44.0099735393017,76.91878654768115,6.293994140625,6.199664815266927,0.4642857142857143,0.33843383864613374,44.54079329397772
F,1.25,-13.233186612103943,-0.8986900223381111,12.34000015258789,12.420000076293945,12.069999694824219,12.130000114440918,28338300.0,343743582.24306107,False,-,True,False,False,39.10873172891296,11.936000061035156,11.708000087738037,11.711000108718872,12.923000065485637,13.069750022888183,,1,1.0,1.0,1.0,41.65084927747333,74.21555804818937,0.3539999008178711,0.35650005340576174,0.4732142857142857,0.27276748909467025,44.31472662213434
CDE,1.0,-3.435111377881084,2.636919248833469,19.940000534057617,20.31999969482422,19.8700008392334,20.239999771118164,17938500.0,363075235.8942032,False,-,False,False,False,41.23697771786398,19.453999710083007,18.786999893188476,18.773000049591065,21.757666778564452,19.443750023841858,,0,-1.0,1.0,1.0,38.411814448454344,74.79390195764987,1.028000259399414,1.6683333079020182,0.4642857142857143,0.3217260952277507,44.29017714270198
SBSW,1.5,-25.20419981714379,-2.1374097594804353,13.1899995803833,13.3100004196167,12.800000190734863,12.819999694824219,3818100.0,48948040.83480835,False,-,False,False,False,40.39595425451017,12.792000198364258,12.38700008392334,12.21550006866455,15.201500066121419,13.948250039418538,,0,-1.0,1.0,1.0,42.82818723526453,76.89348170600813,0.6920000076293945,1.0038334051767985,0.48214285714285715,0.21295123880988284,44.1764114392911
CVX,0.5,15.060724153266136,-0.9508287207345867,189.7100067138672,190.9600067138672,186.47000122070312,188.5500030517578,11146900.0,2101748029.0176392,False,-,False,False,True,62.63023168250154,194.43999938964845,199.73399963378907,200.78449935913085,186.87983271280925,170.05383313496907,,-1,-1.0,-1.0,1.0,48.00276318586114,16.79417260136973,6.801995849609375,4.357000986735026,0.44642857142857145,0.41414530055379506,44.1586080797355
TOL,1.0,-5.839663049510213,-0.07844299629394813,140.22999572753906,140.74000549316406,138.7100067138672,140.1199951171875,1232900.0,172753941.97998047,False,🆕LIME,True,False,False,41.24915585339895,138.08199768066407,136.11399993896484,136.58050079345702,146.67816696166992,141.61925017038982,,1,1.0,1.0,1.0,35.079715700141335,71.54191482136955,5.198001098632813,4.9906669616699215,0.4642857142857143,0.3097111335741859,44.1099527178985
SKY,1.25,-16.986670052172215,-0.20181134608774354,79.33999633789062,79.5999984741211,78.31999969482422,79.12000274658203,261900.0,20721528.719329834,False,-,False,True,False,38.79614719562546,77.03399963378907,75.24499969482422,75.46349983215332,84.4428332010905,83.25591659545898,,1,1.0,1.0,-1.0,33.23361917049412,65.96598544537304,3.3079986572265625,3.5781663258870444,0.4732142857142857,0.25401224247975507,44.03339792291061
NTRA,1.25,-18.857455431270054,-4.911330650592671,202.9199981689453,205.5800018310547,184.0,193.02999877929688,2871600.0,554304944.4946289,False,-,True,False,False,47.94933962918821,204.2,200.16699981689453,198.47549896240236,210.71108271280926,215.4959580739339,,0,1.0,1.0,1.0,60.69214196781686,67.52030201586861,11.071401977539063,9.066798909505208,0.4732142857142857,0.24466438156367776,43.89318000916945
MRCY,1.25,-19.709502759556784,0.46698864257352923,79.2300033569336,80.69999694824219,78.25,79.5999984741211,447500.0,35620999.31716919,False,-,False,False,False,42.199215049837356,78.58600006103515,75.60700073242188,76.89900054931641,85.81383374532064,80.42825043996176,,0,-1.0,1.0,1.0,34.48508819355294,74.8950572273308,3.28399658203125,4.618666458129883,0.4732142857142857,0.2404069076664953,43.829317900711715
CCL,1.0,-9.71281139436172,0.4667833356767126,28.31999969482422,28.510000228881836,27.440000534057617,27.979999542236328,19457100.0,544409649.0932465,False,-,True,False,False,46.08303552352802,27.006000137329103,26.12799987792969,25.511499977111818,28.545500055948892,28.398000113169353,,1,1.0,1.0,1.0,54.94688043495863,73.33021417507081,1.6019996643066405,1.403833230336507,0.4642857142857143,0.29035795044611024,43.81965497097737
XLC,0.75,-2.5151873186395224,-0.28003824645569386,114.63999938964844,114.86000061035156,113.68000030517578,113.94999694824219,2667900.0,304007196.85821533,False,-,False,False,False,39.26526108098451,113.1219985961914,111.44099884033203,112.13399963378906,115.18916651407878,115.2728333791097,,0,-1.0,1.0,1.0,42.81741705580366,88.00542705841065,1.3819992065429687,1.6421499888102213,0.45535714285714285,0.3263227326909376,43.600198133221205
MNST,0.75,-3.4553092871705826,-0.6168804379086068,76.16999816894531,76.66999816894531,75.4000015258789,75.72000122070312,3826800.0,289765300.6713867,False,-,False,False,False,37.10815454877842,74.7300018310547,73.44000091552735,73.99100036621094,78.57550048828125,75.78525028228759,,0,-1.0,1.0,1.0,31.85478407495517,73.97067748270649,2.2800003051757813,1.7793323516845703,0.45535714285714285,0.3216251711725687,43.529734710445666
WS,0.75,-4.339520139394704,1.8007520371458252,34.77000045776367,35.58000183105469,33.77000045776367,35.04999923706055,310400.0,10879519.763183594,False,🆕LIME,True,False,False,38.73469179634527,32.82399940490723,31.261999702453615,31.785999870300294,38.3685001373291,36.04125006993612,,1,1.0,1.0,1.0,42.308121806136704,70.24727607268507,1.9434009552001954,1.8869665145874024,0.45535714285714285,0.31720698394520047,43.46346190203515
BMY,0.5,4.828327702698099,-1.4292958993961657,59.790000915527344,59.79999923706055,58.459999084472656,58.619998931884766,8059000.0,472418571.3920593,False,-,False,False,False,48.93100668480116,58.85800018310547,59.454000091552736,59.03799991607666,58.842000007629395,54.28800004323323,,-1,-1.0,1.0,1.0,50.84297473809246,33.138806209432,1.318000030517578,1.3709999720255535,0.44642857142857145,0.36301649661574026,43.39167602066468
CAE,1.0,-16.35201222375825,-0.1816902019530109,27.559999465942383,28.0,27.3799991607666,27.469999313354492,866300.0,23797260.405158997,False,🆕GRN,False,True,False,41.39810823578322,27.09000015258789,26.586000061035158,26.798000144958497,29.61066665649414,29.10616660118103,,1,1.0,1.0,-1.0,31.54260400963857,71.46859399235186,0.7740005493164063,0.9364999453226726,0.4642857142857143,0.2571834737581256,43.3220378206576
LECO,0.5,2.0387076484908118,0.058578119809182816,256.29998779296875,258.57000732421875,255.41000366210938,256.260009765625,206700.0,52968944.01855469,True,-,False,False,False,37.947443387095724,249.3739990234375,248.16499938964844,252.01449966430664,267.7145004272461,253.2583340962728,,0,-1.0,1.0,1.0,25.60741358805647,58.067710997762546,7.569998168945313,8.732665506998698,0.44642857142857145,0.3490774416248332,43.182590195801076
WSM,0.75,-9.107072655462666,-1.1395079732378188,194.0,194.0,188.42999267578125,189.1300048828125,794400.0,150244875.87890625,False,-,True,False,False,42.51232038053065,186.10399780273437,182.55199737548827,182.12199859619142,198.18483327229816,193.04416631062824,,1,1.0,1.0,1.0,37.709454777557774,67.71186880851492,7.936004638671875,7.955499521891276,0.45535714285714285,0.293384680046402,43.10612734355317
FDN,0.75,-9.412293089377833,-0.9621659418202699,246.3699951171875,247.0,241.72999572753906,242.9199981689453,441400.0,107224887.19177246,False,-,False,True,False,45.68936276875416,243.16799926757812,237.7699996948242,238.97499923706056,245.71833368937175,259.041833114624,,1,1.0,1.0,-1.0,52.019467208344246,81.93035802685799,5.479998779296875,5.500832875569661,0.45535714285714285,0.29185956754720144,43.08325065606516
NU,0.75,-9.661832605043251,0.6052464914629407,14.930000305175781,15.039999961853027,14.779999732971191,14.960000038146973,30145600.0,450978177.1499634,False,-,True,False,False,44.047745927062635,14.55,14.281999969482422,14.225500011444092,15.851166693369548,16.13950003782908,,1,1.0,1.0,1.0,45.84601865276717,63.233057213160954,0.553800392150879,0.630700159072876,0.45535714285714285,0.29061267909512767,43.06454732928405
AZO,0.5,-2.147901271571706,-3.3183113694221,3537.070068359375,3544.72998046875,3412.409912109375,3430.449951171875,229000.0,785573038.8183594,False,-,False,False,False,42.56063883878686,3453.783984375,3413.2929931640624,3404.5974853515627,3601.3719889322915,3629.3997456868487,,0,-1.0,1.0,-1.0,28.717251592514152,76.06509939980123,104.154052734375,101.3818359375,0.44642857142857145,0.3281579720095501,42.86879815157183
IBIT,1.0,-22.419261508216092,1.5888573168010511,41.0,41.59000015258789,40.76499938964844,41.560001373291016,34577100.0,1437024323.4844208,False,-,False,True,False,47.17508340100873,40.30199966430664,39.16199989318848,39.71849956512451,41.71324971516927,47.916666444142656,,1,1.0,1.0,-1.0,37.83983667125331,78.79979352527178,1.4290016174316407,1.7753167470296225,0.4642857142857143,0.22686690025484546,42.8672892181084
CMG,0.75,-13.499111178437516,-0.4380885470961937,34.22999954223633,34.5,33.90999984741211,34.09000015258789,9833000.0,335206971.5003967,False,-,False,True,False,41.28683371957073,33.73600082397461,32.85000038146973,32.9625,36.29650007883708,35.94425001144409,,1,1.0,1.0,-1.0,43.4009356392,75.96431007405266,1.2,1.2720003763834635,0.45535714285714285,0.271438728517413,42.776938070618336
XLV,0.5,-6.016337631799806,-1.3527116103208003,149.77999877929688,149.83999633789062,147.11000061035156,147.30999755859375,6217800.0,915944102.8198242,False,-,False,False,False,38.06483351314515,147.83200073242188,146.73899993896484,146.9224998474121,153.08550008138022,152.56866658528645,,0,-1.0,1.0,1.0,33.645186933122005,72.86537791576917,2.2379974365234374,2.1863334655761717,0.44642857142857145,0.30882833352608763,42.57885357431989
OPCH,0.75,-16.546762589928054,-1.5948399195975238,29.520000457763672,29.690000534057617,28.920000076293945,29.0,1599000.0,46371000.0,False,-,False,False,False,32.50471310983364,28.61999969482422,27.824999809265137,28.33499984741211,31.95249983469645,31.083666690190633,,0,-1.0,1.0,-1.0,35.68161923582726,77.56544207829245,0.8899997711181641,1.0228331565856934,0.45535714285714285,0.25621035340094794,42.54851244387136
LC,1.0,-26.736108285935025,-1.0053593683863604,14.760000228881836,15.017999649047852,14.640000343322754,14.770000457763672,1694300.0,25024811.77558899,False,-,True,False,False,46.71494356755575,14.79000015258789,14.457000064849854,14.286999988555909,16.067999998728435,17.248249967892963,,1,1.0,1.0,1.0,57.90749801736374,64.24703677355411,0.553599739074707,0.8478833198547363,0.4642857142857143,0.2052966636445974,42.543735668954675
CL,0.25,1.6634489737792801,-1.9758304969170748,85.94999694824219,86.22000122070312,84.22000122070312,84.33999633789062,3738200.0,315279774.31030273,False,-,False,False,False,36.915189203747055,84.71799926757812,84.93900070190429,85.79600028991699,89.91066678365071,84.26600042978923,,0,-1.0,1.0,1.0,15.143902869867935,44.16509461515295,1.8380020141601563,1.9430004119873048,0.4375,0.3472023650190674,42.39553547528601
EGO,0.5,-10.921087679879326,2.128846793533312,36.0,36.61000061035156,35.810001373291016,36.459999084472656,2144000.0,78170238.03710938,False,-,False,False,False,41.98635751388184,35.763999938964844,35.128000259399414,34.738500118255615,40.526999950408936,35.86891660690308,,0,-1.0,1.0,1.0,40.80004535173999,74.31589200464596,1.481999969482422,2.4771663665771486,0.44642857142857145,0.2843204868271355,42.21123587383561
LOW,0.5,-10.949862818339795,-1.4486890655175388,248.4600067138672,249.25,243.63999938964844,244.22000122070312,1840200.0,449413646.2463379,False,-,True,False,False,40.77341349462114,240.5,236.8679992675781,235.72049942016602,258.752335357666,250.48500137329103,,1,1.0,1.0,1.0,44.18713284607129,70.66282499550604,8.913998413085938,6.907332102457683,0.44642857142857145,0.28417670443757087,42.20907913799214
RKLB,0.75,-21.402169539629757,1.962848711296461,67.69999694824219,70.05999755859375,66.33999633789062,68.05000305175781,18560300.0,1263028471.6415405,False,-,False,False,False,46.5210333538041,67.5720001220703,65.36400032043457,67.67400035858154,73.39750054677327,66.64058364232382,,0,-1.0,1.0,1.0,39.149681307881245,62.328941509664745,4.474601745605469,6.151883125305176,0.45535714285714285,0.231949062200001,42.18459307585715
CMC,0.5,-11.405872578841104,0.3355211556002047,66.0,66.66999816894531,65.5999984741211,65.79000091552734,987900.0,64993941.90444946,False,🆕LIME,True,False,False,39.736329136659414,63.62199935913086,62.2569995880127,61.87900009155273,71.08333371480306,67.9275003115336,,1,1.0,1.0,1.0,45.32283842388019,72.48722393925605,2.2860008239746095,2.5929997762044272,0.44642857142857145,0.2818981342364313,42.17490058497505
LLY,0.5,-12.785114807453024,-1.6457491910616517,963.6900024414062,963.9400024414062,935.5399780273438,939.469970703125,1957200.0,1838730626.6601562,False,-,False,False,False,40.63032698683962,941.2219970703125,928.0850036621093,927.7265014648438,997.2915079752604,997.0655873616537,,0,-1.0,1.0,1.0,38.76439357734604,64.38887918325564,26.6699951171875,32.75499267578125,0.44642857142857145,0.2750063952552007,42.07152450025659
LBRT,-0.75,36.10837536547338,1.5808764182574153,27.0,27.700000762939453,26.799999237060547,27.6299991607666,3276000.0,90515877.25067139,False,-,False,False,True,49.87159387422956,27.820000076293944,28.182000160217285,29.27450008392334,26.602499993642173,22.240249959627786,,-1,-1.0,-1.0,1.0,29.776040356146332,27.286553479505784,1.2420005798339844,1.51448335647583,0.4017857142857143,0.5193153100803284,41.941515365490645
AFRM,1.0,-36.11952349676727,-0.9793910603449918,49.45000076293945,49.900001525878906,48.20000076293945,48.529998779296875,3591400.0,174290637.6159668,False,-,False,True,False,43.6722327989669,48.64000015258789,46.64300003051758,46.05349998474121,53.717750040690106,63.115166727701826,,1,1.0,1.0,-1.0,43.087387484258116,68.61376125294615,3.0194000244140624,3.2770668029785157,0.4642857142857143,0.1584100131026933,41.840435910826116
PBF,-0.5,23.617009977809822,0.2959283209433172,40.25,40.97999954223633,39.59000015258789,40.66999816894531,2154000.0,87603176.0559082,False,-,False,False,True,57.553543001217385,43.359999084472655,45.7419994354248,46.433999633789064,39.16149984995524,35.74774996439616,,-1,-1.0,-1.0,1.0,51.719442718984816,17.713754844135632,3.0840003967285154,2.572499656677246,0.4107142857142857,0.4568989861126425,41.76419907740392
CLF,0.75,-32.33532788801465,-2.0585004312715927,9.329999923706055,9.359999656677246,9.029999732971191,9.039999961853027,9531200.0,86162047.63641357,False,🆕LIME,True,False,False,38.829489976665094,8.90999984741211,8.588999843597412,8.442999958992004,10.932000041007996,11.72958336273829,,1,1.0,1.0,1.0,40.94251626472596,81.98476582827757,0.36399993896484373,0.6736666997273763,0.45535714285714285,0.17731872097751572,41.36513795751988
FTNT,0.0,-2.0809457994500735,-4.909504753379313,80.5199966430664,80.5199966430664,76.01000213623047,76.69999694824219,12399300.0,951026272.1603394,False,🆕RED,False,False,True,47.85043317532278,81.3760009765625,80.95300064086913,81.52800025939942,81.14600016276042,81.55866686503093,,-2,-2.0,-1.0,-1.0,45.712845416378585,60.146368150534116,3.305999755859375,3.0258333841959635,0.42857142857142855,0.3284925322685495,41.35595941259967
OMCL,0.75,-33.060903026964915,-3.016632810826303,35.58000183105469,35.81999969482422,33.779998779296875,34.400001525878906,325800.0,11207520.497131348,False,-,False,False,False,39.388215708506564,34.810000610351565,34.0620002746582,34.1915002822876,40.08683344523112,39.782000080744425,,-1,-1.0,1.0,1.0,29.013564739453237,63.06295516429009,1.6140007019042968,1.7955001831054687,0.45535714285714285,0.1736931979437932,41.310755112014036
CCS,0.25,-13.839933057079158,-1.7139105311418934,60.61000061035156,60.709999084472656,59.20000076293945,59.63999938964844,133400.0,7955975.918579102,False,-,True,False,False,38.46487290241255,58.66600036621094,57.615000534057614,57.431000518798825,63.83133373260498,62.50300006866455,,1,1.0,1.0,1.0,43.270732173826616,72.34243879197558,2.474600982666016,2.455150032043457,0.4375,0.2697357242314619,41.23353586347193
AIQ,0.0,-6.212007020666322,0.04052777787655337,49.58000183105469,49.66999816894531,49.19499969482422,49.369998931884766,1171200.0,57822142.74902344,False,🆕LIME,True,False,False,44.612478664527934,48.78399887084961,47.544999313354495,47.90999965667724,49.7,50.39641679128011,,1,1.0,1.0,1.0,49.84328596333144,81.05760607601958,1.1769989013671875,1.2267666498819987,0.42857142857142855,0.3078506210353368,41.046330744101475
MSI,-0.5,10.918159192175514,-1.99095990024718,441.2799987792969,442.2300109863281,432.94000244140625,433.69000244140625,843800.0,365947624.0600586,False,-,False,False,True,42.809141216546834,441.5520080566406,437.99200439453125,449.2060043334961,440.431667582194,414.73158365885416,,-1,-1.0,-1.0,1.0,23.45114335177963,51.881018434505606,7.29801025390625,10.051499430338541,0.4107142857142857,0.39344590792182754,40.8124029045417
MMM,0.0,-11.273752243628344,-0.11959646231312071,151.22000122070312,151.5,149.6999969482422,150.32000732421875,1825500.0,274409173.3703613,False,🆕GRN,False,True,False,40.74254558281542,147.76800231933595,145.93500061035155,146.1790008544922,156.99633407592773,161.30475044250488,,1,1.0,1.0,-1.0,39.374894950234285,67.49727126545132,3.0300018310546877,4.311500295003255,0.42857142857142855,0.282558307515287,40.666946041300726
ALV,0.0,-14.067253676270564,0.1454773848256652,111.30999755859375,111.56999969482422,109.69999694824219,110.13999938964844,450500.0,49618069.72503662,False,-,False,True,False,41.66306139340463,108.0,106.10500030517578,104.78450012207031,115.86666666666666,117.742666943868,,1,1.0,1.0,-1.0,51.651614938874026,69.06206045506033,3.0400009155273438,3.0055005391438803,0.42857142857142855,0.26859985821748733,40.457569301833736
HMY,0.25,-24.875395772686215,-0.8373169581210371,16.760000228881836,16.920000076293945,16.450000762939453,16.579999923706055,3626400.0,60125711.72332764,False,🆕GRN,False,True,False,41.173544272026625,16.327999877929688,15.776999950408936,15.101499938964844,19.201833391189574,19.03649996916453,,1,1.0,1.0,-1.0,46.28496667244288,72.63596572641883,0.8219999313354492,1.2044999917348227,0.4375,0.21459419289246995,40.40641289338705
CHRW,-0.25,-5.725978999323644,-3.9424157317221487,169.72999572753906,171.52000427246094,163.16000366210938,163.49000549316406,2024900.0,331050912.1231079,False,🆕RED,False,False,True,42.27094758901692,168.24400024414064,166.71200103759764,168.3240005493164,179.017333984375,166.48508415222167,,-2,-2.0,1.0,1.0,29.49560222490325,58.46511992173241,5.66600341796875,6.788167317708333,0.41964285714285715,0.3102791852071492,40.3238306352501
COF,0.0,-16.598246858071576,-0.8884074182180068,194.1199951171875,194.7100067138672,191.52000427246094,193.0,2387900.0,460864700.0,False,-,False,True,False,43.80240914884381,189.11000061035156,184.86300048828124,183.49649963378906,201.54216588338215,214.8719159444173,,1,1.0,1.0,-1.0,50.72454293233794,74.28313203512039,5.473995971679687,7.059833017985026,0.42857142857142855,0.255953098996809,40.26786791352356
TM,-0.25,-8.02951556026066,-0.23680970040985683,210.5,212.27999877929688,210.0800018310547,210.63999938964844,192600.0,40569263.88244629,False,-,False,False,False,38.42675035466381,208.9720001220703,207.72999877929686,208.93899841308593,224.89349899291992,215.89949938456218,,0,-1.0,1.0,1.0,29.592068662672325,53.29897781885876,5.5219970703125,5.093833160400391,0.41964285714285715,0.29876897156782606,40.151177430660255
SITE,-0.25,-8.335593416668896,0.6463079364406488,131.94000244140625,136.0749969482422,131.94000244140625,135.47999572753906,413600.0,56034526.232910156,False,🆕LIME,True,False,False,46.37912776724816,132.8739990234375,131.30900039672852,131.71349983215333,140.9483325958252,134.72149963378905,,1,1.0,1.0,1.0,39.40131703253273,56.444575256162594,5.509999084472656,5.303849665323893,0.41964285714285715,0.2972395747363333,40.12823647818786
BLD,0.0,-19.439054582845284,2.5749717442327347,387.19000244140625,396.95001220703125,381.95001220703125,394.3699951171875,523900.0,206610440.44189453,False,-,True,False,False,37.78756491554106,374.397998046875,363.32900085449216,359.46299896240237,438.5513320922852,436.3280830383301,,1,1.0,1.0,1.0,47.57826142628665,77.82372635781917,17.58599853515625,18.619512939453124,0.42857142857142855,0.2417582716279375,40.054945502990485
RVMD,0.0,-19.608167771121465,0.21824888984460777,97.02999877929688,97.2249984741211,94.62999725341797,96.43000030517578,1980100.0,190941043.60427856,False,🆕LIME,True,False,False,45.43040268579226,96.21000061035156,96.12800064086915,96.35499992370606,100.58866653442382,87.20216646194459,,1,1.0,1.0,1.0,46.289598741002024,49.47259817007266,3.1080001831054687,3.8903003692626954,0.42857142857142855,0.24091325403225666,40.04227023905527
FXI,-0.25,-9.937888198757761,-0.11022572201211389,36.45000076293945,36.47999954223633,36.18000030517578,36.25,15708200.0,569422250.0,False,🆕GRN,False,True,False,41.71958446416234,35.98399963378906,35.67900009155274,35.80000019073486,37.54533348083496,38.54591668446859,,1,1.0,1.0,-1.0,38.84613566301554,71.12937180225722,0.5739997863769531,0.6333332061767578,0.41964285714285715,0.28923329623059363,40.00814230060177
SWK,-0.25,-12.919178392450714,-1.6886801833257414,73.9000015258789,74.27999877929688,72.12999725341797,72.19000244140625,1594600.0,115114177.8930664,False,🆕LIME,True,False,False,39.54825612126519,70.54400024414062,69.98299942016601,70.10950012207032,79.17116673787434,75.45608348846436,,1,1.0,1.0,1.0,36.35314446051488,54.68973814456897,2.834001159667969,3.0099998474121095,0.41964285714285715,0.27433651202836395,39.78469053756832
PSX,-1.0,15.649966252256275,-1.1299479986706995,160.19000244140625,161.60000610351562,156.52000427246094,159.25,2926300.0,466013275.0,False,-,False,False,True,59.48863233279682,168.07000122070312,174.74700012207032,175.95649948120118,160.7149996439616,148.24616673787435,,-1,-1.0,-1.0,1.0,49.200788760606244,15.680232068729504,7.2440032958984375,5.345000457763672,0.39285714285714285,0.4170896004445252,39.64920114952502
SYK,-0.5,-4.684956743465207,0.002942515661930045,342.8900146484375,345.17999267578125,337.0299987792969,339.1499938964844,1733700.0,587984344.418335,False,🆕GRN,False,True,False,35.96761684018848,336.53400268554685,332.5740020751953,335.19250030517577,356.0200007120768,359.51650060017903,,1,1.0,1.0,-1.0,27.80205269687047,76.61482767508599,6.567999267578125,9.007333882649739,0.4107142857142857,0.31548092099524827,39.64292810064301
YETI,0.0,-25.62335847388607,-1.6881057697398782,37.40999984741211,37.5,36.52000045776367,36.689998626708984,719000.0,26380109.01260376,False,🆕LIME,True,False,False,37.936048072173925,37.00199966430664,36.613999938964845,36.638000106811525,42.644499905904134,41.66433334350586,,1,1.0,1.0,1.0,33.00106974566566,59.6174659689071,1.4180000305175782,1.7336665471394856,0.42857142857142855,0.21085680463866532,39.5914234981514
VUG,-0.5,-6.129383997666138,0.35036906067926754,460.7200012207031,463.17999267578125,459.92999267578125,461.1300048828125,2260600.0,1042430489.0380859,False,🆕LIME,True,False,False,42.74714915747597,453.31199340820314,442.93199768066404,444.75149688720705,461.7169993082682,475.1459159851074,,1,1.0,1.0,1.0,51.63759741029942,89.06293172507814,7.994000244140625,8.315997314453124,0.4107142857142857,0.3082634682470485,39.53466630942001
INDA,-0.5,-6.975868587996736,0.5502352953797862,49.5,49.599998474121094,49.25,49.34000015258789,6164100.0,304136694.940567,False,🆕GRN,False,True,False,39.567798511807496,48.45800018310547,47.37299995422363,47.437500190734866,50.49750010172526,52.28041690190633,,1,1.0,1.0,-1.0,42.71383353520456,82.79327450200887,0.9419990539550781,0.7438334782918294,0.4107142857142857,0.3040337900025943,39.4712211357532
URI,-0.25,-17.89463536302374,0.5955493394830924,768.3200073242188,776.3099975585938,760.489990234375,771.9299926757812,357700.0,276119358.38012695,False,🆕LIME,True,False,False,41.245480802694374,753.843994140625,740.9569946289063,737.9679962158203,820.2871673583984,834.9636657714843,,1,1.0,1.0,1.0,39.99897324363585,72.11034597945101,19.62200927734375,30.21083780924479,0.41964285714285715,0.24947535998254636,39.411773256881055
RUN,0.0,-28.29373971530248,-0.3750952064593971,13.395000457763672,13.640000343322754,13.229999542236328,13.279999732971191,4245600.0,56381566.86630249,False,-,True,False,False,44.963911104938525,13.385999870300292,13.288000011444092,12.98600001335144,16.04600001970927,17.49975000222524,,1,1.0,1.0,1.0,69.01965877782648,53.603972815065845,0.7828001022338867,1.3079498926798503,0.42857142857142855,0.19751355708255058,39.39127478480968
META,-0.75,-0.19490745401812282,0.23392648973701302,634.469970703125,638.5800170898438,624.3300170898438,629.8599853515625,13275200.0,8361517277.5390625,False,-,False,False,False,39.79131915564761,603.747998046875,580.6659973144531,591.2964965820313,634.5749969482422,645.0657485961914,,0,-1.0,1.0,-1.0,44.301524345274565,78.8525321878055,23.097998046875,21.028164672851563,0.4017857142857143,0.33791660855889794,39.22053484266918
IE,-0.25,-22.58065030038543,4.4289020970683435,13.0600004196167,13.9399995803833,13.055000305175781,13.4399995803833,1990500.0,26752319.16475296,False,🆕LIME,True,False,False,38.587731993910374,12.695999908447266,12.133999919891357,11.883500003814698,15.150166702270507,14.902333362897236,,1,1.0,1.0,1.0,40.41188215939578,82.72332811703542,0.8319999694824218,1.1842500686645507,0.41964285714285715,0.22606047959351863,39.06055005104564
HAYW,-0.5,-12.530415770663383,-0.13888544874417486,14.430000305175781,14.555000305175781,14.319999694824219,14.380000114440918,1494800.0,21495224.171066284,False,🆕GRN,False,True,False,35.42434135417785,14.023999977111817,13.67199993133545,13.793499994277955,15.295166571935018,15.615083320935566,,1,1.0,1.0,-1.0,34.522112594554386,69.94509624384746,0.46399993896484376,0.4894500732421875,0.4107142857142857,0.27627906458326473,39.054900254463256
FSLR,-0.5,-15.698541305034864,3.1533593007367022,198.16000366210938,207.0,197.27999877929688,203.47000122070312,1610400.0,327668089.9658203,False,-,True,False,False,43.20566579344584,197.8760009765625,195.63699951171876,195.23649978637695,214.25600026448566,235.39875081380208,,1,1.0,1.0,1.0,59.85040481920919,73.53131128161246,7.63800048828125,10.609999593098959,0.4107142857142857,0.2604487094870221,38.81744492801962
ALMS,-1.0,4.2514635945730905,0.4795061048042282,23.040000915527344,23.440000534057617,22.649999618530273,23.049999237060547,911200.0,21003159.30480957,False,-,False,False,True,42.788757539065315,22.589999771118165,22.608999824523927,23.836499786376955,25.8612499554952,17.317041647434234,,-1,-1.0,-1.0,1.0,31.511382449281758,41.964305944219255,1.2440006256103515,1.8735833803812663,0.39285714285714285,0.3601340465439795,38.79486784101683
PRU,-0.5,-16.881111679596327,-0.2059700838156986,96.70999908447266,97.19999694824219,95.76000213623047,96.9000015258789,1708300.0,165534272.60665894,False,-,False,True,False,46.861962464019676,97.1740005493164,96.68900146484376,95.23350105285644,101.03516705830891,105.27633355458578,,1,1.0,1.0,-1.0,62.64941203551748,64.20290206931762,1.9419998168945312,2.6755001068115236,0.4107142857142857,0.2545396920719914,38.728809666794156
DHR,-0.5,-19.506706327254264,-1.75138856241559,193.72999572753906,193.72999572753906,189.44000244140625,189.61000061035156,3188900.0,604647330.9463501,False,-,False,True,False,39.86940253644777,192.38399963378907,189.88399963378907,189.9510009765625,207.4755002339681,215.8707499186198,,1,1.0,1.0,-1.0,45.98849604241586,73.76230127493832,4.679998779296875,5.410166168212891,0.4107142857142857,0.24142023226514853,38.532017769691514
TILE,-0.75,-10.50032493361165,1.0029734658189682,27.110000610351562,27.469999313354492,26.850000381469727,27.190000534057617,431200.0,11724328.230285645,False,-,False,False,False,34.63415940559077,26.010000228881836,25.525,25.75299997329712,29.525833257039388,28.546749973297118,,0,-1.0,1.0,1.0,27.331217466486937,64.3495745188525,0.8860000610351563,1.0311665852864584,0.4017857142857143,0.2864229362447559,38.448129757957055
SYNA,-0.75,-13.542639967122817,-0.27026614627322365,75.05999755859375,76.0,73.62000274658203,73.80000305175781,502700.0,37099261.53411865,False,-,False,False,False,44.32973076419495,74.33600158691407,72.22400131225587,72.92700080871582,80.18000043233236,76.29200035730997,,0,-1.0,1.0,1.0,53.098000918694325,72.2296273601801,3.457997131347656,4.227000045776367,0.4017857142857143,0.2712212257151024,38.22010410001225
HSAI,-0.75,-14.003796890464404,4.088191873836378,22.1200008392334,23.059999465942383,22.110000610351562,22.65999984741211,1176400.0,26657223.820495605,False,-,False,False,False,37.46026871402764,21.453999710083007,20.368999862670897,21.58199996948242,24.593666807810465,23.193250091870627,,0,-1.0,1.0,1.0,33.14993088294759,73.45891638447665,1.0618000030517578,1.4953498522440591,0.4017857142857143,0.2689169363893209,38.18553976012553
MTH,-0.75,-15.373851006771577,-0.20992560282396822,66.66000366210938,66.87999725341797,65.76000213623047,66.55000305175781,891900.0,59355947.72186279,False,-,False,True,False,39.84541478911996,64.49000244140625,62.8630012512207,62.228500556945804,69.88350060780843,69.5596671740214,,1,1.0,1.0,-1.0,46.26033505224539,81.9082774318022,2.679998779296875,2.5541669845581056,0.4017857142857143,0.2620711081773671,38.082852336946225
BCH,-1.0,-5.654828996033279,-0.15543409576550538,38.88999938964844,39.31999969482422,38.43000030517578,38.540000915527344,330200.0,12725908.302307129,False,🆕LIME,True,False,False,43.89424972762239,37.635999298095705,37.25099983215332,37.791500091552734,40.850166702270506,38.92633336385091,,1,1.0,1.0,1.0,39.05380705770644,61.48531828510845,1.2639991760253906,1.4129997889200847,0.39285714285714285,0.3106347045213195,38.05237771067693
BETZ,-1.0,-8.98652562508041,-0.3280556057275952,18.40999984741211,18.510000228881836,18.200000762939453,18.229999542236328,5900.0,107556.99729919434,False,-,False,True,False,48.707350621593726,18.390200042724608,18.091900062561034,18.088950061798094,18.35201660792033,19.81197501818339,,0,1.0,1.0,-1.0,54.641009456542236,71.66243794610772,0.43360061645507814,0.3837834676106771,0.39285714285714285,0.2939870243272852,37.802662507766414
KKR,-0.5,-29.873923787933332,-1.7343537418879618,92.83000183105469,93.0,89.69000244140625,91.22000122070312,4067900.0,371073842.96569824,False,-,False,True,False,45.538862306409285,91.96200103759766,91.3760009765625,90.33200035095214,100.16500040690104,112.88783359527588,,1,1.0,1.0,-1.0,67.78397681394566,62.5788286861158,2.897999572753906,4.564166132609049,0.4107142857142857,0.18961776043062403,37.754980692173646
NOC,-1.5,7.710628372302164,-2.4385691062256742,685.3400268554688,687.0,665.0,673.72998046875,499800.0,336730244.23828125,False,-,False,False,True,42.01300636253087,687.6119873046875,687.0389953613281,697.7695037841797,702.7253356933594,639.5510828653971,,-1,-1.0,-1.0,1.0,24.132724014680434,53.07484809603668,16.37999267578125,19.339663696289062,0.375,0.3774186541688254,37.536279812532385
PG,-1.5,0.6378245520719306,-1.022773736905025,146.88999938964844,146.88999938964844,144.75999450683594,145.16000366210938,9789800.0,1421087403.8513184,False,-,False,False,False,35.35820405480907,144.1580017089844,143.98700103759765,145.1720001220703,152.07533365885416,149.06141726175943,,0,-2.0,1.0,-1.0,16.98567554532034,56.91823668090726,2.732000732421875,2.8895001729329426,0.375,0.34207756847459375,37.00616352711891
PII,-1.0,-22.081043060891894,-2.2493809393506314,56.79999923706055,57.02000045776367,54.970001220703125,55.189998626708984,652900.0,36033550.103378296,False,-,False,False,False,45.668732149789044,54.954000091552736,54.55500030517578,54.20350036621094,60.73766663869222,63.78683334986369,,0,-1.0,1.0,1.0,53.30670682210166,46.6735539392281,2.065998840332031,2.509166653951009,0.39285714285714285,0.2285568958257767,36.821210580243786
HCC,-1.25,-12.272863392625343,3.0921839209391733,86.38999938964844,90.19999694824219,85.7699966430664,88.3499984741211,696800.0,61562278.93676758,False,-,False,False,False,56.08512291086892,90.20399932861328,92.43400039672852,91.08450050354004,89.59716669718425,84.6715836207072,,0,1.0,-1.0,1.0,62.169724427824846,34.32758448414687,5.565000915527344,4.538433329264323,0.38392857142857145,0.2775659913656761,36.79741844191372
RKT,-0.75,-34.753953285881465,-1.1318247078086707,15.010000228881836,15.074999809265137,14.569999694824219,14.850000381469727,21464000.0,318740408.1878662,False,-,True,False,False,41.98823211866072,14.922000122070312,14.541000080108642,14.417500019073486,17.330666716893514,17.94641667207082,,1,1.0,1.0,1.0,42.759807795567234,69.78040686948854,0.8039999008178711,0.9947166919708252,0.4017857142857143,0.16523343632650248,36.630287259183255
CPA,-1.5,-8.35832563745188,-0.058699953731000676,120.0,120.87000274658203,116.30999755859375,119.18000030517578,449100.0,53523738.13705444,True,🆕LIME,True,False,False,41.40920810441779,116.53399963378907,114.7509994506836,113.74049949645996,129.8788330078125,126.48016656239828,,1,1.0,1.0,1.0,36.19006686401248,59.21066234506012,5.790000915527344,5.203833897908528,0.375,0.2971259873411317,36.33188981011698
GPC,-1.25,-18.53451455499072,-0.9672028794921128,109.23999786376953,109.52999877929688,106.98999786376953,107.51000213623047,1812300.0,194840376.87149048,False,🆕GRN,False,True,False,39.8354931197689,106.49400024414062,105.62399978637696,103.97349967956544,121.3558334350586,124.61875,,1,1.0,1.0,-1.0,53.49103544222288,81.08344051694395,2.882002258300781,3.591167195638021,0.38392857142857145,0.2462780388165643,36.328099153677044
PAX,-1.0,-28.67902516584042,-1.1244931067729946,12.470000267028809,12.5600004196167,12.239999771118164,12.3100004196167,684600.0,8427426.287269592,False,-,False,True,False,46.04091657698343,12.41200008392334,12.3560001373291,11.872000074386596,13.480833339691163,14.440125012397766,,1,1.0,1.0,-1.0,68.7528093231455,66.02455423538451,0.42799968719482423,0.5125499725341797,0.39285714285714285,0.19558837910924737,36.32668282949585
XLY,-1.5,-9.113597760455438,0.13305085038244346,113.0,113.45999908447266,112.23999786376953,112.88999938964844,5606500.0,632917781.578064,False,🆕LIME,True,False,False,41.61636098116052,110.6519989013672,109.15300064086914,109.75700035095215,115.39399998982748,117.28237495422363,,1,1.0,1.0,1.0,39.94953106784896,72.54398723568978,2.4880020141601564,2.2251669565836587,0.375,0.293352075678944,36.27528113518416
TMDX,-1.25,-20.117725010994214,4.39560731309625,109.97000122070312,115.0,109.97000122070312,114.0,821100.0,93605400.0,False,-,False,False,False,33.773487298002706,108.93600006103516,103.85450057983398,109.03025016784667,127.18900082906087,128.06791756947834,,0,-1.0,1.0,-1.0,25.29795408445974,72.66885716475537,5.786201477050781,7.0103501637776695,0.38392857142857145,0.23836712006075442,36.20943537233989
GDS,-1.75,-0.8266378669337326,1.9422264589226357,42.02000045776367,42.8849983215332,41.79999923706055,41.9900016784668,773900.0,32496062.298965454,False,-,False,False,True,46.63094663396985,40.337999725341795,40.322000122070314,41.83450012207031,42.967000071207686,38.89499996503194,,0,-2.0,-1.0,1.0,30.358919973600514,35.21351434403648,1.8449996948242187,2.4393337249755858,0.36607142857142855,0.3347600048659404,36.13747150156053
AZTA,-0.75,-42.31169068968141,-1.9858815797425766,22.559999465942383,23.100000381469727,21.959999084472656,22.209999084472656,554200.0,12308781.492614746,False,🆕GRN,False,True,False,38.30837998412967,22.293999481201173,21.65599956512451,21.411999797821046,28.04316654205322,30.773083194096884,,1,1.0,1.0,-1.0,43.50988744969785,70.06151707966853,1.2300006866455078,1.5020001093546549,0.4017857142857143,0.12746925510063337,36.06382454079522
RJF,-1.5,-12.560559658679171,-1.316320343105415,147.7899932861328,147.92999267578125,145.0800018310547,146.19000244140625,918200.0,134231660.24169922,False,🆕GRN,False,True,False,40.24650120568511,145.25400390625,143.88700103759766,144.1525001525879,155.80083338419595,158.776500193278,,1,1.0,1.0,-1.0,38.86702253503049,66.96749341372131,3.3839996337890623,4.422498575846354,0.375,0.2761284428840631,36.016926643260945
QGEN,-1.5,-13.368646761221047,-0.2926089656086539,41.16999816894531,41.52000045776367,40.63999938964844,40.88999938964844,1159700.0,47420132.29217529,False,-,False,False,False,34.701472350435246,40.815999603271486,40.39199981689453,40.38099994659424,46.584666633605956,46.39774993260701,,0,-2.0,1.0,-1.0,33.26941846457826,74.21888184741002,1.0159988403320312,1.4018331527709962,0.375,0.27209062757556407,35.956359413633464
SARO,-1.5,-16.281223055686578,0.8169302297119208,26.93000030517578,27.375,26.729999542236328,27.149999618530273,5368800.0,145762917.95196533,False,🆕GRN,False,True,False,39.43423267994125,26.566000366210936,26.185000038146974,26.276499938964843,29.31033328374227,28.50483331680298,,1,1.0,1.0,-1.0,33.564874119583514,72.5810253443926,0.9919998168945312,1.0468334197998046,0.375,0.2575371900662025,35.73805785099304
BOTZ,-1.75,-6.39365460106932,1.460487293736512,35.505001068115234,35.59000015258789,35.290000915527344,35.43000030517578,573600.0,20322648.175048828,False,-,False,False,False,39.041546845139486,34.48999938964844,33.74200000762939,34.10400018692017,36.514666652679445,36.45187503496806,,0,-1.0,1.0,1.0,39.18523094583154,76.9669429859812,0.9340003967285156,0.8496335029602051,0.36607142857142855,0.3069429721215057,35.72021601039401
AG,-2.0,3.677579487191318,-0.0485683769195111,20.93000030517578,21.030000686645508,20.420000076293945,20.579999923706055,11811900.0,243088901.09882355,False,-,False,False,False,43.12079163795911,20.947999954223633,21.055999946594238,20.702000045776366,23.46249993642171,19.021249961853027,,0,-2.0,1.0,1.0,33.10535852884048,48.00169691327087,1.3099998474121093,1.8561666488647461,0.35714285714285715,0.35726648681334966,35.716140159343105
HSY,-2.0,3.5946564154853755,-4.045721365706512,210.7899932861328,211.08999633789062,202.19000244140625,202.30999755859375,1885400.0,381435269.39697266,False,-,False,False,False,42.773231329746125,207.41799926757812,208.13399963378907,211.37449951171874,213.78249994913736,197.59416707356772,,-1,-1.0,1.0,1.0,24.687119466043622,43.897891593614546,4.461996459960938,5.599000295003255,0.35714285714285715,0.3568521403310103,35.70992496210801
T,-2.25,13.562231548857184,-1.4158012889526561,26.520000457763672,26.700000762939453,26.290000915527344,26.459999084472656,31985700.0,846341592.716217,False,-,False,False,True,53.3396963235037,27.40200004577637,28.052000045776367,28.131999969482422,27.173499870300294,26.06299991607666,,-1,-1.0,-1.0,1.0,50.31827662986566,12.605577552927091,0.6540000915527344,0.6373333295186361,0.3482142857142857,0.40665769636023424,35.6980797311178
MA,-1.75,-8.50107110267131,-0.9750389401067205,502.010009765625,504.3900146484375,495.6700134277344,498.6600036621094,2842200.0,1417291462.4084473,False,-,False,False,False,44.40155035218869,501.8260009765625,497.2119995117188,498.19700012207034,517.6946650187175,538.0769976298014,,0,-1.0,1.0,-1.0,41.87245644001367,72.96181365275753,9.855999755859376,12.043996683756511,0.36607142857142855,0.2964127228639871,35.56226227153123
PHM,-1.75,-9.973067085014264,-1.554447740895959,122.06999969482422,122.66000366210938,118.94999694824219,120.33000183105469,2735100.0,329114588.0081177,False,-,False,False,False,40.235053876795966,119.58400115966796,117.83200073242188,118.15750045776367,127.41949996948242,124.66224994659424,,0,-1.0,1.0,1.0,36.16592389115117,74.55748354627846,4.772003173828125,4.140000025431315,0.36607142857142855,0.2890575158660566,35.451934166562275
NET,-1.75,-11.509724152379597,-13.499092021048508,193.2100067138672,193.60000610351562,164.0500030517578,166.99000549316406,13721600.0,2291370059.375,True,-,False,False,True,52.433769109949125,199.87200012207032,202.0470001220703,208.7979995727539,191.8281672159831,199.72016677856445,,-2,-2.0,-1.0,1.0,46.38793219663776,45.16564244988143,18.982998657226563,12.299465433756511,0.36607142857142855,0.2813792131051245,35.3367596251483
DIS,-1.75,-12.22340660086444,-0.6213074866156854,99.83999633789062,100.16000366210938,98.81999969482422,99.16999816894531,6356900.0,630413761.3601685,False,-,False,False,False,37.46734455167972,98.03999938964844,96.6489990234375,97.39549942016602,103.6866668701172,107.00708332061768,,0,-1.0,1.0,-1.0,44.59191684627018,77.60351714349068,1.9600021362304687,2.557666778564453,0.36607142857142855,0.27781311496194844,35.283268153000655
MP,-1.75,-13.444058378855273,2.4860855559429185,54.79999923706055,57.40999984741211,54.79999923706055,55.2400016784668,4395800.0,242823999.37820435,False,-,False,False,False,41.57736561006934,52.84800033569336,50.802999877929686,52.85749988555908,58.707000096639,59.350166670481364,,0,-1.0,1.0,1.0,32.135742496443,73.60683548833173,3.1019996643066405,4.164533360799154,0.36607142857142855,0.2717138140078628,35.19177863868937
GH,-1.5,-26.466461855239785,-9.83136385779726,87.11000061035156,88.41000366210938,74.55000305175781,78.5999984741211,6406700.0,503566610.2241516,True,🆕RED,False,False,True,44.38631601496625,88.31399993896484,88.97300033569336,87.79549980163574,98.1961664835612,97.59858303070068,,-2,-2.0,1.0,1.0,50.01928993012445,46.31408645011166,7.141998291015625,5.478833770751953,0.375,0.20664402147560168,34.97466032213403
PEN,-2.5,9.569055944499105,0.0758679316384736,329.32000732421875,330.1050109863281,328.9700012207031,329.7699890136719,438700.0,144670094.18029785,False,-,False,False,True,38.99733968926371,330.039990234375,330.118994140625,333.2719970703125,340.81416473388674,313.1834988911947,,-1,-1.0,-1.0,1.0,21.45832187339968,31.12816285087269,1.797003173828125,3.9071334838867187,0.3392857142857143,0.3867047661203084,34.63985720609034
TLT,-2.25,-1.5144634885862707,-0.24221348542609045,86.5999984741211,86.68000030517578,86.33000183105469,86.48999786376953,13237300.0,1144894048.7220764,False,-,False,False,False,43.787134115797805,86.67999877929688,86.55599975585938,86.6194995880127,87.81616694132487,88.44258327484131,,0,-1.0,1.0,1.0,35.00696822399572,67.11975935471487,0.6139984130859375,0.6911666870117188,0.3482142857142857,0.33132310701674783,34.568060890965505
VZ,-2.75,18.021027676162802,-3.64168670620284,47.09000015258789,47.099998474121094,45.95000076293945,46.040000915527344,25241500.0,1162118683.1092834,False,-,False,False,True,48.95915157793147,47.92600021362305,48.92300033569336,49.687500381469725,47.40783348083496,43.872333240509036,,-1,-1.0,-1.0,1.0,23.00518507087295,9.102309979826797,1.1279998779296876,1.0303332646687826,0.33035714285714285,0.42893721945085017,34.51441543461989
WGO,-1.75,-28.283045074039237,0.2731415796782599,33.029998779296875,33.29999923706055,32.459999084472656,33.040000915527344,361700.0,11950568.33114624,False,-,False,False,False,31.83392039876184,32.24800071716309,31.582000160217284,32.56899995803833,40.28950007756551,39.289583428700766,,0,-1.0,1.0,-1.0,27.90172827493827,58.826949236373196,1.5419998168945312,1.701499843597412,0.36607142857142855,0.19756699561173363,34.07957636274743
UUUU,-2.5,-5.252319535306227,0.4366808135300104,18.5,19.280000686645508,18.299999237060547,18.399999618530273,7575100.0,139381837.11032867,False,-,False,False,False,44.26279040761727,18.07399978637695,17.838999938964843,18.06299991607666,20.698333295186362,18.64616661866506,,0,-1.0,1.0,1.0,31.342867856964347,52.73974528660564,1.110000228881836,2.0141666094462076,0.3392857142857143,0.3126459466971036,33.52897491474227
ELAN,-2.5,-5.398779390525288,-1.4066493460541896,23.649999618530273,23.899999618530273,22.829999923706055,23.1299991607666,3442100.0,79615770.11127472,False,-,False,False,True,46.5769533230304,23.16199951171875,23.25099983215332,23.86899995803833,24.431500085194905,23.345750029881795,,0,-2.0,-1.0,1.0,29.284411867916464,32.004718060587656,0.9859996795654297,0.9434999465942383,0.3392857142857143,0.3119141223137867,33.51799754899252
NCLH,-2.25,-16.204872627224642,0.0,20.059999465942383,20.360000610351562,19.6299991607666,19.959999084472656,11624800.0,232030997.35717773,False,🆕LIME,True,False,False,44.33899370111882,19.63599967956543,19.13299980163574,19.427499961853027,21.307666746775308,21.13950007756551,,1,1.0,1.0,1.0,40.323508616009235,59.114275849104025,1.1980003356933593,1.219000021616618,0.3482142857142857,0.2579186946439694,33.46699470537383
UEC,-2.5,-12.990356482228504,-1.3129125067464997,13.850000381469727,14.220000267028809,13.420000076293945,13.529999732971191,4881800.0,66050752.69641876,False,-,True,False,False,45.135639095292326,13.533999824523926,13.360999965667725,13.279999923706054,15.311666711171467,14.192583346366883,,0,1.0,1.0,1.0,46.549676737798166,55.597512632119695,0.8839998245239258,1.2388333479563396,0.3392857142857143,0.27398085237282627,32.94899849987811
DAKT,-2.75,-5.238097054617741,0.05027767314582654,19.979999542236328,20.079999923706055,19.049999237060547,19.899999618530273,512700.0,10202729.804420471,False,-,False,False,False,38.83927861170692,19.75799980163574,19.614999961853027,20.079499912261962,22.76349992752075,20.977333307266235,,0,-1.0,1.0,1.0,18.75801206777744,33.28183871885526,0.7919998168945312,1.0609999338785807,0.33035714285714285,0.3127170129844731,32.77111233762424
MIR,-2.25,-27.8006741394617,0.8372571549026597,19.270000457763672,19.459999084472656,19.104999542236328,19.270000457763672,2562300.0,49375522.17292786,False,-,False,False,False,41.50108876760057,19.30800018310547,18.8,18.885500049591066,21.810166772206625,23.51775007247925,,0,-1.0,1.0,-1.0,36.36239797266727,68.34366662481212,0.7989997863769531,1.0696998914082845,0.3482142857142857,0.19997728620774174,32.59787357883041
APLD,-2.25,-28.46635553311928,2.698476895943358,26.3799991607666,28.25,26.100000381469727,26.260000228881836,26304400.0,690753550.0205994,False,-,False,False,False,44.23977502352828,25.99800033569336,24.708500099182128,25.838500118255617,30.430750052134197,29.69933338165283,,0,-1.0,1.0,1.0,46.796081312069056,65.75216907412603,2.4860004425048827,2.965283489227295,0.3482142857142857,0.19665103769636394,32.547979851159745
CDNA,-2.5,-20.50520647591606,-3.8346391642773425,16.690000534057617,16.950000762939453,15.5600004196167,16.049999237060547,784300.0,12588014.401626587,False,-,False,False,True,45.71009977611481,17.229999923706053,17.29000015258789,17.394999980926514,18.752583249409994,18.099374961853027,,-2,-2.0,-1.0,-1.0,40.114851294724176,41.97120930387731,1.1280000686645508,0.9624999523162842,0.3392857142857143,0.23643096913605882,32.3857502513266
RCL,-3.0,-5.066501685674596,0.38058202081243664,276.2900085449219,281.32000732421875,273.30999755859375,276.94000244140625,1827600.0,506135548.46191406,False,🆕LIME,True,False,False,45.175680432207635,275.1000061035156,272.95,273.56399993896486,295.3969975789388,287.0242496490479,,1,1.0,1.0,1.0,36.23197524826244,40.54126598416025,15.4840087890625,14.450502522786458,0.32142857142857145,0.3135744334350739,32.02504507295468
GIL,-3.0,-8.219613245873337,0.784110067477406,57.599998474121094,58.08000183105469,57.27000045776367,57.84000015258789,1059700.0,61293048.16169739,False,-,False,False,False,32.966591703362624,56.373999786376956,55.60800018310547,56.54549999237061,63.834500567118326,61.791083590189615,,0,-1.0,1.0,1.0,22.85385617111561,58.95649122644841,1.6580009460449219,1.957832972208659,0.32142857142857145,0.29781909952722224,31.788715064336905
MDT,-3.0,-9.55195940611311,-0.7962740854013051,88.3499984741211,88.3499984741211,87.06999969482422,87.20999908447266,8277500.0,721880767.4217224,False,-,False,False,False,35.99662260436726,87.29400024414062,86.86899948120117,87.10299987792969,94.49699974060059,95.93749968210857,,-1,-1.0,1.0,-1.0,27.99046028949727,56.66023128075831,1.58800048828125,2.034166463216146,0.32142857142857145,0.2911616888284081,31.688853903854692
AMR,-2.75,-19.95675999806886,3.9524878211874226,186.10000610351562,197.38999938964844,186.10000610351562,192.52000427246094,165300.0,31823556.706237793,False,-,False,False,True,57.215849562002795,197.76800231933595,203.9250015258789,202.29850082397462,199.32866694132488,190.309250386556,,0,-2.0,-1.0,1.0,53.59297486108225,21.865782468571847,12.751998901367188,11.312333170572916,0.33035714285714285,0.239171423199956,31.667928490856482
HD,-3.0,-11.165532992802563,-0.65963552710675,341.0400085449219,341.2300109863281,335.80999755859375,337.3399963378906,3208300.0,1082287910.2508545,False,-,False,False,False,37.46458768503182,331.6999938964844,328.372998046875,330.47049713134766,361.0259979248047,361.1413319905599,,0,-2.0,1.0,-1.0,27.307665051080967,65.76849019072803,11.329998779296876,9.136834208170573,0.32142857142857145,0.2830990528709351,31.5679143644926
FUBO,-1.75,-62.06225761550994,-2.8239215420691965,11.989999771118164,12.4399995803833,11.699999809265137,11.699999809265137,1300200.0,15212339.75200653,True,-,False,False,False,27.469126836597443,12.063999938964844,10.66899995803833,11.791000032424927,17.382333262761435,27.392166622479756,,0,-1.0,1.0,-1.0,34.255722528441815,65.80816878863956,1.5301996231079102,1.326433261235555,0.36607142857142855,0.028780461239439815,31.547778347163025
OUST,-2.75,-23.6812981621349,3.295056539125074,20.34000015258789,21.139999389648438,20.299999237060547,20.690000534057617,1246700.0,25794223.66580963,False,-,False,False,False,45.948023102763564,19.92400016784668,19.03900012969971,19.883999824523926,20.954833221435546,23.18141665458679,,0,-1.0,1.0,-1.0,30.908917568418666,66.25366529500648,1.3990001678466797,1.7188666343688965,0.33035714285714285,0.22056080911064715,31.38876927951685
BILI,-3.0,-24.33120854288099,-0.0420707980195667,23.639999389648438,23.90999984741211,23.5,23.760000228881836,1339100.0,31817016.306495667,False,-,False,False,False,37.15921675872261,23.584000396728516,23.04400005340576,23.845000171661376,28.21400000254313,27.57708331743876,,0,-1.0,1.0,1.0,26.435258477133925,64.39381915716028,0.8679996490478515,1.1975333213806152,0.32142857142857145,0.21731336452667302,30.58112903932867
GD,-3.5,-7.748415866318725,-2.544344331286552,342.30999755859375,342.9800109863281,332.760009765625,335.1499938964844,1695100.0,568112754.6539307,False,-,False,False,True,45.4820860931813,345.7779968261719,345.92799987792966,348.5799987792969,353.8451665242513,348.51025009155273,,-2,-2.0,-1.0,1.0,32.174830879008915,47.76074062644473,7.3,8.335002136230468,0.30357142857142855,0.300173558578116,30.306174807243167
OI,-3.0,-31.46496586240739,0.560751595198572,10.859999656677246,11.020000457763672,10.670000076293945,10.760000228881836,926300.0,9966988.212013245,False,-,False,False,False,36.17436588391737,10.552000045776367,10.467000007629395,10.47249994277954,13.16233328183492,13.44558330376943,,0,-1.0,1.0,-1.0,32.06745774188403,55.43574044531052,0.3540000915527344,0.5265000820159912,0.32142857142857145,0.18166770897630768,30.04644420607319
USAR,-3.75,-3.1193788565313407,-3.409089223879047,17.170000076293945,18.149999618530273,16.1200008392334,16.149999618530273,12631500.0,203998720.18146515,False,-,False,False,False,41.20705209510261,15.913999938964844,15.507499980926514,16.63924984931946,19.34650003115336,18.018000030517577,,0,-1.0,1.0,1.0,21.066332627773434,55.06828903799874,1.5359996795654296,2.1365166028340656,0.29464285714285715,0.32330373407891766,29.894198868326622
DNLI,-4.0,6.184422386184685,-0.31104909509215295,19.40999984741211,19.6299991607666,18.959999084472656,19.229999542236328,1127300.0,21677978.483963013,False,-,False,False,False,48.04289826288972,19.386000061035155,19.270000076293947,19.939749908447265,20.238750171661376,18.71004175345103,,-1,-1.0,1.0,1.0,24.75479501236922,32.62904680267818,0.93800048828125,1.2448665301005046,0.2857142857142857,0.36979257292673723,29.832602879615344
ARKW,-3.5,-19.007939455817592,0.800264057047384,123.47000122070312,123.87999725341797,121.73999786376953,123.44000244140625,62000.0,7653280.1513671875,False,-,False,False,False,43.711216491758,123.09000091552734,120.91299972534179,123.56549987792968,129.10624987284342,143.499124844869,,0,-1.0,1.0,-1.0,38.6933583445635,61.44694546074859,3.838002014160156,4.192882664998373,0.30357142857142855,0.24391244938199674,29.46225816930138
CRWD,-3.5,-19.016281801886915,-3.9677723605750725,396.10198974609375,398.04998779296875,364.4700012207031,379.0199890136719,8928400.0,3384042069.909668,True,🆕RED,False,False,True,44.64118451672471,404.4099975585938,395.4529968261719,405.5559967041016,415.89483337402345,460.9325836181641,,-2,-2.0,-1.0,-1.0,37.38945534238307,59.13238461471965,27.376190185546875,20.498536173502604,0.30357142857142855,0.24387076470151917,29.461632899094216
STEP,-3.25,-36.66712484432571,-1.0986607963168527,46.20000076293945,46.75,45.13999938964844,45.90999984741211,825500.0,37898704.8740387,False,-,False,True,False,44.53453514918033,46.99000015258789,46.87100028991699,46.776500129699706,54.80599988301595,59.349791558583576,,0,1.0,1.0,-1.0,60.51471562773462,43.82545010505369,2.3290000915527345,2.921433448791504,0.3125,0.155673781949924,28.89760672924886
SBH,-4.0,-13.013262639739198,-4.639883255466437,14.449999809265137,14.510000228881836,13.609999656677246,13.770000457763672,1398300.0,19254591.640090942,False,-,False,False,False,40.4582376022271,13.811999893188476,13.706999969482421,13.832500123977661,15.080166737238565,15.045666686693828,,-1,-1.0,1.0,1.0,33.137359663038374,61.86780015442196,0.6580001831054687,0.7488333225250244,0.2857142857142857,0.2738663958579721,28.393710223583867
CMCSA,-4.5,-1.9311771274605816,-1.3422789400746926,28.420000076293945,28.469999313354492,27.829999923706055,27.93000030517578,18148900.0,506898782.53860474,False,🆕RED,False,False,True,36.054149509040194,27.929999923706056,28.156999778747558,28.71999979019165,29.89899994532267,28.256960042317708,,-1,-1.0,1.0,-1.0,10.354760992537837,22.62354602578811,0.5500003814697265,0.7753333409627279,0.26785714285714285,0.32924089000695483,27.706470492961465
AMTM,-4.0,-23.352765305249747,-0.9046353746947844,26.6299991607666,26.799999237060547,25.889999389648438,26.290000915527344,1119200.0,29423769.024658203,False,🆕RED,False,False,True,35.894169271645715,26.74000015258789,26.417000198364256,26.741500091552734,30.695999972025554,28.700666602452596,,-2,-2.0,1.0,1.0,29.60156949641898,69.33888677665678,0.8136001586914062,1.2677502632141113,0.2857142857142857,0.22220240813469178,27.618750407734662
IDXX,-4.25,-21.152874163239044,-3.7195382642154717,579.6699829101562,582.239990234375,559.3900146484375,563.0,498600.0,280711800.0,False,🆕RED,False,False,True,37.61635642823887,578.3660034179687,570.3340026855469,574.1234985351563,625.0689982096354,659.7139973958333,,-2,-2.0,1.0,1.0,31.712226889079318,59.27948101399306,18.614013671875,18.19033203125,0.2767857142857143,0.23319473074731734,27.024706675495477
MSFT,-4.25,-21.20381912239029,-0.5897049250381925,372.9800109863281,375.6400146484375,370.0299987792969,370.8699951171875,28038000.0,10398452923.095703,False,-,False,False,False,33.59075513150861,372.68800048828126,369.2169982910156,377.12549896240233,405.3049992879232,449.8911666870117,,0,-1.0,1.0,-1.0,24.14298476163993,57.38196757987703,7.406005859375,10.450331624348959,0.2767857142857143,0.23294017113944254,27.020888281377353
DG,-4.25,-23.48429530120093,-3.3569909336671477,119.05000305175781,119.77999877929688,114.88999938964844,115.7300033569336,3286400.0,380335083.03222656,False,🆕RED,False,False,True,30.688929750593143,120.9500015258789,119.5390007019043,122.47099990844727,139.806165822347,128.92141615549724,,-2,-2.0,1.0,1.0,11.706028757822342,55.82880792375662,4.732000732421875,4.565000406901041,0.2767857142857143,0.22154518463798217,26.849963483855447
IREN,-4.25,-25.79732317539738,6.098214349128361,37.720001220703125,40.7400016784668,37.70000076293945,39.31999969482422,35181200.0,1383324773.2635498,False,-,False,False,False,42.761796565545474,36.81600112915039,35.39300060272217,38.53650026321411,43.85775016148885,46.643958457310994,,0,-1.0,1.0,1.0,29.278040930497507,53.87156947316164,2.709999847412109,4.2418999671936035,0.2767857142857143,0.2099875452077311,26.67659889240168
ULTA,-4.5,-21.72970986060464,-2.329242976844126,531.72998046875,532.52001953125,512.9099731445312,520.3800048828125,708100.0,368481081.45751953,False,🆕RED,False,False,True,32.50122879322884,532.1739990234375,527.8010009765625,525.8684967041015,622.1331665039063,592.3790011088054,,-2,-2.0,1.0,1.0,18.85275931287152,67.58621715423442,18.20999755859375,19.891336059570314,0.26785714285714285,0.2303124226372324,26.222543482415627
MAIN,-4.75,-12.539128304256087,-0.6736467157661408,53.58000183105469,54.0,52.849998474121094,53.08000183105469,516100.0,27394588.945007324,False,-,False,False,False,36.99305061287903,53.81800079345703,52.9770004272461,53.929499816894534,58.248999786376956,58.69516642888387,,0,-1.0,1.0,-1.0,30.118380575445723,62.976185219435024,1.1940010070800782,1.4963330586751302,0.25892857142857145,0.27623553016549496,26.152461523910997
DKNG,-4.25,-34.71365626921703,-0.08988969781426048,22.40999984741211,22.75,21.795000076293945,22.229999542236328,13025000.0,289545744.0376282,False,-,False,False,False,38.22418258313726,22.854000091552734,22.286000061035157,23.133250045776368,25.510916646321615,29.194916613896687,,0,-1.0,1.0,-1.0,30.139128341232002,63.03398985757765,0.952999496459961,1.3109496116638184,0.2767857142857143,0.16543479074765666,26.008307575500567
CNR,-5.0,-5.77539406385974,3.3661945804235316,89.58999633789062,92.37999725341797,89.19999694824219,91.19999694824219,685900.0,62554077.90679932,False,-,False,False,True,55.477840984366765,95.60400085449218,101.18000106811523,102.74900016784667,95.71633326212564,90.21858336130778,,-2,-2.0,-1.0,1.0,51.548787147900065,13.160963034554086,6.747999572753907,5.076850001017252,0.25,0.3100322701117013,25.90048405167552
IVZ,-4.75,-16.67844325300677,0.04242778536833747,23.450000762939453,23.889999389648438,23.3799991607666,23.579999923706055,4125500.0,97279289.68524933,True,-,False,False,False,44.401947909615146,23.40199966430664,23.625,23.607999992370605,25.605166625976562,25.349749978383382,,0,-2.0,1.0,1.0,48.497044376797405,48.68499559169827,1.0879997253417968,1.0345000584920248,0.25892857142857145,0.25555237705713546,25.842214227285606
ROP,-4.75,-19.51636980812491,-1.9235197474580579,349.32000732421875,350.0799865722656,342.0799865722656,343.1499938964844,1184500.0,406461167.77038574,False,🆕RED,False,False,True,48.068927161971736,353.5799987792969,353.1889984130859,352.1455017089844,358.6135009765625,404.4948336283366,,-2,-2.0,-1.0,-1.0,49.14423825744048,55.82396895818745,7.327996826171875,11.061664326985676,0.25892857142857145,0.24137194619441418,25.629507764344787
CACI,-5.0,-11.591712496624273,-5.099346712206698,557.4099731445312,559.1300048828125,531.5,534.489990234375,318900.0,170448857.8857422,False,-,False,False,True,40.685818677172925,563.4380004882812,561.9989990234375,579.8899993896484,600.930839029948,588.4715845743815,,-2,-2.0,-1.0,1.0,20.33281853336856,42.661077819039335,20.41201171875,22.98750508626302,0.25,0.28096953722925877,25.46454305843888
HOOD,-4.25,-42.456750107565966,-1.3262981585109967,70.11000061035156,70.87000274658203,68.27999877929688,69.19000244140625,23094900.0,1597936187.3840332,False,-,False,False,False,41.04878125890655,70.11400146484375,69.00600128173828,71.02600059509277,81.64516665140788,103.84466667175293,,-1,-1.0,1.0,-1.0,30.67204613717889,51.086625970633406,3.9520004272460936,4.898449961344401,0.2767857142857143,0.12674442836310248,25.427952139732252
KEP,-4.75,-22.634600940872286,-0.7377575976054707,14.819999694824219,15.039999961853027,14.75,14.800000190734863,474100.0,7016680.090427399,False,-,False,False,False,31.17736935565532,14.397999954223632,14.339999961853028,15.19700002670288,18.572833315531412,17.602333307266235,,-1,-1.0,1.0,1.0,22.5985808544473,48.79781527943403,0.6619998931884765,0.8326666196187337,0.25892857142857145,0.22579090132481971,25.39579209130087
PM,-5.5,-3.2559595758489213,-0.4961259235707338,161.82000732421875,161.82000732421875,158.17999267578125,160.4499969482422,4412700.0,708017701.5335083,False,-,False,False,False,37.411481993128184,160.09400024414063,160.96100006103515,163.9800003051758,173.88116607666015,164.55183270772298,,-1,-1.0,1.0,-1.0,25.363364590168594,55.73542423555716,3.90400390625,4.586499786376953,0.23214285714285715,0.32262127334223273,24.571461957276348
MMS,-5.0,-31.546135997765724,0.12157172940741034,65.69000244140625,65.94000244140625,64.2699966430664,65.87999725341797,528300.0,34804402.54898071,False,-,False,False,False,29.74136209244019,65.13200073242187,64.48199996948242,66.82999954223632,77.68116645812988,81.80999997456868,,-1,-1.0,1.0,-1.0,17.23904232919732,55.852854170008676,2.390001678466797,2.9410006205240884,0.25,0.1812621214918498,23.968931822377748
KMB,-5.75,-1.468656465446061,-0.6941612000112451,97.95999908447266,98.66999816894531,96.94000244140625,97.27999877929688,3258200.0,316957692.0227051,False,-,False,False,False,38.34923365015862,96.45599975585938,96.74599990844726,97.95599975585938,102.17666676839193,103.91608346303305,,-1,-1.0,1.0,-1.0,26.643825705296234,46.71285577840549,3.0179977416992188,2.379833475748698,0.22321428571428573,0.3315519936042091,23.946494189777425
ADPT,-5.25,-29.219700177878472,-4.552236373452612,13.430000305175781,13.600000381469727,12.359999656677246,12.789999961853027,3310100.0,42336178.873729706,False,-,False,False,False,44.05242686324045,13.763999938964844,13.720000076293946,13.655499982833863,15.616000000635783,16.088166650136312,,0,-2.0,1.0,1.0,45.601710717646384,53.70656665261098,1.2305999755859376,0.9526998996734619,0.24107142857142858,0.19288675717559328,23.38437278620533
JXN,-5.75,-9.895368109157577,-1.6739194514572286,101.08000183105469,103.3949966430664,100.7300033569336,101.62000274658203,525100.0,53360663.442230225,False,-,False,False,True,44.685868792658916,104.37799987792968,104.0529998779297,104.29750022888183,110.75533358256023,106.06075019836426,,-2,-2.0,1.0,1.0,27.920371649158767,40.11080015717129,4.256997680664062,3.982216644287109,0.22321428571428573,0.2894457588081627,23.314900667836728
EL,-5.25,-37.01135785827287,-0.845958164602334,73.54000091552734,74.4000015258789,71.80000305175781,72.66999816894531,4912200.0,356969565.00549316,False,-,False,False,False,27.943392206426104,71.49600067138672,70.42900085449219,76.05050048828124,97.4825003306071,98.65925000508626,,0,-2.0,1.0,-1.0,13.640014295552731,54.05703833769252,3.468000793457031,4.607666142781576,0.24107142857142858,0.15395373304797463,22.80037742429105
WLDN,-5.25,-38.44337655736284,-6.880950927734375,83.77999877929688,84.44999694824219,78.01000213623047,78.22000122070312,313300.0,24506326.38244629,False,🆕RED,False,False,True,38.58042648828098,80.00800170898438,79.10600051879882,78.93950042724609,101.45266710917154,101.59941730499267,,-2,-2.0,1.0,1.0,46.86295409061814,55.595091065101634,4.4719970703125,6.129000854492188,0.24107142857142858,0.1467982828408695,22.69304567118447
MCD,-6.25,-1.2151013883012651,-1.2502003779033655,307.29998779296875,308.70001220703125,304.17999267578125,305.67999267578125,2707200.0,827536876.171875,False,🆕RED,False,False,True,36.307411212573115,307.3700012207031,307.65000305175784,311.3505004882812,319.03883361816406,313.27233327229817,,-2,-2.0,1.0,1.0,14.20271243999862,43.58465199710094,5.641998291015625,5.4329991658528645,0.20535714285714285,0.33281894684331226,22.447641345506824
LMND,-5.5,-33.12453698419829,-2.1211581566050075,55.220001220703125,56.43000030517578,52.540000915527344,54.45000076293945,2119900.0,115428556.61735535,False,-,False,False,False,49.01822235847949,57.795999908447264,59.3620002746582,61.59800052642822,66.51566683451334,69.17758344014486,,0,1.0,-1.0,1.0,43.51021581629937,15.979190812680699,3.8539993286132814,5.066800117492676,0.23214285714285715,0.1733752344892979,22.332771374482327
BABA,-5.75,-23.759052739898813,-0.2741216112817524,129.13499450683594,129.75999450683594,127.05000305175781,127.33000183105469,9321800.0,1186944811.0687256,False,-,False,False,False,35.91040687723003,124.47200012207031,123.82700119018554,126.76600151062011,146.48516604105632,152.97541637420653,,0,-1.0,1.0,1.0,20.43888778130593,51.545457770862,4.495997619628906,4.946983337402344,0.22321428571428573,0.2201722883392929,22.275798610803683
APPS,-5.25,-45.136186644087715,-6.3122942798154895,3.0299999713897705,3.049999952316284,2.759999990463257,2.819999933242798,2366000.0,6672119.84205246,False,🆕RED,False,False,True,27.36149305876715,2.99399995803833,2.9490000009536743,3.0889999985694887,4.049166655540466,4.708583315213521,,-2,-2.0,1.0,-1.0,13.25370026518426,48.273589253645845,0.22799992561340332,0.306333331267039,0.24107142857142858,0.11335593369305128,22.1914104339672
ICUI,-6.0,-15.241434219162231,-0.11920966676953748,126.58999633789062,127.88999938964844,124.87999725341797,125.68000030517578,265800.0,33405744.081115723,False,-,False,False,False,39.89124500786864,123.65,124.54999923706055,126.22499923706054,140.78766657511395,139.89483292897543,,-1,-1.0,1.0,-1.0,20.50102735978726,32.52830191443988,4.543998718261719,5.597499720255533,0.21428571428571427,0.26273276275696555,22.155277155640196
AMRC,-6.0,-16.40278757976604,1.5384600712702756,26.079999923706055,27.25,25.739999771118164,26.399999618530273,518300.0,13683119.80228424,False,-,False,False,False,42.434094400081406,25.13400001525879,25.195000076293944,26.030000019073487,29.320166778564452,31.462750085194905,,0,-2.0,1.0,1.0,26.756813886270333,36.50340632943829,1.355999755859375,1.8765000343322753,0.21428571428571427,0.2569297616160337,22.068232138526216
CDNS,-6.0,-17.767595595327045,-5.462441041270461,280.7300109863281,281.4200134277344,263.3800048828125,265.6600036621094,3491800.0,927631600.7873535,False,🆕RED,False,False,True,42.717971256676435,279.0080078125,277.44700317382814,282.3880020141602,293.49966684977215,307.98358357747395,,-2,-2.0,-1.0,-1.0,25.94088785488219,47.608680482784465,10.4699951171875,11.489165242513021,0.21428571428571427,0.25011014689744737,21.96593791774742
MSTR,-6.0,-25.637322790459226,-0.17072886827648182,130.0500030517578,132.27999877929688,127.4000015258789,128.63999938964844,13056400.0,1679575288.0310059,False,-,False,False,True,44.19682155515056,127.44200134277344,125.20900115966796,132.5265007019043,138.31399981180826,170.42641709645588,,-1,-1.0,-1.0,-1.0,20.775346481615212,46.74202007007763,7.450001525878906,9.509666697184246,0.21428571428571427,0.2107870283347812,21.37609113930743
ABBV,-6.5,-5.802943401401473,-2.099807713389934,213.5500030517578,214.10000610351562,207.75,207.94000244140625,4632500.0,963282061.3098145,False,🆕RED,False,False,True,39.65804042735386,208.997998046875,210.88199768066406,210.88899688720704,220.136998240153,223.304332224528,,-2,-2.0,1.0,1.0,29.315066037163753,38.94272829078462,5.5019989013671875,5.9351659138997395,0.19642857142857142,0.3098946127520985,21.344847762710046
HRI,-5.75,-37.261593625283155,-0.39663698482674814,103.62000274658203,104.26000213623047,101.9000015258789,102.95999908447266,231600.0,23845535.787963867,False,-,False,False,False,32.33892957686428,99.5259994506836,97.94599990844726,101.73600006103516,134.75650011698406,138.93500054677327,,-1,-1.0,1.0,-1.0,21.869355420892937,58.387893469019545,5.920002746582031,7.620999908447265,0.22321428571428573,0.15270336559675582,21.263764769665627
UBER,-6.25,-17.480388321068773,-1.852101722430699,72.31999969482422,72.87999725341797,70.04000091552734,70.4800033569336,11797100.0,831459647.6020813,False,-,False,False,True,43.83256195171055,71.71399993896485,71.31399993896484,72.79500045776368,75.30999997456868,81.73466682434082,,-2,-2.0,-1.0,-1.0,26.49953316908063,46.72335945683879,2.345997619628906,2.568783187866211,0.20535714285714285,0.2515452520056275,21.228535922941553
BDX,-6.75,-2.6558946618591928,-0.7976363306392731,155.39999389648438,155.9199981689453,153.0500030517578,154.22000122070312,2051900.0,316444020.50476074,False,-,False,False,True,37.53541166790564,155.41000366210938,155.43300018310546,156.60700073242188,164.7058832804362,157.79922053019206,,-2,-2.0,1.0,1.0,15.942393658372472,34.13674384738811,2.8259979248046876,4.200334676106771,0.1875,0.32561965221522715,20.821794783228405
EOSE,-5.25,-66.58739603135399,-5.54621738293487,6.190000057220459,6.369999885559082,5.525000095367432,5.619999885559082,55848900.0,313870811.6086006,True,-,False,False,False,33.32818477430897,5.096000003814697,4.965499973297119,5.145250010490417,9.568083341916402,11.955458350976308,,0,-2.0,1.0,-1.0,26.360564596114415,46.56929542119052,0.7310000419616699,1.0499666293462118,0.24107142857142858,0.006169441819506522,20.583613055864028
EW,-6.75,-7.120698773946055,-1.6171809913084645,79.1500015258789,79.8499984741211,77.51000213623047,77.87000274658203,4946400.0,385176181.58569336,False,-,False,False,True,44.42576410865912,80.1520004272461,80.19900054931641,81.38399963378906,81.92349993387857,82.8695831934611,,-2,-2.0,-1.0,1.0,28.189757184026707,41.78980285542438,1.8560012817382812,2.2709999084472656,0.1875,0.3033101086814602,20.487151630221902
CSTL,-6.0,-41.64984985643881,-1.2804145988120519,23.299999237060547,23.329999923706055,21.790000915527344,23.1299991607666,443700.0,10262780.627632141,False,-,False,False,True,32.946342214062504,24.261999893188477,24.282999801635743,24.87524995803833,30.87241659164429,32.980166641871136,,-2,-2.0,1.0,1.0,26.259158106332944,38.803782193018684,1.4000003814697266,1.5355167071024576,0.21428571428571427,0.13077631326286684,20.175930413228713
GRAL,-5.75,-55.2515440601457,-4.0580324841194,46.720001220703125,47.869998931884766,44.060001373291016,45.630001068115234,1290900.0,58903768.378829956,False,-,True,False,False,42.04230158346314,48.97200088500976,50.05200080871582,49.132500648498535,71.33516661326091,81.4928750038147,,0,1.0,1.0,1.0,60.741350717873615,36.362878174999764,4.236000061035156,6.7528331756591795,0.22321428571428573,0.06281194543111612,19.91539346718103
RCAT,-7.0,-5.283311729616836,3.688177444491836,12.069999694824219,12.479999542236328,11.944999694824219,12.369999885559082,7928200.0,98071833.09268951,False,-,False,False,True,46.761977816660526,12.49600009918213,12.493000030517578,13.98924994468689,13.84749994277954,11.406083297729491,,-2,-2.0,-1.0,1.0,15.799451377948174,27.890274407471974,1.194999885559082,1.7759332497914633,0.17857142857142858,0.31249108621704186,19.865937721827056
SNPS,-6.75,-23.360687848815985,-3.1314883860692033,401.6099853515625,403.9200134277344,389.1499938964844,392.239990234375,1601600.0,628211568.359375,False,🆕RED,False,False,True,40.60206806379218,400.4580017089844,395.5070037841797,408.01450500488284,438.0501708984375,443.63158518473307,,-2,-2.0,1.0,-1.0,25.021850157705877,47.64868219960676,13.502001953125,17.662501017252605,0.1875,0.22216282110552946,19.26994231658294
PKG,-7.25,-5.611703341496943,-0.8360514487785076,208.7899932861328,208.80999755859375,204.5800018310547,206.3800048828125,584100.0,120546560.85205078,False,-,False,False,True,40.01038692081959,206.89199829101562,208.36999969482423,209.70899963378906,222.36416727701823,212.7767505645752,,-1,-1.0,-1.0,1.0,27.080354390820798,36.41139269489302,5.013998413085938,6.331166839599609,0.16964285714285715,0.31085019296003874,19.082395751543437
THO,-7.0,-31.438209561435247,-1.307916589846858,80.66999816894531,81.08999633789062,78.66999816894531,79.2300033569336,388000.0,30741241.302490234,False,-,False,False,False,34.066979302731816,78.4240005493164,78.45900115966796,79.39249992370605,98.31933339436848,101.3857500076294,,-1,-1.0,1.0,-1.0,27.379525391848425,42.34066342013971,3.446000671386719,3.76283327738444,0.17857142857142858,0.18180140372446577,17.905592484438415
KTOS,-7.0,-41.24624488750276,2.941598789658495,68.0199966430664,70.52999877929688,67.43000030517578,70.33999633789062,2884300.0,202881651.43737793,False,-,False,False,True,37.63135459320862,71.83599853515625,70.19199905395507,78.08749961853027,92.2596664428711,86.87733325958251,,-1,-1.0,-1.0,1.0,16.43807574146296,44.068197131465084,5.63800048828125,7.216167004903157,0.17857142857142858,0.13279302942753524,17.17046686998446
FCEL,-7.75,-11.569147443693106,1.5267160568028793,6.579999923706055,6.829999923706055,6.579999923706055,6.650000095367432,1030000.0,6849500.098228455,False,-,False,False,False,42.654374185820835,6.5100000381469725,6.490000057220459,6.66150004863739,7.559166685740153,7.668166673183441,,-1,-1.0,1.0,1.0,19.090684879951063,34.10737832964965,0.4499998092651367,0.5993333339691163,0.15178571428571427,0.2810822893272393,17.118020054194304
BCE,-8.0,-1.5598606348881883,-2.2603558893881437,23.889999389648438,24.25,23.31999969482422,23.350000381469727,4155600.0,97033261.5852356,False,-,False,False,True,37.84107406499461,23.89000015258789,24.5,25.114999961853027,25.434999879201253,24.36316663424174,,-2,-2.0,-1.0,1.0,8.828426707016899,5.952206355592706,0.5120002746582031,0.4768333435058594,0.14285714285714285,0.3310962684844616,17.109301170124066
HPQ,-7.75,-13.377607708873452,-0.6528777876166125,18.75,18.93000030517578,18.1299991607666,18.260000228881836,13555400.0,247521607.10258484,False,-,False,False,True,49.79771826549513,18.61599998474121,18.923999977111816,18.83849992752075,19.092166678110758,21.87416664759318,,-2,-2.0,-1.0,-1.0,42.910803209003404,21.789142500000885,0.6639999389648438,0.7413333574930827,0.15178571428571427,0.27204585189297276,16.982473492680306
VRTX,-8.0,-4.046896401930189,-2.3523903922155642,446.0799865722656,446.75,434.25,436.2699890136719,985300.0,429856820.1751709,False,-,False,False,True,41.84036012747373,438.62599487304686,440.18699951171874,448.6004974365234,463.6791656494141,451.66033299763996,,-2,-2.0,1.0,-1.0,15.83933346372729,37.81926460729834,10.599993896484374,13.400665791829427,0.14285714285714285,0.318669153806652,16.92289444995692
TTEK,-7.75,-16.9920224891986,-2.1393835956272533,30.809999465942383,31.040000915527344,29.8799991607666,30.190000534057617,2268200.0,68476959.21134949,False,🆕RED,False,False,True,37.92567903819555,30.816000366210936,30.554000282287596,30.895000171661376,34.84833345413208,34.428833405176796,,-2,-2.0,1.0,-1.0,17.534199256009835,46.56646361197569,1.0000007629394532,1.4038331667582193,0.15178571428571427,0.2539854976497795,16.711568179032405
LDOS,-7.75,-21.984078564540134,-1.7670114461994069,155.1699981689453,156.80999755859375,151.11000061035156,152.8800048828125,805300.0,123114267.9321289,False,-,False,False,True,33.44769216805708,157.4980010986328,156.7560012817383,160.72050018310546,174.92699966430663,182.32733357747395,,-2,-2.0,1.0,1.0,15.449033339449178,47.03015936339307,3.9720001220703125,5.457166290283203,0.15178571428571427,0.2290414039023423,16.33740677282085
QCOM,-8.0,-22.524046971851696,0.24265953705968624,128.8000030517578,130.61000061035156,127.8499984741211,128.05999755859375,8424700.0,1078867061.4318848,False,-,False,False,False,35.174846977368155,126.6240005493164,127.01600036621093,128.52600021362304,139.7413330078125,156.53399925231935,,-1,-1.0,1.0,-1.0,21.493108684673775,43.83759567659423,3.386000061035156,4.082664744059245,0.14285714285714285,0.22634331270117075,15.538006833374704
LEU,-7.75,-37.23136483163867,3.9129728164547295,182.25,191.0,179.5,187.22000122070312,501600.0,93909552.61230469,False,-,False,False,False,40.53090257116862,182.90400085449218,180.59000091552736,190.91549987792968,226.4160011291504,256.8405839284261,,-1,-1.0,1.0,1.0,21.901060910239288,52.21114125085592,13.6739990234375,20.304000345865884,0.15178571428571427,0.1528544115487964,15.19460188751766
IONQ,-7.75,-41.17286121088035,2.5284935674871,28.28499984741211,29.3700008392334,28.1299991607666,28.790000915527344,13000300.0,374278648.9021301,False,🆕RED,False,False,True,38.013878549714754,28.71800003051758,28.361000061035156,30.31400022506714,35.76833356221517,43.70033330917359,,-2,-2.0,1.0,-1.0,21.96404981238343,40.62331897718555,1.7742000579833985,2.9184834798177084,0.15178571428571427,0.1331597098657304,14.89918136227167
FLNC,-7.75,-42.14945461999561,1.6224137650927117,13.65999984741211,14.774999618530273,13.600000381469727,13.779999732971191,4206400.0,57964190.87677002,False,-,False,False,False,37.397963061709866,13.381999969482422,13.414000034332275,14.688500022888183,18.961666695276897,19.45945835908254,,-1,-1.0,1.0,1.0,16.0855805134786,32.64066391917654,1.1039999008178711,1.8585999488830567,0.15178571428571427,0.1282799094022643,14.825984355319678
WRBY,-8.25,-28.429014831159982,-0.5730698957634894,20.979999542236328,21.35300064086914,20.65999984741211,20.81999969482422,1552600.0,32325131.526184082,False,-,False,False,True,41.95938969435547,21.059999847412108,20.873999977111815,22.151499938964843,24.142000071207683,23.03008335431417,,-1,-1.0,-1.0,-1.0,15.057650622210343,30.28214024041805,1.2076007843017578,1.6195667266845704,0.13392857142857142,0.19683762012977624,14.336492873375214
APP,-8.25,-41.46538414000614,3.2283562170890123,376.0,391.94000244140625,364.6400146484375,391.3800048828125,4840100.0,1894318361.6333008,False,-,False,False,True,41.386655769150465,396.96800537109374,391.0330017089844,416.45150299072264,452.4955012003581,542.4301261901855,,0,-2.0,-1.0,1.0,16.75907426662244,33.486339419554234,33.470001220703125,34.04306335449219,0.13392857142857142,0.13169804371910376,13.359399227215128
COIN,-8.5,-33.57473406869879,-0.6922246712639191,169.36000061035156,170.47999572753906,163.1300048828125,167.85000610351562,7898800.0,1325813628.2104492,False,-,False,False,True,42.41120938068247,172.38599853515626,170.29199981689453,182.54199981689453,187.3899996439616,232.73058319091797,,-2,-2.0,-1.0,-1.0,21.262436484451616,38.04108268259822,10.0699951171875,11.969333394368489,0.125,0.17112570882069153,13.191885632310374
PGR,-9.25,-5.330143765684047,-2.876725965346638,199.67999267578125,200.25999450683594,193.05999755859375,194.1300048828125,3126300.0,606908634.2651367,False,🆕RED,False,False,True,41.681679817812714,197.06600341796874,197.24100189208986,200.6490005493164,204.45816650390626,212.88841667175294,,-2,-2.0,-1.0,-1.0,20.822493710849404,33.77407950147061,4.303997802734375,5.0193333943684895,0.09821428571428571,0.31225707788852686,13.032070454042188
BIDU,-8.75,-27.412119697558246,0.1663127594869973,110.69999694824219,111.36000061035156,108.12000274658203,108.41000366210938,2584900.0,280229018.4661865,False,-,False,False,True,33.41323235508269,110.40800170898437,110.10400085449218,113.76550102233887,131.11650047302246,128.38941688537597,,-2,-2.0,1.0,1.0,18.494684972625024,44.0398773690172,3.786000061035156,4.686166381835937,0.11607142857142858,0.20191879853824174,12.894853406645055
ABT,-9.0,-19.30812502877135,-2.3559171925492173,102.70999908447266,102.7699966430664,99.33999633789062,100.30000305175781,11944300.0,1198013326.4511108,False,-,False,False,True,33.15700865525332,102.14200134277344,102.45,104.63199958801269,109.95250002543132,118.06041634877523,,-2,-2.0,-1.0,-1.0,12.437145111546252,29.125023052233576,2.050001525878906,2.4863335927327475,0.10714285714285714,0.2424124948621801,12.743330280075558
TMUS,-9.75,3.1844828403181813,-0.9263878882565968,197.8800048828125,198.5399932861328,194.2100067138672,195.7100067138672,3995300.0,781920189.8239136,False,-,False,False,True,42.15817854180221,198.00599975585936,203.0470001220703,207.03399963378905,205.71766662597656,206.31058311462402,,-1,-1.0,-1.0,-1.0,19.91762543266162,8.313901893241399,4.86400146484375,5.356834665934245,0.08035714285714286,0.35480260243374384,12.1523961793633
ADSK,-9.5,-19.280939656770567,-2.967177981472291,221.5399932861328,223.14999389648438,214.10000610351562,218.4499969482422,2502100.0,546583737.3641968,False,-,False,False,True,41.719281496083056,231.3820007324219,233.7779983520508,239.8924987792969,245.0264991760254,271.589666112264,,-2,-2.0,-1.0,-1.0,20.804110506452954,38.16123102771184,10.872000122070313,8.873500315348307,0.08928571428571429,0.24254833357422823,11.227510717899138
W,-9.25,-39.790005487011705,-1.8888547762559327,73.76000213623047,74.29000091552734,69.65499877929688,71.68000030517578,3102300.0,222372864.94674683,False,-,False,False,True,43.67848543128592,72.12999877929687,72.47699966430665,74.51549949645997,85.5398333231608,93.31499989827473,,-2,-2.0,1.0,1.0,30.24519090882631,36.476619137089685,5.325,5.574350102742513,0.09821428571428571,0.14006950460656764,10.449256854812798
IBM,-9.75,-23.88178133022051,-2.7068042698362382,239.19000244140625,239.27000427246094,230.50999450683594,230.75999450683594,5864900.0,1353384291.783142,False,-,False,False,True,42.378582889030376,240.29800109863282,240.8770004272461,243.81199951171874,263.1676668802897,282.9569169362386,,-2,-2.0,-1.0,-1.0,29.331255139133255,44.017198944144205,7.148001098632813,9.317332967122395,0.08035714285714286,0.21955904333237145,10.123742792842716
INOD,-9.5,-43.25358628689967,-1.4131291753309516,36.38999938964844,36.58000183105469,34.599998474121094,35.58000183105469,1347000.0,47926262.466430664,False,-,False,False,True,39.32277210244662,37.88199996948242,37.772999954223636,40.80699977874756,46.88633321126302,53.878000005086264,,-2,-2.0,-1.0,-1.0,28.07478411374957,32.875217019609124,2.6040000915527344,3.6316666920979817,0.08928571428571429,0.12276283118977954,9.430728182132407
AVAV,-9.5,-50.60737413951766,1.1367497507888569,177.75,182.02000427246094,174.72999572753906,179.72000122070312,868100.0,156014933.05969238,False,-,False,False,True,36.499166403355794,184.09400024414063,183.2779998779297,194.82700119018554,245.41833419799804,273.6871671040853,,-2,-2.0,-1.0,-1.0,13.049674197212008,29.555125076121136,9.483999633789063,18.84850107828776,0.08928571428571429,0.08601773641799887,8.879551760555698
PLTR,-10.25,-28.442114017494234,-1.8622176659327416,128.47999572753906,129.1999969482422,122.68000030517578,128.05999755859375,116250900.0,14887089970.184326,True,-,False,False,True,46.68809985487595,139.46199951171874,141.91500091552734,147.75849990844728,148.38383356730142,164.49345842997232,,-2,-2.0,-1.0,1.0,28.26460763184088,27.840012192144066,9.401802062988281,7.613134384155273,0.0625,0.19677216667192132,8.26408250007882
UPWK,-10.0,-47.35802544487847,2.107282335932159,10.489999771118164,10.670000076293945,10.300000190734863,10.65999984741211,3521100.0,37534925.46272278,False,-,False,False,True,34.183534546755546,10.892000007629395,10.897999954223632,11.264499950408936,14.573000033696493,16.695916692415874,,-2,-2.0,1.0,-1.0,14.619711445382148,36.43614795621387,0.6040000915527344,0.8663334210713705,0.07142857142857142,0.10225394395131417,7.605237730698284
ZETA,-10.25,-37.85623345622522,-4.634465093278317,15.430000305175781,15.5,14.505000114440918,14.609999656677246,9767000.0,142695866.64676666,False,-,False,False,True,40.12487315118845,15.436000061035156,15.398000049591065,16.270500040054323,17.56149999300639,18.347000018755594,,-2,-2.0,-1.0,1.0,21.715690865865664,36.04501680534832,0.9281999588012695,1.0796999295552572,0.0625,0.14973209454829023,7.558481418224353
ACN,-10.5,-35.14089353444065,-3.494060120761222,185.8300018310547,185.97999572753906,177.5,179.52999877929688,7259200.0,1303244167.1386719,False,-,False,False,True,39.2851939578262,191.12999877929687,194.2479995727539,195.90299911499022,222.87999903361003,240.72024943033855,,-2,-2.0,-1.0,-1.0,30.69127514841235,39.2571197697184,7.752001953125,9.32966791788737,0.05357142857142857,0.16329998972873833,7.003071274502503
DOCU,-10.75,-33.51418699525928,-5.83973631606095,45.130001068115234,46.25,42.380001068115234,42.88999938964844,5922900.0,254033177.38494873,False,-,False,False,True,46.66175378930621,45.91199951171875,46.64799919128418,47.009999656677245,48.527083015441896,58.66425002415975,,-2,-2.0,-1.0,-1.0,34.20707158081431,38.04953708574011,2.775799560546875,2.4727166493733725,0.044642857142857144,0.17142824786536856,6.366066575123385
JKS,-11.0,-23.58238760098673,0.0,23.020000457763672,23.15999984741211,22.709999084472656,22.90999984741211,349300.0,8002462.94670105,False,-,False,False,True,46.256374340937164,23.45800018310547,24.240000343322755,24.557000064849852,25.869666639963786,26.008750025431315,,-2,-2.0,-1.0,1.0,38.70969009124986,15.83528967095334,1.1600006103515625,1.4454999287923178,0.03571428571428571,0.22105504120112354,6.351539903731139
ADP,-11.0,-26.560863614077945,-3.688404667249501,195.99000549316406,196.0500030517578,188.16000366210938,188.7899932861328,3201800.0,604467800.50354,False,-,False,False,True,36.48121061527387,198.70799865722657,200.872998046875,204.24699935913085,221.6970001220703,241.41650060017903,,-2,-2.0,-1.0,-1.0,16.538431890312545,28.55882784628634,5.4459991455078125,5.922666676839193,0.03571428571428571,0.20617231877698547,6.128299067369068
ADBE,-11.0,-27.290029545719065,-1.9961713008419424,229.89999389648438,231.0399932861328,224.1300048828125,225.35000610351562,5883000.0,1325734085.9069824,False,-,False,False,True,35.45289534580168,235.82000122070312,238.24400024414064,242.13000030517577,265.1870002746582,301.8089163462321,,-2,-2.0,-1.0,-1.0,12.88133842341738,34.781888510094994,8.097998046875,9.246166483561199,0.03571428571428571,0.20252885342287302,6.073647087057381
BTU,-11.5,-15.652951272191263,2.0931138585987608,27.59000015258789,28.850000381469727,27.579999923706055,28.290000915527344,3597600.0,101776107.29370117,False,-,False,False,True,47.163337203295036,30.23399963378906,32.572000122070314,34.52700004577637,34.8095001856486,32.060500113169354,,-2,-2.0,-1.0,1.0,20.156328044310094,5.8375845993495314,2.05,2.1687666893005373,0.017857142857142856,0.2606765118265865,5.428004820255941
HDRO,-11.5,-20.52343170339046,0.0,25.918500900268555,25.918500900268555,25.918500900268555,25.918500900268555,0.0,0.0,False,-,False,False,True,38.88413676731973,25.918500900268555,25.943600273132326,25.972005081176757,29.12413501739502,31.94260678291321,,-2,-2.0,1.0,1.0,45.32843606463673,35.19128113621002,0.014000320434570312,0.7226284344991049,0.017857142857142856,0.236339902093576,5.062955674260783
ORCL,-11.25,-31.736615294377568,0.16683282063019167,137.32000732421875,140.1699981689453,134.57000732421875,138.08999633789062,26124600.0,3607545918.3288574,False,-,False,False,True,41.9031347784142,141.66399841308595,142.55,146.98149948120118,155.75733235677083,188.43199933369954,,-2,-2.0,-1.0,-1.0,17.054232776111107,32.28610999423009,6.4239990234375,7.7375,0.026785714285714284,0.18031034263361517,4.981440853789941
TSLA,-11.5,-21.97003517846846,0.9634908676839249,346.2900085449219,350.3599853515625,342.739990234375,348.95001220703125,51045600.0,17812362743.115234,False,-,False,False,True,38.014860888105204,347.4580017089844,356.8,370.85049896240236,401.2871658325195,422.9181671142578,,-2,-2.0,1.0,1.0,15.610167340597826,16.373694664280304,16.147998046875,14.515833536783854,0.017857142857142856,0.22911157529733794,4.954530772317212
VRDN,-11.0,-53.266646088686166,-2.795840715059783,15.430000305175781,15.470000267028809,14.604999542236328,14.949999809265137,2412100.0,36060894.53992844,True,-,False,False,True,29.50206157374506,14.531999969482422,17.61299991607666,22.804500102996826,27.892166646321616,28.50091660817464,,-2,-2.0,-1.0,1.0,11.88624385353839,7.601019640280848,1.8430002212524415,1.6316333929697673,0.03571428571428571,0.07272999930149401,4.1266642752366955
BSX,-11.5,-34.36371221994959,0.8322489334036565,61.52000045776367,61.790000915527344,60.84000015258789,61.790000915527344,14773000.0,912823683.5250854,False,-,False,False,True,30.469906311105742,62.01600036621094,62.975,66.40799980163574,75.70400021870931,86.92658341725668,,-2,-2.0,-1.0,-1.0,11.292306895839525,11.597230490761483,1.4839996337890624,2.408333333333333,0.017857142857142856,0.16718337630830418,4.025607787481706
ENPH,-12.0,-14.242503574246623,-0.2239273650405993,31.389999389648438,31.8799991607666,30.899999618530273,31.190000534057617,5654200.0,176354501.01966858,False,-,False,False,True,38.37034357004531,32.13800048828125,34.51800003051758,38.81549987792969,41.427666727701826,36.67666673660278,,-2,-2.0,-1.0,-1.0,8.306819835259542,6.217417355980752,1.9400001525878907,2.9133338292439777,0.0,0.2677241769714499,4.015862654571748
NKE,-11.5,-35.716444992298115,-3.136366063898255,43.83000183105469,43.959999084472656,42.400001525878906,42.619998931884766,26014900.0,1108755010.213089,True,-,False,False,True,25.394399901826123,43.29399948120117,46.07199974060059,49.756999778747556,58.07549991607666,61.18483333587646,,-2,-2.0,-1.0,-1.0,6.171098699466774,6.808217206909002,1.4399993896484375,1.8391665776570638,0.017857142857142856,0.16042409865207638,3.9242186226382887
TYL,-12.0,-28.397351332694065,-1.9710841037997473,321.3599853515625,322.010009765625,314.07000732421875,317.29998779296875,563700.0,178862003.11889648,False,-,False,False,True,41.65773017901074,327.952001953125,332.8839996337891,338.9915023803711,357.67133280436195,412.3914161682129,,-2,-2.0,-1.0,-1.0,16.67357923201413,20.17243238819873,9.851995849609375,15.59483133951823,0.0,0.19699583495392595,2.9549375243088893
CRM,-12.0,-31.568900529101327,-3.4474680592517903,171.25999450683594,171.25999450683594,163.52000427246094,164.9600067138672,18076300.0,2981866569.3618774,False,-,False,False,True,39.08513636500947,176.03400268554688,180.46000061035156,186.079500579834,197.20400009155273,224.14608421325684,,-2,-2.0,-1.0,-1.0,17.18389642294949,18.11262817756497,7.415997314453125,8.101834106445313,0.0,0.18114837264865138,2.717225589729771
NOW,-12.0,-39.93776790387371,-7.5826720228455375,88.91000366210938,88.91000366210938,81.23999786376953,83.0,58626700.0,4866016100.0,True,-,False,False,True,36.29476862263412,94.65,98.82200088500977,104.65499992370606,111.53483339945475,138.77653306325277,,-2,-2.0,-1.0,-1.0,11.688103415317812,13.224993501031765,6.677999877929688,5.524666976928711,0.0,0.13933117163856273,2.089967574578441
INTU,-12.0,-42.02022444899156,-2.9721584581927973,359.7900085449219,360.3999938964844,342.1099853515625,350.94000244140625,7789100.0,2733506773.0163574,False,-,False,False,True,41.00105067168596,385.947998046875,405.5940002441406,425.697998046875,446.21133473714195,551.9994183858236,,-2,-2.0,-1.0,-1.0,14.704822305381708,8.659214682732621,21.6800048828125,22.224668375651042,0.0,0.12892564123136874,1.9338846184705312
EPAM,-12.0,-42.22840792149876,-1.1142489062737626,124.02999877929688,125.16000366210938,121.83999633789062,122.47000122070312,1521200.0,186301365.8569336,True,-,False,False,True,35.94031621588927,129.51000213623047,132.74300003051758,134.16649894714357,160.8468329111735,174.79458332061768,,-2,-2.0,-1.0,-1.0,24.241659584863164,22.293755946118317,5.677999877929688,8.122500483194987,0.0,0.12788539889904857,1.9182809834857286
