Ticker,Close,RS_rating,RS_rating_old,RS_rating_new,RS_score,TT_pass,RS_pass,Minervini_pass,Minervini_score,early_stage_score,R3M,R6M,R9M,R12M,RS_raw,Bench_R12,C1_Price>MA150&200,C2_MA150>MA200,C3_MA200_up_22d,C4_MA50>MA150&200,C5_+25%_from_low,C6_within_25%_high,Days_passed
CRNX,84.94999694824219,98.7,94.3,98.7,128.5794498985853,True,True,True,86.1,55.39344070297018,145.30752043914293,118.3804463136787,88.73583673874815,145.16592556221372,129.45277945648527,15.713146105728427,1,1,1,1,1,1,35
ATKR,94.75,91.0,77.4,91.0,47.52039842534478,True,True,True,82.51,53.714475183430885,37.38598434346496,58.54554107772554,50.51435640972439,53.77012595234405,38.056979846615626,15.713146105728427,1,1,1,1,1,1,43
MRNA,192.57000732421875,100.0,99.9,100.0,349.31137217576827,True,True,True,81.0,36.661630562993935,141.43681314765794,284.9090785984727,533.2456701429627,645.5284858420899,629.8153397363615,15.713146105728427,1,1,1,1,1,1,10
MU,1065.1099853515625,99.6,99.6,99.4,201.95330976313164,True,True,True,80.66,36.06041969132287,9.196134412882406,189.59462257055034,264.1873201773191,537.5923372420239,521.8791911362954,15.713146105728427,1,1,1,1,1,1,35
TRMD,38.04999923706055,94.6,92.3,94.6,75.4469294060616,True,True,True,78.81,36.55904087646654,47.49599636826609,49.25914583802671,119.375127286931,113.60838116881804,97.89523506308961,15.713146105728427,1,1,1,1,1,1,24
INTC,120.2300033569336,98.6,97.8,98.6,126.1632894467389,True,True,True,78.25,29.365598550338436,-0.09970512564094758,150.3227283211138,222.3324552711396,258.36067389272296,242.64752778699457,15.713146105728427,1,1,1,1,1,1,10
ADPT,28.899999618530273,94.3,90.1,94.3,68.44680832779656,True,True,True,77.98,34.21473454813032,36.38508206774589,100.2771933980096,76.00486896619498,93.1818151392865,77.46866903355807,15.713146105728427,1,1,1,1,1,1,46
JOYY,80.25,86.3,73.8,86.3,34.847873625467415,True,True,True,77.57,43.49879791609001,21.652587919595344,46.92411411008308,35.64072615340572,48.36935202465757,32.656205918929146,15.713146105728427,1,1,1,1,1,1,74
FTNT,178.75999450683594,94.8,92.0,94.8,76.85814220582775,True,True,True,76.63,29.037072054936193,14.406396484375005,120.28341484359552,122.58747346669212,112.60702975010103,96.89388364437261,15.713146105728427,1,1,1,1,1,1,86
RVTY,152.88999938964844,92.8,85.5,92.8,55.05174812817064,True,True,True,76.34,30.732040366646487,34.481247307720665,74.14192538789936,57.23961726921092,74.91470336830155,59.201557262573125,15.713146105728427,1,1,1,1,1,1,9
AMD,611.760009765625,99.0,97.9,99.0,137.903245658998,True,True,True,76.31,22.383013505401934,18.1414393249947,191.02325780253557,184.0902852091214,278.1198066333436,262.4066605276152,15.713146105728427,1,1,1,1,1,1,18
SMTC,178.35000610351562,96.3,95.0,96.3,94.68596595951306,True,True,True,76.3,25.94960153778832,31.84741662629278,122.82609203333563,137.29376984241384,149.61513466923023,133.9019885635018,15.713146105728427,1,1,1,1,1,1,18
COHU,68.13999938964844,97.8,97.5,97.8,113.27792855107629,True,True,True,75.89,22.570261993265827,14.965410601279828,114.14204916140199,187.14707418501234,235.16969820640742,219.45655210067895,15.713146105728427,1,1,1,1,1,1,9
NET,347.2799987792969,93.2,82.1,93.2,58.27557267905043,True,True,True,75.35,26.906320497058577,43.261413940393226,69.05029020148466,73.97054767756363,61.8341976354174,46.12105152968897,15.713146105728427,1,1,1,1,1,1,45
CRWD,264.75,96.6,92.6,96.6,96.1653168776746,True,True,True,74.55,19.707704878292304,36.483145598097266,169.25326245800156,122.652059190614,115.95497154356286,100.24182543783444,15.713146105728427,1,1,1,1,1,1,24
FORM,149.30999755859375,98.7,98.7,97.7,112.20814036896488,False,True,False,74.27,32.61721882038628,20.810746810272217,47.96352407096192,161.4886191744193,309.9670649788987,294.2539188731702,15.713146105728427,1,1,1,0,1,1,0
GSAT,82.88999938964844,93.2,93.2,88.1,37.85128560910369,True,True,True,73.5,20.7234001093708,3.109839555891214,20.954327836191,34.300061163712556,127.78235993383245,112.06921382810403,15.713146105728427,1,1,1,1,1,1,127
TSM,456.19000244140625,84.6,83.1,84.6,32.70280731539953,True,True,True,73.34,31.665743610348585,5.356052310284443,34.26016381815191,53.47386235720302,65.06790578107385,49.35475967534542,15.713146105728427,1,1,1,1,1,1,44
MSGS,405.2099914550781,86.7,86.7,85.3,33.35035671619205,True,True,True,72.75,26.89539797592209,2.543270497983441,27.15262983808675,56.00600858167395,78.50660416523266,62.793458059504225,15.713146105728427,1,1,1,1,1,1,128
TXG,90.36000061035156,100.0,100.0,99.9,340.1452549605825,True,True,True,72.52,8.402528518329673,131.6329261682474,309.79593531449626,454.6961051685515,672.9683819833701,657.2552358776418,15.713146105728427,1,1,1,1,1,1,14
DFTX,38.060001373291016,97.0,97.0,96.4,94.74581003253256,True,True,True,72.13,11.115619606951723,-13.871910938944731,84.75728479853353,193.8996288328963,222.8159584091224,207.10281230339396,15.713146105728427,1,1,1,1,1,1,3
TWST,193.24000549316406,99.7,99.7,99.7,313.45505462287053,True,True,True,71.32,4.791260209649151,94.71988074650291,290.06863528861334,501.0575313273841,586.7093450053493,570.9961988996208,15.713146105728427,1,1,1,1,1,1,10
ILMN,273.67999267578125,97.0,96.1,97.0,100.11250349330064,True,True,True,71.32,8.411514340832737,45.04982154947397,116.12571950710846,106.16195305143599,188.17520180901082,172.4620557032824,15.713146105728427,1,1,1,1,1,1,14
NBIS,235.8800048828125,95.7,91.5,95.7,87.44266195129785,True,True,True,71.3,10.06499474156204,9.396164652825378,131.36832951801233,176.95199008330974,110.10066084951649,94.38751474378806,15.713146105728427,1,1,1,1,1,1,10
STX,922.3400268554688,98.8,98.5,98.8,133.3652605169202,True,True,True,71.25,5.755918354793996,12.54869946818058,118.31573944185925,230.38736337043835,293.0258008359421,277.31265473021364,15.713146105728427,1,1,1,1,1,1,9
NTRA,413.30999755859375,95.6,95.4,95.6,87.16169198642766,True,True,True,71.14,9.656856059426602,47.970065416347715,103.3905732509329,79.71562972296454,156.76212612554542,141.04898001981698,15.713146105728427,1,1,1,1,1,1,32
AIQ,65.16000366210938,76.3,61.7,76.3,21.45200925338203,True,True,True,71.11,35.28713872572696,5.351665755292201,37.64259284343778,26.869164501093156,32.044957411794826,16.331811306066403,15.713146105728427,1,1,1,1,1,1,101
CDNA,65.0,99.5,99.1,99.5,219.39764641985482,True,True,True,71.07,4.244926816892629,122.67899558330204,263.7380914795101,240.8495072899326,347.0426421632272,331.3294960574988,15.713146105728427,1,1,1,1,1,1,26
RVMD,205.25999450683594,99.0,99.0,98.5,124.43750662320514,True,True,True,71.07,4.912076933778733,8.465434658978888,108.09002004959108,157.63775476882657,339.5288889796502,323.81574287392175,15.713146105728427,1,1,1,1,1,1,70
ONTO,307.82000732421875,94.1,94.1,92.9,55.22712018194652,True,True,True,70.54,9.680569801237409,0.0780352306494203,45.390140539125625,92.37548771434278,138.21390219496533,122.5007560892369,15.713146105728427,1,1,1,1,1,1,4
APPS,11.100000381469727,95.9,85.0,95.9,88.41572278670446,True,True,True,70.31,6.505206491059751,-12.667188448820587,273.73738298123243,120.2381044738868,73.43750337604429,57.72435727031586,15.713146105728427,1,1,1,1,1,1,8
TIGO,87.13999938964844,90.3,90.3,85.4,33.36855651119493,True,True,True,70.25,13.767418993697328,-6.304565571383458,17.135604376355417,65.91994840066766,96.39636092171848,80.68321481599006,15.713146105728427,1,1,1,1,1,1,98
SLAB,221.5800018310547,83.9,83.9,82.6,29.094758977828644,True,True,True,70.19,22.091804621410763,1.539730818236662,6.6775767506927375,66.7394106770647,68.97734582491246,53.264199719184035,15.713146105728427,1,1,1,1,1,1,165
TER,400.9100036621094,96.3,96.3,94.2,68.35329510582096,True,True,True,69.97,4.847169071360909,8.662930096593824,28.512320172766014,104.08971141240767,191.8385837507435,176.1254376450151,15.713146105728427,1,1,1,1,1,1,9
EWTX,40.599998474121094,95.1,95.1,91.5,48.70416064987644,True,True,True,69.94,6.325376553084424,2.628910679290919,22.510558907260723,65.44416038889392,150.3082625946457,134.59511648891726,15.713146105728427,1,1,1,1,1,1,72
TGT,156.69000244140625,90.2,87.5,90.2,44.37048944566462,True,True,True,69.93,12.84825388608727,21.260023832007846,32.32417091829338,65.25243682441186,81.75579182160213,66.0426457158737,15.713146105728427,1,1,1,1,1,1,60
QQQ,739.77001953125,68.3,55.2,68.3,15.670228779930483,True,False,False,69.75,41.41773202133134,3.920978025968247,26.876943394614727,19.83427416344885,23.797970289652337,8.08482418392391,15.713146105728427,1,1,1,1,1,1,104
MBX,58.619998931884766,97.4,97.4,95.1,81.81195862707891,True,True,True,69.65,2.2856985758372916,1.4186846118476204,81.54226469438122,89.70873674940508,234.97142246791296,219.25827636218455,15.713146105728427,1,1,1,1,1,1,66
DIOD,96.79000091552734,89.8,87.6,89.8,43.4937992560506,True,True,True,69.6,12.250699803155394,0.5610399122361942,40.43819426440436,94.00681920154538,81.90190298983086,66.18875688410245,15.713146105728427,1,1,1,1,1,1,7
DELL,537.9500122070312,99.2,98.2,99.2,180.2159982024987,True,True,True,69.39,-0.9807487698254813,36.65016455342354,219.10862345923343,324.38308276580045,284.28795568061247,268.574809574884,15.713146105728427,1,1,1,1,1,1,20
DAR,60.709999084472656,90.6,90.6,86.6,35.06230219626875,True,True,True,69.28,10.146645987478625,7.394304608947966,-2.3326910657960997,66.19217386582457,96.66341896341936,80.95027285769095,15.713146105728427,1,1,1,1,1,1,1
BE,276.9800109863281,97.5,97.2,97.5,111.71032328568897,True,True,True,69.23,0.7596962903112164,2.2481435300574892,109.1204359140637,217.4192117872132,227.51568166705295,211.80253556132448,15.713146105728427,1,1,1,1,1,1,11
ECO,80.87999725341797,98.3,96.9,98.3,123.91909385287686,True,True,True,69.17,-0.5035169913447549,66.16086397167157,81.92464658593428,182.90863869053618,222.44045604457062,206.7273099388422,15.713146105728427,1,1,1,1,1,1,24
ASX,44.459999084472656,98.6,98.6,98.2,119.87059064519437,True,True,True,69.04,-1.3397994700938096,7.253998585581312,99.7653362914684,180.14501297076487,304.9346067925759,289.2214606868475,15.713146105728427,1,1,1,1,1,1,44
MRK,145.30999755859375,86.6,86.6,85.0,33.10363580618309,True,True,True,69.02,14.596124403895764,12.818558991515117,21.829575741588215,39.835254047890786,78.2162312584062,62.50308515267777,15.713146105728427,1,1,1,1,1,1,70
CLMT,52.380001068115234,96.9,96.0,96.9,98.31459485395511,True,True,True,68.89,0.41814690095468454,43.82208594611829,51.43105185617169,165.4840460385441,187.0137044828232,171.30055837709477,15.713146105728427,1,1,1,1,1,1,37
INSW,110.13999938964844,96.8,95.7,96.8,98.04533238726617,True,True,True,68.82,0.3238231098430805,40.444276594167405,69.56375735264666,161.1057393353974,178.668612059952,162.9554659542236,15.713146105728427,1,1,1,1,1,1,52
PRAX,291.2300109863281,99.2,99.2,95.2,84.32407071616004,False,True,False,68.79,13.689128396644353,-8.567744244827402,-8.785388342587153,-1.9493563536147174,449.4905867666568,433.77744066092833,15.713146105728427,0,1,1,1,1,1,0
AMAL,47.56999969482422,86.5,86.5,83.9,31.20531628130386,True,True,True,68.79,13.975770447049698,3.6783297052013664,22.65701136925631,47.79852298546097,78.21438764139926,62.50124153567083,15.713146105728427,1,1,1,1,1,1,127
LRCX,328.510009765625,94.5,94.5,92.5,54.29393278242392,True,True,True,68.67,2.9026638818345396,-6.417290493961336,48.23235731042244,89.59888410075185,146.473003488868,130.75985738313955,15.713146105728427,1,1,1,1,1,1,1
FRO,49.27000045776367,96.0,94.8,96.0,90.57926131789365,True,True,True,68.63,0.7595736027570271,43.0994726878825,57.56540768069198,160.6856285119769,148.44632502103434,132.73317891530593,15.713146105728427,1,1,1,1,1,1,33
PBF,76.95999908447266,97.4,95.5,97.4,110.9202406139243,True,True,True,68.57,-1.2918284002413356,61.568013467069704,68.73114021177828,201.0079302047685,161.72610571893523,146.01295961320682,15.713146105728427,1,1,1,1,1,1,54
PLXS,260.95001220703125,87.0,87.0,85.9,34.08823444869244,True,True,True,68.5,12.324126080532313,-5.1470226085891575,25.928969534703405,74.45514708695154,80.35110083898556,64.63795473325713,15.713146105728427,1,1,1,1,1,1,10
VLO,387.6099853515625,95.4,93.4,95.4,84.7264933111706,True,True,True,68.29,0.42570086332475776,45.3196741212025,61.91363261952125,138.59500027426432,132.48448541966243,116.77133931393399,15.713146105728427,1,1,1,1,1,1,37
GHRS,23.479999542236328,87.7,82.8,87.7,37.08163732140897,True,True,True,68.29,10.704855949128856,-13.069236048620514,59.51086356179598,87.83999633789064,64.19579880459926,48.482652698870844,15.713146105728427,1,1,1,1,1,1,70
CRL,295.010009765625,91.9,89.3,91.9,51.80973938277275,True,True,True,68.26,5.002945830918285,27.88157555313027,68.673539199909,46.05902366865023,88.55298293904394,72.83983683331552,15.713146105728427,1,1,1,1,1,1,49
AMLX,29.100000381469727,96.5,92.4,96.5,95.59409940397686,False,True,False,68.25,15.487814842517892,59.27750220227248,102.78745371356783,142.5000031789144,114.12803572285704,98.41488961712861,15.713146105728427,1,1,1,1,1,0,0
GH,178.36000061035156,95.9,95.9,94.5,74.1599301935216,True,True,True,68.09,-0.8897514678808031,6.1793101243130755,95.67745213883774,77.29622595991776,185.4673526202263,169.7542065144979,15.713146105728427,1,1,1,1,1,1,68
VUG,90.11000061035156,60.5,42.6,60.5,11.443554187712088,True,False,False,68.05,46.17353015778316,5.49738009450631,22.70173030568796,10.313582445614689,13.207697998245171,-2.5054481074832546,15.713146105728427,1,1,1,1,1,1,90
MATX,219.63999938964844,93.0,93.0,91.7,50.503543570588434,True,True,True,67.93,2.4494512197956033,8.11520880693064,33.69649022641785,77.7263032657485,124.86450674691451,109.15136064118609,15.713146105728427,1,1,1,1,1,1,97
VSAT,70.37999725341797,94.2,94.2,92.1,52.8856811117748,True,True,True,67.82,0.4765696473508898,-15.266073534652847,55.60468265690841,99.15109493360927,140.204775037662,124.49162893193358,15.713146105728427,1,1,1,1,1,1,20
WDC,454.4599914550781,98.1,98.1,96.1,91.8101397845535,False,True,False,67.75,11.71293345774303,-15.657535866550399,52.73045751001195,158.40171326809323,279.2335998777631,263.5204537720346,15.713146105728427,1,1,1,1,1,0,0
SIMO,280.0,97.3,96.5,97.3,107.6625697871908,True,True,True,67.73,-3.9795745632878683,-6.697892652707171,140.33391993326734,211.9800762061144,199.39463810198657,183.68149199625813,15.713146105728427,1,1,1,1,1,1,10
ATI,189.39999389648438,93.5,93.5,90.5,44.498412454203766,True,True,True,67.59,0.6489606581530927,0.6911152316780633,25.223136460485527,63.036925954876175,132.84976939230097,117.13662328657254,15.713146105728427,1,1,1,1,1,1,86
ZETA,31.56999969482422,93.7,80.9,93.7,63.27700496028969,True,True,True,67.57,0.3083142500270615,52.51207019927278,100.6993045998266,51.77885025386995,58.88272954920628,43.169583443477855,15.713146105728427,1,1,1,1,1,1,40
PSX,255.30999755859375,94.1,90.2,94.1,66.52103427057745,True,True,True,67.56,-0.2611376151223696,45.485243660886795,47.19224480015032,101.18389754095554,93.25854169000777,77.54539558427935,15.713146105728427,1,1,1,1,1,1,37
TMO,675.0499877929688,83.1,68.6,83.1,30.111228706600976,False,True,False,67.45,30.684576164580484,29.063015784403046,36.74215104801366,16.01904513342902,39.66891578275611,23.955769677027682,15.713146105728427,1,0,1,1,1,1,0
EWY,182.77999877929688,93.7,93.7,92.4,53.27887138771172,True,True,True,67.43,-0.17559146339861664,1.465526478624013,44.81064570716906,85.33765330444756,133.31500496969392,117.6018588639655,15.713146105728427,1,1,1,1,1,1,36
CGAU,21.780000686645508,91.2,91.2,91.2,47.6963839889925,True,True,True,67.35,2.9054418399592095,31.672465032515706,18.946939257649387,51.54318943733103,104.64686118495065,88.93371507922222,15.713146105728427,1,1,1,1,1,1,26
MSGE,80.11000061035156,86.3,86.3,85.7,33.76713729787424,True,True,True,67.34,9.404154986321153,2.1941589923398563,38.38314295210785,48.986423523053446,77.07780202953019,61.364655923801756,15.713146105728427,1,1,1,1,1,1,96
GMAB,35.67499923706055,76.9,47.1,76.9,22.177942007368852,False,True,False,67.34,38.615377228107675,25.10959144544589,31.061719827295953,13.289931712799685,16.31887560585683,0.6057295001284047,15.713146105728427,1,0,1,1,1,1,0
ENTG,154.05999755859375,87.9,83.5,87.9,37.116699898058826,True,True,True,67.23,6.914893026491204,5.134652647152427,29.978193375415472,78.1351369018492,67.2008639187246,51.487717812996166,15.713146105728427,1,1,1,1,1,1,9
VIAV,41.91999816894531,97.3,97.3,94.7,76.62002819675297,False,True,False,67.2,10.934846386493755,0.6240958292978771,18.753538455985574,132.75956488729008,230.3388459818934,214.62569987616496,15.713146105728427,1,1,1,0,1,1,0
KN,37.150001525878906,86.5,81.2,86.5,35.01242759465792,True,True,True,67.12,8.40180711784883,1.0059890126758342,41.685745609297165,71.9907447675291,59.373669571111655,43.66052346538323,15.713146105728427,1,1,1,1,1,1,103
TSEM,227.42999267578125,96.8,96.8,93.9,66.45259947086876,False,True,False,67.03,11.038934780625755,3.825605801084331,21.574802892701527,88.4726909147421,214.5642919447315,198.8511458390031,15.713146105728427,1,1,1,1,1,0,0
TNK,97.05999755859375,93.4,90.5,93.4,61.3860557624302,True,True,True,67.02,-1.1271894438227106,44.04605543246489,35.660005220871895,86.74948018302607,96.42868254332326,80.71553643759484,15.713146105728427,1,1,1,1,1,1,39
WT,24.290000915527344,93.5,85.8,93.5,62.115117091103315,True,True,True,66.94,-1.5187456031415343,34.829081976470945,68.36358622155774,96.51609022519263,76.03774505582427,60.324598950095854,15.713146105728427,1,1,1,1,1,1,43
BTSG,56.75,89.9,89.9,82.2,28.439349476472557,True,True,True,66.91,3.154786943023338,-17.78936548812432,35.02260682423313,50.77045940549909,91.9824121288792,76.26926602315078,15.713146105728427,1,1,1,1,1,1,1
SOXX,568.6400146484375,92.3,91.6,92.3,53.2667532785927,True,True,True,66.89,-0.10477155250245218,0.4753074270492652,68.15796809770151,86.81380885718535,110.4113745839781,94.69822847824967,15.713146105728427,1,1,1,1,1,1,44
CGON,70.88999938964844,85.7,85.7,84.3,32.022643159035695,True,True,True,66.8,8.414726210862398,0.7532671613122544,6.138641140769807,76.4749878541249,75.99305247765922,60.27990637193079,15.713146105728427,1,1,1,1,1,1,3
ORKA,83.29000091552734,98.8,98.8,98.1,115.96036111696594,False,True,False,66.77,7.506081480262182,-2.2532545353532107,65.15962802201103,186.02334654918917,333.12534008433596,317.4121939786075,15.713146105728427,1,1,1,1,1,0,0
GKOS,164.19000244140625,91.1,91.1,89.5,42.43909015323661,True,True,True,66.71,0.8909131370968715,10.684917415942419,45.765272843649576,43.723744320445256,101.33659877020338,85.62345266447495,15.713146105728427,1,1,1,1,1,1,63
MT,66.73999786376953,88.9,88.9,85.8,33.9810053170082,True,True,True,66.65,3.6300346084858606,5.484230503991294,24.077731830390658,47.71507349790558,87.14376024876213,71.43061414303371,15.713146105728427,1,1,1,1,1,1,92
LLY,1157.0799560546875,76.9,76.9,65.9,14.559713332221756,True,True,True,66.65,19.64593175909336,-4.544979864797217,21.603813711938578,7.679546870677867,52.60516580808676,36.89201970235834,15.713146105728427,1,1,1,1,1,1,69
XP,20.9950008392334,78.1,44.3,78.1,23.281208090618783,False,True,False,66.62,34.58369256929461,29.919560875463592,13.666260222544668,28.57892450419253,14.32173397542953,-1.3914121302988969,15.713146105728427,1,0,1,1,1,1,0
OUST,40.34000015258789,89.7,74.8,89.7,43.074645575607754,False,True,False,66.61,19.11327411782137,-19.060995126234413,116.64875582384089,87.71521908903644,49.13124321763025,33.41809711190182,15.713146105728427,1,1,1,1,1,0,0
SBLK,29.360000610351562,88.8,84.0,88.8,40.62121410698989,True,True,True,66.6,3.6159468064025013,20.34264251969169,30.37640287370058,62.63689682325939,69.40748579860609,53.69433969287767,15.713146105728427,1,1,1,1,1,1,52
BAP,379.8699951171875,75.0,75.0,73.7,19.471999381698296,True,True,True,66.57,21.906704538411297,-2.898698035730707,16.575337808761105,37.18104166331453,49.401013507877245,33.68786740214882,15.713146105728427,1,1,1,1,1,1,179
FCEL,16.420000076293945,93.0,91.7,93.0,57.66402793313931,False,True,False,66.43,14.11656489959899,-41.586624974148,154.1795662435315,106.80100702722241,110.51281634323864,94.79967023751021,15.713146105728427,1,1,1,1,1,0,0
NUE,233.75,85.3,85.3,85.2,33.12092880200913,True,True,True,66.42,7.669070072611812,6.140619636774014,35.206573640126734,43.4985105944508,74.61832050192008,58.905174396191654,15.713146105728427,1,1,1,1,1,1,113
CSCO,107.62999725341797,81.4,81.4,81.3,26.54886137302871,True,True,True,66.39,12.774807206490072,-4.132900011103969,39.37895932105897,41.06606114888321,60.5650864174093,44.85194031168087,15.713146105728427,1,1,1,1,1,1,99
BRKR,64.75,90.8,90.8,90.6,45.37743499011719,True,True,True,66.29,-0.09552565154204662,5.131047885106077,79.76562022588598,36.722448457502836,100.13701049698494,84.42386439125652,15.713146105728427,1,1,1,1,1,1,19
OBK,52.25,80.0,77.8,80.0,25.072279467078474,True,True,True,66.27,14.241744424058371,2.1800638294174,26.49817696839527,40.43187159154442,54.071221116617885,38.35807501088946,15.713146105728427,1,1,1,1,1,1,126
CVE,31.079999923706055,91.6,88.6,91.6,49.28550235918788,True,True,True,66.21,-1.4426164126901238,26.686833576887036,21.621622025070142,85.44323389157556,85.98898872551963,70.2758426197912,15.713146105728427,1,1,1,1,1,1,60
OII,43.630001068115234,88.9,85.9,88.9,41.826870042376044,True,True,True,66.21,2.177934710899784,13.32467809900062,26.94210772185983,79.47347604527768,76.06941024674147,60.35626414101305,15.713146105728427,1,1,1,1,1,1,60
GCT,51.68000030517578,90.8,87.9,90.8,47.305687955579074,True,True,True,66.11,-0.6888855451900893,55.615783588921495,12.555808068597596,30.76923002672509,81.97183450472971,66.25868839900129,15.713146105728427,1,1,1,1,1,1,26
ANET,203.58999633789062,89.4,68.8,89.4,42.20324723348961,True,True,True,65.88,0.4048308679786028,27.25169657337718,63.067680277217434,53.72243475151124,39.72272799196504,24.00958188623661,15.713146105728427,1,1,1,1,1,1,62
APA,41.540000915527344,89.2,86.2,89.2,41.911705641358076,True,True,True,65.87,0.6446540010383106,29.27185956844809,1.8437243536836068,72.11673821560495,77.05434650060565,61.34120039487723,15.713146105728427,1,1,1,1,1,1,39
NDSN,327.8500061035156,80.9,72.9,80.9,26.34564725491652,True,True,True,65.86,11.65911833427123,13.242849291248504,23.397076877273125,35.58784483953812,46.257615975274355,30.54446986954593,15.713146105728427,1,1,1,1,1,1,184
SN,180.1199951171875,91.4,85.4,91.4,48.00443957858709,True,True,True,65.85,-2.3500887121902427,18.914632379740446,69.14264130947896,58.430812955622955,74.6194788683526,58.90633276262418,15.713146105728427,1,1,1,1,1,1,67
AMAT,511.3800048828125,95.2,95.2,92.0,52.643217676590055,False,True,False,65.69,8.689256531490027,-15.108970903029718,44.87373293085106,97.4083592460103,151.15193801214835,135.4387919064199,15.713146105728427,1,1,1,1,1,0,0
CIB,92.8499984741211,90.3,89.8,90.3,44.37556306156621,True,True,True,65.69,-1.4275839402008512,21.10874588721554,33.6943069238951,55.0028029699063,90.96321363959854,75.25006753387011,15.713146105728427,1,1,1,1,1,1,63
SCCO,202.63999938964844,87.2,85.2,87.2,35.52581091385909,True,True,True,65.6,2.403679539139671,20.04739083299336,19.56670196888417,43.40035391670993,74.5672170177146,58.85407091198618,15.713146105728427,1,1,1,1,1,1,27
WBD,30.950000762939453,80.5,80.5,77.0,22.35345670027977,False,True,False,65.57,27.907344681971598,16.88066955429266,12.586398765475693,6.945404947440825,58.474140679897005,42.76099457416858,15.713146105728427,1,0,1,1,1,1,0
HPQ,31.280000686645508,89.9,52.5,89.9,43.867241947296165,True,True,True,65.53,-1.4169461453660623,44.021823179553834,68.69936299508038,41.86559103090153,20.72760935139124,5.014463245662815,15.713146105728427,1,1,1,1,1,1,22
ASML,1811.6700439453125,89.0,89.0,88.6,39.38204070184095,True,True,True,65.41,-0.6235811515889649,2.5260045422805355,33.69823812774193,69.78875366377683,88.37120263312492,72.6580565273965,15.713146105728427,1,1,1,1,1,1,11
MXL,90.30999755859375,99.6,99.4,99.6,255.26688900165766,False,True,False,65.39,1.842391722755894,-3.0176171661371876,410.514385710304,410.22595291456867,461.6293407156899,445.91619460996145,15.713146105728427,1,1,1,1,1,0,0
SANM,214.91000366210938,88.8,88.8,88.0,37.744790201423136,True,True,True,65.32,-0.6763836819047456,-2.2114030649634797,65.08681498957507,41.36026138768565,86.69968075978191,70.98653465405349,15.713146105728427,1,1,1,1,1,1,7
AMG,365.6099853515625,79.9,77.2,79.9,25.032449294646817,True,True,True,65.28,11.082285238363614,6.096917839791227,33.68265490944182,25.928970318526943,53.35678556568286,37.643639459954436,15.713146105728427,1,1,1,1,1,1,109
DE,671.5499877929688,80.4,74.2,80.4,25.60626946525897,True,True,True,65.17,10.026643690491893,8.35103621432376,18.25780037648428,44.531774416056244,48.539700105106796,32.82655399937837,15.713146105728427,1,1,1,1,1,1,29
KRYS,332.55999755859375,89.2,89.2,80.5,25.665466479089584,True,True,True,65.13,-1.8216472890633728,-11.333886723946552,28.44617544890282,34.16168751320401,88.38724288123419,72.67409677550576,15.713146105728427,1,1,1,1,1,1,104
SMFG,25.90999984741211,79.7,78.3,79.7,24.965031139773835,True,True,True,64.95,10.234692151108465,5.625760791429135,25.169076775110334,33.625583615255,54.77897372564555,39.06582761991713,15.713146105728427,1,1,1,1,1,1,108
ZD,56.689998626708984,84.0,74.7,84.0,31.735724961779447,True,True,True,64.88,4.280388870553212,8.125115957919737,34.30466680005906,59.33107281975802,48.792653273240674,33.07950716751225,15.713146105728427,1,1,1,1,1,1,72
MUFG,23.06999969482422,82.3,71.2,82.3,28.752440167340502,True,True,True,64.8,6.270850371871053,11.935948625043213,30.338975708569205,44.8210875886085,44.73024028943837,29.017094183709947,15.713146105728427,1,1,1,1,1,1,99
LSCC,125.62000274658203,84.4,84.4,83.6,31.05402003740045,True,True,True,64.77,3.3691057498759456,-7.990914912664026,31.484196716357825,68.43657771844487,71.33115557752758,55.618009471799155,15.713146105728427,1,1,1,1,1,1,7
NVT,160.3699951171875,84.8,82.7,84.8,32.75819104890467,True,True,True,64.71,2.6448580845864327,5.542153865681798,32.62324219919452,56.41413938096509,63.669265933000155,47.95611982727173,15.713146105728427,1,1,1,1,1,1,44
BEN,32.119998931884766,77.8,72.4,77.8,22.85662684375057,True,True,True,64.56,11.481717354514746,-4.873189144645973,38.929274407865975,39.364578564436755,45.73565953574204,30.02251343001361,15.713146105728427,1,1,1,1,1,1,110
STNG,83.69999694824219,84.9,76.1,84.9,32.96772259640136,True,True,True,64.54,1.9361126677651803,15.295179214863408,14.288610377885846,67.99754436614181,51.962099808252304,36.24895370252388,15.713146105728427,1,1,1,1,1,1,136
IEX,227.97999572753906,72.9,70.2,72.9,18.920888591204474,True,True,True,64.49,17.771470459497447,2.19194023484679,19.565044640938687,28.502046792578504,42.1534710528116,26.44032494708317,15.713146105728427,1,1,1,1,1,1,141
HBM,26.68000030517578,86.1,86.1,85.5,33.585171985112154,True,True,True,64.4,-0.13698258227376775,18.135500062327694,21.336214243538578,34.182271618491164,76.13637393887561,60.42322783314717,15.713146105728427,1,1,1,1,1,1,41
VICR,288.94000244140625,99.5,99.5,99.1,144.43632253292026,False,True,False,64.38,-1.3888695712646473,2.1169782562130424,82.68841410670001,154.12489902962417,481.1343430158511,465.4211969101226,15.713146105728427,1,1,1,0,1,1,0
FCX,70.0,87.1,87.1,84.4,32.523766454128875,True,True,True,64.38,-1.5224574472787022,15.089229827486083,14.90917142770547,37.1321641902026,80.39903699776414,64.68589089203572,15.713146105728427,1,1,1,1,1,1,44
WHD,62.220001220703125,86.8,81.0,86.8,35.182051360201136,True,True,True,64.35,-1.238457839461016,23.669755516692724,33.07442837620087,36.20415408223321,59.292163309186144,43.57901720345772,15.713146105728427,1,1,1,1,1,1,44
WCC,359.5899963378906,87.1,84.3,87.1,35.47663617398903,True,True,True,64.22,-2.072393410361967,16.961705238172954,27.677293108692382,44.65686266084621,71.12561462406062,55.41246851833219,15.713146105728427,1,1,1,1,1,1,122
PCVX,56.900001525878906,80.4,80.4,66.8,15.086390384877939,True,True,True,64.14,6.603777618143106,-2.55180318435434,-2.735040126702726,25.302800522078407,57.96779789772268,42.254651791994256,15.713146105728427,1,1,1,1,1,1,3
SU,67.87000274658203,86.7,83.2,86.7,35.09526490013485,True,True,True,64.12,-1.8634543337685956,24.078871131922686,5.880244852002137,55.7100798342053,65.72825755062142,50.01511144489299,15.713146105728427,1,1,1,1,1,1,61
ACMR,80.91999816894531,92.6,91.4,92.6,54.72454359416808,False,True,False,63.86,6.077247144353674,-17.234324488765395,100.0,101.29352396317812,106.79784298519306,91.08469687946463,15.713146105728427,1,1,1,1,1,0,0
TECH,72.47000122070312,73.0,60.5,73.0,18.977217897711732,False,True,False,63.84,32.14523481447423,2.4287113039652475,35.9097770158546,23.109499913358732,31.009389951414825,15.296243845686398,15.713146105728427,1,0,1,1,1,1,0
PAGP,25.899999618530273,79.5,77.0,79.5,24.950894446277204,True,True,True,63.77,6.553079894059586,7.710419111405198,12.8640054072088,43.41121834371378,53.05841025765303,37.34526415192461,15.713146105728427,1,1,1,1,1,1,150
DOCN,133.38999938964844,98.3,98.3,97.2,104.19384705035122,False,True,False,63.45,-2.8921909874354386,2.505182805281292,52.132754248832256,173.34016695710739,290.4859484352538,274.7728023295254,15.713146105728427,1,1,1,1,1,0,0
MEOH,58.68000030517578,83.7,75.1,83.7,31.14565449184154,True,True,True,63.44,-0.13004475836949725,29.423505176566643,0.005174942305252728,47.120523101654314,49.75556406211486,34.04241795638643,15.713146105728427,1,1,1,1,1,1,11
SUN,72.87000274658203,81.7,78.5,81.7,26.699759839467404,True,True,True,63.42,2.4774441499263045,8.195715723716713,17.030016947585636,45.062735435867474,55.01461536645047,39.301469260722044,15.713146105728427,1,1,1,1,1,1,150
FLNG,30.760000228881836,73.3,65.7,73.3,19.09974930642512,True,True,True,63.4,13.613903967529996,7.557095046554996,10.208405158790491,34.56737318206453,35.608778098160585,19.89563199243216,15.713146105728427,1,1,1,1,1,1,157
PNTG,39.0,78.6,78.1,78.6,24.209776252337544,True,True,True,63.37,6.440646299846817,1.2461047158154548,28.500822108099722,35.41667025398334,54.63917946797374,38.92603336224531,15.713146105728427,1,1,1,1,1,1,79
SHG,77.66999816894531,83.5,77.9,83.5,31.00504775779487,True,True,True,63.32,-0.2605697615311514,16.133375237206526,24.27199707031249,44.28756367631639,54.19892756793241,38.48578146220398,15.713146105728427,1,1,1,1,1,1,63
EXPD,184.63999938964844,79.6,76.5,79.6,24.959650448980742,True,True,True,63.31,4.90123655177686,10.186782430821427,28.60613845534472,23.628775915872623,52.1897730120435,36.476626906315076,15.713146105728427,1,1,1,1,1,1,103
BCH,40.0099983215332,69.0,69.0,62.1,12.425089072699974,True,False,False,63.3,18.997240325654015,1.5997898332411609,7.438229103700866,11.404611567006985,40.08302502630969,24.369878920581268,15.713146105728427,1,1,1,1,1,1,57
TXN,280.0899963378906,83.4,79.7,83.4,31.001313182669243,True,True,True,63.13,-0.7728273281175642,-3.942918707018639,44.14392610800961,62.35402294133374,56.39445427804013,40.6813081723117,15.713146105728427,1,1,1,1,1,1,9
DBC,32.31999969482422,82.7,73.5,82.7,29.40221771118531,True,True,True,63.13,0.16005992797646862,21.64094868665012,12.691769005984078,42.75618624619626,48.28123593044595,32.568089824717525,15.713146105728427,1,1,1,1,1,1,63
BHP,84.83999633789062,80.8,80.6,80.8,25.917566397803526,True,True,True,63.03,2.3823433962449325,4.033907866664355,17.85136088955397,45.10609143219306,58.56256393394188,42.849417828213454,15.713146105728427,1,1,1,1,1,1,122
SPB,79.51000213623047,78.8,78.8,71.0,17.55504945913491,False,True,False,63.01,21.633903519000665,-5.9474171883845734,8.24833662808524,36.109634920744796,55.31211012361366,39.59896401788523,15.713146105728427,0,1,1,1,1,1,0
PDFS,51.04999923706055,90.7,90.7,88.5,39.051825653034385,False,True,False,62.99,5.685372340268809,-13.73775097362444,52.84430211030413,72.17537906865934,97.71494903345734,82.00180292772892,15.713146105728427,1,1,1,1,1,0,0
HSBC,99.30999755859375,74.2,73.0,74.2,20.025807376321346,True,True,True,62.98,11.009385324809276,3.109656690080187,17.414643699023657,30.131007160786382,46.36407264163631,30.650926535907885,15.713146105728427,1,1,1,1,1,1,127
TECK,65.79000091552734,81.2,75.9,81.2,26.390982680807845,True,True,True,62.84,1.2084843975735244,9.780870521690478,24.05049670321071,37.767911833413706,50.57476382403385,34.861617718305425,15.713146105728427,1,1,1,1,1,1,51
CLH,310.2300109863281,70.1,63.2,70.1,16.81873163339113,True,True,True,62.77,15.781406973307035,6.535026779383291,6.961109449243175,30.469346698196453,33.593148460749454,17.88000235502103,15.713146105728427,1,1,1,1,1,1,175
PAA,23.719999313354492,78.3,75.7,78.3,23.628505196593274,True,True,True,62.76,4.79549996387749,7.180439279022344,12.769652720448367,40.48948558103396,50.52250912343934,34.809363017710915,15.713146105728427,1,1,1,1,1,1,157
BBVA,27.8700008392334,79.1,76.3,79.1,24.80939389200465,True,True,True,62.74,3.6642935509662835,8.867189156007926,31.71374811108736,22.55837454285654,52.0404684940635,36.32732238833507,15.713146105728427,1,1,1,1,1,1,77
WDS,22.170000076293945,81.4,78.6,81.4,26.603165392665577,True,True,True,62.56,-0.015030753713189404,16.253169129842384,-4.0714957744619085,49.460187805935576,55.12079667216945,39.40765056644102,15.713146105728427,1,1,1,1,1,1,1
CARZ,107.69000244140625,77.5,75.5,77.5,22.678528822662045,True,True,True,62.56,5.196657828072096,-2.1266894154786775,30.517512608473375,36.923077370789436,50.20543296500477,34.49228685927635,15.713146105728427,1,1,1,1,1,1,116
AMGN,421.510009765625,81.0,77.3,81.0,26.38443318903462,True,True,True,62.45,0.1637139811651972,13.316402649456505,20.91682562560837,30.863396518732976,53.50913850191874,37.795992396190314,15.713146105728427,1,1,1,1,1,1,54
CNQ,47.06999969482422,81.9,76.0,81.9,27.420606566073012,True,True,True,62.31,-1.512713570395119,19.80972002040211,3.093330111645365,42.83760587986614,51.55265679804933,35.8395106923209,15.713146105728427,1,1,1,1,1,1,60
ELVN,45.84000015258789,93.8,92.9,93.8,64.81057674776117,False,True,False,62.21,-1.026420143555623,-7.9887586644241,21.301929193002266,194.79099414995943,123.93747772469234,108.22433161896392,15.713146105728427,1,1,1,1,1,0,0
JXN,129.32000732421875,80.6,61.3,80.6,25.874704478307258,True,True,True,62.17,-0.2406030857520497,24.594747348465273,25.223705948916365,23.10368987184246,31.856631873846908,16.14348576811848,15.713146105728427,1,1,1,1,1,1,53
TRIN,17.549999237060547,71.7,59.4,71.7,18.050054105132944,True,True,True,62.16,11.605291042659534,1.4930684166393204,25.932452332337807,32.59306530464112,28.73861605540715,13.025469949678726,15.713146105728427,1,1,1,1,1,1,126
DNTH,88.05000305175781,92.8,92.8,90.7,45.90389755314581,False,True,False,62.15,0.11210013587895307,-6.667366472651115,4.127253540594955,114.96583256794138,123.76113460249493,108.04798849676651,15.713146105728427,0,1,1,1,1,1,0
DCOM,39.41999816894531,69.5,66.2,69.5,16.408152546619164,True,False,False,62.06,14.211115552029426,-1.610297326162069,16.712506629777835,32.35489120414561,36.19395955149651,20.480813445768085,15.713146105728427,1,1,1,1,1,1,175
BMY,62.400001525878906,71.6,71.6,69.4,16.393876397987952,True,True,True,62.03,11.285413154470552,7.345605331677518,3.2805091887897486,18.997408618935463,45.0002535188595,29.287107413131075,15.713146105728427,1,1,1,1,1,1,51
CGNX,60.650001525878906,75.7,64.5,75.7,20.92740279566013,True,True,True,61.99,5.6877956149046724,-10.42015499945066,23.26046052595876,67.46460146743716,34.75226198380603,19.039115878077606,15.713146105728427,1,1,1,1,1,1,1
AAPL,333.0199890136719,74.1,60.8,74.1,20.009733287017532,True,True,True,61.96,7.730070658124015,7.995726249157187,30.50669656538476,22.281559131483064,31.26895823990545,15.555812134177028,15.713146105728427,1,1,1,1,1,1,94
NESR,25.469999313354492,94.7,94.7,89.0,41.8689397189804,False,True,False,61.83,13.17997074145568,-8.709678632260099,15.562605514279682,62.95584854041154,148.245601804731,132.53245569900255,15.713146105728427,0,1,1,1,1,0,0
SPMO,151.5800018310547,70.6,57.5,70.6,17.42040320942563,True,True,True,61.81,11.897577292599724,0.6611815116017938,32.80370654528979,26.705824851157487,26.27012162747726,10.556975521748836,15.713146105728427,1,1,1,1,1,1,109
JNJ,264.739990234375,72.8,72.8,71.1,17.579420523821916,True,True,True,61.8,8.929897135231368,1.1426614032841842,9.608273927438816,30.007343354264382,45.996162530838006,30.283016425109576,15.713146105728427,1,1,1,1,1,1,180
MTUM,317.3399963378906,69.2,56.4,69.2,16.26753296113838,True,False,False,61.7,13.390096311544916,0.4580248099106621,29.803901008674938,26.039963938010025,24.577750239185605,8.864604133457178,15.713146105728427,1,1,1,1,1,1,112
XLE,61.5,78.5,69.9,78.5,23.851520828385087,True,True,True,61.66,0.8658399139950073,16.2449391143487,5.666811909035285,39.499203596242324,41.60171040795042,25.888564302221994,15.713146105728427,1,1,1,1,1,1,61
XOM,162.75,80.1,74.1,80.1,25.457613197113318,True,True,True,61.64,-1.3186104779782637,19.486353542345512,2.572233906588539,37.21370217107627,48.52942282321073,32.81627671748231,15.713146105728427,1,1,1,1,1,1,22
NVDA,228.3800048828125,76.8,54.2,76.8,21.94075081880151,True,True,True,61.6,2.947233113272172,17.351303595672853,30.242971331010192,22.061652947236364,22.696522624415284,6.983376518686857,15.713146105728427,1,1,1,1,1,1,43
BMO,167.25,67.5,60.1,67.5,15.56043651272034,True,False,False,61.54,15.119028995013167,-3.2790145854970976,23.897431260067247,30.106527881888123,30.35625259264052,14.643106486912094,15.713146105728427,1,1,1,1,1,1,121
KO,86.08000183105469,68.4,62.8,68.4,15.773299867926255,True,False,False,61.38,13.415348935660273,2.9161596573194615,14.554060490290755,25.234737198231507,33.24538233647007,17.53223623074165,15.713146105728427,1,1,1,1,1,1,157
CVX,204.2100067138672,79.0,66.8,79.0,24.65922069906516,True,True,True,61.33,-0.905820872119892,21.74479463974226,5.303126273199266,37.8192134903778,36.684174452264216,20.971028346535793,15.713146105728427,1,1,1,1,1,1,27
HST,22.389999389648438,71.9,70.1,71.9,18.094560948398676,True,True,True,61.26,8.332408763471017,-3.2490440339849602,22.81336018622655,32.14842472989001,42.00910789384673,26.295961788118305,15.713146105728427,1,1,1,1,1,1,121
ABNB,160.64999389648438,72.8,62.1,72.8,18.742613205797177,True,True,True,61.25,7.096836677222028,7.869470084657437,28.32493870401094,17.339850704382954,32.30933645127712,16.59619034554869,15.713146105728427,1,1,1,1,1,1,47
SSRM,33.31999969482422,77.4,66.7,77.4,22.460935498269492,True,True,True,61.21,0.8416375597245969,8.920422321992838,5.877569910274882,52.01200622657236,36.57425671051453,20.861110604786106,15.713146105728427,1,1,1,1,1,1,28
GILD,149.0500030517578,73.5,67.4,73.5,19.336347146697257,True,True,True,61.13,5.77129065081682,14.184107994537287,7.537110941842173,23.178605264548334,37.5978035380212,21.884657432292776,15.713146105728427,1,1,1,1,1,1,17
LTC,42.869998931884766,72.1,54.7,72.1,18.321576579407,True,True,True,61.07,7.429304775149846,10.636448524985243,17.487832635780308,29.337942097281466,23.50921111400275,7.796065008274322,15.713146105728427,1,1,1,1,1,1,71
JCI,148.64999389648438,69.9,66.3,69.9,16.621159812789283,True,False,False,60.98,10.060909473064251,5.900940451411896,10.955030297604784,23.97834015005158,36.37054771346626,20.657401607737835,15.713146105728427,1,1,1,1,1,1,9
KLIC,94.25,93.8,93.8,91.1,47.60401790070203,False,True,False,60.94,11.400691503732151,-22.118595000474095,42.81845005293754,104.73527351349632,134.70355593802446,118.99040983229605,15.713146105728427,1,1,1,0,1,0,0
GRAL,140.1199951171875,97.9,93.9,97.9,113.63060580068166,False,True,False,60.91,5.83233030993423,102.74923148560902,161.41790878005264,64.26728030966933,136.96937694246824,121.25623083673982,15.713146105728427,1,0,0,1,1,1,0
MET,94.16000366210938,69.7,48.6,69.7,16.528664313148646,True,False,False,60.89,10.026694812371083,5.200269151975223,34.14269901404887,20.5233216856902,17.576762562053716,1.86361645632529,15.713146105728427,1,1,1,1,1,1,62
BY,36.83000183105469,67.0,64.6,67.0,15.103447661410218,True,False,False,60.78,13.254372000312225,-1.2818439018704275,16.261434585569635,27.03998738911444,34.77950413610786,19.066358030379437,15.713146105728427,1,1,1,1,1,1,135
ERO,36.689998626708984,90.1,87.2,90.1,44.0129572374465,False,True,False,60.73,-1.0310394232498135,39.98473829953277,30.802137699287346,27.928864143309173,81.36430774557044,65.65116163984202,15.713146105728427,1,0,1,1,1,1,0
ADI,396.7099914550781,82.5,82.5,82.5,28.919339367920635,False,True,False,60.68,8.91895390190174,5.503943231683106,24.464602481231545,45.64367820341704,63.48052969158837,47.767383585859946,15.713146105728427,1,1,1,0,1,1,0
WAB,287.17999267578125,76.6,70.8,76.6,21.72394651340306,True,True,True,60.67,0.08455758981204697,9.644311042491527,12.418892505380486,32.98950357777171,43.922714398880046,28.20956829315162,15.713146105728427,1,1,1,1,1,1,169
ADM,79.37999725341797,73.2,67.0,73.2,19.04035082575676,True,True,True,60.67,4.62238132361665,4.028919143559984,11.110262718844721,39.27553129400678,36.75812182881233,21.0449757230839,15.713146105728427,1,1,1,1,1,1,133
COP,125.1500015258789,77.2,66.5,77.2,22.372133132413524,True,True,True,60.66,-0.7354125619189508,20.29478110502765,-1.1364659570090252,35.92849933625348,36.47907007276787,20.765923967039445,15.713146105728427,1,1,1,1,1,1,25
AIT,332.2900085449219,68.9,58.6,68.9,16.18011143048786,True,False,False,60.65,10.313780785274085,0.5786806963197,23.738860668421836,27.857740800970966,28.14659429040709,12.433448184678664,15.713146105728427,1,1,1,1,1,1,123
IVZ,30.15999984741211,75.1,65.8,75.1,20.572722176954485,True,True,True,60.61,1.903976734251374,12.40919395862623,25.818122792716135,16.575673282845926,35.651426891957904,19.938280786229477,15.713146105728427,1,1,1,1,1,1,67
STLD,221.61000061035156,81.5,81.5,77.9,22.9924029771935,False,True,False,60.51,9.707548432881673,0.7943101597538416,21.763399715868715,30.96431425773185,60.64568059285924,44.932534487130816,15.713146105728427,0,1,1,1,1,1,0
SVXY,63.779998779296875,74.3,56.9,74.3,20.03100186671291,True,True,True,60.47,2.4865008498033445,11.289473479268075,37.843090875948306,14.526845667236055,25.206125831844027,9.492979726115603,15.713146105728427,1,1,1,1,1,1,75
CROX,117.30999755859375,75.4,69.4,75.4,20.682088085233794,True,True,True,60.44,0.9420946100248501,-6.361750717082703,40.3901400024981,35.33686795752009,40.406933900316176,24.693787794587752,15.713146105728427,1,1,1,1,1,1,14
PFE,28.520000457763672,69.3,51.5,69.3,16.35197936777474,True,False,False,60.43,9.017007726372599,19.32124429236497,3.3202671138879536,20.016242214797273,19.780898925458512,4.067752819730086,15.713146105728427,1,1,1,1,1,1,17
AME,247.72999572753906,67.6,62.2,67.6,15.58190659246943,True,False,False,60.41,11.24498403447176,5.741632902233662,13.645416130501564,20.203563497703957,32.5772875296743,16.864141423945878,15.713146105728427,1,1,1,1,1,1,20
EWJ,97.45999908447266,65.3,57.9,65.3,14.06541903116214,True,False,False,60.35,14.103655659493002,4.638178787989489,13.308883839446906,21.00460440290344,26.737249337481362,11.024103231752935,15.713146105728427,1,1,1,1,1,1,127
VIST,65.3499984741211,89.7,89.7,81.8,27.175281826258427,False,True,False,60.32,-1.866383633206598,8.267060658236236,-5.454288371895877,34.8256588163814,89.97091737033412,74.2577712646057,15.713146105728427,0,1,1,1,1,1,0
EZPW,29.760000228881836,79.4,79.4,71.4,17.81135404617025,False,True,False,60.25,11.63291818235189,-16.381005615933198,14.373557668413683,51.14270909950576,56.30251469479819,40.589368589069764,15.713146105728427,0,1,1,1,1,1,0
DAL,83.45999908447266,74.3,74.3,66.5,14.898238195044403,True,True,True,60.08,1.184479496189728,-9.79399248865237,24.094739846466172,21.309451147837088,48.67498495822349,32.96183885249506,15.713146105728427,1,1,1,1,1,1,92
EMGF,71.54000091552734,66.7,59.7,66.7,15.0142177805676,True,False,False,60.06,11.26117005633053,1.6193172797437816,18.016377999135358,24.428107729958803,29.387968614256277,13.67482250852785,15.713146105728427,1,1,1,1,1,1,44
FTI,67.91999816894531,84.8,84.8,79.4,24.884939997690164,False,True,False,59.92,3.3184284425934205,1.8165910397063056,-2.552136365556934,50.613588452181666,72.73006582241347,57.01691971668503,15.713146105728427,0,1,1,1,1,1,0
BP,43.9900016784668,74.7,63.9,74.7,20.241423226889218,True,True,True,59.67,-0.6875714432781784,19.065904276370226,-2.4473528800440736,31.291087116385043,34.231573345364666,18.51842723963624,15.713146105728427,1,1,1,1,1,1,16
APH,84.30000305175781,73.9,67.2,73.9,19.845940943350474,True,True,True,59.62,0.20497450786032478,2.5952412035581407,32.43246952276466,24.413001753591466,37.19375103327995,21.48060492755153,15.713146105728427,1,1,1,1,1,1,78
ATRO,67.41999816894531,88.4,88.4,83.0,30.03748691576949,False,True,False,59.48,13.737806772257972,-4.814349250255557,19.453132867652776,55.14647435275635,85.21652585894944,69.50337975322101,15.713146105728427,0,1,1,1,1,0,0
IMNM,21.510000228881836,88.1,88.1,62.7,12.654213871248484,False,True,False,59.35,13.691125862383613,-8.894537599245133,-4.187084641927374,1.5580732717242363,83.68915592493582,67.97600981920739,15.713146105728427,0,1,1,1,1,0,0
FDX,285.0899963378906,76.8,76.8,60.8,11.534213678677624,False,True,False,59.34,12.067239168314046,-8.559369664764404,-0.7767742450792703,22.986453272092632,52.58012869590356,36.866982590175134,15.713146105728427,0,1,1,1,1,1,0
SEI,71.18000030517578,87.0,86.8,87.0,35.20357740682333,False,True,False,59.31,-1.6414031337633246,6.146823561107584,28.799062622413896,55.35496610015818,79.57021118932938,63.85706508360096,15.713146105728427,1,1,1,0,1,1,0
NTRS,169.36000061035156,63.7,59.0,63.7,13.329153768600754,True,False,False,59.09,12.026216746292985,-3.5927312562772484,20.888948188165067,24.453368126048545,28.488915041344654,12.775768935616227,15.713146105728427,1,1,1,1,1,1,123
UBSI,45.939998626708984,61.5,58.5,61.5,12.334808428628339,True,False,False,59.07,14.913009844345595,-0.14699902757933092,12.05951609742517,21.930672549251096,27.977851551624088,12.264705445895663,15.713146105728427,1,1,1,1,1,1,203
IBKR,85.41999816894531,65.2,56.5,65.2,13.945187547117431,True,False,False,59.01,9.779212843225363,-6.386366262546639,26.02551764116592,31.80899805256221,24.664154566952302,8.951008461223875,15.713146105728427,1,1,1,1,1,1,119
TKR,116.75,80.3,80.3,68.0,15.605883316782757,False,True,False,58.92,6.001183660801422,-15.877651702890539,15.069287134140353,37.305850250799885,57.40958260475462,41.69643649902619,15.713146105728427,0,1,1,1,1,1,0
NVRI,19.530000686645508,77.7,77.7,52.4,6.859083202475653,False,True,False,58.88,9.329538392646693,-13.545814277437406,-1.0136789672127389,8.500003814697266,53.90071971976855,38.187573614040126,15.713146105728427,0,1,1,1,1,1,0
TILE,34.400001525878906,63.6,51.0,63.6,13.255724849176516,True,False,False,58.77,11.108879021808136,-3.480832159634084,34.41160675438986,19.516022449161884,19.312659361599003,3.599513255870579,15.713146105728427,1,1,1,1,1,1,71
KNX,63.59000015258789,82.3,82.3,62.6,12.595156056667186,False,True,False,58.76,2.7946854710926052,-16.47238213701391,11.038692432490471,21.951258232022685,62.93059389285058,47.217447787122154,15.713146105728427,0,1,1,1,1,1,0
JBHT,224.0500030517578,83.7,83.7,57.2,9.111971990032945,False,True,False,58.75,0.9083595833773888,-21.482029572080318,5.343737032324269,14.823787545501666,68.35639451649942,52.643248410770994,15.713146105728427,0,1,1,1,1,1,0
HP,37.13999938964844,84.9,84.9,83.2,30.28258813817436,False,True,False,58.67,-0.9529588652660833,19.325211496465734,8.820735789691337,30.918589740831415,73.02319216741759,57.31004606168917,15.713146105728427,0,1,1,1,1,1,0
WSM,227.94000244140625,66.2,49.7,66.2,14.714514735274125,True,False,False,58.67,7.284378548558561,0.5146892190062813,27.300729848009752,26.976985272879883,18.265480117468424,2.5523340117399984,15.713146105728427,1,1,1,1,1,1,70
ASH,67.91999816894531,72.3,72.3,72.0,18.16886140728007,True,True,True,58.64,-0.9431142779954068,1.9418793153971103,24.11688254834159,17.112526444315268,45.73113941294926,30.017993307220834,15.713146105728427,1,1,1,1,1,1,72
VRTX,522.8099975585938,63.0,63.0,62.8,12.725139596014916,True,False,False,58.52,11.070959734243175,-0.9904516109344952,16.891737723781475,15.222375988623194,33.4924874895389,17.779341383810475,15.713146105728427,1,1,1,1,1,1,55
GMOM,37.91299819946289,59.4,50.6,59.4,10.543211947712239,False,False,False,58.42,32.191607645135846,7.525351370591427,5.518297143340067,12.95825699955071,19.188802854487562,3.475656748759137,15.713146105728427,1,1,1,1,0,1,22
BSAC,33.36000061035156,61.8,61.8,59.1,10.428054839760975,True,False,False,58.41,12.30577064661218,2.1432968959273158,3.9732186858090435,11.736383048099764,32.144078673041435,16.430932567313008,15.713146105728427,1,1,1,1,1,1,55
PM,190.82000732421875,66.1,53.4,66.1,14.688627811244617,True,False,False,58.37,6.428773864697153,4.690844818863948,22.292000782319587,19.8638953719634,21.905553264212195,6.19240715848377,15.713146105728427,1,1,1,1,1,1,105
NIC,163.02000427246094,62.2,53.7,62.2,12.462750221869321,True,False,False,58.36,11.606730199864403,-2.0109724593398437,9.491061360392505,34.511951451360076,22.332683216273708,6.619537110545282,15.713146105728427,1,1,1,1,1,1,80
DVN,46.040000915527344,70.7,64.4,70.7,17.423330801186466,True,True,True,58.31,0.0953490982707289,14.50005891448216,-3.956037747185215,27.407689383538838,34.66488454061438,18.951738434885957,15.713146105728427,1,1,1,1,1,1,12
ABBV,261.5899963378906,61.0,47.5,61.0,11.68549141755905,True,False,False,58.31,13.041441631203838,0.9123785756557812,23.563864920429587,16.5556015154247,16.48323350062939,0.7700873949009646,15.713146105728427,1,1,1,1,1,1,44
ENS,183.52999877929688,82.6,82.6,64.6,13.824374820738928,False,True,False,58.28,17.46302354096464,-11.055075603934839,3.4768762150303223,24.273603939287703,63.48154515724629,47.76839905151786,15.713146105728427,0,1,1,0,1,1,0
BDX,179.0,70.8,56.6,70.8,17.423939966161587,True,True,True,58.28,-0.13727405348534727,13.901573268743173,15.981177166617044,18.645651051269606,24.689725075434943,8.976578969706516,15.713146105728427,1,1,1,1,1,1,33
ICHR,61.86000061035156,97.7,97.7,95.5,86.87070017475116,False,True,False,58.16,13.596134698428145,-37.01893724135638,29.387155058542945,225.92203425871568,253.08218603920994,237.36903993348147,15.713146105728427,0,1,1,0,1,0,0
TPC,82.5199966430664,64.4,57.4,64.4,13.666600363913904,True,False,False,58.12,7.856691425154144,7.623504140237736,5.0253614037663485,21.811501143722012,26.249130991605686,10.535984885877259,15.713146105728427,1,1,1,1,1,1,38
VECO,51.900001525878906,87.4,84.1,87.4,35.818984400369615,False,True,False,58.09,10.41977213949595,-9.723430143300305,49.69715681256335,78.28924918477391,70.55537629111141,54.84223018538299,15.713146105728427,1,1,1,0,1,0,0
AZTA,34.88999938964844,84.1,53.2,84.1,31.77564783849048,False,True,False,57.92,14.278680924408036,35.02321665487369,64.73087293167946,2.617645263671875,21.48328768735368,5.770141581625254,15.713146105728427,1,0,0,1,1,1,0
CSTL,35.529998779296875,87.6,79.2,87.6,36.59830882287954,False,True,False,57.79,9.15673417807306,47.36622928181167,41.83632679210447,-9.615880086339669,56.038638845009544,40.325492739281124,15.713146105728427,1,0,0,1,1,1,0
FIX,1654.0899658203125,91.0,91.0,87.5,36.35381096339707,False,True,False,57.78,4.596565290870092,-4.959134750605054,15.895828502667309,74.92899236907198,100.86250344645617,85.14935734072775,15.713146105728427,0,1,1,0,1,1,0
ETN,429.7099914550781,70.2,46.8,70.2,17.098136111437313,True,True,True,57.72,-1.1879055150040552,8.091756807505114,18.16327984626822,35.04476672333519,16.099120372572926,0.3859742668445021,15.713146105728427,1,1,1,1,1,1,11
TTC,96.41999816894531,59.7,59.6,59.7,10.692937069590979,True,False,False,57.71,12.756974959930451,-0.6798554281632119,3.5887741168596055,22.319315931185457,28.91630615623626,13.203160050507833,15.713146105728427,1,1,1,1,1,1,7
EFXT,22.790000915527344,91.9,91.9,86.1,34.17927008510662,False,True,False,57.7,3.1221751671056857,-1.1153006437237378,14.870810615104869,46.01139249508939,112.2447486027863,96.53160249705788,15.713146105728427,0,1,1,0,1,1,0
SKE,29.729999542236328,81.9,81.9,71.2,17.688973182396126,False,True,False,57.68,-0.2792207792207796,3.5888458254918376,-4.127702925501275,24.081805835722836,61.313071350775374,45.59992524504695,15.713146105728427,0,1,1,1,1,1,0
TDW,81.0999984741211,82.8,76.4,82.8,29.43594779871319,False,True,False,57.55,-1.9136483635082862,19.054602472385174,-2.804415027346585,59.80295265836668,52.07199641777551,36.35885031204709,15.713146105728427,0,1,1,1,1,1,0
PLTR,187.0500030517578,78.7,30.1,78.7,24.597423660919,False,True,False,57.55,3.5784699031620892,44.6635720316906,27.68789407990464,3.4339785664804445,2.538101594828701,-13.175044510899724,15.713146105728427,1,0,1,1,1,1,0
UCTT,81.05999755859375,96.4,96.4,95.0,78.38542895814784,False,True,False,57.46,12.99688503189897,-23.873032491489475,27.653539462352363,214.55178936239787,197.4678809489679,181.75473484323945,15.713146105728427,0,1,1,0,1,0,0
CFR,152.6699981689453,60.3,55.5,60.3,11.12259687619642,True,False,False,57.32,10.656840784934612,-0.7821499952153088,11.661777581110734,21.541355376852223,23.97415141344976,8.261005307721337,15.713146105728427,1,1,1,1,1,1,84
C,129.47999572753906,60.0,60.0,55.5,8.35135681345377,True,False,False,57.27,10.900844826781638,-7.024148561490984,13.403217376231868,12.136721256709215,30.265142557309723,14.551996451581296,15.713146105728427,1,1,1,1,1,1,127
HUT,86.0999984741211,94.6,94.6,93.3,58.49061805585316,False,True,False,57.26,-1.9405425250252575,-11.365041162130996,81.79898092168112,86.04148821334346,147.34270346850323,131.6295573627748,15.713146105728427,0,1,1,1,1,0,0
SNDR,31.850000381469727,76.6,76.6,65.5,14.327774184018276,False,True,False,57.01,4.561458719057875,-10.771233265104009,20.860144684127448,19.789057116429554,52.53213564974239,36.81898954401397,15.713146105728427,0,1,1,1,1,1,0
ARCB,127.44000244140625,88.0,88.0,84.5,32.6676494460458,False,True,False,56.97,5.913442521230716,-8.67531716596005,28.114580365288578,69.29818924754112,83.27611194931939,67.56296584359096,15.713146105728427,0,1,1,1,1,0,0
COHR,287.80999755859375,95.6,95.6,89.3,42.01346752405112,False,True,False,56.91,12.242283648173116,-13.663903826049062,16.146083137246393,54.0656288849428,167.18343325016454,151.4702871444361,15.713146105728427,0,1,1,0,1,0,0
PTF,108.88999938964844,74.5,72.1,74.5,20.17287606596513,False,True,False,56.91,7.037901404169554,-3.9855428326479148,21.773654237743955,41.525859025769776,45.53595273160775,29.822806625879327,15.713146105728427,1,1,1,0,1,1,0
BWA,60.11000061035156,68.0,68.0,65.4,14.270252143610051,False,False,False,56.88,15.60353014919174,-5.116982824446669,10.7067792909191,32.49860416932939,38.379842906695096,22.66669680096667,15.713146105728427,0,1,1,1,1,1,0
CSX,46.5099983215332,63.4,62.3,63.4,13.040403040466924,True,False,False,56.7,4.451678974069683,-4.607639483836845,12.886796430640457,28.86972499522511,32.66077274414274,16.947626638414313,15.713146105728427,1,1,1,1,1,1,127
KOF,108.04000091552734,63.1,62.6,63.1,12.777362868196317,True,False,False,56.65,4.68884488821931,1.7126867893418218,11.544576417108887,16.09693626162956,32.81992808355949,17.106781977831066,15.713146105728427,1,1,1,1,1,1,144
XHR,18.059999465942383,66.1,66.1,64.9,13.890607438013882,True,False,False,56.61,0.5730558946062353,-10.570033053224037,25.24500851146767,29.1900666822845,36.158028102765314,20.44488199703689,15.713146105728427,1,1,1,1,1,1,11
FBNC,61.11000061035156,53.9,48.4,53.9,7.926877402094092,True,False,False,56.46,16.345410997931626,-3.8459414581958784,9.179114425970036,20.693778155957233,17.45337734493495,1.7402312392065244,15.713146105728427,1,1,1,1,1,1,133
CAT,810.7899780273438,84.5,84.5,72.5,18.555712764000965,False,True,False,56.34,8.451686834186177,-15.696030619565793,11.436154149181688,41.281393246476995,71.45307766347773,55.7399315577493,15.713146105728427,0,1,1,0,1,1,0
IMO,123.05000305175781,73.4,68.1,73.4,19.160097501997463,False,True,False,56.26,6.320795693619092,8.676559611836176,-3.6466152611804525,43.65565489031393,38.438328657181486,22.72518255145306,15.713146105728427,0,1,1,1,1,1,0
FLEX,109.98999786376953,89.5,89.5,88.3,38.00066118195938,False,True,False,56.18,1.2555396181650835,-19.633203731368166,61.18112735487966,78.35252331685061,89.73606270080296,74.02291659507453,15.713146105728427,0,1,1,1,1,0,0
CAAP,25.440000534057617,72.6,72.6,60.9,11.654368810134319,False,True,False,56.14,23.670816500388142,4.780071538261144,2.1089762650121635,0.7086207928896693,45.89410391624747,30.18095781051904,15.713146105728427,1,0,1,0,1,1,0
META,725.1799926757812,69.8,26.3,69.8,16.536622469020813,False,False,False,56.14,27.39650862300492,24.50716531783499,25.412177110865297,9.174395299491644,-0.9177907009228714,-16.6309368066513,15.713146105728427,1,0,1,0,1,1,0
FFBC,31.31999969482422,59.5,58.8,59.5,10.544604625739044,True,False,False,56.11,7.685303171062945,-8.195500138763123,13.43643588793455,27.193273946986054,28.484313571300856,12.77116746557243,15.713146105728427,1,1,1,1,1,1,127
ANDE,65.69999694824219,83.6,83.6,68.8,16.061979082633925,False,True,False,56.09,8.844764720129925,-0.9049865398154222,-9.35113559639259,24.043879177413064,67.42712491177998,51.71397880605155,15.713146105728427,0,1,1,0,1,1,0
HWC,72.04000091552734,54.6,49.9,54.6,8.205200552138434,True,False,False,56.06,14.055990692690887,-2.8017302609555705,13.941002057470019,14.291270028209624,18.397191196923668,2.684045091195242,15.713146105728427,1,1,1,1,1,1,127
TTE,85.5,75.9,74.5,75.9,21.07218277055363,False,True,False,55.94,1.92838880012494,12.800871110756805,-3.6455795590637496,34.67422845954366,48.73052273077463,33.017376625046204,15.713146105728427,0,1,1,1,1,1,0
INVX,27.020000457763672,75.6,72.5,75.6,20.812636239214726,False,True,False,55.7,1.5498313670187618,12.162724311402817,11.514655254796757,22.484139219852885,45.738938098618355,30.02579199288993,15.713146105728427,0,1,1,1,1,1,0
SLX,102.26000213623047,70.6,70.6,69.0,16.234085198444575,False,True,False,55.69,8.174926458155376,4.1450245377608,9.697490664181263,19.86872003600151,43.31416621651849,27.601020110790063,15.713146105728427,0,1,1,1,1,1,0
DNLI,20.670000076293945,70.3,70.3,51.9,6.6784190861588355,False,True,False,55.61,8.298976734243883,-19.976770664549658,5.0304865638533425,25.959782257728946,42.355367938311204,26.64222183258278,15.713146105728427,0,1,1,1,1,1,0
KLAC,194.92999267578125,87.4,87.4,81.5,26.65702656858339,False,True,False,55.57,2.0445056706317986,-17.151216275258395,28.565776966626565,57.32183730470977,81.6999511220974,65.98680501636898,15.713146105728427,1,1,1,0,1,0,0
SWK,88.58999633789062,63.9,56.1,63.9,13.424926250402587,True,False,False,55.52,-0.1492045768599286,-2.7628060616043504,26.90201915715722,21.450278275729097,24.297945942335318,8.584799836606894,15.713146105728427,1,1,1,1,1,1,77
DHR,221.5500030517578,58.6,41.9,58.6,10.005450256990159,False,False,False,55.51,40.2367029473415,12.13189047890304,16.569578212364956,-3.3783471286777833,12.572239243457538,-3.140906862270887,15.713146105728427,1,0,0,1,1,1,0
PH,955.4199829101562,58.1,58.1,53.5,7.6557338360434946,True,False,False,55.49,7.48866838855816,-0.575948852535646,4.207135834408282,8.154223811988427,27.069207238892055,11.356061133163632,15.713146105728427,1,1,1,1,1,1,8
USB,57.7599983215332,55.7,55.7,52.6,6.982934490588267,True,False,False,55.4,10.391906680755165,-5.554025268449991,11.470064477913544,10.443587319507696,24.109071192420075,8.395925086691648,15.713146105728427,1,1,1,1,1,1,127
UNP,272.1300048828125,55.9,48.5,55.9,8.569337273279189,True,False,False,55.36,10.002199761960963,-3.1380464533850905,13.036061003672184,18.531450660933867,17.555267608560076,1.8421215028316507,15.713146105728427,1,1,1,1,1,1,7
RIO,94.16999816894531,75.2,75.2,68.1,15.61781590699666,False,True,False,55.35,0.9005597678520049,1.9252674381675439,1.5060048498670264,22.862726767064046,49.86981304171714,34.15666693598871,15.713146105728427,0,1,1,1,1,1,0
EMBJ,75.31999969482422,73.8,57.0,73.8,19.82120983126334,False,True,False,55.33,2.695916140719035,17.738097410340824,21.422326049681793,16.888443494771987,25.319084791181258,9.60593868545283,15.713146105728427,1,0,1,1,1,1,0
MSFT,512.9000244140625,76.5,27.1,76.5,21.666549234026014,False,True,False,55.31,-0.9558821443263867,31.595071633139106,39.420780253951484,5.88207277696704,-0.16025012706666342,-15.87339623279509,15.713146105728427,1,0,1,1,1,1,0
TS,55.18000030517578,80.1,80.1,75.2,20.640221677280234,False,True,False,55.3,10.860958831121124,1.9397731689294817,-2.8528154713329923,44.87036475817092,57.30401276170427,41.590866655975844,15.713146105728427,0,1,1,0,1,1,0
ADEA,25.579999923706055,77.5,77.5,67.9,15.591819138771545,False,True,False,55.29,14.31507773246415,-12.200009479655927,2.419690735962643,46.12761393237217,53.81180998483477,38.09866387910634,15.713146105728427,0,1,1,0,1,1,0
ALMS,7.389999866485596,88.3,88.3,3.2,-30.340744012290568,False,True,False,55.22,16.334641247809213,-72.11320805099774,-67.4879013844515,-25.20243136754482,85.21302879253896,69.49988268681054,15.713146105728427,0,1,1,0,1,0,0
CACI,609.1099853515625,70.5,53.5,70.5,17.18895078290572,False,True,False,55.18,6.615842211559417,21.136368477901545,8.546727051750281,13.005319811485272,22.11997009548996,6.406823989761534,15.713146105728427,1,0,1,1,1,1,0
XLV,168.4199981689453,60.0,54.5,60.0,10.802907763466925,False,False,False,55.16,20.54580381294148,3.2518384318434235,14.946317430734823,9.52484245147871,23.03970207143424,7.326555965705817,15.713146105728427,1,1,1,1,0,1,56
CRS,388.82000732421875,80.8,80.8,39.9,1.4892366741567926,False,True,False,55.14,9.396659080175821,-34.86988857465404,-3.7483355395193874,22.218541842511907,58.715754217099516,43.00260811137109,15.713146105728427,0,1,1,1,1,0,0
PDP,137.8300018310547,54.3,47.9,54.3,8.123974186384928,True,False,False,55.14,11.406467575946238,-2.510965432983503,11.793333447608202,17.092857788694094,16.75561056158934,1.0424644558609142,15.713146105728427,1,1,1,1,1,1,9
SHOO,44.77000045776367,75.0,66.6,75.0,20.506242898738904,False,True,False,55.09,0.28519217209979186,12.718867143492396,32.745192672573076,7.820400680169048,36.527886853967615,20.814740748239192,15.713146105728427,1,0,1,1,1,1,0
NEM,115.33999633789062,72.4,67.9,72.4,18.41480505301984,False,True,False,55.08,3.741784414252163,19.105619285886767,1.8103272483559252,13.96468520756593,38.08777423740381,22.37462813167539,15.713146105728427,1,0,1,1,1,1,0
PRU,113.58000183105469,55.2,46.1,55.2,8.280738884337945,True,False,False,55.08,10.006679483582607,1.7186629798626285,18.858045543217905,3.8233753474022247,15.284947571344333,-0.4281985343840944,15.713146105728427,1,1,1,1,1,1,1
ONC,365.94000244140625,72.3,35.6,72.3,18.405432610813875,False,True,False,55.02,3.656682805374605,22.943057263650246,18.642199307764294,20.090575274171975,7.408273944832611,-8.304872160895815,15.713146105728427,1,0,1,1,1,1,0
KEX,131.25,80.0,80.0,66.6,15.013658366342666,False,True,False,54.92,9.745948301214916,1.085954791957966,-2.6479803666183632,18.264548594285124,57.27981402013063,41.5666679144022,15.713146105728427,0,1,1,0,1,1,0
NOV,18.729999542236328,71.1,71.1,67.1,15.113441528198036,False,True,False,54.9,4.882608816389969,4.380689700915874,1.6360862187919212,20.60169473884008,44.56804728152643,28.85490117579801,15.713146105728427,0,1,1,1,1,1,0
URI,1000.780029296875,57.8,33.3,57.8,9.743465090228064,True,False,False,54.81,5.618036505247286,-8.746028837910691,37.32368238432689,23.198571457445063,5.6871292851897515,-10.026016820538675,15.713146105728427,1,1,1,1,1,1,57
SDRL,44.66999816894531,74.8,73.4,74.8,20.31116281681051,False,True,False,54.77,-0.5007139457401238,12.039125572240494,0.24685097007250967,29.36576816715113,47.864943802347916,32.15179769661949,15.713146105728427,0,1,1,1,1,1,0
FMX,118.55999755859375,55.4,55.4,53.7,7.806590067259589,True,False,False,54.71,8.498435594954492,-7.030792516945761,7.962893308187202,21.329521239405747,23.802120822596518,8.08897471686809,15.713146105728427,1,1,1,1,1,1,4
ACLS,131.17999267578125,77.7,64.1,77.7,22.823978204936598,False,True,False,54.65,11.899611688498696,-9.217998148248274,37.34686393229578,60.85835409782203,34.35066929106172,18.637523185333293,15.713146105728427,1,1,1,0,1,0,0
EBC,20.93000030517578,50.5,50.1,50.5,5.950541843202997,True,False,False,54.46,14.184849850734407,-5.759732985503618,7.3338703280118045,15.346554791870348,18.59175006714007,2.878603961411641,15.713146105728427,1,1,1,1,1,1,82
TTMI,122.83999633789062,92.1,92.1,86.2,34.34903003376747,False,True,False,54.38,8.480011222710436,-21.246313820610908,26.53481048719515,74.43907914224022,113.26388818062378,97.55074207489535,15.713146105728427,0,1,1,0,1,0,0
WEX,168.6999969482422,61.4,34.7,61.4,12.226884183381358,True,False,False,54.37,-0.6312492033331063,15.169307665760435,12.197390438576527,11.507703374130006,7.090711772679392,-8.622434333049034,15.713146105728427,1,1,1,1,1,1,37
LH,308.1099853515625,61.2,36.9,61.2,11.955726076426867,True,False,False,54.37,-0.36878501743525416,7.593053145777184,13.52167730766869,22.65222559927993,8.418621183631348,-7.294524922097079,15.713146105728427,1,1,1,1,1,1,50
MKSI,265.3599853515625,92.5,92.5,82.1,27.53585285485008,False,True,False,54.36,7.868965378898161,-27.342494781717885,12.64931321395142,64.41965139573406,115.29528922800067,99.58214312227224,15.713146105728427,0,1,1,0,1,0,0
FDN,288.45001220703125,57.5,30.2,57.5,9.54162698258546,True,False,False,54.35,4.512162337786496,8.01349013003998,22.271208396984377,6.333182397295523,3.076763858567433,-12.636382247160993,15.713146105728427,1,1,1,1,1,1,9
ONB,24.639999389648438,49.8,45.4,49.8,5.635296251637545,True,False,False,54.25,14.418913328736304,-4.698877377943922,11.639468577554425,10.940295308210434,14.99447212831071,-0.7186739774177164,15.713146105728427,1,1,1,1,1,1,124
MTSI,284.82000732421875,93.3,93.3,88.4,38.52183835292432,False,True,False,54.15,6.0870598744932245,-11.617948646074893,24.180330731723988,62.875287514790216,128.78947081025717,113.07632470452876,15.713146105728427,0,1,1,0,1,0,0
SLB,48.720001220703125,71.7,71.7,71.5,17.820635403719884,False,True,False,53.93,0.8322763401050937,8.514939176214153,-1.599922646148888,28.456210862144225,45.21701045017576,29.50386434444734,15.713146105728427,0,1,1,1,1,1,0
AMZN,249.14999389648438,56.5,43.2,56.5,8.856303142533953,True,False,False,53.78,3.9407500692609823,2.670291250024137,18.321691233482863,7.147462780904323,13.471779198234302,-2.2413669074941245,15.713146105728427,1,1,1,1,1,1,43
LQDA,30.260000228881836,62.7,62.7,5.9,-24.32171481734794,False,False,False,53.7,28.74789518960861,-61.66223221603414,-19.242062335022236,-12.11153075612108,33.06948343647191,17.356337330743486,15.713146105728427,0,1,1,1,1,0,0
FCFS,211.22999572753906,64.5,64.3,64.5,13.736224071851058,False,False,False,53.53,9.10872388369231,-4.648532223174673,11.648616099916186,31.816944369510303,34.51262433617814,18.79947823044972,15.713146105728427,0,1,1,1,1,1,0
FIBK,35.7400016784668,49.4,49.4,44.6,3.551328054395425,True,False,False,53.53,12.574746335753586,-7.583944095598705,9.251597810216673,5.5505528685750205,18.122377784382838,2.409231678654411,15.713146105728427,1,1,1,1,1,1,122
ARKW,160.13999938964844,59.6,20.1,59.6,10.629959927467487,True,False,False,53.42,-1.414649916866802,10.304454793076179,32.04155755399394,7.368425037141835,-6.869092539950705,-22.58223864567913,15.713146105728427,1,1,1,1,1,1,3
ROK,435.3299865722656,57.3,57.3,55.4,8.34793060566299,True,False,False,53.34,1.386113578010387,-7.426122538880831,18.729802152966577,11.648811332364994,26.213284620745036,10.50013851501661,15.713146105728427,1,1,1,1,1,1,7
VTV,216.0800018310547,55.1,49.5,55.1,8.255192116581057,False,False,False,53.33,20.976012417835623,-0.9536788933908857,10.922016780604205,14.028305167711409,18.23299642137144,2.519850315643013,15.713146105728427,1,1,1,1,0,1,282
HXL,83.91999816894531,64.9,64.9,45.3,3.769567580669868,False,False,False,53.31,7.841248700943132,-15.349605428799794,1.9865546698443204,12.618216721911523,34.942277369193086,19.22913126346466,15.713146105728427,0,1,1,1,1,1,0
PWR,642.510009765625,78.7,78.7,77.3,22.425168315840892,False,True,False,53.23,5.83523775547077,-3.860482094719342,14.749413601906824,49.92700466912332,55.170387497612985,39.45724139188456,15.713146105728427,0,1,1,0,1,1,0
FNV,238.11000061035156,52.8,35.5,52.8,7.025813858713756,True,False,False,53.05,6.432891322756047,9.617316650563934,-6.450415463808445,14.944433645103228,7.400417811146132,-8.312728294582294,15.713146105728427,1,1,1,1,1,1,9
ESGU,166.8000030517578,58.2,46.3,58.2,9.96730544745009,False,False,False,53.03,15.820156473406193,2.3150939170216045,17.619529606023065,11.872301031057809,15.714508766126368,0.0013626603979410845,15.713146105728427,1,1,1,1,0,1,103
EGO,38.4900016784668,67.4,63.6,67.4,15.399470749500692,False,False,False,52.93,3.2206544946935667,14.472951843164727,6.950613348958767,7.127084481764268,33.97375223045096,18.260606124722536,15.713146105728427,1,0,1,1,1,1,0
MPWR,1347.219970703125,79.2,73.2,79.2,24.858644765278672,False,True,False,52.91,4.115144103629582,4.739308741551107,20.701788846080316,46.79571137906162,47.31710611814921,31.603960012420785,15.713146105728427,0,1,1,0,1,1,0
CRM,229.57000732421875,70.3,25.2,70.3,17.122666651357875,False,True,False,52.9,-0.7401445372002483,38.446740044944974,24.110874614120448,-13.07759539504396,-2.31342605217707,-18.026572157905495,15.713146105728427,1,0,1,1,1,1,0
CVBF,21.610000610351562,56.4,51.9,56.4,8.83529513926279,False,False,False,52.79,17.430515775641773,-3.518902857952577,12.858143380571295,18.280335694688166,20.075802336959647,4.362656231231221,15.713146105728427,1,1,1,1,0,1,108
ICUI,160.50999450683594,68.6,63.5,68.6,16.022964032297498,False,False,False,52.75,1.0303165586567704,3.5748811011770742,28.182393341406687,10.979733864276863,33.80293075344978,18.089784647721352,15.713146105728427,1,0,1,1,1,1,0
RIOT,20.149999618530273,76.4,33.5,76.4,21.47501514547989,False,True,False,52.74,7.2617419873307565,-8.864771314857611,60.55776344454695,58.661416701991406,5.885438210576299,-9.827707895152127,15.713146105728427,0,1,1,1,1,0,0
EOG,137.75999450683594,65.8,58.2,65.8,14.521668278585793,False,False,False,52.65,4.418960236256006,6.1189570479964095,-0.3988573752263358,33.629719599636545,27.13956507252593,11.426418966797502,15.713146105728427,0,1,1,1,1,1,0
CALY,14.09000015258789,73.7,73.7,47.0,4.481049283947176,False,True,False,52.61,10.44654666433723,-22.83680188403425,1.9536936593767873,17.80936544855505,48.31579107987254,32.60264497414411,15.713146105728427,0,1,1,1,1,0,0
AMKR,52.380001068115234,88.5,88.5,68.5,15.939864901154833,False,True,False,52.57,7.21834612024503,-24.657011174667996,13.003734584520776,30.287405351146646,85.72220691944274,70.00906081371431,15.713146105728427,0,1,1,0,1,0,0
EBAY,106.05000305175781,54.5,49.3,54.5,8.150510331595845,True,False,False,52.55,2.5084026343249746,-7.373355415940708,14.535959648944562,22.874778751009607,18.088524089906464,2.37537798417804,15.713146105728427,1,1,1,1,1,1,31
EMR,155.10000610351562,67.7,52.1,67.7,15.5835029901484,False,False,False,52.39,1.0426374094460407,11.920890387240402,18.044092827224723,15.940148776014617,20.091492573021853,4.378346467293426,15.713146105728427,1,0,1,1,1,1,0
CR,204.02000427246094,48.8,40.1,48.8,5.312451443123054,True,False,False,52.29,9.236919660045936,-6.142414783312611,18.296962854361443,9.182188709024297,11.367935218854752,-4.345210886873674,15.713146105728427,1,1,1,1,1,1,11
PICK,59.959999084472656,67.7,67.7,64.0,13.482190574824006,False,False,False,52.28,0.6800647801523453,3.8448170098231316,4.517807450933531,17.177424921973184,38.02608648156705,22.312940375838618,15.713146105728427,0,1,1,1,1,1,0
HYMC,19.040000915527344,96.6,96.6,75.5,20.74576031274616,False,True,False,52.02,11.277149091809559,-19.390346151463987,-45.677599629174416,-18.909704911715263,207.09679840754842,191.38365230182,15.713146105728427,0,0,1,0,1,0,0
POWL,184.47000122070312,87.7,87.7,74.6,20.190943993305858,False,True,False,51.73,5.506119268152357,-25.07952699325653,-0.03693599736660502,69.20990687764557,81.94080307276337,66.22765696703495,15.713146105728427,0,1,1,0,1,0,0
NGVT,70.75,58.7,58.7,54.1,8.116939100192646,False,False,False,51.7,10.730705101837367,-2.40032820395375,-2.1167664708582,19.30860187226373,28.193516507465198,12.480370401736774,15.713146105728427,0,1,1,1,1,1,0
OXY,55.31999969482422,65.7,51.2,65.7,14.335408657857574,False,False,False,51.63,1.1657558154530423,13.624702350147878,-10.283563904730286,35.30058272768206,19.410619766040327,3.6974736603119007,15.713146105728427,0,1,1,1,1,1,0
MNST,41.619998931884766,55.1,55.1,44.0,3.231901120602436,False,False,False,51.58,15.135462936076227,-14.713115609483495,14.387799510364152,7.5313188552577515,23.66661845635727,7.953472350628843,15.713146105728427,0,1,1,1,1,1,0
UNH,367.0799865722656,51.1,37.9,51.1,6.214365407658123,True,False,False,51.49,3.5098990993972397,-13.169946558466904,35.57550409646532,12.697954943030677,9.138261115728419,-6.574884990000007,15.713146105728427,1,1,1,1,1,1,57
REGN,758.27001953125,65.5,65.5,63.0,12.75686124008197,False,False,False,51.4,0.6808090225642511,16.03091306976323,-2.182133956860921,-1.6456185240544152,35.55023254179872,19.837086436070294,15.713146105728427,1,0,1,1,1,1,0
WPM,133.72000122070312,62.3,52.0,62.3,12.49806570584904,False,False,False,51.38,4.872377774013107,15.697833882185108,-1.9752655014550258,12.979112757769219,20.09081350856079,4.377667402832364,15.713146105728427,1,0,1,1,1,1,0
ALSN,113.26000213623047,64.8,64.8,54.7,8.20726774733405,False,False,False,51.29,1.2309728521479026,-2.4534267033376023,-4.243484168248823,15.337112016080612,34.849564295513666,19.136418189785243,15.713146105728427,0,1,1,1,1,1,0
SBH,16.420000076293945,62.5,28.3,62.5,12.572009474595543,False,False,False,51.26,4.184920855125868,16.124467309846004,15.960453765787829,13.790711912905419,0.8599470745924487,-14.853199031135977,15.713146105728427,1,0,1,1,1,1,0
RUSHA,45.810001373291016,59.9,59.9,57.9,9.89211053431212,False,False,False,51.18,7.414591909784507,-5.810932074991926,4.649820365397184,26.385145577720692,30.047450878426574,14.334304772698147,15.713146105728427,0,1,1,1,1,1,0
EL,92.7699966430664,58.5,34.3,58.5,9.978396574909873,False,False,False,51.13,9.087334773588879,11.199514142523913,32.15250617069672,-11.434028759806802,6.774477178611615,-8.938668927116812,15.713146105728427,1,0,1,1,1,1,0
NE,41.7400016784668,78.2,78.2,78.2,23.317243652638858,False,True,False,50.96,-1.0803499520829303,11.02560595400275,-12.091535299432454,51.89412837694329,54.73241327767795,39.01926717194952,15.713146105728427,0,1,1,0,1,1,0
VWO,59.310001373291016,52.1,41.0,52.1,6.714617879047706,False,False,False,50.91,16.90286135250974,0.6488415527374558,9.746721735690711,10.562532151307735,11.966152402765173,-3.7469937029632527,15.713146105728427,1,1,1,1,0,1,44
IUSV,110.27999877929688,49.0,41.5,49.0,5.49578274140076,False,False,False,50.88,20.946143013586866,-0.7363557658585429,8.613841306309823,8.047819462185025,12.289964470226034,-3.4231816355023925,15.713146105728427,1,1,1,1,0,1,127
DOCU,67.1500015258789,78.8,20.3,78.8,24.635873700324638,False,True,False,50.86,-2.2153472133365013,46.711821835887,39.402125967216264,-2.793862556483251,-6.85253858088386,-22.565684686612286,15.713146105728427,1,0,0,1,1,1,0
XPRO,15.770000457763672,63.5,62.5,63.5,13.135697065571105,False,False,False,50.83,1.44550961074644,9.666205370380098,-2.953843336838946,16.5558076053308,32.74411031860347,17.030964212875045,15.713146105728427,0,1,1,1,1,1,0
LSTR,168.64999389648438,69.8,69.8,48.9,5.351088398765512,False,False,False,50.81,9.618043700246421,-18.815334337578605,4.854194117105193,18.598384658223345,40.93353189365623,25.220385787927803,15.713146105728427,0,1,1,0,1,1,0
CSTM,24.190000534057617,82.2,82.2,55.6,8.536631619379683,False,True,False,50.79,9.715978837481293,-17.972191516431437,-11.456805255234247,27.51713974511507,62.56720663988047,46.85406053415204,15.713146105728427,0,1,1,0,1,0,0
AEIS,281.82000732421875,83.4,83.4,63.2,12.78792948787645,False,True,False,50.78,8.069422818701064,-9.429542161405225,-15.267790186741259,32.18260557961732,65.88391636931664,50.1707702635882,15.713146105728427,0,1,1,0,1,0,0
MLI,60.61000061035156,58.1,52.8,58.1,9.935401427699112,False,False,False,50.78,8.477520392485053,7.573340714076027,8.308564602453528,5.0302381198226165,21.19152298806737,5.478376882338942,15.713146105728427,0,1,1,1,1,1,0
GLW,153.75999450683594,89.4,89.4,80.3,25.590857316328883,False,True,False,50.68,-0.2670597457153563,-21.718822707784526,8.361856313433357,73.95182048574482,89.0782551980353,73.36510909230687,15.713146105728427,0,1,1,0,1,0,0
AU,93.94999694824219,68.9,68.9,64.3,13.646732872827407,False,False,False,50.61,10.173984532049328,11.684798579050138,-7.560113595340878,12.643578275040944,39.780602526336686,24.06745642060826,15.713146105728427,0,0,1,1,1,1,0
WRBY,27.780000686645508,57.3,28.0,57.3,9.303892889599943,False,False,False,50.61,8.965516601235429,-5.058098190906557,29.752456257038972,26.158038642778546,0.7251659299953195,-14.987980175733107,15.713146105728427,1,0,1,1,1,1,0
CNOB,30.049999237060547,56.3,56.3,53.8,7.853646900407681,False,False,False,50.51,9.957839116517693,-7.051853334193892,12.986472048444009,16.01384373515757,24.371625386824604,8.658479281096177,15.713146105728427,0,1,1,1,1,1,0
SCZ,84.41999816894531,51.7,43.5,51.7,6.667688762634985,False,False,False,50.28,15.321833622599424,1.1260119480261732,7.426623605784188,9.909519391234788,13.750276920103598,-1.962869185624827,15.713146105728427,1,1,1,1,0,1,127
HTH,37.65999984741211,49.7,45.5,49.7,5.6266165002172785,False,False,False,50.09,17.379715458253415,-2.442576327730961,5.781748932013264,12.09472810876353,15.14175811577152,-0.5713879899569063,15.713146105728427,1,1,1,1,0,1,133
IAG,18.40999984741211,70.5,70.5,64.1,13.636449155822929,False,True,False,49.97,5.90296517292932,11.171500248381495,-6.453254258485275,9.910446850221554,42.38205269061537,26.66890658488694,15.713146105728427,1,0,1,1,1,0,0
DBA,28.139999389648438,51.6,37.4,51.6,6.661812506363579,False,False,False,49.82,13.945578397730323,5.235600712466759,3.8376346625066393,10.050839755561004,8.94938668881673,-6.763759416911697,15.713146105728427,1,1,1,1,0,1,74
IMTM,52.630001068115234,52.3,45.7,52.3,6.798427885586551,False,False,False,49.79,12.901071744629927,0.2094451816313736,7.925693988505933,10.456431495405605,15.19112358075847,-0.5220225249699562,15.713146105728427,1,1,1,1,0,1,44
CPA,131.85000610351562,47.7,47.7,45.9,4.0501632451494265,True,False,False,49.62,1.7909839823547262,-12.470135140199979,14.68886862876082,13.809380277239836,16.692837600146436,0.9796914944180113,15.713146105728427,1,1,1,1,1,1,4
ITT,201.82000732421875,58.7,43.7,58.7,10.037942641495254,False,False,False,49.59,3.702532825553689,8.245176895846939,5.001282103189064,14.90912679764933,13.788950514943998,-1.9241955907844277,15.713146105728427,1,1,1,1,0,1,10
HCC,88.06999969482422,68.4,68.4,59.2,10.521505329526065,False,False,False,49.29,6.425083415320936,9.051929773779467,-3.9986617125970403,-0.39665279230364225,38.89898160497207,23.185835499243645,15.713146105728427,0,0,1,1,1,1,0
PBA,44.58000183105469,51.4,44.0,51.4,6.605691328060801,False,False,False,49.26,12.339193428701506,-2.9263360609874556,4.1734525182930415,20.74091140616332,13.966764837822554,-1.7463812679058721,15.713146105728427,0,1,1,1,1,1,0
HASI,35.81999969482422,53.8,53.8,46.8,4.371338622623624,False,False,False,49.0,8.255189814565432,-6.377414358995736,-2.494358897677207,14.585141903783128,22.520738825003672,6.807592719275246,15.713146105728427,0,1,1,1,1,1,0
INOD,65.76000213623047,64.8,14.5,64.8,13.863956769687292,False,False,False,48.99,10.222239527315145,-4.529609816488023,65.80938575198061,27.244585425524015,-14.674967696092123,-30.38811380182055,15.713146105728427,1,1,1,0,1,0,0
CFG,63.7599983215332,54.8,54.8,46.5,4.299535542668913,False,False,False,48.95,6.765988252195767,-9.588669934484606,6.712309395002403,10.414763999463329,23.547944187848046,7.834798082119621,15.713146105728427,0,1,1,1,1,1,0
KMT,30.739999771118164,75.6,75.6,50.3,5.905440203249795,False,True,False,48.92,12.276730499325495,-7.626586482837805,-14.807798352717395,9.100272442452063,50.487899892189915,34.77475378646149,15.713146105728427,0,1,1,0,1,0,0
EE,32.130001068115234,59.5,59.5,43.4,2.8488075293270496,False,False,False,48.8,-0.0009089907444983503,-15.220272921750022,0.3391262082718782,15.53945439015829,28.80600289170512,13.092856785976693,15.713146105728427,0,1,1,1,1,1,0
FEZ,67.30999755859375,46.3,40.0,46.3,4.290987439882215,False,False,False,48.68,17.20498760053111,-2.2760354388905113,8.672449625957345,5.997710149693303,11.336848301541448,-4.376297804186979,15.713146105728427,1,1,1,1,0,1,91
CAMT,155.25,76.0,73.3,76.0,21.29267854113899,False,True,False,48.65,10.844128684902454,8.947368421052637,-2.1739111623091945,42.95580311356579,47.78676391233307,32.073617806604645,15.713146105728427,0,1,1,0,1,0,0
NTR,70.25,58.8,54.1,58.8,10.226403915637672,False,False,False,48.58,0.1847921121656776,8.808663278732887,-4.193813879492703,15.156913007505924,22.551593892709356,6.838447786980928,15.713146105728427,0,1,1,1,1,1,0
CDP,33.400001525878906,51.4,51.4,51.2,6.5162367024728205,False,False,False,48.42,9.535444348105157,-10.4998035834997,11.22226917381839,22.806253495544105,19.552268010001008,3.83912190427258,15.713146105728427,0,1,1,1,1,1,0
MS,188.0800018310547,52.6,52.6,45.4,3.7958058844380282,False,False,False,48.26,7.396898554696228,-11.599427139554086,14.419955579921883,6.7566339800190445,21.001294141357384,5.288148035628959,15.713146105728427,0,1,1,1,1,1,0
GOOG,340.739990234375,69.2,69.2,60.4,11.190443332011863,False,False,False,48.22,1.7839295132424726,-4.272782626901472,15.688849216237767,8.538146766151012,40.27078593147348,24.55763982574506,15.713146105728427,0,1,1,0,1,1,0
TFII,119.86000061035156,67.5,67.5,53.0,7.097591038359297,False,False,False,48.21,4.03793978508573,-13.524411316324613,8.978277790699396,15.8590740132599,37.69942602048641,21.98627991475799,15.713146105728427,0,1,1,1,1,0,0
JPM,330.8299865722656,47.1,34.5,47.1,4.485754007711358,False,False,False,48.07,14.087789738254525,-0.6427049405628105,13.081816876010466,3.743662940950454,6.88870010272149,-8.824446003006937,15.713146105728427,1,1,1,1,0,1,78
GOLD,42.56999969482422,84.6,84.6,76.1,21.342836293882534,False,True,False,48.04,-2.6775327719420092,-0.7360292668278201,4.9687373956282865,31.651861027546758,71.56564157989327,55.85249547416484,15.713146105728427,0,0,1,1,1,0,0
MAR,355.6700134277344,67.6,67.6,58.3,9.97555867874159,False,False,False,48.0,3.193252458132294,-4.439530464063668,7.088188878704971,13.966433738756967,37.70223170437335,21.98908559864492,15.713146105728427,0,1,1,0,1,1,0
HAS,87.68000030517578,57.7,51.1,57.7,9.57495263812989,False,False,False,47.99,-0.31473975932673925,10.215723693680978,-0.35646576158194776,8.473970110647787,19.325811454221654,3.612665348493227,15.713146105728427,0,1,1,1,1,1,0
MSI,445.9700012207031,50.8,25.5,50.8,6.1295741919908036,False,False,False,47.96,8.793355479557713,5.787917216169514,3.3016121392150932,17.114199917775473,-1.3437755293755793,-17.056921635104004,15.713146105728427,1,1,1,1,0,1,26
DD,129.88999938964844,65.3,65.3,47.9,4.780498644702924,False,False,False,47.73,5.3639253958377004,-6.7533072427924274,-5.518902499392874,7.755450434823996,35.172559773668354,19.459413667939927,15.713146105728427,0,1,1,0,1,1,0
ADP,258.05999755859375,53.4,17.3,53.4,7.309297244723836,False,False,False,47.65,4.291245632890066,7.199216046205614,30.00892416016687,1.6622633829878275,-9.523133411946748,-25.236279517675175,15.713146105728427,1,0,1,1,1,1,0
CRVS,11.520000457763672,79.5,79.5,55.0,8.245702946411637,False,True,False,47.45,2.176721456122937,-24.359810873164946,-20.16631868239355,53.805084242931535,56.30937091785009,40.59622481212166,15.713146105728427,0,1,1,0,1,0,0
VZ,45.869998931884766,56.9,40.5,56.9,8.994106356511384,False,False,False,47.39,-1.2227350396040073,9.614538765132963,-4.123033022552636,18.366593389804954,11.497893885038678,-4.215252220689747,15.713146105728427,0,1,1,1,1,1,0
ALKS,40.52000045776367,65.2,65.2,56.8,8.971046177264114,False,False,False,47.34,4.214707340489922,-25.760353429103798,15.606280569956056,45.70298898202654,35.06666819254558,19.353522086817154,15.713146105728427,0,1,1,1,1,0,0
ACWV,122.7300033569336,42.6,31.7,42.6,2.565963185937581,False,False,False,47.33,17.63820666080304,0.5489151333287756,3.590485201016125,3.7728121318933105,4.368688330120918,-11.34445777560751,15.713146105728427,1,1,1,1,0,1,66
FLS,73.12000274658203,68.5,68.5,56.6,8.933267929983893,False,False,False,47.23,-0.5511508194781373,1.3715430467463818,-2.4563154443933977,5.1463191654370855,39.23324983538301,23.520103729654586,15.713146105728427,0,0,1,1,1,1,0
VVX,70.7699966430664,55.7,53.3,55.7,8.558261828002198,False,False,False,47.19,-0.3065736405328763,-4.4939296891047364,1.929996157281777,28.020980835424236,21.828191525514452,6.115045419786025,15.713146105728427,0,1,1,1,1,1,0
RKLB,69.68000030517578,71.9,71.9,33.5,-2.1165017909846373,False,True,False,47.16,11.34484922420022,-30.639059386627356,6.349212263809845,-1.092969022599255,45.439366577120936,29.726220471392505,15.713146105728427,0,1,1,0,1,0,0
VALE,13.40999984741211,63.4,63.4,40.4,1.794250040506773,False,False,False,47.16,6.011759166125595,-7.988021315070625,-14.064821290093143,5.286990717549789,33.72512340521847,18.011977299490045,15.713146105728427,0,1,1,0,1,1,0
SQM,64.87000274658203,79.0,79.0,43.9,3.2186126024844786,False,True,False,47.03,1.4464743974865273,-9.062906248913771,-18.280233265337976,-3.0688558244818975,55.56796460006981,39.85481849434138,15.713146105728427,0,1,1,0,1,0,0
TYRA,21.8700008392334,79.6,79.6,17.4,-11.545516560399944,False,True,False,46.97,0.4356528765492701,-28.57609327295846,-42.86833454377893,-14.03301737374143,56.32595566143757,40.61280955570914,15.713146105728427,0,1,1,0,1,0,0
VRT,241.30999755859375,81.3,81.3,61.3,12.154412608044913,False,True,False,46.9,-2.063070156976871,-19.68550035737673,-6.920849869661461,46.937347303127595,60.12656632151187,44.41342021578345,15.713146105728427,0,1,1,0,1,0,0
QCOM,184.0399932861328,67.2,42.2,67.2,15.293314743714165,False,False,False,46.82,-0.19275424756593607,4.988163936980516,45.91850542610187,7.640384359663832,12.931356058844079,-2.781790046884347,15.713146105728427,1,1,1,0,1,0,0
FITB,50.58000183105469,48.1,48.1,43.6,3.0864509315693933,False,False,False,46.79,8.490574936179254,-10.776324554214511,9.70116394110747,9.964058114093465,17.319681711075052,1.6065356053466262,15.713146105728427,0,1,1,1,1,1,0
AKAM,106.3499984741211,69.3,69.3,54.8,8.219473903915745,False,False,False,46.74,13.41100820010619,-6.026331894644921,-8.120951642227991,20.893483003717826,40.377501947378725,24.6643558416503,15.713146105728427,0,1,1,0,1,0,0
ON,76.87000274658203,79.1,79.1,71.6,17.947219063939656,False,True,False,46.59,-0.15503555532320773,-15.731197415139086,23.585211903057377,41.72197707932468,55.8913011675944,40.17815506186597,15.713146105728427,0,1,1,0,1,0,0
LECO,264.5799865722656,53.2,43.4,53.2,7.116982730091932,False,False,False,46.58,0.9837576885329811,2.6792819260093914,6.562321162026463,10.072388272124844,13.591640364289571,-2.121505741438856,15.713146105728427,1,1,1,1,0,1,6
XPO,175.97999572753906,65.9,65.9,47.4,4.641959290911089,False,False,False,46.56,0.6538766783343102,-14.709448860649232,-11.313812315118954,27.808840589153917,36.133665901818944,20.42051979609052,15.713146105728427,0,1,1,0,1,1,0
UMBF,130.00999450683594,45.7,40.3,45.7,3.9379151757115993,False,False,False,46.48,10.674816783977867,-9.268468518354844,14.172643018895425,12.611176034746329,11.44269386162593,-4.270452244102496,15.713146105728427,0,1,1,1,1,1,0
AGX,377.95001220703125,69.5,69.5,13.8,-13.16496385521587,False,False,False,46.44,12.12333630212669,-46.43349477391341,-33.74506123918961,20.163690938219926,40.623540572717154,24.910394466988727,15.713146105728427,0,1,1,0,1,0,0
W,102.55999755859375,65.0,45.3,65.0,13.93504019026184,False,False,False,46.36,1.2143682058344085,8.52909794560186,36.29235555959303,1.514400472912203,14.810249027600243,-0.9028970781281842,15.713146105728427,1,0,0,1,1,1,0
MO,67.33999633789062,48.3,37.3,48.3,5.05543483308879,False,False,False,46.24,6.401920188022313,-5.906340307713043,6.045562865307819,22.212511374707077,8.831780540855139,-6.881365564873287,15.713146105728427,0,1,1,1,1,1,0
BG,106.94999694824219,65.0,65.0,56.0,8.599070849523208,False,False,False,46.02,0.05120141866383576,1.093693985927091,-15.623838508475597,21.424604252535516,35.00720053170194,19.294054425973517,15.713146105728427,0,1,1,0,1,1,0
LASR,38.94499969482422,61.0,61.0,11.2,-15.51806942922827,False,False,False,45.94,21.789517177512774,-38.426877952847086,-33.19897048975021,1.024644528096208,31.437734721206834,15.724588615478407,15.713146105728427,0,1,1,0,1,0,0
LUNR,14.239999771118164,65.4,65.4,16.6,-11.898701914577625,False,False,False,45.9,15.789599827414529,-27.272728158300975,-29.64426910993254,-10.6649928106476,35.361208664293954,19.648062558565528,15.713146105728427,0,1,1,0,1,0,0
PKG,229.25999450683594,47.7,36.4,47.7,4.745523806753371,False,False,False,45.85,5.915662568506952,-3.1302251602000952,9.940056376465357,12.18418482546053,7.863828152241159,-7.849317953487267,15.713146105728427,1,1,1,1,0,1,92
KGS,52.970001220703125,74.6,74.6,56.3,8.766496967829896,False,True,False,45.73,2.9745861572562093,-21.44513496489864,-7.204818212698583,45.190254586989774,48.73731839465556,33.02417228892713,15.713146105728427,0,1,1,0,1,0,0
USFD,92.20999908447266,52.3,52.3,45.8,4.031420975584021,False,False,False,45.65,-0.9046775980884442,-11.583087280667714,1.5193187554755072,21.456798351439744,20.347162332340286,4.634016226611859,15.713146105728427,0,1,1,1,1,1,0
PEN,318.3399963378906,57.2,57.2,47.6,4.71788912696981,False,False,False,45.58,25.67299397586391,-0.0722010801519124,-3.2283546306687394,1.2950671290607119,25.6671352967609,9.953989191032475,15.713146105728427,0,0,1,0,1,1,0
MCHP,77.7699966430664,59.0,56.0,59.0,10.338964939539604,False,False,False,45.52,6.404305495044861,-7.5639128998857945,20.267029366434407,22.284426631730092,24.271194499305103,8.558048393576678,15.713146105728427,0,1,1,0,1,1,0
XLF,53.400001525878906,36.8,27.7,36.8,0.023411558245385322,False,False,False,45.21,18.308179870623235,-3.6515725621837913,8.771672179654244,-2.0421379006401397,0.6906686365804049,-15.022477469148022,15.713146105728427,1,1,1,1,0,1,1
LBRT,18.219999313354492,75.4,75.4,24.3,-6.393285578939123,False,True,False,45.17,0.0341493130498538,-23.073490640117743,-34.26217526105292,-1.4791442689850554,49.92187291557786,34.20872680984943,15.713146105728427,0,1,1,0,1,0,0
TDY,606.8099975585938,39.2,31.0,39.2,0.9996407267920766,False,False,False,45.11,14.763962520368345,-6.9424025188327025,-1.8059086482525077,17.144787173473695,3.5441301464046004,-12.169015959323826,15.713146105728427,0,1,1,1,1,1,0
STRL,491.7799987792969,71.4,71.4,61.7,12.340492834447971,False,True,False,45.08,5.05738760993127,-29.82090634615814,16.731939710091346,59.83489680380731,44.77744035065747,29.064294244929044,15.713146105728427,0,1,1,0,1,0,0
PNC,222.25999450683594,44.1,44.1,40.6,1.9043804858425384,False,False,False,44.98,7.814304060403583,-10.204027407995387,7.89188257897937,7.78251597569386,14.255558690530235,-1.4575874151981916,15.713146105728427,0,1,1,1,1,1,0
ECG,117.5199966430664,67.1,67.1,52.5,6.974708482988629,False,False,False,44.9,10.19570870105625,-15.00072232589601,-6.28389536437629,34.109323663687086,37.04955876742437,21.336412661695945,15.713146105728427,0,1,1,0,1,0,0
VGK,86.80000305175781,44.9,41.2,44.9,3.5810400279417736,False,False,False,44.89,23.10611409260904,-2.612018584527509,5.4787520167148385,5.555701425547754,12.094783866501292,-3.6183622392271353,15.713146105728427,0,1,1,1,0,1,0
TTEK,32.95000076293945,48.4,26.8,48.4,5.1422058954936345,False,False,False,44.88,1.7386349292527397,10.424632634121167,7.728765286314876,-2.3892561841512894,-0.47774489293774813,-16.190890998666173,15.713146105728427,1,0,1,1,1,1,0
WWD,328.5899963378906,60.3,60.3,30.2,-3.174240180368587,False,False,False,44.74,2.050465436235728,-21.323770220485883,-12.422391166658219,8.6923827971213,30.506347908665752,14.793201802937329,15.713146105728427,0,1,1,0,1,1,0
IWM,277.8900146484375,49.4,46.7,49.4,5.59561103439366,False,False,False,44.6,16.130607696321174,-6.372806070514203,11.908313320664355,12.7989224401031,16.01643155222925,0.3032854465008228,15.713146105728427,0,1,1,1,0,1,0
DAN,27.309999465942383,68.3,68.3,59.9,10.700697807095448,False,False,False,44.55,7.442838247599879,10.118368956971757,-19.819221339034154,14.6103192075135,38.475653253054375,22.762507147325948,15.713146105728427,0,1,1,0,1,0,0
SSB,99.55999755859375,44.5,30.7,44.5,3.508699743914736,False,False,False,44.49,5.6197129862711845,0.009020296894224344,7.670305724595794,6.6283477098875165,3.226804691301921,-12.486341414426505,15.713146105728427,1,1,1,1,0,1,57
SKY,85.69999694824219,50.2,41.4,50.2,5.822145221119985,False,False,False,44.47,-2.0277288571537935,0.5278556577620996,15.498652928546285,0.33953082039435145,12.21683104113509,-3.496315064593336,15.713146105728427,1,0,1,1,1,1,0
YETI,41.02000045776367,55.0,55.0,34.5,-1.6193544819536,False,False,False,44.46,8.207269638960247,-17.44817550525164,10.595848716656242,-7.424962341595586,23.62869222567463,7.915546119946204,15.713146105728427,0,0,1,1,1,1,0
PLAB,30.780000686645508,63.7,63.7,43.2,2.8104224948703127,False,False,False,44.1,12.05392965053341,6.652806776467202,-24.706458213249228,-8.664688457530023,34.11764559219641,18.404499486467984,15.713146105728427,0,1,1,0,1,0,0
GM,77.0,58.3,58.3,49.3,5.524769687001649,False,False,False,44.06,2.4501589991964305,1.5253124612083058,3.047023646342728,-5.854996151195513,27.38119601744442,11.668049911715993,15.713146105728427,0,0,1,1,1,1,0
CB,325.25,47.0,47.0,37.5,0.28949759283723386,False,False,False,44.06,17.525217482541976,-9.67341360730729,0.027640002714268697,4.480955871374737,16.285719304711744,0.5725731989833172,15.713146105728427,0,1,1,1,0,1,0
JBL,286.8599853515625,61.9,61.9,50.6,5.974470588342368,False,False,False,43.99,14.094062706038136,-15.932616791854826,5.525364271241973,23.96984286073296,32.24237939344656,16.529233287718135,15.713146105728427,0,1,1,0,1,0,0
SYNA,101.4000015258789,73.9,73.9,72.6,18.58887631868355,False,True,False,43.91,-2.163418755786465,-15.16063891074304,39.70790709251959,35.18197392091773,48.3757784014665,32.66263229573807,15.713146105728427,0,1,1,0,1,0,0
WERN,33.97999954223633,60.9,60.9,45.0,3.5886300351467355,False,False,False,43.89,-1.5501133804219593,-21.086859130215384,15.320328996806754,13.443018292762531,31.353521146595153,15.640375040866727,15.713146105728427,0,1,1,1,1,0,0
TRNO,64.55000305175781,49.5,48.8,49.5,5.606070654113866,False,False,False,43.77,13.240500964758864,-3.296903504557991,6.252940630918347,10.740439019512271,17.630780629254694,1.9176345235262682,15.713146105728427,0,1,1,1,0,1,0
MTB,217.60000610351562,42.8,42.8,41.7,2.2504938598243966,False,False,False,43.77,5.512424180046992,-8.320396326292878,5.5292188239772555,9.09856915860896,13.265473969121523,-2.4476721366069043,15.713146105728427,0,1,1,1,1,1,0
RVT,17.1299991607666,46.5,46.5,46.2,4.289185563682603,False,False,False,43.72,17.069046069491762,-5.514060026675994,4.6305593758319,12.033507813171473,15.809980682761626,0.0968345770332002,15.713146105728427,0,1,1,1,0,1,0
SII,119.37999725341797,71.5,71.5,60.6,11.486452169226016,False,True,False,43.63,0.10046509230248724,4.183631250851416,-18.128856764669354,22.39335657867494,44.80049853042167,29.087352424693247,15.713146105728427,0,1,1,0,1,0,0
XLP,80.5999984741211,38.1,33.2,38.1,0.3985446290429271,False,False,False,43.6,27.856332020006082,-4.541609379359802,0.28604734832125,5.121994176917433,5.667900378695556,-10.04524572703287,15.713146105728427,0,1,1,1,0,1,0
MSTR,153.08999633789062,66.3,2.2,66.3,14.883983372663455,False,False,False,43.5,23.26235727124464,51.920215776274084,24.68642927182094,-1.6194359376496936,-52.48750802340214,-68.20065412913057,15.713146105728427,1,0,0,0,1,0,0
IBIT,47.34000015258789,61.8,8.0,61.8,12.374422991176232,False,False,False,43.48,29.21011397810136,35.76140407994301,22.515530280443443,-4.996992949968138,-27.16923053448017,-42.8823766402086,15.713146105728427,1,0,0,0,1,0,0
EW,86.31999969482422,39.6,39.6,37.0,0.059917105183800334,False,False,False,43.42,8.60395861671597,-8.530256244004796,6.226922748673802,0.13921432810963807,10.993960937145154,-4.719185168583273,15.713146105728427,1,1,1,1,0,1,4
ESI,36.279998779296875,72.0,72.0,61.9,12.377346780148994,False,True,False,43.27,-1.7665806530229065,-16.677706995655328,5.229752455293113,44.49460001686427,45.51779541989824,29.80464931416982,15.713146105728427,0,1,1,0,1,0,0
BMA,66.93000030517578,83.0,83.0,28.4,-4.17003405857262,False,True,False,43.0,15.99224100667605,-25.39293168183715,-11.971360497772555,-22.545050909264607,64.45210447784837,48.738958372119946,15.713146105728427,0,0,0,0,1,0,0
HLIO,67.91999816894531,60.6,60.6,46.7,4.34661104235412,False,False,False,42.85,12.046466335611711,-17.43929675097511,-0.28287354900453643,25.764847659828405,31.12967460289695,15.416528497168525,15.713146105728427,0,1,1,0,1,0,0
DWAS,108.41999816894531,48.9,48.9,44.8,3.5670452615509127,False,False,False,42.69,10.448130274558217,-9.988577891426687,8.552458803260743,11.578979271071233,17.68094401627596,1.9677979105475307,15.713146105728427,0,1,1,1,0,1,0
INDB,77.6500015258789,46.6,46.6,42.7,2.6403458510119737,False,False,False,42.67,13.416701938031872,-7.024369772157324,3.47634674669528,7.8641974484349175,15.909924604244319,0.19677849851589269,15.713146105728427,0,1,1,1,0,1,0
GFS,47.91999816894531,64.0,64.0,43.0,2.752911436742247,False,False,False,42.65,6.839153752694489,-31.2138798590628,8.74650913554682,33.21183518896191,34.233972577328096,18.520826471599673,15.713146105728427,0,1,1,0,1,0,0
TBPH,17.030000686645508,53.0,53.0,45.2,3.6447409094979832,False,False,False,42.6,37.99226304029112,-3.4032813538432682,12.1132400071849,-8.292940406498417,21.20996765448997,5.4968215487615435,15.713146105728427,0,0,0,0,1,1,0
QGEN,43.7599983215332,48.6,25.8,48.6,5.164882404933677,False,False,False,42.24,9.342279500567004,10.111579030018913,9.348042302441527,-2.5711821722083528,-1.1756061656026162,-16.888752271331043,15.713146105728427,1,0,0,1,1,1,0
EME,754.489990234375,51.5,47.4,51.5,6.627420727817327,False,False,False,41.9,4.330892987336789,-2.553408323030215,-0.5653783977945026,22.42127357078867,16.388025112152892,0.674879006424467,15.713146105728427,0,1,1,0,1,1,0
BOKF,126.4000015258789,46.2,46.2,39.0,0.9390508219039306,False,False,False,41.88,11.335865425224439,-8.858130943475484,-0.40248994060700927,7.1289173827399965,15.685088554337634,-0.028057551390792135,15.713146105728427,0,1,1,1,0,1,0
MOD,187.1999969482422,61.2,61.2,44.1,3.2503649662759218,False,False,False,41.86,7.944269769774156,-18.950514803278097,-16.04251875885967,38.51276759333378,31.6826056034617,15.969459497733274,15.713146105728427,0,1,1,0,1,0,0
GPC,125.73999786376953,41.5,21.9,41.5,2.2407514679607416,False,False,False,41.84,0.8062244211220513,-4.413681707458528,21.790647692117602,4.227050260656284,-5.986577198053123,-21.69972330378155,15.713146105728427,1,0,1,1,1,1,0
XLB,48.70000076293945,39.5,39.5,38.7,0.7919313099206216,False,False,False,41.81,20.04747621403795,-5.933242320094855,-2.6812335680794996,7.862304358041916,10.645070399830402,-5.068075705898023,15.713146105728427,0,1,1,1,0,1,0
AIR,101.47000122070312,42.5,42.5,25.4,-5.8789440521678795,False,False,False,41.66,15.529559406030911,-27.57833075535199,-8.889289109928422,21.491864582260956,13.15936577753205,-2.5537803281963756,15.713146105728427,0,1,1,1,1,0,0
BKR,54.900001525878906,52.9,44.6,52.9,7.055034819574401,False,False,False,41.56,1.336327394461143,4.399333577410691,-8.375492693923137,20.405270063611457,14.446729573362305,-1.2664165323661214,15.713146105728427,0,1,1,0,1,1,0
RNST,38.880001068115234,40.3,36.6,40.3,1.6288293933192621,False,False,False,41.32,17.341754099739557,-9.006152345179853,6.5652228691339465,11.61098615178069,7.980242636041379,-7.732903469687047,15.713146105728427,0,1,1,1,0,1,0
SBUX,93.95999908447266,43.9,43.9,42.2,2.4979305508923306,False,False,False,41.23,12.228298262382383,-9.370139385212074,5.112939743193956,12.218921353789991,13.898070427901853,-1.815075677826572,15.713146105728427,0,1,1,1,0,1,0
HLT,318.1199951171875,54.3,54.3,48.0,4.81886759092367,False,False,False,41.08,14.51941027969159,-5.872224721463071,3.2935831407259863,9.686727231269177,22.858477025549327,7.1453309198209025,15.713146105728427,0,1,1,0,0,1,0
UCB,33.349998474121094,42.5,38.6,42.5,2.5523851178802643,False,False,False,40.95,13.166224843445145,-5.334201324032318,5.91925229324064,7.816334038296402,9.694741905928916,-6.01840419979951,15.713146105728427,0,1,1,1,0,1,0
PL,16.389999389648438,57.7,57.7,4.6,-26.573551469860657,False,False,False,40.94,9.532561169822422,-47.76928034421262,-46.62976268880641,-16.970620163689944,26.271186191618302,10.558040085889875,15.713146105728427,0,1,1,0,1,0,0
AFRM,69.2300033569336,37.8,22.6,37.8,0.3454541818153931,False,False,False,40.82,2.325030661178735,-18.148496266034762,52.02020633541291,-8.727745880504067,-5.268197013762355,-20.98134311949078,15.713146105728427,1,0,1,1,1,1,0
TFIN,59.9900016784668,51.6,51.6,25.3,-5.881238345736511,False,False,False,40.8,0.5225398416494043,-22.101025822146248,-0.43153248387253207,-4.656701487198456,19.88409388668093,4.170947780952505,15.713146105728427,0,1,1,1,1,0,0
MMM,164.14999389648438,50.7,36.0,50.7,6.126527275845853,False,False,False,40.78,1.6658009108979712,2.760267492793811,14.093795733965898,3.2852590874649312,7.733046572210811,-7.980099533517615,15.713146105728427,1,0,1,1,0,1,0
MAIN,55.04999923706055,44.3,20.8,44.3,3.3864604147912374,False,False,False,40.73,10.0298326909047,8.055224495147328,10.384634389732671,-3.005656256479694,-6.55712504959145,-22.270271155319875,15.713146105728427,1,0,1,1,0,1,0
BVN,31.579999923706055,63.1,63.1,57.4,9.502923268467809,False,False,False,40.61,1.2453031287909018,6.2584140421422685,-12.595196556896848,14.02493753495484,33.56804727999651,17.85490117426809,15.713146105728427,0,1,1,0,1,0,0
NSC,309.0,42.8,32.1,42.8,2.6725573922864276,False,False,False,40.61,11.644406867463427,-3.8694373568470164,8.559255605585992,7.869983441269235,4.672422628270945,-11.040723477457481,15.713146105728427,0,1,1,1,0,1,0
B,40.66999816894531,57.8,57.8,51.0,6.200972157510983,False,False,False,40.58,8.187757051558043,6.847710736778856,-2.8469143490807314,-6.547293105837637,26.70364676891557,10.990500663187142,15.713146105728427,0,0,1,0,1,1,0
CL,85.31999969482422,38.1,38.1,36.9,0.03054261353961696,False,False,False,40.57,17.767644540925282,-9.79803358723852,1.0916900893187087,9.258104232601694,9.39898592025472,-6.314160185473705,15.713146105728427,0,1,1,1,0,1,0
BBAR,12.850000381469727,79.9,79.9,17.3,-11.619089043190005,False,True,False,40.37,11.378218095663552,-33.666851704855496,-20.198095751610257,-27.802175568502463,57.238529513873694,41.52538340814527,15.713146105728427,0,0,0,0,1,0,0
CENX,35.97999954223633,53.9,53.9,13.9,-13.140969411232234,False,False,False,40.32,12.536290709898678,-17.778791311032872,-43.34750355356689,-9.347440697506226,22.547679816977695,6.834533711249269,15.713146105728427,0,1,1,0,1,0,0
DLX,22.969999313354492,56.8,56.8,39.6,1.1303100146260618,False,False,False,40.31,8.625790689592277,-4.329556291977332,-15.608629452011213,5.077587338925937,24.841704770170246,9.128558664441822,15.713146105728427,0,1,1,0,1,0,0
CELC,79.5199966430664,81.7,81.7,22.6,-8.34038481993524,False,True,False,40.24,8.53274112694643,-26.336267817410743,-29.584701648653176,-20.416334967687312,60.971648151485795,45.25850204575737,15.713146105728427,0,0,0,0,1,0,0
MA,551.469970703125,41.4,24.9,41.4,2.180040883501882,False,False,False,40.21,12.164307114585842,2.41095117797796,12.548298643346701,-4.025685254719081,-2.4443113270741335,-18.15745743280256,15.713146105728427,1,0,1,1,0,1,0
QMOM,72.10199737548828,43.5,41.8,43.5,3.0236388533018403,False,False,False,39.88,24.925631367654113,-4.956370989996972,3.372039248011882,9.17597525119691,12.482921747294352,-3.230224358434075,15.713146105728427,0,1,1,0,0,1,0
PAVE,52.5,39.7,39.7,39.5,1.0951738914958977,False,False,False,39.72,12.805436364998764,-8.136485392346437,1.7451443288779123,8.841196068779912,11.162499844514539,-4.5506462612138865,15.713146105728427,0,1,1,1,0,1,0
CVS,85.69000244140625,48.0,48.0,41.8,2.349160940741734,False,False,False,39.69,1.6245103869656952,-17.665677741306308,19.985210645216057,9.822035766894777,17.269913774210455,1.5567676684820286,15.713146105728427,0,1,1,1,0,1,0
AUB,37.95000076293945,40.9,40.9,40.9,2.049262115078898,False,False,False,39.58,10.726189753082581,-9.408973518759478,7.428515090679699,9.796809409422336,11.83893311281141,-3.8742129929170144,15.713146105728427,0,1,1,1,0,1,0
ECL,274.5799865722656,38.3,29.0,38.3,0.5502973458431359,False,False,False,39.55,14.108386214504584,-2.841098432942013,2.418843241213975,4.658063804701751,1.35677654918398,-14.356369556544447,15.713146105728427,1,0,1,1,0,1,0
HLF,12.130000114440918,70.7,70.7,40.0,1.507005462430552,False,True,False,39.41,3.7762783583291393,-7.475206467585149,-15.705352154008256,-5.5295952469585625,43.72038764828987,28.007241542561445,15.713146105728427,0,0,1,0,1,0,0
HAL,31.799999237060547,61.4,61.4,47.5,4.6662819258475725,False,False,False,39.41,-0.5152683946414366,-3.071653346281644,-15.569753675791775,13.158752782755068,31.88571721483786,16.172571109109434,15.713146105728427,0,1,1,0,1,0,0
VNQ,89.62999725341797,34.6,29.3,34.6,-1.6023983758604476,False,False,False,39.11,17.581080149045572,-7.76639773011426,2.4536319899981063,3.3167376699104523,1.7504339210177244,-13.962712184710702,15.713146105728427,0,1,1,1,0,1,0
XLI,166.97999572753906,38.2,38.2,37.4,0.2516878111930243,False,False,False,39.05,12.550060970970286,-8.961575385885023,2.0742719168362234,7.6028159305879806,9.504501980310964,-6.208644125417462,15.713146105728427,0,1,1,1,0,1,0
ODFL,173.83999633789062,55.9,55.9,29.4,-3.7700004355055112,False,False,False,39.02,5.519127240456663,-20.004592119389486,-12.673102139815128,9.581419292188166,24.250864908878377,8.537718803149952,15.713146105728427,0,1,1,0,1,0,0
GLUE,11.930000305175781,81.8,81.8,8.6,-19.252559191152795,False,True,False,38.88,3.879199915134182,-50.72283867690348,-30.5183444836023,-25.297432024430787,60.99865790607608,45.285511800347656,15.713146105728427,0,0,0,0,1,0,0
RTX,185.64999389648438,42.1,42.1,36.6,-0.47880863369960514,False,False,False,38.81,6.57155522343627,-6.516075182947311,-3.942782329320571,1.9856798092250605,12.595209717492107,-3.11793638823632,15.713146105728427,0,1,1,1,0,1,0
NVST,23.469999313354492,45.8,45.8,30.1,-3.4311905743125353,False,False,False,38.8,1.6041456286510762,-15.05609834878,-9.382240698711152,7.120034125087593,15.218450399620886,-0.49469570610753966,15.713146105728427,0,1,1,1,0,1,0
AG,17.690000534057617,71.0,71.0,49.2,5.50862182427422,False,True,False,38.67,0.9007341411780917,-0.6501630897609578,-20.071427346447624,4.6941642713105525,44.220698376030086,28.507552270301662,15.713146105728427,0,0,1,0,1,0,0
CMI,516.5700073242188,55.6,55.6,27.1,-4.6066745903106705,False,False,False,38.62,4.590155811605167,-21.642317732961924,-5.4479665043707275,1.60820656443037,24.091022454310853,8.377876348582426,15.713146105728427,0,1,1,0,1,0,0
HL,17.030000686645508,69.7,69.7,48.5,5.149248623890223,False,False,False,38.61,2.4194377087939505,4.306537417234102,-11.172075442340157,-12.56777652838269,40.87302025570576,25.159874149977334,15.713146105728427,0,0,1,0,1,0,0
APD,278.2300109863281,35.0,32.4,35.0,-1.4755184325599968,False,False,False,38.58,15.26597480321355,-11.44530098846298,-3.27250856215342,14.046287673680723,4.7392307025986735,-10.973915403129752,15.713146105728427,0,1,1,1,0,1,0
ASND,227.8300018310547,45.0,45.0,33.4,-2.1507802191251386,False,False,False,38.46,1.5392638221606398,-17.001820826573887,-0.17963707160953968,8.832524035836808,14.596853593294812,-1.1162925124336143,15.713146105728427,0,1,1,1,0,1,0
CMP,22.040000915527344,45.2,45.2,24.0,-6.734234923772665,False,False,False,38.45,17.89191790347078,-26.4106832918684,-5.731387054486625,10.089912145732871,14.791666873627229,-0.9214792321011966,15.713146105728427,0,1,1,0,1,0,0
NLY,18.889999389648438,34.6,34.6,25.5,-5.869971219624162,False,False,False,38.43,15.315686768375627,-13.05877587725589,-4.066931327428969,-6.131649229333236,6.9662762131531775,-8.746869892575248,15.713146105728427,0,1,1,1,0,1,0
GS,900.3599853515625,45.9,45.9,37.7,0.29055189799045866,False,False,False,38.34,-0.08023331068507278,-11.383978024016528,5.643633107343371,3.292519076015865,15.284563354626112,-0.42858275110231325,15.713146105728427,0,1,1,1,0,1,0
ITW,257.2799987792969,36.3,28.8,36.3,-0.7511743185056763,False,False,False,38.3,12.589168854395858,-5.063907070959139,-0.009286786646101053,5.193558157910405,1.1876711781255933,-14.525474927602833,15.713146105728427,0,1,1,1,0,1,0
PCAR,109.80999755859375,44.5,44.5,34.8,-1.5248456811398503,False,False,False,38.29,1.6329348791201836,-7.865468754791005,-6.126012757534383,-0.2069976220407166,14.439719483457857,-1.2734266222705681,15.713146105728427,0,1,1,1,0,1,0
LIT,68.41999816894531,52.9,52.9,36.5,-0.5627739854105407,False,False,False,38.22,6.864423706629664,-10.59715241044209,-7.691948225246592,4.875022204800117,21.19736091427795,5.484214808549526,15.713146105728427,0,1,1,0,1,0,0
RGLD,236.0,57.0,50.3,57.0,9.020973781972545,False,False,False,38.18,1.2623364293033277,15.612597048377829,-10.349495913225082,5.554928057949193,18.674242668382956,2.9610965626545305,15.713146105728427,0,0,1,0,1,1,0
AFL,111.77999877929688,35.5,29.4,35.5,-1.301215124088051,False,False,False,37.9,12.335694461196331,-7.062411018924186,2.995895975131213,2.4590918283799557,2.163758613896949,-13.549387491831478,15.713146105728427,0,1,1,1,0,1,0
T,24.399999618530273,46.1,17.2,46.1,4.183987048050831,False,False,False,37.8,-2.145523117181893,20.149226816759437,-11.743183319506512,1.8880948895493743,-9.523429963307583,-25.23657606903601,15.713146105728427,0,1,1,1,0,1,0
WS,35.22999954223633,60.1,49.0,60.1,10.848093711877823,False,False,False,37.79,12.510413690391,10.57186340275722,14.336606345706638,0.7352700567762049,18.024865351391828,2.3117192456634017,15.713146105728427,0,0,1,0,1,0,0
BAC,54.43000030517578,39.7,36.1,39.7,1.1422147934898375,False,False,False,37.72,6.119154981943259,-6.848790467101629,11.613465427081815,0.041303809324610974,7.753885665246019,-7.959260440482407,15.713146105728427,0,1,1,1,0,1,0
LOB,36.189998626708984,35.4,30.3,35.4,-1.3061433834208946,False,False,False,37.66,11.668073794413697,-11.77202434897281,8.555526999994733,5.363024107131653,3.0947806737147587,-12.618365432013668,15.713146105728427,0,1,1,1,0,1,0
ABCB,79.5199966430664,38.3,38.3,35.6,-0.9998576119274505,False,False,False,37.63,7.713480212804693,-11.542218956080818,1.7770778363568551,6.748865437177565,9.559206578989965,-6.153939526738461,15.713146105728427,0,1,1,1,0,1,0
BLK,1058.2900390625,44.4,19.4,44.4,3.4790023033393114,False,False,False,37.59,-0.5538136269477949,6.8282562718770645,11.731278238464338,-0.7052045313044708,-7.287574734217439,-23.000720839945863,15.713146105728427,1,0,1,1,0,1,0
GMED,74.9000015258789,60.4,60.4,32.5,-2.3359641063098078,False,False,False,37.53,11.220121062308511,-6.515228459507028,-14.634142523945338,-14.799228295150202,30.78400720656056,15.070861100832133,15.713146105728427,0,0,0,0,1,1,0
CLF,11.010000228881836,50.1,16.8,50.1,5.761439472601484,False,False,False,37.37,7.7589265962984495,11.663292213461718,33.131797091328096,-17.897089081573935,-9.754095073670166,-25.46724117939859,15.713146105728427,0,0,1,1,1,0,0
WMB,67.97000122070312,40.5,39.4,40.5,1.8515140509442944,False,False,False,37.3,20.33939453781483,-6.393775418332415,-3.9827955097953227,15.467436988404227,10.560479612777396,-5.15266649295103,15.713146105728427,0,1,1,0,0,1,0
NVMI,385.20001220703125,52.4,52.4,30.6,-2.9171027480805387,False,False,False,37.19,4.084233670939376,-18.06695873460652,-13.58384470958357,14.629211526025077,20.503036912368835,4.789890806640407,15.713146105728427,0,1,1,0,1,0,0
ALL,221.86000061035156,37.3,32.8,37.3,0.14528935233903084,False,False,False,36.66,5.787785861093061,-11.004134503702867,9.729043583128538,7.647153067145873,5.358519118826477,-10.354626986901948,15.713146105728427,0,1,1,1,0,1,0
CI,271.8299865722656,33.3,23.6,33.3,-2.1518692433574405,False,False,False,36.5,10.60286705866472,-5.014663166260713,2.844320486171359,-0.015209885190625716,-3.559130485246509,-19.272276590974936,15.713146105728427,0,1,1,1,0,1,0
SNA,363.3500061035156,35.7,35.7,34.2,-1.7261455546983928,False,False,False,36.48,7.341520267553325,-11.280451615080988,0.2941624410807586,5.941354262282661,7.6946587533065935,-8.018487352421833,15.713146105728427,0,1,1,1,0,1,0
AA,42.0,59.2,59.2,15.5,-12.455320310362897,False,False,False,36.38,8.989749953078912,-13.554833516050346,-41.508680583962885,-22.365067055558875,28.706813119807983,12.993667014079557,15.713146105728427,0,0,1,0,1,0,0
DG,119.58000183105469,49.2,49.2,43.1,2.7653780620786943,False,False,False,36.3,5.397557480422957,1.7093114150111832,3.063778183903487,-10.709134089516981,18.053623385984597,2.34047728025617,15.713146105728427,0,0,1,0,1,1,0
DIS,104.9000015258789,39.4,19.6,39.4,1.0701307474177588,False,False,False,36.29,1.7584510410092482,5.427137211938593,9.469548380737658,-7.915503118808331,-7.057665948717718,-22.770812054446143,15.713146105728427,1,0,1,1,0,1,0
HOOD,112.5,53.3,10.3,53.3,7.214256631002338,False,False,False,36.05,-0.8943422902066026,-0.2040302936968219,60.46212954017527,-2.5552161335826717,-21.427569664187263,-37.14071576991569,15.713146105728427,1,0,0,1,1,0,0
COST,910.3400268554688,32.0,26.1,32.0,-2.4413309301556563,False,False,False,36.02,27.410104767865086,-4.190799882575202,-8.373759836835992,5.626731482174585,-1.0780265309664694,-16.791172636694895,15.713146105728427,0,1,1,0,0,1,0
AROC,30.290000915527344,49.8,49.8,34.3,-1.6747854681851444,False,False,False,35.84,3.057751010615742,-17.125099596936387,-10.127452798005777,17.651533537984854,18.352191112967976,2.639045007239549,15.713146105728427,0,1,1,0,1,0,0
TT,451.9800109863281,45.5,36.5,45.5,3.9277210684701647,False,False,False,35.69,8.287325462403608,-5.245741443027862,6.057976668575793,16.20124649053818,7.870865069292576,-7.84228103643585,15.713146105728427,0,1,1,0,0,1,0
HMY,17.719999313354492,46.6,26.7,46.6,4.322464939578025,False,False,False,35.63,6.644661913314765,10.130510536411874,11.762964014470834,-9.920722838460383,-0.49093755094407054,-16.204083656672495,15.713146105728427,0,0,1,1,1,0,0
NOW,134.00999450683594,54.2,7.9,54.2,8.118663393315861,False,False,False,35.6,-3.591424975000541,26.044013253848508,28.806221960380384,-13.110290981543915,-27.19064051995417,-42.90378662568259,15.713146105728427,1,0,0,1,1,0,0
BNL,18.5,39.0,39.0,38.2,0.4530871665253682,False,False,False,35.27,-1.1012580486041066,-11.568805147963845,3.002628448132416,12.236526749321675,10.16389093110044,-5.549255174627987,15.713146105728427,0,1,1,1,0,1,0
DCI,87.04000091552734,38.5,35.9,38.5,0.5961750773584207,False,False,False,34.69,14.31236756531173,-1.974118124186952,1.8544216094622534,-2.6532467001659565,7.727936725869711,-7.985209379858715,15.713146105728427,0,0,1,1,0,1,0
GATX,170.02000427246094,35.7,25.7,35.7,-0.9940133806811402,False,False,False,34.63,17.824373867056792,-1.7333922451578498,-0.19966460430769217,-0.015469993014272099,-1.288147815768037,-17.001293921496462,15.713146105728427,0,0,1,1,0,1,0
MIRM,85.4800033569336,47.6,47.6,20.0,-9.705014343925159,False,False,False,34.53,1.6267148293546148,-31.93725149337854,-9.659690471715399,8.408376678648244,16.60074506019844,0.8875989544700147,15.713146105728427,0,1,1,0,1,0,0
TEX,52.599998474121094,31.4,31.4,18.3,-11.044190180643017,False,False,False,34.5,6.462738156141854,-22.630376881359993,-12.269520796930799,-1.4292457480165943,3.7385694044522966,-11.97457670127613,15.713146105728427,0,1,1,1,1,0,0
NBHC,39.189998626708984,32.3,32.3,32.1,-2.4119282960879618,False,False,False,34.4,4.931443519615327,-11.263155367127208,0.8116608962143834,4.980937542439512,4.6740708151607135,-11.039075290567713,15.713146105728427,0,1,1,1,0,1,0
ELAN,22.389999389648438,39.9,39.9,30.7,-2.8982630899388298,False,False,False,34.23,10.889051917580472,-10.440002441406248,-3.15744560158574,-1.625662721935639,11.171797756639723,-4.541348349088703,15.713146105728427,0,0,1,1,0,1,0
AEM,183.27000427246094,56.1,38.5,56.1,8.686672981879367,False,False,False,34.13,5.628528438469486,19.379270251581616,-12.352737021497939,7.343621442943826,9.683939984787715,-6.029206120940711,15.713146105728427,0,0,1,0,1,0,0
AEP,118.63999938964844,37.2,37.2,27.4,-4.515074168338078,False,False,False,33.98,13.659189591096409,-13.693406327122482,-8.550586514489167,4.632727290344052,8.729301036699688,-6.983845069028738,15.713146105728427,0,1,1,0,0,1,0
DOV,187.0500030517578,43.0,43.0,26.7,-5.049890871353684,False,False,False,33.82,5.39697866967515,-12.242959074902515,-9.307472412172357,-4.723921082847182,13.26785728805615,-2.4452888176722753,15.713146105728427,0,1,1,0,0,1,0
SLV,54.5099983215332,59.1,59.1,31.0,-2.8363138794400733,False,False,False,33.76,0.4083706972769903,-0.9269395346915288,-20.002936880251642,-20.977101089030203,28.652347641464537,12.93920153573611,15.713146105728427,0,0,1,0,1,0,0
TCBI,93.0199966430664,39.1,39.1,33.2,-2.216758430631314,False,False,False,33.75,10.350813939493586,-10.33012468363177,-2.526007378953954,1.6096442646505782,10.492820328410346,-5.22032577731808,15.713146105728427,0,1,1,0,0,1,0
SCHW,97.73999786376953,41.2,31.2,41.2,2.0966244127577127,False,False,False,33.73,7.507138787028624,1.05670750013922,6.514454347528575,-1.830977022231095,3.686229738212643,-12.026916367515783,15.713146105728427,0,0,1,1,0,1,0
WFRD,78.68000030517578,47.2,47.2,33.9,-1.8393516260662395,False,False,False,33.72,-0.5290657067640897,-4.917516925893395,-15.98181421199535,0.2710096926826111,16.34908024076833,0.6359341350399061,15.713146105728427,0,1,1,0,1,0,0
GE,312.2900085449219,31.6,31.6,27.2,-4.574727557946203,False,False,False,33.64,3.3202541127026293,-17.175435975244056,6.833160761105117,0.4313009505285681,4.212772449123414,-11.500373656605012,15.713146105728427,0,1,1,1,0,1,0
MRCY,83.0,35.1,35.1,23.4,-7.562253470791726,False,False,False,33.58,15.120954132261172,-34.236589333585286,11.036789297658856,12.389982010744793,7.235140004808294,-8.478006100920133,15.713146105728427,0,1,1,0,1,0,0
SBCF,31.829999923706055,40.1,34.8,40.1,1.5803905773722393,False,False,False,33.41,7.908531856919487,-3.8251491774349944,5.290013229954327,3.1576217742548707,7.104616237521988,-8.608529868206439,15.713146105728427,0,0,1,1,0,1,0
NVS,142.57000732421875,44.9,44.9,33.8,-1.8562310040845453,False,False,False,33.3,1.1478987965494796,-10.838015780966614,-8.066800592680167,5.903528452199347,14.558148681991323,-1.154997423737103,15.713146105728427,0,1,1,0,0,1,0
BEP,28.139999389648438,42.3,42.3,27.0,-4.6860770140083385,False,False,False,33.29,4.553165634153982,-15.903195669261939,-12.954878025612281,8.313538634370232,13.017345659724233,-2.695800446004193,15.713146105728427,0,1,1,0,0,1,0
NGG,75.81999969482422,37.0,37.0,29.5,-3.740869200564001,False,False,False,33.2,11.336552891334222,-8.485212925493002,-10.394427111092153,0.0559083541961769,8.604598605061975,-7.108547500666451,15.713146105728427,0,1,1,0,0,1,0
GD,331.8299865722656,26.2,26.2,25.8,-5.74852134517365,False,False,False,33.04,8.525014980126738,-11.166145799249827,-4.476505416339716,-0.961402799919886,-0.9724069111089917,-16.685553016837417,15.713146105728427,0,1,1,1,0,1,0
IONQ,43.86000061035156,38.8,7.2,38.8,0.9053035169145769,False,False,False,32.76,7.473215662639111,-10.70846587115627,57.82655331200544,-3.200178148293298,-28.682925836826723,-44.396071942555146,15.713146105728427,1,1,0,0,1,0,0
ITA,207.17999267578125,26.5,26.5,21.4,-8.956004689321945,False,False,False,32.61,6.68772130223348,-16.42686904484996,-7.187547998934463,-3.993486878724939,-0.7452504792504144,-16.45839658497884,15.713146105728427,0,1,1,1,0,1,0
SAIA,333.739990234375,40.4,40.4,23.9,-6.772993464626872,False,False,False,32.43,4.247514662666198,-19.90688802731605,-5.956947237818677,0.4212535090302616,11.484502460286162,-4.228643645442265,15.713146105728427,0,1,1,0,1,0,0
PSLV,19.3700008392334,54.6,54.6,28.1,-4.277473657511028,False,False,False,32.38,1.7973272012790835,-0.4113106455938431,-20.744679149082156,-23.195870869922675,23.375803022637378,7.66265691690895,15.713146105728427,0,0,1,0,1,0,0
GTY,28.239999771118164,41.3,41.3,28.0,-4.292822965187136,False,False,False,32.32,2.6570125708651706,-16.360385063617066,-9.195307977384159,8.25142705233386,12.200536226348756,-3.512609879379669,15.713146105728427,0,1,1,0,0,1,0
SA,28.34000015258789,48.3,48.3,40.8,1.9314185176832877,False,False,False,32.29,9.908469451209955,2.6068040965869788,-6.468644006021429,-6.437770564542433,17.349898965806343,1.6367528600779169,15.713146105728427,0,0,1,0,1,0,0
CCS,60.25,27.6,23.9,27.6,-4.41521371795091,False,False,False,32.19,3.8181724854083283,-13.522690650666336,6.069179382648526,1.9249230699336373,-3.0247897410040414,-18.73793584673247,15.713146105728427,0,0,1,1,1,1,0
ALV,111.88999938964844,31.9,19.1,31.9,-2.4474378331835993,False,False,False,32.17,14.711567706035968,-3.056113131870797,6.015364141132662,-4.790424487460387,-7.349902555848676,-23.063048661577103,15.713146105728427,0,0,1,1,0,1,0
SRVR,28.329999923706055,26.5,21.2,26.5,-5.416771605412345,False,False,False,31.93,21.10387186218952,-7.0559217133808305,-7.886459766107401,1.3425064427850408,-6.4280612769777035,-22.141207382706128,15.713146105728427,0,1,1,0,0,1,0
HRI,124.80000305175781,42.1,37.8,42.1,2.4056580490556785,False,False,False,31.89,0.17722035771610634,-7.032541991343766,34.069663370751144,-17.039182078200245,9.062892935415023,-6.650253170313403,15.713146105728427,0,0,1,1,1,0,0
NXPI,237.52999877929688,42.3,33.7,42.3,2.5038284662051655,False,False,False,31.41,-1.6923884489423815,-12.71624598969221,22.40935618803657,9.39662011577369,6.1456580065999855,-9.56748809912844,15.713146105728427,0,1,1,0,1,0,0
RJF,158.02000427246094,35.9,19.5,35.9,-0.8117536145988224,False,False,False,31.41,6.841149529078279,-2.8525754857887664,10.58807209924395,-1.744705281051817,-7.196983919608712,-22.91013002533714,15.713146105728427,0,0,1,1,0,1,0
KMB,97.43000030517578,22.1,13.2,22.1,-8.733790667141268,False,False,False,31.39,8.484449959533702,-14.052367816853174,2.442772977946994,-0.37608766168165664,-17.63090301826532,-33.34404912399375,15.713146105728427,0,1,1,1,0,1,0
ULTA,546.1699829101562,49.9,27.2,49.9,5.690193742750876,False,False,False,31.01,3.4885875646080695,18.390306029803405,1.7815541677500546,-10.005112997856036,-0.10608451574645184,-15.819230621474878,15.713146105728427,0,0,1,0,0,1,0
AAUC,20.8799991607666,50.8,50.8,19.0,-10.803698295615302,False,False,False,30.81,1.6169116247255597,-15.121955947225374,-33.09836663483067,-9.92235165715516,19.24613870836007,3.532992602631646,15.713146105728427,0,0,1,0,1,0,0
CNR,85.83999633789062,37.9,30.8,37.9,0.3806214867028057,False,False,False,30.7,1.8088255847265704,8.29986588636331,-15.162580635821065,-2.8302017967640647,3.2961580933725365,-12.41698801235589,15.713146105728427,0,0,1,1,0,1,0
PAAS,45.5099983215332,50.2,50.2,30.8,-2.8906635820050246,False,False,False,30.68,1.9871014192772551,-1.3429730794265238,-17.56429304563666,-12.814325195220366,18.61124648968495,2.8981003839565256,15.713146105728427,0,0,1,0,1,0,0
AAL,13.369999885559082,50.5,50.5,26.8,-4.8981354225459715,False,False,False,30.58,1.2515417875227923,-25.390625956268707,20.125783900144036,-12.785388440322565,18.950179339986086,3.237033234257658,15.713146105728427,0,0,0,1,1,0,0
UPS,93.44000244140625,50.7,50.7,31.7,-2.4795079560278173,False,False,False,30.44,0.5499778038281589,-14.214888085207333,-1.4094316630192338,-1.7701849106469991,19.211852963941812,3.498706858213385,15.713146105728427,0,0,1,0,0,1,0
LIN,474.6499938964844,30.3,28.9,30.3,-3.1700780279150598,False,False,False,30.38,10.871090062108886,-12.88360392631005,-3.2624545151022533,11.897389838310168,1.2818823898368858,-14.43126371589154,15.713146105728427,0,1,1,0,0,1,0
ALB,105.77999877929688,61.5,61.5,11.6,-15.342769559937462,False,False,False,30.33,2.4339904165220125,-21.705241449567048,-40.37804445192877,-24.884933836007605,31.959613387383158,16.24646728165473,15.713146105728427,0,0,0,0,1,0,0
BKU,42.20000076293945,43.6,43.6,28.5,-4.085302754749568,False,False,False,29.8,7.8529414107803595,-12.516511183635682,-5.713585360342755,-3.452712720407547,13.77280667427383,-1.9403394314545963,15.713146105728427,0,0,1,0,0,1,0
PG,145.27999877929688,36.0,24.6,36.0,-0.7779043567590049,False,False,False,29.8,18.00483133639011,-3.3323346140697985,2.3434224867946662,3.0986878159817266,-2.6669628584318206,-18.380108964160247,15.713146105728427,0,0,1,0,0,1,0
NXP,13.430000305175781,28.8,24.1,28.8,-3.951473733551294,False,False,False,29.38,26.187229574260734,-5.725682986872305,-4.18512447436582,-1.307040582593888,-2.8138376370521523,-18.52698374278058,15.713146105728427,0,1,0,0,0,1,0
DUK,114.01000213623047,22.8,22.8,22.8,-7.82196210144887,False,False,False,29.37,17.498421809402075,-11.255871975348485,-11.377951163551725,-0.5827049586371036,-4.6374104343585465,-20.350556540086973,15.713146105728427,0,1,1,0,0,1,0
HUBB,453.6000061035156,34.2,34.2,31.5,-2.562071698361848,False,False,False,29.34,2.1845021225682943,-6.588869961855792,-8.794713620273498,2.4635964051486603,6.698498647027185,-9.01464745870124,15.713146105728427,0,1,1,0,0,1,0
PGR,207.30999755859375,25.7,16.4,25.7,-5.753868329823078,False,False,False,29.34,13.535549863437321,-10.726898428716646,7.317637273383237,-4.035528050583704,-10.597654014481627,-26.310800120210054,15.713146105728427,0,0,1,1,0,1,0
WPC,64.62999725341797,30.5,28.6,30.5,-2.9310464463516466,False,False,False,29.3,6.98411692535489,-8.056431357647542,-4.274890900480244,4.639418389841543,1.0931029941755543,-14.62004311155287,15.713146105728427,0,1,1,0,0,1,0
WFC,80.05000305175781,26.3,25.0,26.3,-5.4674726499696025,False,False,False,29.17,12.15668505000853,-5.847754488586531,0.49629816508751645,-13.723008822487525,-2.4151436152749395,-18.128289721003366,15.713146105728427,0,0,1,1,0,1,0
CMC,62.099998474121094,38.7,38.7,37.2,0.12135942638660913,False,False,False,28.85,11.249903017030743,0.9263768992890054,-0.5818952776598385,-10.36774945342368,9.703688064438554,-6.009458041289872,15.713146105728427,0,0,1,0,0,1,0
RMBS,106.76000213623047,47.2,29.8,47.2,4.5962941398474575,False,False,False,28.81,-0.21906047457649214,-5.4551860898001125,18.688166490612403,12.746857517817766,2.45681887040734,-13.256327235321086,15.713146105728427,0,1,0,0,1,0,0
GOLF,82.5,33.9,33.9,15.2,-12.526358513881931,False,False,False,28.59,16.782574070856338,-29.615795205333807,-11.297221049191497,1.5991275589832155,6.297891331466254,-9.415254774262172,15.713146105728427,0,1,1,0,0,0,0
HTHT,42.79999923706055,44.8,44.8,38.6,0.7230937735326171,False,False,False,28.42,18.323659967394498,3.534198843382308,-13.231856800152197,-4.69910442446726,14.478032405517926,-1.2351137002104995,15.713146105728427,0,0,0,0,0,1,0
CRSP,55.31999969482422,31.1,14.6,31.1,-2.629280784670527,False,False,False,28.12,2.2515681387113506,-7.922772954660728,13.33742704030223,4.004514237843337,-14.642799292176745,-30.35594539790517,15.713146105728427,1,0,1,1,0,0,0
JLL,305.5199890136719,29.7,29.7,28.3,-4.191750439237167,False,False,False,27.83,3.1540173763353954,-6.70005588893935,-0.07522845014820145,-9.910658268281125,2.427246300122188,-13.285899805606238,15.713146105728427,0,0,1,1,0,1,0
CRI,31.309999465942383,44.4,44.4,22.7,-8.253185739659983,False,False,False,27.77,0.04155343417429891,-22.377508593088358,-10.742182423653935,-0.10055391985628326,14.331824831387019,-1.3813212743414072,15.713146105728427,0,1,1,0,0,0,0
MDT,86.29000091552734,36.4,21.3,36.4,-0.7362067452700962,False,False,False,27.39,9.428018860543764,4.577103240343372,2.001677090311449,-8.442628152925103,-6.3942891444235705,-22.107435250151998,15.713146105728427,0,0,0,1,0,1,0
FHB,24.6200008392334,30.5,30.5,24.8,-6.26627631129296,False,False,False,27.03,-0.563853659116769,-17.07166596895693,0.4833143064880252,-0.8858862121653432,3.2145222871263757,-12.49862381860205,15.713146105728427,0,1,1,0,0,1,0
CME,261.9800109863281,41.3,27.9,41.3,2.106210519377425,False,False,False,26.88,1.1919974874253403,11.246760914403131,-10.899661557086503,-1.78754661897923,0.7247389441465968,-14.98840716158183,15.713146105728427,0,0,1,0,0,1,0
AX,86.56999969482422,29.5,29.5,28.6,-4.079798323798729,False,False,False,26.78,-0.06062016535162906,-11.573035397818366,0.6979160935228768,-0.21899773712305004,2.268160820243259,-13.444985285485167,15.713146105728427,0,0,1,1,0,1,0
RRX,155.11000061035156,37.5,37.5,17.7,-11.487913661237167,False,False,False,26.5,4.9920448104791735,-28.835413627760353,-18.639936930735857,9.837615671982869,9.033580208087866,-6.67956589764056,15.713146105728427,0,1,1,0,0,0,0
AIG,74.41999816894531,26.6,24.0,26.6,-5.263309692906158,False,False,False,26.38,19.13806273723071,-5.6392807078114675,-0.19745895019858128,-11.92892468336858,-2.911603415340691,-18.624749521069116,15.713146105728427,0,0,0,1,0,1,0
AGCO,114.2300033569336,41.9,36.3,41.9,2.3978612708168257,False,False,False,26.28,-1.5999061395759713,-1.643374637494266,-2.438154248189184,9.910801996553008,7.803407880708835,-7.909738225019591,15.713146105728427,0,0,1,0,0,1,0
O,54.29999923706055,22.5,22.5,22.2,-8.653729171201386,False,False,False,26.25,7.511410738567485,-13.7839396091052,-9.889098611114978,-0.47962598108650667,-5.332042045595042,-21.04518815132347,15.713146105728427,0,1,1,0,0,1,0
APG,38.599998474121094,41.7,41.7,32.8,-2.3039766822288463,False,False,False,26.19,-1.6273539671598203,-8.051455705030664,-7.055141804233367,-0.6690739375881716,12.307243740738638,-3.405902364989788,15.713146105728427,0,1,0,0,0,1,0
IREN,40.880001068115234,48.1,15.6,48.1,4.875143745989072,False,False,False,26.13,6.283500291162971,5.306546598365047,19.917867072851546,6.736297343207731,-12.891538882844012,-28.604684988572437,15.713146105728427,0,0,0,0,1,0,0
BOTZ,35.22999954223633,32.9,27.4,32.9,-2.261242860126682,False,False,False,26.01,9.501249676945365,-5.7769453936126975,3.975269751774335,-3.6423847623777483,-0.08520850280460124,-15.798354608533028,15.713146105728427,0,0,1,0,0,1,0
GAP,22.84000015258789,52.0,38.8,52.0,6.7020686176620226,False,False,False,25.88,0.27968022351976873,19.748254162255385,-6.236574799989825,-9.813493235939319,10.063902799728485,-5.64924330599994,15.713146105728427,0,0,0,0,0,1,0
WM,203.9199981689453,21.4,21.4,20.6,-9.257588987537044,False,False,False,25.4,6.12801997089637,-11.101895123778904,-10.94855398776411,-7.02018072624454,-6.115419976118764,-21.82856608184719,15.713146105728427,0,1,1,0,0,1,0
GLD,380.8399963378906,35.0,35.0,34.1,-1.793830239648993,False,False,False,25.38,4.603367996195447,0.7166824690143292,-13.01448312848178,-4.525061457468493,7.137028449676652,-8.576117656051775,15.713146105728427,0,0,1,0,0,1,0
CASY,608.4600219726562,36.8,36.8,20.1,-9.602100049831353,False,False,False,25.22,1.674113056672849,-23.63920264355649,-17.339686897709594,8.60175449031737,8.00583744534844,-7.707308660379986,15.713146105728427,0,1,1,0,0,0,0
AVGO,351.19000244140625,43.7,35.2,43.7,3.1604702005123375,False,False,False,24.79,7.68979541679407,-2.391592973459933,12.407530501637831,0.936273495535378,7.241732952308344,-8.471413153420082,15.713146105728427,0,1,0,0,0,0,0
NEE,75.73999786376953,30.6,30.6,21.0,-9.026040209373274,False,False,False,24.76,8.39490096098436,-13.618342362717595,-17.212186764314673,-3.8959096535336357,3.21458009641713,-12.498566009311297,15.713146105728427,0,1,0,0,0,1,0
SBSW,10.210000038146973,36.1,24.8,36.1,-0.7692417397608908,False,False,False,24.73,0.9717421530798576,18.87353535245866,-14.173490751450457,-24.93028363778541,-2.4895050144859043,-18.20265112021433,15.713146105728427,0,0,1,0,1,0,0
CRC,50.79999923706055,34.7,25.4,34.7,-1.5565570775502113,False,False,False,24.69,2.7063831747185843,-0.14030837397509544,-21.959062147870036,16.089069660947498,-1.6321761528783285,-17.345322258606753,15.713146105728427,0,1,1,0,0,0,0
TOL,134.75,25.3,25.3,24.4,-6.383574458969758,False,False,False,24.51,14.646562151764282,-14.097795319907547,-1.1783210765471175,-0.8145449334020283,-1.7294156450845422,-17.442561750812967,15.713146105728427,0,0,1,0,0,1,0
CEF,41.540000915527344,42.7,42.7,32.4,-2.372150267691924,False,False,False,24.46,7.935596667883662,0.508103254703629,-14.067023615217156,-12.028801690681545,13.218867458031824,-2.4942786476966017,15.713146105728427,0,0,1,0,0,0,0
SBS,5.309999942779541,35.4,35.4,33.7,-1.9087377231398799,False,False,False,24.37,0.6846380888074499,-7.652174908181896,-12.086093107350415,10.58955330304534,7.257201004969471,-8.455945100758955,15.713146105728427,0,1,1,0,0,0,0
LMT,509.25,32.0,32.0,29.8,-3.5762701800449292,False,False,False,24.29,4.955245229245496,-6.13839907204321,-16.49598165375057,6.2443354906140724,4.647093406998271,-11.066052698730156,15.713146105728427,0,0,1,0,0,1,0
PHYS,31.270000457763672,33.0,33.0,31.6,-2.4855785609059167,False,False,False,24.27,3.5561551534740357,0.6113273311583844,-13.379496455712847,-5.841609997562546,5.570558986429042,-10.142587119299385,15.713146105728427,0,0,1,0,0,1,0
CDE,17.600000381469727,31.4,21.7,31.4,-2.6014829809373885,False,False,False,24.27,5.694471953237833,1.7341107377999654,-7.798204739333081,-2.599419383978707,-6.078012256975085,-21.791158362703513,15.713146105728427,0,0,1,0,1,0,0
CDNS,330.19000244140625,35.2,21.8,35.2,-1.3102581254268397,False,False,False,24.14,0.18780492111984626,-11.510427861106665,17.845033571622903,4.622939181156149,-5.998407657699922,-21.71155376342835,15.713146105728427,0,1,0,0,0,1,0
F,12.0600004196167,32.9,32.9,32.3,-2.3930603392418837,False,False,False,24.12,3.2002565962800325,-8.752886867689657,5.6873015463101195,-5.6842745730469435,5.537445065906721,-10.175701039821705,15.713146105728427,0,0,1,1,0,0,0
XLC,110.97000122070312,35.1,22.7,35.1,-1.3819780034017959,False,False,False,23.96,16.40795602106742,1.5837004683726175,0.346440430818018,-5.333006778571336,-5.0907246060008955,-20.80387071172932,15.713146105728427,0,0,0,0,0,1,0
WMT,103.91999816894531,29.2,29.2,23.7,-6.984663813027235,False,False,False,23.93,24.17846560708909,-6.859097206922115,-16.331904241598984,-6.556666845718917,1.6834464360259593,-14.029699669702467,15.713146105728427,0,0,0,0,0,1,0
MTZ,213.6199951171875,27.5,27.5,5.7,-24.851366839085543,False,False,False,23.79,9.28724427358343,-42.79516929357726,-36.001680802725936,-3.045434874099584,0.38062006855232866,-15.332526037176098,15.713146105728427,0,1,1,0,0,0,0
ENPH,32.9900016784668,20.5,20.5,14.3,-12.98461005808434,False,False,False,23.72,1.7441435631983504,-23.403756878987735,-13.819219617350376,2.4852534510331648,-6.781570366129019,-22.494716471857444,15.713146105728427,0,1,1,0,1,0,0
PHIN,59.43000030517578,32.5,32.5,18.1,-11.203486391760357,False,False,False,23.38,1.2677546283043517,-21.157404642736044,-13.939867131510464,-4.982369624449278,5.219614082630053,-10.493532023098373,15.713146105728427,0,1,1,0,0,0,0
OSK,128.82000732421875,28.4,28.4,26.1,-5.569273729301075,False,False,False,23.32,6.532837931370851,-9.394915635139933,-12.868517076478414,2.933590026753463,0.8783896734994467,-14.834756432228978,15.713146105728427,0,0,1,1,0,0,0
TEL,211.0800018310547,39.1,24.3,39.1,0.9929026124740425,False,False,False,23.3,8.866221016000694,7.325872248644205,0.4976082547684557,-7.3812080788549395,-2.803631610831714,-18.51677771656014,15.713146105728427,0,0,0,0,0,1,0
CWEN,29.270000457763672,37.7,37.7,22.3,-8.627325404617963,False,False,False,23.15,10.237951685607108,-9.296238472971407,-24.689813552948927,-8.890144118992326,9.035807594794253,-6.677338510934172,15.713146105728427,0,1,0,0,0,0,0
LTM,49.88999938964844,39.2,39.2,27.7,-4.390400031847069,False,False,False,22.81,7.086909792616881,-11.589581570368146,-1.5405338239657285,-7.768012046948003,10.535708852414682,-5.177437253313744,15.713146105728427,0,0,1,0,0,0,0
PHM,116.05999755859375,23.0,15.9,23.0,-7.800308104151874,False,False,False,22.73,11.768109555112067,-12.984016674432707,-0.502802979117789,-1.1177847786212558,-11.41291941415491,-27.126065519883337,15.713146105728427,0,0,0,1,0,1,0
SHW,323.2699890136719,27.5,22.1,27.5,-4.468371375801949,False,False,False,22.19,3.9724660339392535,-8.075017594587719,-0.2587381442677672,-0.17916637925412537,-5.753917166312417,-21.467063272040843,15.713146105728427,0,0,0,1,0,1,0
ACN,183.3699951171875,41.0,9.4,41.0,2.079620040654829,False,False,False,22.08,2.260040442028797,35.11092682582409,-5.029629895397214,-30.68569352801167,-24.108430024965145,-39.82157613069357,15.713146105728427,0,0,0,0,1,0,0
ASTS,58.86000061035156,51.7,51.7,9.3,-18.578932636995518,False,False,False,21.95,4.226254979287386,-30.85868376673966,-29.92022608951418,-21.183716698147627,19.926647136163545,4.213501030435118,15.713146105728427,0,0,0,0,0,0,0
TLT,77.77999877929688,22.5,17.8,22.5,-8.493696980374164,False,False,False,21.78,25.924057277731983,-8.323506036571038,-8.088039403899982,-8.752314246089444,-8.981119178739316,-24.694265284467743,15.713146105728427,0,0,0,0,0,1,0
XLU,39.439998626708984,19.9,19.9,19.2,-10.578101338048231,False,False,False,21.73,12.572136255206082,-13.17744680554468,-13.286281791766319,-6.277382518790597,-6.971948768594882,-22.68509487432331,15.713146105728427,0,1,0,0,0,1,0
BCE,20.34000015258789,21.9,18.5,21.9,-8.775809199441538,False,False,False,21.69,9.765623541055856,-3.750206574777637,-17.72058950042733,-10.282874321864522,-8.375169025360552,-24.088315131088976,15.713146105728427,0,0,1,0,0,1,0
USAR,14.079999923706055,16.5,12.9,16.5,-11.966265944517385,False,False,False,21.26,15.525777882465256,-26.475194756235364,-4.8648666064176505,16.075843288275294,-18.091916891973835,-33.805062997702265,15.713146105728427,0,1,1,0,0,0,0
MUX,17.850000381469727,31.9,31.9,25.9,-5.663316762636192,False,False,False,21.07,11.01685640050665,-5.555551630969813,-16.58878177729779,-5.002663588381395,4.385964814437848,-11.327181291290579,15.713146105728427,0,0,1,0,0,0,0
APLD,24.3700008392334,33.8,33.8,20.9,-9.124619710153414,False,False,False,20.9,7.925969876805798,-26.285541963341295,-0.4899915598459259,1.2043227427166459,6.233654193044802,-9.479491912683624,15.713146105728427,0,1,0,0,0,0,0
SO,82.88999938964844,18.5,17.0,18.5,-11.028588913198725,False,False,False,20.84,11.450153673146366,-14.702549841959733,-13.073633348311041,-3.01664860819435,-9.647562925568764,-25.36070903129719,15.713146105728427,0,1,0,0,0,1,0
ASO,48.09000015258789,29.0,24.4,29.0,-3.8740371287415942,False,False,False,20.82,-2.612320434942961,0.8224062783466657,-16.13851212822963,-2.1048858390364744,-2.7716002331351963,-18.484746338863623,15.713146105728427,0,0,1,0,0,1,0
XEL,70.4800033569336,19.6,16.6,19.6,-9.903268665134329,False,False,False,20.72,9.5856358679638,-13.313670072923657,-10.194508870060993,-2.7994791255656293,-9.895015184197709,-25.608161289926134,15.713146105728427,0,1,0,0,0,1,0
FXI,34.02000045776367,29.9,14.2,29.9,-3.5066867283207013,False,False,False,20.7,12.45945461712525,6.612349170921994,-3.612382557117799,-11.364260476083189,-15.781488950246503,-31.49463505597493,15.713146105728427,0,0,0,0,0,1,0
COF,193.07000732421875,24.1,18.8,24.1,-6.664575216161455,False,False,False,20.23,1.9763886438139875,-5.542214365485565,5.465309655203687,-19.937686602461348,-7.766070402578484,-23.479216508306912,15.713146105728427,0,0,0,1,0,1,0
PPTA,21.56999969482422,34.1,34.1,25.2,-6.017543616842992,False,False,False,20.2,5.196442188224399,1.125174739693402,-26.93089647581163,-12.030997992927873,6.623826905137742,-9.089319200590683,15.713146105728427,0,0,0,0,1,0,0
FERG,222.6199951171875,33.0,27.6,33.0,-2.2399451692242405,False,False,False,20.13,6.437575766732257,-2.9488543246047327,-6.169552707927107,0.21289091075189503,0.6546446002634765,-15.05850150546495,15.713146105728427,0,0,0,0,0,1,0
CORZ,15.979999542236328,20.3,16.0,20.3,-9.593403084982539,False,False,False,20.0,6.264191748713647,-25.431641088792556,4.444440150486062,9.377138382976934,-10.925311780790581,-26.638457886519006,15.713146105728427,0,1,1,0,0,0,0
IPGP,78.27999877929688,25.9,25.9,11.5,-15.432573608695321,False,False,False,19.69,14.424167446512037,-25.63883226412853,-32.21923956424787,7.483175629851924,-1.1491395808235993,-16.862285686552024,15.713146105728427,0,1,0,0,0,0,0
COIN,186.41000366210938,24.9,3.2,24.9,-6.244813484233898,False,False,False,19.37,-1.951535886722704,12.648059266952938,7.757672549166794,-19.512090349949386,-44.76576815429277,-60.4789142600212,15.713146105728427,1,0,0,0,1,0,0
ABT,98.83000183105469,23.2,9.0,23.2,-7.59486293078787,False,False,False,19.28,-0.008576269962002447,4.33426473350389,-2.1690350968416428,-19.966055911980153,-24.50775311212533,-40.220899217853756,15.713146105728427,0,0,0,1,0,1,0
CCJ,86.66999816894531,31.1,31.1,21.8,-8.809924113221635,False,False,False,19.19,5.826813529417161,-10.223744202383322,-22.01025797624624,-5.143925179330844,3.552050994235545,-12.16109511149288,15.713146105728427,0,0,1,0,0,0,0
INDA,46.68000030517578,23.6,16.5,23.6,-6.999224986963547,False,False,False,19.18,15.78991461784039,-5.811140008699301,-0.06422346367984666,-12.97538993972437,-10.334231514014913,-26.04737761974334,15.713146105728427,0,0,0,0,0,1,0
NXT,77.93000030517578,32.6,32.6,8.1,-20.455990599362565,False,False,False,19.11,3.560790220502624,-30.93760826451958,-35.26333104899361,-10.46645279702243,5.325047378242376,-10.38809872748605,15.713146105728427,0,1,0,0,0,0,0
DRD,24.25,28.9,17.9,28.9,-3.906391898174597,False,False,False,18.84,7.604391732233502,13.829301672381412,-18.984022423497183,-19.403373753410026,-8.8031666587286,-24.516312764457027,15.713146105728427,0,0,0,0,1,0,0
FTAI,167.02999877929688,28.5,28.5,6.8,-22.411660458676234,False,False,False,18.81,8.02192242953728,-32.51591518534595,-32.87519661017988,-15.030459931695106,0.8791846191857244,-14.833961486542702,15.713146105728427,0,0,1,0,0,0,0
GPCR,31.270000457763672,40.6,40.6,2.6,-32.570447309275515,False,False,False,18.66,8.059225198887054,-41.49672589070326,-37.67191230012947,-53.86544552828324,11.67857306344169,-4.034573042286738,15.713146105728427,0,0,0,0,0,0,0
CTRI,20.040000915527344,22.3,22.3,6.6,-22.87417044699867,False,False,False,18.61,15.617057114369928,-26.834606199001577,-34.013828245803914,-21.35007348682051,-5.337738104365752,-21.05088421009418,15.713146105728427,0,1,0,0,0,0,0
SNPS,434.94000244140625,32.6,15.7,32.6,-2.3138097602134584,False,False,False,18.52,1.6114852698681463,-0.5078234975995244,9.628475361020318,-8.335262831031054,-11.846614335857508,-27.559760441585933,15.713146105728427,0,0,0,0,0,1,0
GBCI,43.20000076293945,21.2,18.1,21.2,-9.017640631261091,False,False,False,18.52,0.1252470286319063,-16.042772542065276,-2.808611865710564,-1.4745297698254833,-8.719516436638862,-24.43266254236729,15.713146105728427,0,0,1,0,0,1,0
CMG,31.950000762939453,19.1,12.5,19.1,-10.748096323978888,False,False,False,18.5,2.873491690996216,-9.720256247631308,-2.0839726721316287,-13.741900720240363,-18.474095732259833,-34.18724183798826,15.713146105728427,0,0,1,0,0,1,0
XLY,108.83999633789062,24.6,18.3,24.6,-6.323012097287862,False,False,False,18.44,11.9961001459251,-6.8650021083842,-0.4580393426517171,-9.009113646283218,-8.417903280735972,-24.131049386464397,15.713146105728427,0,0,0,0,0,1,0
BC,64.23999786376953,31.5,31.5,17.8,-11.376592144753154,False,False,False,18.32,2.410328682070487,-18.335783402564722,-11.103358229479731,-12.99603887042451,3.8880031812679183,-11.825142924460508,15.713146105728427,0,0,1,0,0,0,0
PEP,126.72000122070312,21.5,21.5,18.7,-10.847935162748506,False,False,False,18.25,15.500468538466304,-11.195580610539324,-16.313473518247957,-9.421849926231685,-6.113191148184239,-21.826337253912666,15.713146105728427,0,0,0,0,0,1,0
CARR,54.86000061035156,20.6,20.6,19.9,-9.71642879417118,False,False,False,18.04,-0.6672707987332454,-21.425322087872257,-2.8938814695514403,3.8562497237715876,-6.693868049331531,-22.407014155059958,15.713146105728427,0,1,1,0,0,0,0
TFPM,30.809999465942383,33.4,33.4,29.2,-3.872761359776349,False,False,False,17.97,-1.305848065482089,-1.986451541421741,-13.868869507760506,-7.347393450993501,5.825359242715744,-9.887786863012682,15.713146105728427,0,0,1,0,0,0,0
MC,57.52000045776367,16.9,13.8,16.9,-11.79452048364117,False,False,False,17.71,3.177387149693174,-15.263813857049769,3.515633661830875,-15.900111448845022,-16.06049691709216,-31.773643022820586,15.713146105728427,0,0,0,1,0,1,0
OMCL,34.04999923706055,40.8,40.8,18.2,-11.0881730079774,False,False,False,17.5,3.93860140059729,-20.869160578635427,0.32410316677207174,-25.849301840591497,11.82265479120328,-3.8904913145251463,15.713146105728427,0,0,0,0,0,0,0
CHRW,147.9600067138672,43.1,43.1,19.7,-9.826246448291485,False,False,False,17.47,0.7757142726244814,-21.728633034872857,-11.509141882865304,-7.620936203455386,13.456111914608982,-2.2570341911194447,15.713146105728427,0,0,0,0,0,0,0
OR,34.34000015258789,31.2,14.8,31.2,-2.6080438446305165,False,False,False,17.39,-0.3007621336009958,9.431412879368061,-14.04809435930967,-4.00560609115902,-13.849344531420016,-29.562490637148443,15.713146105728427,0,0,1,0,0,0,0
PHG,24.43000030517578,21.3,20.0,21.3,-9.015408385067328,False,False,False,17.17,12.180671254481444,-11.932226003075275,-6.991796146322937,-7.331356148518065,-6.889437624345085,-22.602583730073512,15.713146105728427,0,0,0,0,0,1,0
AMR,168.22000122070312,29.9,29.9,29.3,-3.8315896296102503,False,False,False,16.98,0.06663239807746879,5.137500762939462,-15.18176792838456,-16.768096228441987,2.5169144828963708,-13.196231622832055,15.713146105728427,0,0,1,0,0,0,0
VRDN,20.59000015258789,29.7,23.0,29.7,-3.6846834197096205,False,False,False,16.88,-0.012669697989126094,6.134023492046703,7.519585184034239,-33.6234692174718,-4.587580049203943,-20.30072615493237,15.713146105728427,0,0,0,0,1,0,0
BEAM,24.450000762939453,28.1,28.1,13.0,-13.972931884552294,False,False,False,16.72,1.595017810821663,-29.721183904806914,0.949634418272427,-12.113583640735047,0.7416576093149718,-14.971488496413453,15.713146105728427,0,0,1,0,0,0,0
GFI,36.119998931884766,23.1,17.4,23.1,-7.6273906881785924,False,False,False,16.62,7.949085720739875,4.173684546954903,-23.249554994277343,-13.835163120160775,-9.39960442036465,-25.112750526093073,15.713146105728427,0,0,1,0,0,0,0
EQX,11.109999656677246,26.6,26.6,26.2,-5.565190438759556,False,False,False,16.56,3.070791947942766,9.786600067871664,-25.39609839661231,-21.434860184929228,-0.568193747999568,-16.281339853727992,15.713146105728427,0,0,0,0,1,0,0
DY,269.0799865722656,18.7,18.7,5.3,-25.773508539342657,False,False,False,16.44,13.216623473652596,-38.53253367836638,-22.555770004713118,-21.473185169985477,-7.773520165281922,-23.48666627101035,15.713146105728427,0,1,0,0,0,0,0
KGC,24.079999923706055,24.5,24.5,20.4,-9.52862052940805,False,False,False,16.39,5.302143188417128,-2.41903101951062,-24.59087316290057,-15.499854055695506,-2.7143133894229288,-18.427459495151354,15.713146105728427,0,0,1,0,0,0,0
IR,75.11000061035156,23.5,17.7,23.5,-7.084003916463684,False,False,False,15.85,4.831752974343375,-6.777844703695313,-6.0640161948820825,-6.800737239204091,-8.999576740841619,-24.712722846570045,15.713146105728427,0,0,0,0,0,1,0
TJX,132.30999755859375,19.2,19.2,13.5,-13.423638147689672,False,False,False,15.32,8.799340664503227,-13.958601621427569,-17.816333314093157,-14.040127906810751,-7.344526274689322,-23.05767238041775,15.713146105728427,0,0,0,0,0,1,0
SEDG,31.8700008392334,14.7,14.7,6.1,-24.182862168986837,False,False,False,15.29,-1.965369155000916,-39.156166114258994,-38.55793041159533,9.820814391845634,-13.864862596666494,-29.57800870239492,15.713146105728427,0,1,1,0,0,0,0
RCL,265.8599853515625,21.7,13.7,21.7,-8.88544923440179,False,False,False,15.07,4.628443751649189,-9.740180150796697,-4.69173080394506,-4.061534883290674,-16.193620183179814,-31.90676628890824,15.713146105728427,0,0,0,0,0,1,0
AGI,32.38999938964844,20.5,20.4,20.5,-9.441224723128894,False,False,False,14.38,3.947695031308216,2.6761219274443304,-28.83722021727214,-16.924683322737145,-6.796463930523833,-22.50961003625226,15.713146105728427,0,0,1,0,0,0,0
TMDX,83.44999694824219,24.5,8.4,24.5,-6.336803237421317,False,False,False,14.07,-2.425791601361144,21.18791200779824,-16.882474422341243,-31.553479165407307,-25.623886614954515,-41.33703272068294,15.713146105728427,0,0,0,0,1,0,0
KKR,91.30000305175781,15.4,6.7,15.4,-12.51568138738531,False,False,False,13.74,8.583413880739396,-2.5218411779219574,0.3207077299314909,-28.62253400843715,-29.23289830257698,-44.94604440830541,15.713146105728427,0,0,0,1,0,0,0
CRUS,119.97000122070312,23.2,23.2,16.8,-11.798081289889883,False,False,False,13.66,-2.0829984064531595,-17.963623690980313,-18.459867301535148,-0.35714310608488953,-4.246148659868753,-19.95929476559718,15.713146105728427,0,1,0,0,0,0,0
PII,52.150001525878906,20.9,20.9,17.2,-11.736624726604024,False,False,False,13.58,0.7439369841502022,-16.49982891724835,-2.7091234931660546,-16.505362181881832,-6.468980123475521,-22.182126229203945,15.713146105728427,0,0,0,1,0,0,0
AXP,304.1000061035156,19.4,19.0,19.4,-10.216721467024467,False,False,False,13.39,2.0949130882411096,-13.598132320011446,1.4750144196929105,-17.89390290225379,-7.468454212538567,-23.181600318266995,15.713146105728427,0,0,0,0,0,1,0
EPAM,108.36000061035156,19.5,7.6,19.5,-9.980147758711688,False,False,False,13.11,1.021004715499704,22.759719872339225,-19.804614767508987,-47.477096654234394,-28.138467116493505,-43.85161322222193,15.713146105728427,0,0,0,0,1,0,0
ATMU,43.41999816894531,23.7,23.7,12.9,-14.052175576119867,False,False,False,12.87,11.284879975149066,-12.547344002970028,-25.117455737735984,-16.76178143061634,-3.286952706306956,-19.000098812035382,15.713146105728427,0,0,0,0,0,0,0
TXT,76.19999694824219,16.9,16.9,12.4,-14.573925908685442,False,False,False,12.87,3.715297956532434,-17.60081471167051,-14.255423849760618,-13.683295714787091,-9.72928055553849,-25.442426661266914,15.713146105728427,0,0,0,0,0,1,0
MTH,62.849998474121094,17.9,16.1,17.9,-11.347344379124054,False,False,False,12.76,2.013422856735459,-22.650324774036555,2.621343669868681,-3.270397862006169,-10.787018155409678,-26.500164261138103,15.713146105728427,0,0,0,1,0,0,0
TM,183.10000610351562,27.9,23.4,27.9,-4.376549609388905,False,False,False,12.75,5.306316988808325,4.8742825729575445,-12.672290884469051,-14.777751500133874,-4.181270808256688,-19.894416913985115,15.713146105728427,0,0,0,0,0,0,0
BA,186.0500030517578,15.0,15.0,11.9,-14.923768816320642,False,False,False,12.55,5.157146799032584,-17.85509358496916,-10.259503917148571,-14.851257184550203,-13.79789580996611,-29.511041915694534,15.713146105728427,0,0,1,0,0,0,0
ANIP,72.6500015258789,14.5,10.8,14.5,-12.935008586881015,False,False,False,12.22,4.723096227305043,-15.552711197571078,-4.357553447193707,-8.52429715330011,-20.687769938769108,-36.400916044497535,15.713146105728427,0,0,0,0,0,1,0
YUM,136.33999633789062,18.2,18.2,16.1,-12.341065857638016,False,False,False,11.96,-1.0791113178644107,-16.81698117475915,-10.411230828911721,-9.099373311924552,-8.560762797835508,-24.273908903563935,15.713146105728427,0,0,0,0,0,1,0
BABA,107.54000091552734,18.8,4.1,18.8,-10.840354478778966,False,False,False,11.82,14.343412749250302,11.857709172303533,-12.286719195756202,-26.35203264037125,-39.27843890237445,-54.991585008102874,15.713146105728427,0,0,0,0,0,0,0
PJT,142.7100067138672,17.5,11.9,17.5,-11.535913796912382,False,False,False,11.76,-0.8106437422730799,-12.320602163803517,1.6669648779569446,-15.500026201141647,-19.205303333770164,-34.91844943949859,15.713146105728427,0,0,0,1,0,0,0
ROP,349.4100036621094,16.4,6.6,16.4,-12.018241746565934,False,False,False,11.68,0.38908673607192157,-3.8203495541214605,-1.3181067122411516,-21.814198533302655,-29.318204379042946,-45.03135048477137,15.713146105728427,0,0,0,1,0,0,0
BX,112.08999633789062,12.5,5.7,12.5,-14.525976806560303,False,False,False,11.66,5.5495122128787,-7.775360683568611,-0.04144115053860142,-25.306327303756415,-31.731394211369278,-47.444540317097704,15.713146105728427,0,0,0,1,0,0,0
PEG,67.33999633789062,13.5,13.5,10.8,-16.051638615996723,False,False,False,11.55,3.835097593668018,-16.744354999443946,-15.617374790857209,-14.60282626483319,-16.54928202540531,-32.26242813113374,15.713146105728427,0,0,0,0,0,1,0
VFC,14.0600004196167,27.0,27.0,14.7,-12.827137413669217,False,False,False,11.5,2.321025271114109,-13.136774982978483,-15.874594479361548,-21.639736167424495,-0.34780645560307244,-16.060952561331497,15.713146105728427,0,0,0,0,0,0,0
GDS,31.229999542236328,21.5,11.7,21.5,-8.924295431962808,False,False,False,11.4,9.348719310427489,4.728369758021289,-25.0360065851601,-9.739881735559441,-19.302328355137067,-35.01547446086549,15.713146105728427,0,0,0,0,0,0,0
CAE,24.010000228881836,15.6,12.1,15.6,-12.441322555686398,False,False,False,11.38,17.1488699362799,-5.880046987619137,-9.634924709619263,-21.81699464451765,-18.994599449056803,-34.70774555478523,15.713146105728427,0,0,0,0,0,0,0
HII,267.07000732421875,22.2,22.2,12.0,-14.809300345488877,False,False,False,10.92,6.807612580000685,-7.953514334370437,-31.487245088686844,-20.955487191344922,-5.696740778671739,-21.409886884400166,15.713146105728427,0,0,0,0,0,0,0
TDS,33.91999816894531,15.2,15.2,14.2,-13.069313411100378,False,False,False,10.82,15.805002563983114,-6.172928611465656,-22.994670375055183,-16.797449181867343,-13.208590275648046,-28.921736381376473,15.713146105728427,0,0,0,0,0,0,0
TSN,50.529998779296875,23.5,23.5,14.8,-12.572836190473929,False,False,False,10.64,4.118104575297975,-13.394932184469122,-20.013091487031097,-12.390545524966123,-3.6706795714341878,-19.383825677162612,15.713146105728427,0,0,0,0,0,0,0
MP,47.290000915527344,16.3,6.5,16.3,-12.127012985206328,False,False,False,10.39,12.90102681677177,-11.292441010477571,-2.313569377019198,-6.245039248501594,-29.49157427955571,-45.20472038528413,15.713146105728427,0,0,0,0,0,0,0
BKNG,162.91000366210938,12.3,9.5,12.3,-14.703616496572732,False,False,False,10.35,1.4218994245753296,-11.517427547930648,-2.191649755251701,-24.41362250670095,-23.8779551250497,-39.59110123077812,15.713146105728427,0,0,0,1,0,0,0
WMS,126.70999908447266,18.6,18.6,15.7,-12.414619759930854,False,False,False,10.13,8.965791136029479,-16.613891367769263,-7.241147738624543,-13.430917716662826,-8.173250608828365,-23.88639671455679,15.713146105728427,0,0,0,0,0,0,0
IDXX,522.1900024414062,15.9,12.8,15.9,-12.404773074788636,False,False,False,9.82,11.533683414792636,-6.384006118834728,-7.521335444872113,-23.46846101007315,-18.266056681328458,-33.979202787056884,15.713146105728427,0,0,0,0,0,0,0
NU,12.65999984741211,12.6,10.7,12.6,-14.442322130172649,False,False,False,9.77,15.761572562924409,-6.980160420496806,-12.326868315074723,-24.99999717513518,-20.924424319659717,-36.63757042538814,15.713146105728427,0,0,0,0,0,0,0
LCII,83.66999816894531,21.0,21.0,8.0,-20.600190964523456,False,False,False,9.61,4.01793778073378,-18.15728872026998,-30.427009317068666,-29.80073840230981,-6.458629662698856,-22.17177576842728,15.713146105728427,0,0,0,0,0,0,0
HSY,157.61000061035156,15.4,15.4,12.8,-14.288307115033833,False,False,False,9.55,11.285519552767438,-12.78728164163544,-21.10480159392433,-11.564003051770067,-13.198167646203885,-28.911313751932312,15.713146105728427,0,0,0,0,0,0,0
CCL,24.540000915527344,15.1,15.1,15.1,-12.53992599619914,False,False,False,9.45,11.357573862107104,-11.614014170030195,-6.622941777360869,-19.09684965100924,-13.751810212565196,-29.464956318293623,15.713146105728427,0,0,0,0,0,0,0
BTU,24.389999389648438,25.0,19.7,25.0,-6.090929989999719,False,False,False,9.4,-1.9863053327755176,9.709284702702092,-25.312109144427342,-17.54119044324196,-7.019919767733473,-22.7330658734619,15.713146105728427,0,0,0,0,0,0,0
HUBG,29.579999923706055,15.5,15.5,5.0,-26.030544047378402,False,False,False,9.02,9.383574292546163,-33.92648272436048,-18.659342718119277,-30.691433930757928,-12.948978139293853,-28.66212424502228,15.713146105728427,0,0,0,0,0,0,0
SPXC,169.55999755859375,17.5,17.5,9.2,-18.706735663204732,False,False,False,8.96,6.545204343906216,-25.546678901927343,-16.538691424419504,-16.68222586832304,-9.219403219426425,-24.932549325154852,15.713146105728427,0,0,0,0,0,0,0
ABTS,1.2100000381469727,2.1,0.1,2.1,-34.0329456798229,False,False,False,8.93,10.302219502962501,3.4188104726077917,-14.184392426168657,-76.08695549742833,-86.73100142073308,-102.44414752646152,15.713146105728427,0,0,0,0,1,0,0
ORA,91.48999786376953,23.1,23.1,11.0,-15.791334853752868,False,False,False,8.81,-1.4311622933214914,-18.629877259925507,-19.32911547896672,-17.823565449073243,-4.544238820873359,-20.257384926601784,15.713146105728427,0,0,0,0,0,0,0
AMTM,18.1200008392334,9.2,9.2,5.8,-24.617035763067886,False,False,False,8.74,16.872075378888866,-14.689260666223236,-31.207286506210906,-38.15699211242968,-24.342378864252368,-40.055524969980794,15.713146105728427,0,0,0,0,0,0,0
CVNA,62.540000915527344,16.0,13.3,16.0,-12.356706031635635,False,False,False,8.72,7.739568426347368,-8.833815879573004,0.19545908132398981,-27.20288877939995,-17.1084687009562,-32.82161480668463,15.713146105728427,0,0,0,0,0,0,0
UBER,68.51000213623047,13.7,6.2,13.7,-13.402741800222945,False,False,False,8.58,10.348514248087493,-7.953779584404542,-4.462413874071691,-16.573307544023475,-30.070428414210472,-45.783574519938895,15.713146105728427,0,0,0,0,0,0,0
BETZ,16.260000228881836,9.7,7.1,9.7,-18.38987834402185,False,False,False,8.56,15.593798648960115,-14.645664671476455,-10.51675388169232,-23.356115428081313,-28.785193067382686,-44.49833917311111,15.713146105728427,0,0,0,0,0,0,0
CBRE,128.47000122070312,15.0,12.6,15.0,-12.558440305404112,False,False,False,8.54,8.460673912633405,-9.259782766492354,-4.476172225873631,-21.333657987099308,-18.462805781062908,-34.17595188679133,15.713146105728427,0,0,0,0,0,0,0
AZO,2830.02001953125,9.9,5.2,9.9,-17.804586855709534,False,False,False,8.37,14.70634047585424,-10.42199509737365,-17.40712617567406,-16.735956625955616,-34.0358612821707,-49.74900738789913,15.713146105728427,0,0,0,0,0,0,0
LOW,184.2899932861328,8.8,8.8,7.5,-21.246007663432,False,False,False,8.36,16.127446990631658,-18.492774565401238,-21.04456967641792,-23.03816157639611,-25.161757933543484,-40.87490403927191,15.713146105728427,0,0,0,0,0,0,0
ADBE,239.94000244140625,20.8,5.4,20.8,-9.22024132445732,False,False,False,8.26,-0.19985979641498886,9.202622022740957,-0.5924484006750608,-31.933847041411312,-31.98015522568214,-47.69330133141057,15.713146105728427,0,0,0,0,0,0,0
HAYW,12.239999771118164,12.0,12.0,7.4,-21.268977775362814,False,False,False,8.12,11.079987433181198,-27.87271498893974,-9.266123211330413,-22.28571573893229,-19.04761994867189,-34.760766054400314,15.713146105728427,0,0,0,0,0,0,0
STEP,43.400001525878906,18.6,5.8,18.6,-10.921316202924105,False,False,False,8.04,1.9960171416033423,6.215646596693669,-5.258761027870895,-30.661347780965663,-31.117765399171304,-46.83091150489973,15.713146105728427,0,0,0,0,0,0,0
NOC,483.4800109863281,11.6,11.6,10.3,-17.453775759644145,False,False,False,7.96,11.077381621959729,-11.535514508408074,-30.01199225950143,-14.826948851567456,-19.358908670335694,-35.07205477606412,15.713146105728427,0,0,0,0,0,0,0
HD,284.489990234375,8.8,7.7,8.8,-19.223191697860923,False,False,False,7.96,14.800003532428189,-19.9255446395018,-12.387417699039194,-16.07726154290462,-27.80018996835719,-43.513336074085615,15.713146105728427,0,0,0,0,0,0,0
GBX,40.06999969482422,16.3,16.3,11.4,-15.434456488903272,False,False,False,7.83,4.371612665063609,-15.1129319940001,-22.727579020963383,-13.450089346356442,-10.768750089196333,-26.481896194924758,15.713146105728427,0,0,0,0,0,0,0
OPCH,22.489999771118164,17.0,12.3,17.0,-11.752893645562839,False,False,False,7.54,2.476906941613575,2.6940646706161253,-15.100037880563399,-30.06840834009544,-18.984151348387602,-34.697297454116026,15.713146105728427,0,0,0,0,0,0,0
MCD,230.94000244140625,10.1,10.1,7.7,-20.729986586408707,False,False,False,7.46,11.407596220628207,-17.121653203235688,-23.798732053545002,-23.55713040915103,-22.050764062876137,-37.76391016860457,15.713146105728427,0,0,0,0,0,0,0
SARO,21.350000381469727,10.2,10.2,5.5,-24.892367571025062,False,False,False,7.34,10.880796165044135,-29.09332464732738,-18.666665213448663,-25.8423073895944,-21.76621595742748,-37.47936206315591,15.713146105728427,0,0,0,0,0,0,0
WLDN,73.87999725341797,13.4,9.7,13.4,-13.63947317454824,False,False,False,7.32,6.518177975158144,-3.1716981671655264,-6.481016134913964,-31.78209125431892,-23.590862149177262,-39.30400825490569,15.713146105728427,0,0,0,0,0,0,0
KEP,10.960000038146973,13.9,13.9,8.5,-19.919288014568618,False,False,False,6.89,4.428846316227227,-12.319999694824224,-24.569853822662125,-34.371260254853745,-16.01532660567877,-31.728472711407196,15.713146105728427,0,0,0,0,0,0,0
MMS,53.189998626708984,8.4,3.6,8.4,-20.1005816942872,False,False,False,6.89,11.755587808835983,-4.026981727431034,-14.00063034202531,-37.817102501107115,-40.6312121734415,-56.344358279169924,15.713146105728427,0,0,0,0,0,0,0
RCAT,6.460000038146973,4.6,4.6,1.8,-35.54683831811404,False,False,False,6.87,16.774219712014055,-38.122602511543434,-46.831273736875985,-17.07316983593007,-37.58454299467729,-53.29768910040572,15.713146105728427,0,0,0,0,0,0,0
LDOS,121.83000183105469,14.6,4.8,14.6,-12.899413182632237,False,False,False,6.67,2.782398953523236,12.298492499205672,-21.37848217187085,-32.93617352253182,-34.77939521716986,-50.49254132289829,15.713146105728427,0,0,0,0,0,0,0
WGO,26.3700008392334,13.0,13.0,9.8,-17.823240553729676,False,False,False,6.57,4.552867890379966,-14.334953508868464,-9.605390249708734,-33.12937485731532,-17.711530643887386,-33.42467674961581,15.713146105728427,0,0,0,0,0,0,0
UUUU,11.029999732971191,7.5,7.5,5.2,-25.866832044676897,False,False,False,6.53,11.77636234898407,-20.130344693520787,-38.55153613283222,-22.378608702596903,-28.14332600091379,-43.85647210664222,15.713146105728427,0,0,0,0,0,0,0
GIL,42.630001068115234,8.6,8.6,6.7,-22.662640492695015,False,False,False,6.46,10.072886659382139,-16.86030369292887,-23.177813625201573,-31.149614614135114,-25.26516683828065,-40.978312944009076,15.713146105728427,0,0,0,0,0,0,0
TLK,12.75,8.3,8.3,7.6,-20.775363557231945,False,False,False,6.41,10.30392006203975,-8.207345681389988,-26.52036925628479,-34.34330110185891,-26.598456065236032,-42.311602170964456,15.713146105728427,0,0,0,0,0,0,0
VMC,244.6300048828125,11.5,11.5,10.5,-17.075831134772223,False,False,False,6.19,5.307125481910722,-19.164705710328388,-12.336494243225982,-14.8307151191589,-19.882534890819457,-35.595680996547884,15.713146105728427,0,0,0,0,0,0,0
BWXT,137.0,8.5,8.5,4.4,-27.630999142473858,False,False,False,6.09,8.95568410654288,-28.18173673769757,-35.43551175142272,-21.088951710396852,-25.26705877515456,-40.98020488088299,15.713146105728427,0,0,0,0,0,0,0
QXO,11.6899995803833,4.4,4.4,1.7,-35.66092552931815,False,False,False,6.02,14.207401988825955,-27.88402072409124,-39.430051593288425,-44.4391679101298,-38.66736669499002,-54.38051280071845,15.713146105728427,0,0,0,0,0,0,0
AMRC,20.709999084472656,6.2,4.5,6.2,-24.17783919310104,False,False,False,6.0,11.723188056150505,-18.464569309032907,-16.051888851133643,-29.581777654123307,-38.32639084218241,-54.03953694791084,15.713146105728427,0,0,0,0,0,0,0
UEC,9.449999809265137,7.9,6.8,7.9,-20.60385016021191,False,False,False,5.84,8.928561413760992,-12.256272909877165,-29.635148216465744,-19.71113473464844,-29.160422030191015,-44.87356813591944,15.713146105728427,0,0,0,0,0,0,0
TIMB,17.850000381469727,12.4,12.4,8.9,-18.894084004010924,False,False,False,5.78,2.7450107910997943,-17.779819741050396,-32.701218233133,-7.267451250845969,-18.942111053974863,-34.65525715970329,15.713146105728427,0,0,0,0,0,0,0
KTOS,42.689998626708984,1.9,1.9,1.4,-35.95594004391982,False,False,False,5.77,16.697968212538857,-22.8726290811576,-36.94239209590183,-43.81416591130844,-53.27788405007361,-68.99103015580204,15.713146105728427,0,0,0,0,0,0,0
LHX,236.77999877929688,10.5,10.5,6.5,-23.007376893600608,False,False,False,5.73,5.092650589621034,-21.23862974342483,-32.503071756439205,-18.871456001335062,-21.185097223379124,-36.89824332910755,15.713146105728427,0,0,0,0,0,0,0
LMND,45.13999938964844,14.3,14.3,3.1,-30.531753630197848,False,False,False,5.71,-0.03090506715860475,-36.88478536299738,-26.084821327624596,-37.13092274228905,-15.673453355080834,-31.38659946080926,15.713146105728427,0,0,0,0,0,0,0
GILT,9.869999885559082,9.3,9.3,4.8,-26.405019484591534,False,False,False,5.7,6.615535322543106,-23.369566786781746,-36.608862690986,-24.483549227107872,-24.193551931300295,-39.90669803702872,15.713146105728427,0,0,0,0,0,0,0
RTO,19.75,11.2,11.2,3.0,-31.317935089643058,False,False,False,5.67,3.9820262590546562,-33.52687193776258,-36.954550624311835,-32.50552829296417,-20.075852655414117,-35.788998761142544,15.713146105728427,0,0,0,0,0,0,0
ADSK,209.0,11.7,4.9,11.7,-15.02129624493093,False,False,False,5.61,3.0834189488594106,0.7326028069023938,-12.136879686302848,-30.226349055920398,-34.208458096236185,-49.92160420196461,15.713146105728427,0,0,0,0,0,0,0
FSLR,175.16000366210938,11.0,11.0,7.1,-22.09387177812504,False,False,False,5.6,3.9900512176413026,-22.00204927222299,-12.165276667129078,-33.72682113049677,-20.57316254855337,-36.2863086542818,15.713146105728427,0,0,0,0,0,0,0
GXO,44.45000076293945,14.1,14.1,11.1,-15.58234024957749,False,False,False,5.58,-0.19949562429019935,-14.43695840203032,-16.884814615911413,-16.195324291695457,-15.957645536219934,-31.67079164194836,15.713146105728427,0,0,0,0,0,0,0
HSAI,15.949999809265137,7.2,3.4,7.2,-22.048061224185595,False,False,False,5.54,8.859655107220103,-7.21350021098448,-22.195122881633477,-30.379747204289774,-43.238435613035755,-58.95158171876418,15.713146105728427,0,0,0,0,0,0,0
TSLA,354.80999755859375,13.3,11.1,13.3,-13.743669616731731,False,False,False,5.49,0.5550269472873621,-9.820819278080318,-6.937525974279623,-21.9219674587506,-20.217216094467794,-35.93036220019622,15.713146105728427,0,0,0,0,0,0,0
IE,9.920000076293945,13.2,10.6,13.2,-13.9253173133832,False,False,False,5.41,0.43171314149256457,4.311249606145551,-18.755118384099244,-38.53779150291514,-20.956175892192707,-36.66932199792113,15.713146105728427,0,0,0,0,0,0,0
DAKT,17.389999389648438,14.1,13.4,14.1,-13.118280870127805,False,False,False,5.27,-1.2478464253270822,-12.656958699531184,-12.082918170021518,-11.320760589529256,-16.873808192025873,-32.5869542977543,15.713146105728427,0,0,0,0,0,0,0
FLNC,7.679999828338623,7.0,7.0,0.8,-48.17581760863086,False,False,False,5.0,7.32942631017339,-54.82353042153751,-41.0138282771017,-61.329307188764126,-28.88889173421344,-44.602037839941865,15.713146105728427,0,0,0,0,0,0,0
EVR,257.5,9.8,9.8,7.0,-22.113607088678766,False,False,False,4.96,3.4522413222370103,-24.618577287497722,-14.049637287912875,-24.450515874035606,-22.830727706449906,-38.54387381217833,15.713146105728427,0,0,0,0,0,0,0
UPB,5.269999980926514,0.5,0.5,0.5,-51.14821833769394,False,False,False,4.92,15.735037901727082,-29.826899862675983,-43.39420254136268,-80.71010234335795,-71.9829870783971,-87.69613318412553,15.713146105728427,0,0,0,0,0,0,0
BIDU,86.87000274658203,5.0,5.0,4.5,-27.495182267227626,False,False,False,4.76,9.193969375937582,-23.327448890801882,-22.368184484348053,-34.378305225564496,-34.07452384462183,-49.787669950350256,15.713146105728427,0,0,0,0,0,0,0
NKE,35.400001525878906,4.0,2.7,4.0,-29.00324758477688,False,False,False,4.73,10.41916194902141,-18.85795868338246,-19.122458571810675,-40.61900124541496,-47.55886073989384,-63.272006845622265,15.713146105728427,0,0,0,0,0,0,0
NCLH,14.65999984741211,3.9,3.9,3.5,-30.248933965657116,False,False,False,4.65,10.30833123251127,-25.884735396850488,-24.35500267156764,-34.641107231597864,-40.47908913141911,-56.192235237147536,15.713146105728427,0,0,0,0,0,0,0
CMCSA,21.760000228881836,10.7,9.9,10.7,-16.11753749198851,False,False,False,4.62,1.1389676828690083,-8.53299961548366,-21.367262458251478,-19.629564269715083,-22.524861501008665,-38.23800760673709,15.713146105728427,0,0,0,0,0,0,0
TYL,318.6000061035156,12.1,4.3,12.1,-14.741558958931549,False,False,False,4.55,-0.958252931335853,0.1571832726835254,-4.464896868537127,-30.456420075560864,-39.100844395926806,-54.813990501655226,15.713146105728427,0,0,0,0,0,0,0
ORCL,137.3000030517578,10.1,2.3,10.1,-17.737000963611113,False,False,False,4.51,1.5510973276820395,-1.776819110422434,-4.800066865676699,-29.707247539095547,-50.62405219243844,-66.33719829816687,15.713146105728427,0,0,0,0,0,0,0
PAX,10.149999618530273,9.5,8.1,9.5,-18.495883273323848,False,False,False,4.43,2.090433736988906,-7.2473147329112475,-17.362150366848972,-33.677434809057516,-26.945201724890254,-42.65834783061868,15.713146105728427,0,0,0,0,0,0,0
THO,69.0999984741211,9.0,5.5,9.0,-18.72682152285759,False,False,False,4.13,1.7630517952916065,-9.673204608992037,-10.039452394408722,-32.47050334222386,-31.777742659671304,-47.49088876539973,15.713146105728427,0,0,0,0,0,0,0
TMUS,163.0800018310547,10.6,5.9,10.6,-16.71918802595966,False,False,False,4.09,-0.5005552282956274,-7.604093336057128,-19.260135136921676,-18.6927759994979,-30.434842321264476,-46.1479884269929,15.713146105728427,0,0,0,0,0,0,0
OI,5.650000095367432,1.2,1.2,0.6,-49.94304795892097,False,False,False,4.09,12.026359702120601,-42.28804783061497,-46.7483479906459,-61.952862288019396,-56.437933854709584,-72.15107996043801,15.713146105728427,0,0,0,0,0,0,0
SYK,275.3900146484375,9.4,8.9,9.4,-18.55032900104617,False,False,False,4.03,0.8912221549133729,-15.397168236441438,-15.907825677579979,-21.3709918090245,-24.678491045743478,-40.391637151471905,15.713146105728427,0,0,0,0,0,0,0
CRH,82.80000305175781,6.1,6.1,4.9,-26.08663356004589,False,False,False,3.95,5.032253700634968,-22.689622408918254,-21.43674375416379,-33.448777982879164,-30.168401245349983,-45.88154735107841,15.713146105728427,0,0,0,0,0,0,0
IBM,219.92999267578125,11.4,11.4,8.3,-20.18844186256068,False,False,False,3.87,-2.2937599916800737,-23.491412051759873,-8.226558086195013,-25.704290402368002,-20.028536720720645,-35.74168282644907,15.713146105728427,0,0,0,0,0,0,0
LAZ,36.22999954223633,10.2,7.4,10.2,-17.609191220893027,False,False,False,3.82,-0.876011226290823,-11.74158915519653,-11.727857370832373,-24.38430683350168,-28.450613589738026,-44.16375969546645,15.713146105728427,0,0,0,0,0,0,0
UPWK,8.15999984741211,2.5,1.3,2.5,-32.6331228707716,False,False,False,3.79,9.306858745007016,-10.917030749542212,-27.012525718497184,-58.260868716847014,-56.05815841942936,-71.77130452515779,15.713146105728427,0,0,0,0,0,0,0
RKT,11.510000228881836,3.7,3.7,2.8,-31.49865136495884,False,False,False,3.77,7.640879322811335,-27.01331709083503,-20.235620336380688,-42.62213093064449,-40.60887137609895,-56.32201748182738,15.713146105728427,0,0,0,0,0,0,0
DKNG,19.0,2.7,2.6,2.7,-32.40448765350777,False,False,False,3.77,8.952305729260784,-26.612590004166847,-14.259927207450506,-45.33946801651646,-49.19786303523821,-64.91100914096664,15.713146105728427,0,0,0,0,0,0,0
JKS,9.510000228881836,0.9,0.9,0.4,-51.47045100069774,False,False,False,3.72,11.20404720080838,-39.962120345509454,-59.47291318559118,-60.843317243109766,-57.11178388376883,-72.82492998949725,15.713146105728427,0,0,0,0,0,0,0
PATK,67.77999877929688,5.3,5.3,3.6,-30.103674793220357,False,False,False,3.18,3.525199285211478,-19.83523924877717,-39.35880078128599,-38.25359779482596,-33.23549689243548,-48.948642998163905,15.713146105728427,0,0,0,0,0,0,0
RUN,7.769999980926514,1.5,1.5,0.9,-47.493821495920486,False,False,False,3.13,8.41682916748488,-39.010988064997775,-45.08833787704678,-59.29806223771459,-55.06073123484546,-70.77387734057389,15.713146105728427,0,0,0,0,0,0,0
BSX,43.650001525878906,3.9,1.4,3.9,-29.20496209974894,False,False,False,3.09,5.10923215711259,-3.3008371376079815,-29.596771732453377,-54.535985257095334,-55.29037923398001,-71.00352533970845,15.713146105728427,0,0,0,0,0,0,0
LEU,139.49000549316406,3.7,1.7,3.7,-30.063459940285995,False,False,False,3.09,5.357038481134228,-13.964102083394502,-23.842540563335557,-43.53317160569308,-55.01338336561232,-70.72652947134075,15.713146105728427,0,0,0,0,0,0,0
PRIM,74.5199966430664,3.1,3.1,2.3,-33.34504347015054,False,False,False,2.96,5.729872921901325,-15.419109240403984,-50.44682397010662,-39.87426237748765,-45.56591252235047,-61.2790586280789,15.713146105728427,0,0,0,0,0,0,0
INTU,275.7099914550781,3.4,0.8,3.4,-30.25047311308729,False,False,False,2.73,4.566146851369393,0.5742814273999919,-34.771857288400476,-58.455437587864935,-59.17363354397099,-74.88677964969942,15.713146105728427,0,0,0,0,0,0,0
SITE,90.30999755859375,6.3,6.3,5.4,-25.512300205519416,False,False,False,2.64,0.3888409500803326,-19.64587770349996,-29.676063816957267,-28.710137874144014,-29.883543929495872,-45.5966900352243,15.713146105728427,0,0,0,0,0,0,0
PFSI,61.720001220703125,2.5,2.5,1.3,-36.672364798793744,False,False,False,2.6,5.3200141081614944,-25.771882541450363,-29.103887306070686,-53.1889226367962,-49.525248968201105,-65.23839507392954,15.713146105728427,0,0,0,0,0,0,0
NFLX,69.58000183105469,6.3,3.5,6.3,-23.146913558517497,False,False,False,2.51,-0.030607887853482674,-10.392787554723594,-27.179487588959695,-25.80507279083548,-41.96443230334512,-57.67757840907355,15.713146105728427,0,0,0,0,0,0,0
BILI,15.020000457763672,4.1,3.0,4.1,-28.893402617061533,False,False,False,2.46,2.7272722357700037,-12.368722330090176,-34.38182237542489,-38.818733504929966,-46.52901254477244,-62.24215865050087,15.713146105728427,0,0,0,0,0,0,0
MIR,14.119999885559082,4.3,4.0,4.3,-28.312273409219003,False,False,False,2.29,1.8954327951106742,-18.757188910380396,-24.33011789377192,-40.42194332905239,-39.2949280025099,-55.008074108238326,15.713146105728427,0,0,0,0,0,0,0
CPNG,13.869999885559082,1.9,1.0,1.9,-35.33505471786598,False,False,False,2.11,4.50966006172694,-25.26939501797645,-26.691332824370996,-42.51968351449194,-56.92546721451405,-72.63861332024247,15.713146105728427,0,0,0,0,0,0,0
OCS,9.34000015258789,2.8,2.8,1.0,-46.63172001414186,False,False,False,1.76,2.1175854321465537,-33.85268960136346,-65.4458012751645,-53.1359758676857,-46.87144372513218,-62.5845898308606,15.713146105728427,0,0,0,0,0,0,0
ALHC,8.15999984741211,2.1,2.1,0.1,-59.30809395511762,False,False,False,1.55,2.365312122127784,-65.71428525633884,-54.28571611750165,-57.58835787689889,-53.237825268509866,-68.95097137423829,15.713146105728427,0,0,0,0,0,0,0
FUBO,8.960000038146973,1.5,0.3,1.5,-35.83655423821044,False,False,False,1.19,1.953240422434479,-12.156860728485642,-2.6086932184114286,-70.25232473939394,-82.00803177627552,-97.72117788200394,15.713146105728427,0,0,0,0,0,0,0
EOSE,3.065000057220459,0.4,0.4,0.3,-53.490952241948065,False,False,False,0.89,2.4466365735797737,-41.39579261868847,-38.57715034456503,-72.99559511712044,-73.09043051067793,-88.80357661640636,15.713146105728427,0,0,0,0,0,0,0
AVAV,142.22000122070312,2.2,1.8,2.2,-34.007353285235894,False,False,False,0.85,-0.08914104540914325,-25.49635828202773,-22.495912141306196,-41.71311425381019,-54.835023467007595,-70.54816957273601,15.713146105728427,0,0,0,0,0,0,0
APP,290.42999267578125,1.2,0.6,1.2,-46.52456139304653,False,False,False,-0.12,-2.01443501126665,-44.89621788390535,-25.11602840910835,-58.133804691201505,-59.580538097112104,-75.29368420284052,15.713146105728427,0,0,0,0,0,0,0
