date,ticker,industry,rank,close,sco,trend,위치,raw_mult,floor_mult,base_w,internal_w,alloc_pct,alloc_amount,atr_excluded,vol63,atr_stage_val,k_mult,kospi_trend,last_trend
2022-01-03,091160,반도체,1,38778.0,15.0,LIME,1,0.6,0.6,0.45,0.43734,0.262404,26240409,False,26.1505,0,0.2,-,
2022-01-03,229200,코스닥,2,14817.0,14.0,LIME,2,0.5,0.5,0.3,0.306905,0.153453,15345268,False,22.4332,0,0.2,-,
2022-01-03,195930,유로스,3,14626.0,12.25,LIME,1,0.4,0.4,0.25,0.255754,0.102302,10230179,False,16.5758,0,0.2,-,
2022-01-04,091160,반도체,1,38481.0,15.0,LIME,1,0.6,0.6,0.45,0.443005,0.265803,26580310,False,25.9252,0,0.2,-,-
2022-01-04,195930,유로스,2,14826.0,12.5,LIME,1,0.4,0.4,0.3,0.310881,0.124352,12435233,False,16.7601,0,0.2,-,-
2022-01-04,229200,코스닥,3,14575.0,11.5,LIME,4,0.25,0.25,0.25,0.246114,0.061528,6152849,False,22.237,1,0.2,-,-
2022-01-05,091160,반도체,1,37396.0,13.25,-,3,0.0,0.0,0.45,0.397838,0.0,0,False,26.0856,1,0.0,RED,-
2022-01-05,195930,유로스,2,14771.0,12.5,LIME,1,0.0,0.0,0.3,0.328452,0.0,0,False,16.6872,0,0.0,RED,-
2022-01-05,091170,은행주,3,6085.0,12.5,LIME,1,0.0,0.0,0.25,0.27371,0.0,0,False,18.1172,0,0.0,RED,-
2022-01-06,195930,유로스,1,14631.0,12.0,LIME,2,0.0,0.0,0.45,0.45,0.0,0,False,16.8111,0,0.0,RED,RED
2022-01-06,091170,은행주,2,6067.0,12.0,LIME,2,0.0,0.0,0.3,0.3,0.0,0,False,17.9093,0,0.0,RED,RED
2022-01-06,325020,케모멘,3,11530.0,11.5,LIME,2,0.0,0.0,0.25,0.25,0.0,0,False,14.6426,0,0.0,RED,RED
2022-01-07,091170,은행주,1,6072.0,12.5,LIME,2,0.0,0.0,0.45,0.45,0.0,0,False,17.5318,0,0.0,RED,RED
2022-01-07,325020,케모멘,2,11662.0,12.25,LIME,1,0.0,0.0,0.3,0.3,0.0,0,False,14.7303,0,0.0,RED,RED
2022-01-07,195930,유로스,3,14721.0,12.0,LIME,1,0.0,0.0,0.25,0.25,0.0,0,False,16.7712,0,0.0,RED,RED
2022-01-10,091170,은행주,1,6223.0,12.5,LIME,1,0.0,0.0,0.45,0.45,0.0,0,False,18.0978,0,0.0,RED,RED
2022-01-10,325020,케모멘,2,11667.0,12.25,LIME,1,0.0,0.0,0.3,0.3,0.0,0,False,14.5722,0,0.0,RED,RED
2022-01-10,195930,유로스,3,14676.0,11.5,LIME,2,0.0,0.0,0.25,0.25,0.0,0,False,16.5518,0,0.0,RED,RED
2022-01-11,091170,은행주,1,6341.0,12.75,LIME,1,0.0,0.0,0.55,0.537275,0.0,0,False,18.4415,0,0.0,RED,RED
2022-01-11,325020,케모멘,2,11690.0,12.25,LIME,1,0.0,0.0,0.45,0.462725,0.0,0,False,14.5346,0,0.0,RED,RED
2022-01-12,091170,은행주,1,6398.0,14.5,LIME,1,0.0,0.0,0.45,0.43734,0.0,0,False,18.5034,0,0.0,RED,RED
2022-01-12,325020,케모멘,2,11836.0,14.0,LIME,1,0.0,0.0,0.3,0.306905,0.0,0,False,14.671,0,0.0,RED,RED
2022-01-12,147970,티모멘,3,23068.0,11.0,LIME,1,0.0,0.0,0.25,0.255754,0.0,0,False,16.0584,0,0.0,RED,RED
2022-01-13,091170,은행주,1,6407.0,15.75,LIME,1,0.0,0.0,0.45,0.43734,0.0,0,False,18.2812,0,0.0,RED,RED
2022-01-13,325020,케모멘,2,11836.0,14.0,LIME,1,0.0,0.0,0.3,0.306905,0.0,0,False,14.5548,0,0.0,RED,RED
2022-01-13,147970,티모멘,3,23176.0,11.5,LIME,1,0.0,0.0,0.25,0.255754,0.0,0,False,15.9501,0,0.0,RED,RED
2022-01-14,091170,은행주,1,6362.0,16.0,LIME,1,0.0,0.0,0.45,0.43734,0.0,0,False,18.3009,0,0.0,RED,RED
2022-01-14,325020,케모멘,2,11709.0,13.25,LIME,2,0.0,0.0,0.3,0.306905,0.0,0,False,14.7297,0,0.0,RED,RED
2022-01-14,147970,티모멘,3,22933.0,11.25,LIME,2,0.0,0.0,0.25,0.255754,0.0,0,False,16.0821,0,0.0,RED,RED
2022-01-17,091170,은행주,1,6248.0,15.0,LIME,2,0.0,0.0,0.55,0.537275,0.0,0,False,18.6798,1,0.0,RED,RED
2022-01-17,325020,케모멘,2,11586.0,11.5,-,3,0.0,0.0,0.45,0.462725,0.0,0,False,14.8862,1,0.0,RED,RED
2022-01-18,091170,은행주,1,6256.0,13.25,LIME,2,0.0,0.0,1.0,1.0,0.0,0,False,18.5345,1,0.0,RED,RED
2022-01-19,091170,은행주,1,6304.0,11.5,LIME,2,0.0,0.0,1.0,1.0,0.0,0,False,18.5172,0,0.0,RED,RED
2022-02-09,091170,은행주,1,6483.0,11.5,LIME,1,0.2,0.2,1.0,1.0,0.2,20000000,False,20.552,0,0.2,-,RED
2022-02-10,091170,은행주,1,6495.0,12.0,LIME,1,0.4,0.4,1.0,1.0,0.4,40000000,False,20.545,0,0.3,-,-
2022-02-11,091170,은행주,1,6569.0,14.0,LIME,1,0.55,0.55,1.0,1.0,0.55,55000000,False,20.638,0,0.2,-,-
2022-02-14,091170,은행주,1,6483.0,15.0,LIME,1,0.6,0.6,1.0,1.0,0.6,60000000,False,20.819,0,0.2,-,-
2022-02-15,091170,은행주,1,6457.0,14.5,LIME,2,0.5,0.5,1.0,1.0,0.5,50000000,False,20.6004,0,0.2,-,-
2022-02-16,091170,은행주,1,6537.0,14.75,LIME,1,0.55,0.55,1.0,1.0,0.55,55000000,False,20.7207,0,0.2,-,-
2022-02-17,091170,은행주,1,6662.0,14.75,LIME,1,0.55,0.55,1.0,1.0,0.55,55000000,False,20.992,0,0.3,-,-
2022-02-18,091170,은행주,1,6621.0,14.75,LIME,1,0.55,0.55,1.0,1.0,0.55,55000000,False,20.7692,0,0.2,-,-
2022-02-21,091170,은행주,1,6577.0,15.75,LIME,1,0.6,0.6,1.0,1.0,0.6,60000000,False,20.8145,0,0.3,-,-
2022-02-22,091170,은행주,1,6502.0,14.25,LIME,3,0.5,0.5,1.0,1.0,0.5,50000000,False,20.9671,0,0.2,-,-
2022-02-23,091170,은행주,1,6483.0,12.0,LIME,3,0.0,0.0,1.0,1.0,0.0,0,False,20.9809,0,0.0,RED,-
2022-03-07,117680,철강주,1,8206.0,11.5,GREEN,1,0.0,0.0,0.55,0.55,0.0,0,False,25.4052,0,0.0,RED,-
2022-03-07,139230,조선주,2,3153.0,11.0,GREEN,1,0.0,0.0,0.45,0.45,0.0,0,False,29.8974,0,0.0,RED,-
2022-03-21,147970,티모멘,1,22657.0,11.0,GREEN,1,0.35,0.35,1.0,1.0,0.35,35000000,False,17.8322,0,0.2,-,-
2022-03-22,147970,티모멘,1,22995.0,11.0,GREEN,1,0.35,0.35,1.0,1.0,0.35,35000000,False,18.0231,0,0.2,-,-
2022-03-23,147970,티모멘,1,23169.0,11.25,GREEN,1,0.35,0.35,1.0,1.0,0.35,35000000,False,18.0748,0,0.3,-,-
2022-03-24,147970,티모멘,1,23313.0,11.5,GREEN,1,0.6,0.35,1.0,1.0,0.6,60000000,False,17.9422,0,0.6,GREEN,-
2022-03-25,147970,티모멘,1,23327.0,11.75,GREEN,1,0.5,0.35,0.45,0.45,0.225,22500000,False,17.8077,0,0.5,GREEN,GREEN
2022-03-25,117700,건설주,2,3348.0,12.0,GREEN,1,0.5,0.4,0.3,0.3,0.15,15000000,False,28.7419,0,0.5,GREEN,GREEN
2022-03-25,117680,철강주,3,8318.0,11.0,GREEN,1,0.5,0.35,0.25,0.25,0.125,12500000,False,27.506,0,0.5,GREEN,GREEN
2022-03-28,117680,철강주,1,8336.0,11.75,GREEN,2,0.5,0.3,0.45,0.45,0.225,22500000,False,27.4999,0,0.5,GREEN,GREEN
2022-03-28,147970,티모멘,2,23432.0,12.0,LIME,1,0.5,0.4,0.3,0.3,0.15,15000000,False,17.7986,0,0.5,GREEN,GREEN
2022-03-28,117700,건설주,3,3377.0,12.0,GREEN,1,0.5,0.4,0.25,0.25,0.125,12500000,False,28.7866,0,0.5,GREEN,GREEN
2022-03-29,117680,철강주,1,8327.0,11.5,GREEN,2,0.6,0.3,0.35,0.340153,0.204092,20409207,False,27.4921,0,0.6,GREEN,GREEN
2022-03-29,147970,티모멘,2,23241.0,11.25,LIME,2,0.6,0.3,0.3,0.306905,0.184143,18414322,False,17.8922,0,0.6,GREEN,GREEN
2022-03-29,091170,은행주,3,6515.0,11.0,LIME,1,0.6,0.35,0.25,0.255754,0.153453,15345268,False,21.9463,0,0.6,GREEN,GREEN
2022-03-29,117700,건설주,4,3328.0,11.25,GREEN,2,0.6,0.3,0.1,0.097187,0.058312,5831202,False,28.8846,0,0.6,GREEN,GREEN
2022-03-30,091170,은행주,1,6495.0,11.0,LIME,2,0.6,0.3,0.55,0.537275,0.322365,32236503,False,21.9622,0,0.6,GREEN,GREEN
2022-03-30,147970,티모멘,2,23231.0,11.0,LIME,2,0.6,0.3,0.45,0.462725,0.277635,27763496,False,17.8838,0,0.6,GREEN,GREEN
2022-03-31,091170,은행주,1,6552.0,12.5,LIME,1,0.6,0.4,0.45,0.43734,0.262404,26240409,False,22.0138,0,0.6,GREEN,GREEN
2022-03-31,147970,티모멘,2,23444.0,11.5,LIME,1,0.6,0.35,0.3,0.306905,0.184143,18414322,False,17.9377,0,0.6,GREEN,GREEN
2022-03-31,325020,케모멘,3,11400.0,12.0,GREEN,1,0.6,0.4,0.25,0.255754,0.153453,15345268,False,17.0737,0,0.6,GREEN,GREEN
2022-04-01,091170,은행주,1,6533.0,13.0,LIME,1,0.5,0.5,0.45,0.48169,0.240845,24084507,False,21.8788,0,0.5,GREEN,GREEN
2022-04-01,325020,케모멘,2,11366.0,12.5,GREEN,1,0.5,0.4,0.3,0.23662,0.11831,11830985,False,17.0619,3,0.5,GREEN,GREEN
2022-04-01,147970,티모멘,3,23432.0,12.0,LIME,1,0.5,0.4,0.25,0.28169,0.140845,14084507,False,17.9023,0,0.5,GREEN,GREEN
2022-04-04,091170,은행주,1,6545.0,13.5,LIME,1,0.6,0.5,0.45,0.43734,0.262404,26240409,False,21.8772,0,0.6,GREEN,GREEN
2022-04-04,147970,티모멘,2,23467.0,13.25,LIME,1,0.6,0.5,0.3,0.306905,0.184143,18414322,False,17.8489,0,0.6,GREEN,GREEN
2022-04-04,325020,케모멘,3,11408.0,12.5,GREEN,1,0.6,0.4,0.25,0.255754,0.153453,15345268,False,17.0222,0,0.6,GREEN,GREEN
2022-04-05,147970,티모멘,1,23376.0,13.25,LIME,2,0.5,0.45,0.45,0.510493,0.255247,25524673,False,17.7611,0,0.5,GREEN,GREEN
2022-04-05,091170,은행주,2,6403.0,13.0,LIME,3,0.5,0.45,0.3,0.290981,0.145491,14549064,False,22.2049,1,0.5,GREEN,GREEN
2022-04-05,325020,케모멘,3,11342.0,12.5,GREEN,2,0.5,0.35,0.25,0.198525,0.099263,9926262,False,17.049,3,0.5,GREEN,GREEN
2022-04-06,147970,티모멘,1,23361.0,12.25,LIME,3,0.35,0.35,1.0,1.0,0.35,35000000,False,17.7152,0,0.2,-,GREEN
2022-04-07,228790,화장품,1,2833.0,11.25,GREEN,2,0.3,0.3,0.55,0.524501,0.15735,15735041,False,33.9532,1,0.2,-,-
2022-04-07,117680,철강주,2,8345.0,11.0,-,1,0.35,0.35,0.45,0.475499,0.166425,16642451,False,27.5929,0,0.2,-,-
2022-04-08,117680,철강주,1,8376.0,11.0,-,1,0.35,0.35,1.0,1.0,0.35,35000000,False,27.216,0,0.2,-,-
2022-04-11,117680,철강주,1,8420.0,11.5,GREEN,1,0.35,0.35,1.0,1.0,0.35,35000000,False,27.0782,0,0.2,-,-
2022-04-12,117680,철강주,1,8429.0,12.0,GREEN,1,0.4,0.4,1.0,1.0,0.4,40000000,False,26.8107,0,0.2,-,-
2022-04-13,117680,철강주,1,8547.0,13.5,GREEN,1,0.5,0.5,1.0,1.0,0.5,50000000,False,26.9419,0,0.2,-,-
2022-04-14,117680,철강주,1,8604.0,14.0,GREEN,1,0.0,0.0,1.0,1.0,0.0,0,False,26.9382,0,0.0,RED,-
2022-04-15,117680,철강주,1,8609.0,14.5,GREEN,1,0.0,0.0,0.55,0.537275,0.0,0,False,26.8875,0,0.0,RED,RED
2022-04-15,147970,티모멘,2,23535.0,11.0,-,1,0.0,0.0,0.45,0.462725,0.0,0,False,17.8553,0,0.0,RED,RED
2022-04-18,117680,철강주,1,8632.0,15.0,GREEN,1,0.0,0.0,0.45,0.461538,0.0,0,False,26.675,0,0.0,RED,RED
2022-04-18,147970,티모멘,2,23477.0,14.75,-,1,0.0,0.0,0.3,0.307692,0.0,0,False,17.7667,0,0.0,RED,RED
2022-04-18,139230,조선주,3,3229.0,12.0,GREEN,1,0.0,0.0,0.25,0.230769,0.0,0,False,33.61,0,0.0,RED,RED
2022-04-19,117680,철강주,1,8852.0,15.25,GREEN,1,0.0,0.0,0.45,0.461538,0.0,0,False,26.926,0,0.0,RED,RED
2022-04-19,147970,티모멘,2,23741.0,15.5,LIME,1,0.0,0.0,0.3,0.307692,0.0,0,False,17.88,0,0.0,RED,RED
2022-04-19,139230,조선주,3,3284.0,12.5,GREEN,1,0.0,0.0,0.25,0.230769,0.0,0,False,33.7565,0,0.0,RED,RED
2022-04-20,117680,철강주,1,9030.0,15.5,GREEN,1,0.0,0.0,0.45,0.461538,0.0,0,False,26.8783,0,0.0,RED,RED
2022-04-20,147970,티모멘,2,23751.0,16.0,LIME,1,0.0,0.0,0.3,0.307692,0.0,0,False,17.7415,0,0.0,RED,RED
2022-04-20,139230,조선주,3,3259.0,12.5,GREEN,1,0.0,0.0,0.25,0.230769,0.0,0,False,33.612,0,0.0,RED,RED
2022-04-21,117680,철강주,1,9076.0,15.75,GREEN,1,0.0,0.0,0.35,0.356234,0.0,0,False,26.3406,0,0.0,RED,RED
2022-04-21,147970,티모멘,2,23718.0,16.0,LIME,1,0.0,0.0,0.3,0.305344,0.0,0,False,17.5087,0,0.0,RED,RED
2022-04-21,228790,화장품,3,2952.0,12.0,GREEN,1,0.0,0.0,0.25,0.24173,0.0,0,False,32.6223,0,0.0,RED,RED
2022-04-21,139230,조선주,4,3259.0,12.25,GREEN,1,0.0,0.0,0.1,0.096692,0.0,0,False,33.2726,0,0.0,RED,RED
2022-04-22,117680,철강주,1,9026.0,16.0,GREEN,1,0.0,0.0,0.45,0.461538,0.0,0,False,26.089,0,0.0,RED,RED
2022-04-22,147970,티모멘,2,23854.0,16.0,LIME,1,0.0,0.0,0.3,0.307692,0.0,0,False,17.5181,0,0.0,RED,RED
2022-04-22,228790,화장품,3,2927.0,11.25,GREEN,2,0.0,0.0,0.25,0.230769,0.0,0,False,32.6305,0,0.0,RED,RED
2022-04-25,117680,철강주,1,8793.0,15.0,GREEN,2,0.0,0.0,0.55,0.537275,0.0,0,False,26.6876,1,0.0,RED,RED
2022-04-25,147970,티모멘,2,23489.0,14.5,-,3,0.0,0.0,0.45,0.462725,0.0,0,False,17.8074,1,0.0,RED,RED
2022-04-26,117680,철강주,1,8595.0,12.75,-,3,0.0,0.0,0.55,0.461078,0.0,0,False,27.1245,3,0.0,RED,RED
2022-04-26,147970,티모멘,2,23381.0,12.0,-,4,0.0,0.0,0.45,0.538922,0.0,0,False,17.797,1,0.0,RED,RED
2022-05-30,377990,신재생,1,9465.0,12.25,GREEN,1,0.4,0.4,1.0,1.0,0.4,40000000,False,24.3551,0,0.4,-,-
2022-05-31,377990,신재생,1,9790.0,13.25,GREEN,1,0.7,0.5,0.45,0.45,0.315,31499999,False,24.7745,0,0.7,GREEN,-
2022-05-31,117460,에너지,2,16984.0,11.0,GREEN,1,0.7,0.35,0.3,0.3,0.21,21000000,False,23.6025,0,0.7,GREEN,-
2022-05-31,091170,은행주,3,6458.0,11.25,LIME,1,0.7,0.35,0.25,0.25,0.175,17500000,False,21.0938,0,0.7,GREEN,-
2022-06-02,377990,신재생,1,9760.0,14.0,GREEN,1,0.6,0.55,0.55,0.55,0.33,33000000,False,23.558,0,0.6,GREEN,GREEN
2022-06-02,117460,에너지,2,16814.0,11.5,GREEN,1,0.6,0.35,0.45,0.45,0.27,27000000,False,23.5163,0,0.6,GREEN,GREEN
2022-06-03,377990,신재생,1,9943.0,14.75,GREEN,1,0.6,0.55,0.55,0.55,0.33,33000000,False,23.804,0,0.6,GREEN,GREEN
2022-06-03,117460,에너지,2,17116.0,12.0,GREEN,1,0.6,0.4,0.45,0.45,0.27,27000000,False,23.7253,0,0.6,GREEN,GREEN
2022-06-07,377990,신재생,1,9879.0,15.5,GREEN,1,0.0,0.0,0.55,0.55,0.0,0,False,23.8381,0,0.0,RED,GREEN
2022-06-07,117460,에너지,2,16964.0,12.0,GREEN,1,0.0,0.0,0.45,0.45,0.0,0,False,23.5601,0,0.0,RED,GREEN
2022-06-08,377990,신재생,1,9805.0,15.0,GREEN,2,0.0,0.0,0.55,0.55,0.0,0,False,23.7766,0,0.0,RED,RED
2022-06-08,117460,에너지,2,17121.0,12.0,GREEN,1,0.0,0.0,0.45,0.45,0.0,0,False,23.0018,0,0.0,RED,RED
2022-06-09,377990,신재생,1,9702.0,13.25,GREEN,2,0.2,0.2,0.55,0.55,0.11,11000000,False,23.4151,0,0.2,-,RED
2022-06-09,117460,에너지,2,17286.0,12.0,GREEN,1,0.2,0.2,0.45,0.45,0.09,9000000,False,22.5034,0,0.2,-,RED
2022-06-10,117460,에너지,1,17241.0,12.0,GREEN,1,0.0,0.0,0.55,0.55,0.0,0,False,22.4358,0,0.0,RED,-
2022-06-10,377990,신재생,2,9667.0,11.5,GREEN,2,0.0,0.0,0.45,0.45,0.0,0,False,23.3795,0,0.0,RED,-
2022-06-22,411060,금현물,1,11010.0,11.0,GREEN,2,0.0,0.0,1.0,1.0,0.0,0,False,13.1467,3,0.0,RED,RED
2022-06-23,411060,금현물,1,11075.0,11.0,GREEN,1,0.0,0.0,1.0,1.0,0.0,0,False,13.0053,0,0.0,RED,RED
2022-06-24,411060,금현물,1,11040.0,11.0,GREEN,1,0.0,0.0,1.0,1.0,0.0,0,False,12.8972,3,0.0,RED,RED
2022-06-28,371160,항셈테,1,7152.0,12.5,GREEN,1,0.0,0.0,1.0,1.0,0.0,0,False,43.7487,0,0.0,RED,RED
2022-06-29,371160,항셈테,1,6984.0,12.5,GREEN,1,0.0,0.0,1.0,1.0,0.0,0,False,43.8946,0,0.0,RED,RED
2022-06-30,371160,항셈테,1,6849.0,11.75,-,2,0.0,0.0,1.0,1.0,0.0,0,False,44.0804,0,0.0,RED,RED
2022-07-20,244580,바이오,1,9762.0,11.0,GREEN,1,0.6,0.35,1.0,1.0,0.6,60000000,False,34.3309,0,0.6,GREEN,GREEN
2022-07-26,091180,자동차,1,17225.0,11.25,GREEN,1,0.6,0.35,1.0,1.0,0.6,60000000,False,25.2555,0,0.6,GREEN,GREEN
2022-07-27,091180,자동차,1,17240.0,11.75,GREEN,1,0.6,0.35,1.0,1.0,0.6,60000000,False,24.84,0,0.6,GREEN,GREEN
2022-07-28,091180,자동차,1,17208.0,13.0,GREEN,1,0.6,0.5,1.0,1.0,0.6,60000000,False,24.8362,0,0.6,GREEN,GREEN
2022-07-29,091180,자동차,1,17359.0,13.0,GREEN,1,0.6,0.5,1.0,1.0,0.6,60000000,False,24.8103,0,0.6,GREEN,GREEN
2022-08-01,091180,자동차,1,17295.0,13.0,GREEN,1,0.6,0.5,1.0,1.0,0.6,60000000,False,24.7837,0,0.6,GREEN,GREEN
2022-08-02,091180,자동차,1,17300.0,13.25,GREEN,1,0.5,0.5,0.45,0.471204,0.235602,23560209,False,24.7748,0,0.5,GREEN,GREEN
2022-08-02,377990,신재생,2,9303.0,11.5,GREEN,1,0.5,0.35,0.3,0.267016,0.133508,13350785,False,38.6185,0,0.5,GREEN,GREEN
2022-08-02,241180,니케이,3,15709.0,11.25,GREEN,1,0.5,0.35,0.25,0.26178,0.13089,13089005,False,16.3897,0,0.5,GREEN,GREEN
2022-08-03,091180,자동차,1,17547.0,13.75,GREEN,1,0.6,0.5,0.55,0.56266,0.337596,33759590,False,24.8694,0,0.6,GREEN,GREEN
2022-08-03,377990,신재생,2,9288.0,12.75,GREEN,1,0.6,0.4,0.45,0.43734,0.262404,26240409,False,38.621,0,0.6,GREEN,GREEN
2022-08-04,091180,자동차,1,17584.0,14.25,GREEN,1,0.6,0.55,0.45,0.456853,0.274112,27411167,False,24.8714,0,0.6,GREEN,GREEN
2022-08-04,377990,신재생,2,9165.0,12.5,GREEN,2,0.6,0.35,0.3,0.28934,0.173604,17360406,False,38.7159,0,0.6,GREEN,GREEN
2022-08-04,305720,이차전,3,19349.0,11.5,GREEN,1,0.6,0.35,0.25,0.253807,0.152284,15228426,False,33.5947,0,0.6,GREEN,GREEN
2022-08-05,091180,자동차,1,17423.0,14.0,GREEN,2,0.7,0.5,0.45,0.456853,0.319797,31979695,False,24.881,0,0.7,GREEN,GREEN
2022-08-05,377990,신재생,2,9422.0,12.5,GREEN,1,0.7,0.4,0.3,0.28934,0.202538,20253807,False,39.0577,0,0.7,GREEN,GREEN
2022-08-05,305720,이차전,3,19581.0,12.25,GREEN,1,0.7,0.4,0.25,0.253807,0.177665,17766497,False,33.6241,0,0.7,GREEN,GREEN
2022-08-08,091180,자동차,1,17528.0,14.5,GREEN,1,0.7,0.55,0.45,0.456853,0.319797,31979695,False,24.5669,0,0.7,GREEN,GREEN
2022-08-08,377990,신재생,2,9702.0,12.5,GREEN,1,0.7,0.4,0.3,0.28934,0.202538,20253807,False,39.1698,0,0.7,GREEN,GREEN
2022-08-08,305720,이차전,3,19745.0,13.0,GREEN,1,0.7,0.5,0.25,0.253807,0.177665,17766497,False,33.2174,0,0.7,GREEN,GREEN
2022-08-09,091180,자동차,1,17575.0,14.5,GREEN,1,0.7,0.55,0.45,0.455696,0.318987,31898734,False,24.565,0,0.7,GREEN,GREEN
2022-08-09,305720,이차전,2,20141.0,13.0,GREEN,1,0.7,0.5,0.3,0.303797,0.212658,21265822,False,33.4209,0,0.7,GREEN,GREEN
2022-08-09,377990,신재생,3,9653.0,12.5,GREEN,1,0.7,0.4,0.25,0.240506,0.168354,16835443,False,39.1696,0,0.7,GREEN,GREEN
2022-08-10,377990,신재생,1,9790.0,13.0,GREEN,1,0.5,0.5,0.35,0.338422,0.169211,16921119,False,39.2434,0,0.4,GREEN,GREEN
2022-08-10,305720,이차전,2,20101.0,13.0,GREEN,1,0.5,0.5,0.3,0.305344,0.152672,15267175,False,33.3961,0,0.4,GREEN,GREEN
2022-08-10,139230,조선주,3,3177.0,13.0,GREEN,1,0.5,0.5,0.25,0.254453,0.127226,12722646,False,33.1476,0,0.4,GREEN,GREEN
2022-08-10,091180,자동차,4,17373.0,12.5,-,3,0.4,0.35,0.1,0.101781,0.040712,4071246,False,24.6454,0,0.4,GREEN,GREEN
2022-08-11,377990,신재생,1,10199.0,13.25,GREEN,1,0.7,0.5,0.35,0.338422,0.236896,23689567,False,39.1035,0,0.7,GREEN,GREEN
2022-08-11,305720,이차전,2,20454.0,13.25,GREEN,1,0.7,0.5,0.3,0.305344,0.21374,21374045,False,32.845,0,0.7,GREEN,GREEN
2022-08-11,139230,조선주,3,3210.0,13.25,GREEN,1,0.7,0.5,0.25,0.254453,0.178117,17811704,False,32.8696,0,0.7,GREEN,GREEN
2022-08-11,091180,자동차,4,17493.0,12.75,-,1,0.7,0.4,0.1,0.101781,0.071247,7124681,False,24.6528,0,0.7,GREEN,GREEN
2022-08-12,377990,신재생,1,10199.0,14.0,GREEN,1,0.7,0.55,0.35,0.338422,0.236896,23689567,False,38.8859,0,0.7,GREEN,GREEN
2022-08-12,139230,조선주,2,3240.0,13.5,GREEN,1,0.7,0.5,0.3,0.305344,0.21374,21374045,False,32.2506,0,0.7,GREEN,GREEN
2022-08-12,305720,이차전,3,20290.0,13.75,GREEN,1,0.7,0.5,0.25,0.254453,0.178117,17811704,False,32.2741,0,0.7,GREEN,GREEN
2022-08-12,091180,자동차,4,17639.0,12.75,-,1,0.7,0.4,0.1,0.101781,0.071247,7124681,False,24.2113,0,0.7,GREEN,GREEN
2022-08-16,377990,신재생,1,10287.0,14.75,GREEN,1,0.7,0.55,0.35,0.338422,0.236896,23689567,False,38.9011,0,0.7,GREEN,GREEN
2022-08-16,305720,이차전,2,20508.0,14.25,GREEN,1,0.7,0.55,0.3,0.305344,0.21374,21374045,False,32.3282,0,0.7,GREEN,GREEN
2022-08-16,139230,조선주,3,3235.0,13.75,GREEN,1,0.7,0.5,0.25,0.254453,0.178117,17811704,False,32.2558,0,0.7,GREEN,GREEN
2022-08-16,091180,자동차,4,17515.0,11.5,-,2,0.7,0.3,0.1,0.101781,0.071247,7124681,False,24.1976,0,0.7,GREEN,GREEN
2022-08-17,377990,신재생,1,10204.0,15.5,GREEN,1,0.7,0.6,0.45,0.43734,0.306138,30613810,False,38.9175,0,0.7,GREEN,GREEN
2022-08-17,305720,이차전,2,20493.0,14.75,GREEN,1,0.7,0.55,0.3,0.306905,0.214834,21483375,False,32.1554,0,0.7,GREEN,GREEN
2022-08-17,139230,조선주,3,3215.0,13.25,GREEN,2,0.7,0.45,0.25,0.255754,0.179028,17902813,False,32.2855,0,0.7,GREEN,GREEN
2022-08-18,377990,신재생,1,10247.0,16.0,GREEN,1,0.6,0.6,0.35,0.338422,0.203053,20305343,False,38.9153,0,0.6,GREEN,GREEN
2022-08-18,305720,이차전,2,20513.0,15.0,GREEN,1,0.6,0.6,0.3,0.305344,0.183206,18320610,False,32.0668,0,0.6,GREEN,GREEN
2022-08-18,241180,니케이,3,16027.0,14.25,GREEN,1,0.6,0.55,0.25,0.254453,0.152672,15267175,False,15.9499,0,0.6,GREEN,GREEN
2022-08-18,139230,조선주,4,3235.0,13.25,GREEN,1,0.6,0.5,0.1,0.101781,0.061069,6106870,False,32.0105,0,0.6,GREEN,GREEN
2022-08-19,377990,신재생,1,10115.0,14.25,GREEN,2,0.5,0.5,0.35,0.340153,0.170077,17007672,False,39.0365,0,0.2,-,GREEN
2022-08-19,241180,니케이,2,15970.0,14.0,-,2,0.5,0.5,0.3,0.306905,0.153453,15345268,False,15.9227,0,0.2,-,GREEN
2022-08-19,139230,조선주,3,3220.0,12.5,GREEN,2,0.35,0.35,0.25,0.255754,0.089514,8951406,False,31.8941,0,0.2,-,GREEN
2022-08-19,305720,이차전,4,20007.0,13.25,GREEN,3,0.45,0.45,0.1,0.097187,0.043734,4373401,False,32.4491,1,0.2,-,GREEN
2022-08-22,241180,니케이,1,15955.0,13.25,-,2,0.45,0.45,0.35,0.357143,0.160714,16071428,False,15.77,0,0.2,-,-
2022-08-22,377990,신재생,2,9973.0,12.0,-,3,0.35,0.35,0.3,0.290816,0.101786,10178571,False,38.7427,0,0.2,-,-
2022-08-22,139230,조선주,3,3205.0,11.25,GREEN,2,0.3,0.3,0.25,0.255102,0.076531,7653061,False,31.6531,0,0.2,-,-
2022-08-22,305720,이차전,4,19783.0,11.5,-,3,0.3,0.3,0.1,0.096939,0.029082,2908163,False,31.8461,1,0.2,-,-
2022-08-23,139230,조선주,1,3324.0,12.25,GREEN,1,0.0,0.0,0.45,0.462725,0.0,0,False,32.4424,0,0.0,RED,-
2022-08-23,377990,신재생,2,10257.0,11.25,-,1,0.0,0.0,0.3,0.293059,0.0,0,False,39.0389,0,0.0,RED,-
2022-08-23,241180,니케이,3,15800.0,11.25,-,3,0.0,0.0,0.25,0.244216,0.0,0,False,15.8524,1,0.0,RED,-
2022-08-24,139230,조선주,1,3418.0,12.5,GREEN,1,0.0,0.0,0.55,0.55,0.0,0,False,32.6321,0,0.0,RED,RED
2022-08-24,377990,신재생,2,10587.0,11.25,GREEN,1,0.0,0.0,0.45,0.45,0.0,0,False,39.2712,0,0.0,RED,RED
2022-08-25,139230,조선주,1,3428.0,13.5,GREEN,1,0.0,0.0,0.55,0.55,0.0,0,False,32.6318,0,0.0,RED,RED
2022-08-25,377990,신재생,2,10562.0,13.0,GREEN,1,0.0,0.0,0.45,0.45,0.0,0,False,39.2496,0,0.0,RED,RED
2022-08-26,377990,신재생,1,10696.0,15.25,LIME,1,0.0,0.0,0.55,0.55,0.0,0,False,38.7231,0,0.0,RED,RED
2022-08-26,139230,조선주,2,3418.0,15.0,GREEN,1,0.0,0.0,0.45,0.45,0.0,0,False,32.5189,0,0.0,RED,RED
2022-08-29,377990,신재생,1,10657.0,16.0,LIME,1,0.0,0.0,0.55,0.55,0.0,0,False,38.6691,0,0.0,RED,RED
2022-08-29,139230,조선주,2,3373.0,14.25,GREEN,2,0.0,0.0,0.45,0.45,0.0,0,False,32.6091,0,0.0,RED,RED
2022-08-30,377990,신재생,1,10632.0,16.0,LIME,1,0.0,0.0,0.55,0.55,0.0,0,False,38.5514,0,0.0,RED,RED
2022-08-30,139230,조선주,2,3329.0,13.25,-,2,0.0,0.0,0.45,0.45,0.0,0,False,32.7466,0,0.0,RED,RED
2022-08-31,377990,신재생,1,10528.0,14.25,-,2,0.0,0.0,0.55,0.56266,0.0,0,False,38.0603,0,0.0,RED,RED
2022-08-31,139230,조선주,2,3305.0,11.25,-,3,0.0,0.0,0.45,0.43734,0.0,0,False,32.6218,1,0.0,RED,RED
2022-09-01,377990,신재생,1,10174.0,11.0,-,3,0.0,0.0,1.0,1.0,0.0,0,False,38.6928,1,0.0,RED,RED
2022-09-07,091180,자동차,1,17732.0,12.25,GREEN,1,0.0,0.0,1.0,1.0,0.0,0,False,25.3489,0,0.0,RED,RED
2022-09-08,091180,자동차,1,17805.0,14.0,GREEN,1,0.0,0.0,1.0,1.0,0.0,0,False,25.304,0,0.0,RED,RED
2022-09-13,091180,자동차,1,17663.0,14.0,GREEN,2,0.2,0.2,0.55,0.509537,0.101907,10190735,False,23.2804,0,0.2,-,RED
2022-09-13,411060,금현물,2,10935.0,11.25,GREEN,1,0.2,0.2,0.45,0.490463,0.098093,9809264,False,9.7333,0,0.2,-,RED
2022-09-14,091180,자동차,1,17493.0,12.5,GREEN,2,0.0,0.0,0.55,0.509537,0.0,0,False,23.1204,0,0.0,RED,-
2022-09-14,411060,금현물,2,10910.0,12.75,GREEN,1,0.0,0.0,0.45,0.490463,0.0,0,False,9.2851,0,0.0,RED,-
2022-09-15,411060,금현물,1,10885.0,12.75,GREEN,2,0.0,0.0,1.0,1.0,0.0,0,False,9.2746,0,0.0,RED,RED
2022-10-05,411060,금현물,1,11225.0,11.25,GREEN,1,0.0,0.0,1.0,1.0,0.0,0,False,11.0963,0,0.0,RED,RED
2022-10-06,411060,금현물,1,11150.0,13.25,GREEN,1,0.0,0.0,1.0,1.0,0.0,0,False,11.1883,0,0.0,RED,RED
2022-10-07,411060,금현물,1,11155.0,14.0,GREEN,1,0.0,0.0,1.0,1.0,0.0,0,False,10.8606,0,0.0,RED,RED
2022-10-11,411060,금현물,1,11025.0,13.25,GREEN,2,0.0,0.0,1.0,1.0,0.0,0,False,10.5753,0,0.0,RED,RED
2022-10-12,411060,금현물,1,10980.0,11.0,GREEN,3,0.0,0.0,1.0,1.0,0.0,0,False,10.6059,1,0.0,RED,RED
2022-10-26,305720,이차전,1,20116.0,11.0,GREEN,1,0.6,0.35,1.0,1.0,0.6,60000000,False,29.9082,0,0.6,GREEN,-
2022-10-27,305720,이차전,1,21123.0,12.25,GREEN,1,0.6,0.4,1.0,1.0,0.6,60000000,False,31.4072,0,0.6,GREEN,GREEN
2022-10-28,305720,이차전,1,21227.0,13.5,GREEN,1,0.6,0.5,1.0,1.0,0.6,60000000,False,31.408,0,0.6,GREEN,GREEN
2022-10-31,305720,이차전,1,21385.0,13.75,GREEN,1,0.6,0.5,1.0,1.0,0.6,60000000,False,31.3994,0,0.6,GREEN,GREEN
2022-11-01,305720,이차전,1,22029.0,14.0,GREEN,1,0.6,0.55,1.0,1.0,0.6,60000000,False,31.1652,0,0.6,GREEN,GREEN
2022-11-02,305720,이차전,1,21538.0,14.5,GREEN,1,0.6,0.55,1.0,1.0,0.6,60000000,False,31.5716,0,0.6,GREEN,GREEN
2022-11-03,305720,이차전,1,22128.0,15.0,GREEN,1,0.6,0.6,1.0,1.0,0.6,60000000,False,31.7212,0,0.6,GREEN,GREEN
2022-11-04,305720,이차전,1,21870.0,15.5,GREEN,1,0.6,0.6,1.0,1.0,0.6,60000000,False,31.73,0,0.6,GREEN,GREEN
2022-11-07,305720,이차전,1,21960.0,16.0,GREEN,1,0.7,0.6,1.0,1.0,0.7,70000000,False,31.3461,0,0.7,GREEN,GREEN
2022-11-08,305720,이차전,1,21860.0,14.25,GREEN,2,0.7,0.5,0.55,0.55,0.385,38500000,False,31.3732,0,0.7,GREEN,GREEN
2022-11-08,117700,건설주,2,2849.0,11.0,GREEN,1,0.7,0.35,0.45,0.45,0.315,31499999,False,32.6186,0,0.7,GREEN,GREEN
2022-11-09,305720,이차전,1,22104.0,14.0,GREEN,1,0.7,0.55,0.45,0.45,0.315,31499999,False,31.3631,0,0.7,GREEN,GREEN
2022-11-09,195930,유로스,2,12930.0,12.0,GREEN,1,0.7,0.4,0.3,0.3,0.21,21000000,False,26.0262,0,0.7,GREEN,GREEN
2022-11-09,117700,건설주,3,2873.0,11.0,GREEN,1,0.7,0.35,0.25,0.25,0.175,17500000,False,32.4673,0,0.7,GREEN,GREEN
2022-11-10,195930,유로스,1,12885.0,13.5,GREEN,1,0.7,0.5,0.45,0.45,0.315,31499999,False,26.0301,0,0.7,GREEN,GREEN
2022-11-10,305720,이차전,2,21999.0,13.25,LIME,1,0.7,0.5,0.3,0.3,0.21,21000000,False,31.3665,0,0.7,GREEN,GREEN
2022-11-10,117700,건설주,3,2868.0,11.0,GREEN,1,0.7,0.35,0.25,0.25,0.175,17500000,False,32.3936,0,0.7,GREEN,GREEN
2022-11-11,195930,유로스,1,13469.0,14.0,GREEN,1,0.7,0.55,0.45,0.45,0.315,31499999,False,27.551,0,0.7,GREEN,GREEN
2022-11-11,305720,이차전,2,22524.0,13.25,LIME,1,0.7,0.5,0.3,0.3,0.21,21000000,False,31.4652,0,0.7,GREEN,GREEN
2022-11-11,117700,건설주,3,2955.0,11.5,GREEN,1,0.7,0.35,0.25,0.25,0.175,17500000,False,32.7635,0,0.7,GREEN,GREEN
2022-11-14,305720,이차전,1,22797.0,15.0,LIME,1,0.7,0.6,0.45,0.45,0.315,31499999,False,31.5195,0,0.7,GREEN,GREEN
2022-11-14,195930,유로스,2,13449.0,14.5,GREEN,1,0.7,0.55,0.3,0.3,0.21,21000000,False,27.4946,0,0.7,GREEN,GREEN
2022-11-14,117700,건설주,3,2994.0,12.0,GREEN,1,0.7,0.4,0.25,0.25,0.175,17500000,False,32.615,0,0.7,GREEN,GREEN
2022-11-15,305720,이차전,1,22564.0,15.25,LIME,1,0.7,0.6,0.45,0.45,0.315,31499999,False,31.4587,0,0.7,GREEN,GREEN
2022-11-15,195930,유로스,2,13539.0,14.75,GREEN,1,0.7,0.55,0.3,0.3,0.21,21000000,False,27.3216,0,0.7,GREEN,GREEN
2022-11-15,117700,건설주,3,3014.0,12.5,GREEN,1,0.7,0.4,0.25,0.25,0.175,17500000,False,32.5047,0,0.7,GREEN,GREEN
2022-11-16,305720,이차전,1,22232.0,15.0,-,2,0.7,0.55,0.45,0.45,0.315,31499999,False,31.5715,0,0.7,GREEN,GREEN
2022-11-16,195930,유로스,2,13544.0,15.0,GREEN,1,0.7,0.6,0.3,0.3,0.21,21000000,False,27.3081,0,0.7,GREEN,GREEN
2022-11-16,117700,건설주,3,2989.0,13.5,GREEN,1,0.7,0.5,0.25,0.25,0.175,17500000,False,32.1288,0,0.7,GREEN,GREEN
2022-11-17,195930,유로스,1,13444.0,14.25,GREEN,2,0.6,0.5,0.45,0.455696,0.273418,27341772,False,27.2501,0,0.6,GREEN,GREEN
2022-11-17,117700,건설주,2,2926.0,13.0,GREEN,2,0.6,0.45,0.3,0.303797,0.182278,18227848,False,32.2402,0,0.6,GREEN,GREEN
2022-11-17,305720,이차전,3,21850.0,11.75,-,3,0.6,0.3,0.25,0.240506,0.144304,14430379,False,31.7381,1,0.6,GREEN,GREEN
2022-11-18,195930,유로스,1,13534.0,14.25,GREEN,1,0.55,0.55,0.55,0.56266,0.309463,30946291,False,27.2583,0,0.5,GREEN,GREEN
2022-11-18,117700,건설주,2,2907.0,11.0,GREEN,3,0.5,0.3,0.45,0.43734,0.21867,21867007,False,32.2527,1,0.5,GREEN,GREEN
2022-11-21,195930,유로스,1,13583.0,14.25,GREEN,1,0.55,0.55,1.0,1.0,0.55,55000000,False,27.0401,0,0.2,-,GREEN
2022-11-22,195930,유로스,1,13613.0,14.25,GREEN,1,0.55,0.55,1.0,1.0,0.55,55000000,False,27.0414,0,0.2,-,-
2022-11-23,195930,유로스,1,13663.0,15.0,GREEN,1,0.6,0.6,0.55,0.537275,0.322365,32236503,False,26.8224,0,0.2,-,-
2022-11-23,241180,니케이,2,15564.0,11.25,GREEN,1,0.35,0.35,0.45,0.462725,0.161954,16195372,False,21.1498,0,0.2,-,-
2022-11-24,195930,유로스,1,13678.0,15.0,GREEN,1,0.6,0.6,0.55,0.537275,0.322365,32236503,False,26.4377,0,0.3,-,-
2022-11-24,241180,니케이,2,15592.0,13.0,GREEN,1,0.5,0.5,0.45,0.462725,0.231362,23136246,False,21.0668,0,0.3,-,-
2022-11-25,195930,유로스,1,13733.0,15.0,GREEN,1,0.6,0.6,0.45,0.455696,0.273418,27341772,False,26.4394,0,0.2,-,-
2022-11-25,241180,니케이,2,15511.0,14.25,GREEN,1,0.55,0.55,0.3,0.303797,0.167089,16708860,False,21.0883,0,0.2,-,-
2022-11-25,117680,철강주,3,7728.0,11.75,LIME,1,0.35,0.35,0.25,0.240506,0.084177,8417721,False,30.4323,0,0.2,-,-
2022-11-28,195930,유로스,1,13688.0,15.25,GREEN,1,0.6,0.6,0.45,0.455696,0.273418,27341772,False,26.3114,0,0.2,-,-
2022-11-28,241180,니케이,2,15660.0,15.0,GREEN,1,0.6,0.6,0.3,0.303797,0.182278,18227848,False,21.1794,0,0.2,-,-
2022-11-28,117680,철강주,3,7664.0,12.0,LIME,1,0.4,0.4,0.25,0.240506,0.096203,9620253,False,30.3434,0,0.2,-,-
2022-11-29,195930,유로스,1,13673.0,14.5,GREEN,2,0.5,0.5,0.45,0.494505,0.247253,24725274,False,26.3101,0,0.2,-,-
2022-11-29,117680,철강주,2,7701.0,12.0,LIME,1,0.4,0.4,0.3,0.313187,0.125275,12527472,False,30.318,0,0.2,-,-
2022-11-29,241180,니케이,3,15299.0,13.0,GREEN,3,0.45,0.45,0.25,0.192308,0.086538,8653846,False,21.6716,3,0.2,-,-
2022-11-30,195930,유로스,1,13693.0,14.5,GREEN,1,0.55,0.55,0.45,0.494505,0.271978,27197802,False,25.0842,0,0.3,-,-
2022-11-30,117680,철강주,2,7787.0,13.0,LIME,1,0.5,0.5,0.3,0.313187,0.156593,15659340,False,30.3824,0,0.3,-,-
2022-11-30,241180,니케이,3,15318.0,11.0,GREEN,3,0.3,0.3,0.25,0.192308,0.057692,5769230,False,20.9694,3,0.3,-,-
2022-12-01,195930,유로스,1,13963.0,14.75,GREEN,1,0.55,0.55,0.55,0.55,0.3025,30250000,False,25.3125,0,0.4,-,-
2022-12-01,117680,철강주,2,7833.0,13.0,LIME,1,0.5,0.5,0.45,0.45,0.225,22500000,False,30.2416,0,0.4,-,-
2022-12-02,195930,유로스,1,13828.0,14.75,-,1,0.55,0.55,0.35,0.35,0.1925,19250000,False,25.4185,0,0.3,-,-
2022-12-02,091170,은행주,2,5465.0,12.0,-,1,0.4,0.4,0.3,0.3,0.12,11999999,False,27.1138,0,0.3,-,-
2022-12-02,102970,증권주,3,5329.0,12.0,GREEN,1,0.4,0.4,0.25,0.25,0.1,10000000,False,29.869,0,0.3,-,-
2022-12-02,117680,철강주,4,7669.0,11.0,-,3,0.3,0.3,0.1,0.1,0.03,3000000,False,29.9618,0,0.3,-,-
2022-12-05,195930,유로스,1,13823.0,15.75,-,1,0.6,0.6,0.45,0.455696,0.273418,27341772,False,24.738,0,0.2,-,-
2022-12-05,091170,은행주,2,5491.0,12.0,-,1,0.4,0.4,0.3,0.303797,0.121519,12151898,False,26.097,0,0.2,-,-
2022-12-05,102970,증권주,3,5285.0,11.25,GREEN,2,0.3,0.3,0.25,0.240506,0.072152,7215189,False,29.5051,0,0.2,-,-
2022-12-06,195930,유로스,1,13748.0,14.25,-,3,0.0,0.0,0.45,0.467532,0.0,0,False,24.7738,0,0.0,RED,-
2022-12-06,091170,은행주,2,5465.0,11.25,-,2,0.0,0.0,0.3,0.311688,0.0,0,False,26.0538,0,0.0,RED,-
2022-12-06,228790,화장품,3,2152.0,11.25,GREEN,1,0.0,0.0,0.25,0.220779,0.0,0,False,37.0279,0,0.0,RED,-
2022-12-07,195930,유로스,1,13698.0,12.5,-,3,0.0,0.0,0.55,0.55,0.0,0,False,24.7192,1,0.0,RED,RED
2022-12-07,228790,화장품,2,2190.0,12.0,GREEN,1,0.0,0.0,0.45,0.45,0.0,0,False,36.9873,0,0.0,RED,RED
2022-12-08,228790,화장품,1,2190.0,12.5,GREEN,1,0.0,0.0,0.55,0.56266,0.0,0,False,36.9792,0,0.0,RED,RED
2022-12-08,371160,항셈테,2,6101.0,11.0,GREEN,1,0.0,0.0,0.45,0.43734,0.0,0,False,49.0055,0,0.0,RED,RED
2022-12-09,228790,화장품,1,2274.0,13.0,GREEN,1,0.0,0.0,0.55,0.56266,0.0,0,False,37.4074,0,0.0,RED,RED
2022-12-09,371160,항셈테,2,6266.0,12.0,GREEN,1,0.0,0.0,0.45,0.43734,0.0,0,False,49.1994,0,0.0,RED,RED
2022-12-12,228790,화장품,1,2219.0,13.0,GREEN,1,0.0,0.0,0.55,0.56266,0.0,0,False,37.7646,0,0.0,RED,RED
2022-12-12,371160,항셈테,2,6062.0,11.25,GREEN,2,0.0,0.0,0.45,0.43734,0.0,0,False,49.6514,0,0.0,RED,RED
2022-12-13,228790,화장품,1,2205.0,12.75,GREEN,2,0.0,0.0,0.55,0.537275,0.0,0,False,37.3139,0,0.0,RED,RED
2022-12-13,091170,은행주,2,5588.0,11.25,GREEN,1,0.0,0.0,0.45,0.462725,0.0,0,False,25.0669,0,0.0,RED,RED
2022-12-14,091170,은행주,1,5559.0,13.5,GREEN,1,0.0,0.0,0.55,0.56266,0.0,0,False,25.004,0,0.0,RED,RED
2022-12-14,228790,화장품,2,2219.0,12.0,GREEN,2,0.0,0.0,0.45,0.43734,0.0,0,False,37.209,0,0.0,RED,RED
2022-12-15,091170,은행주,1,5400.0,11.75,-,3,0.0,0.0,1.0,1.0,0.0,0,False,25.7298,1,0.0,RED,RED
2022-12-26,102970,증권주,1,5307.0,11.0,-,1,0.0,0.0,1.0,1.0,0.0,0,False,26.7484,0,0.0,RED,RED
2022-12-27,102970,증권주,1,5326.0,13.0,GREEN,1,0.0,0.0,1.0,1.0,0.0,0,False,26.7465,0,0.0,RED,RED
2022-12-29,228790,화장품,1,2293.0,12.0,-,1,0.0,0.0,1.0,1.0,0.0,0,False,36.8651,0,0.0,RED,RED
2023-01-02,228790,화장품,1,2239.0,14.25,-,2,0.0,0.0,1.0,1.0,0.0,0,False,37.1618,0,0.0,RED,RED
2023-01-03,228790,화장품,1,2234.0,12.75,-,3,0.0,0.0,1.0,1.0,0.0,0,False,37.1236,1,0.0,RED,RED
2023-01-09,091170,은행주,1,5916.0,12.25,GREEN,1,0.7,0.4,0.55,0.537275,0.376093,37609254,False,26.3518,0,0.7,GREEN,-
2023-01-09,195930,유로스,2,14058.0,11.5,LIME,1,0.7,0.35,0.45,0.462725,0.323907,32390745,False,20.7706,0,0.7,GREEN,-
2023-01-10,091170,은행주,1,5994.0,15.0,GREEN,1,0.7,0.6,0.45,0.461538,0.323077,32307692,False,26.405,0,0.7,GREEN,GREEN
2023-01-10,195930,유로스,2,14083.0,13.5,LIME,1,0.7,0.5,0.3,0.307692,0.215385,21538461,False,20.7651,0,0.7,GREEN,GREEN
2023-01-10,228790,화장품,3,2327.0,12.75,GREEN,1,0.7,0.4,0.25,0.230769,0.161538,16153846,False,35.4923,0,0.7,GREEN,GREEN
2023-01-11,091170,은행주,1,5870.0,14.5,GREEN,2,0.7,0.5,0.45,0.461538,0.323077,32307692,False,26.7946,0,0.7,GREEN,GREEN
2023-01-11,195930,유로스,2,14202.0,14.5,LIME,1,0.7,0.55,0.3,0.307692,0.215385,21538461,False,20.4578,0,0.7,GREEN,GREEN
2023-01-11,228790,화장품,3,2367.0,13.75,GREEN,1,0.7,0.5,0.25,0.230769,0.161538,16153846,False,34.7357,0,0.7,GREEN,GREEN
2023-01-12,195930,유로스,1,14342.0,15.5,LIME,1,0.7,0.6,0.45,0.463918,0.324742,32474226,False,19.4851,0,0.7,GREEN,GREEN
2023-01-12,228790,화장품,2,2342.0,14.75,GREEN,1,0.7,0.55,0.3,0.278351,0.194845,19484536,False,34.6311,0,0.7,GREEN,GREEN
2023-01-12,091170,은행주,3,5896.0,14.0,GREEN,2,0.7,0.5,0.25,0.257732,0.180412,18041237,False,25.9268,0,0.7,GREEN,GREEN
2023-01-13,195930,유로스,1,14392.0,16.0,LIME,1,0.7,0.6,0.45,0.463918,0.324742,32474226,False,19.2717,0,0.7,GREEN,GREEN
2023-01-13,228790,화장품,2,2342.0,14.25,GREEN,2,0.7,0.5,0.3,0.278351,0.194845,19484536,False,34.6428,0,0.7,GREEN,GREEN
2023-01-13,091170,은행주,3,6019.0,14.0,GREEN,1,0.7,0.55,0.25,0.257732,0.180412,18041237,False,26.0443,0,0.7,GREEN,GREEN
2023-01-16,195930,유로스,1,14552.0,16.0,LIME,1,0.7,0.6,0.35,0.360825,0.252577,25257731,False,18.6968,0,0.7,GREEN,GREEN
2023-01-16,228790,화장품,2,2392.0,14.5,GREEN,1,0.7,0.55,0.3,0.278351,0.194845,19484536,False,34.6236,0,0.7,GREEN,GREEN
2023-01-16,102970,증권주,3,5728.0,14.75,GREEN,1,0.7,0.55,0.25,0.257732,0.180412,18041237,False,28.1401,0,0.7,GREEN,GREEN
2023-01-16,091170,은행주,4,6293.0,14.0,GREEN,1,0.7,0.55,0.1,0.103093,0.072165,7216494,False,27.1981,0,0.7,GREEN,GREEN
2023-01-17,195930,유로스,1,14497.0,16.0,LIME,1,0.7,0.6,0.35,0.351759,0.246231,24623115,False,18.7433,0,0.7,GREEN,GREEN
2023-01-17,102970,증권주,2,5701.0,15.25,GREEN,1,0.7,0.6,0.3,0.301508,0.211055,21105527,False,28.0529,0,0.7,GREEN,GREEN
2023-01-17,091170,은행주,3,6216.0,15.0,GREEN,1,0.7,0.6,0.25,0.251256,0.175879,17587939,False,27.3655,0,0.7,GREEN,GREEN
2023-01-17,228790,화장품,4,2382.0,14.75,GREEN,1,0.7,0.55,0.1,0.095477,0.066834,6683417,False,34.5197,0,0.7,GREEN,GREEN
2023-01-18,195930,유로스,1,14587.0,16.0,LIME,1,0.6,0.6,0.35,0.358974,0.215385,21538461,False,18.691,0,0.6,GREEN,GREEN
2023-01-18,102970,증권주,2,5706.0,15.75,GREEN,1,0.6,0.6,0.3,0.307692,0.184615,18461538,False,26.8222,0,0.6,GREEN,GREEN
2023-01-18,228790,화장품,3,2402.0,15.0,GREEN,1,0.6,0.6,0.25,0.230769,0.138462,13846153,False,34.4894,0,0.6,GREEN,GREEN
2023-01-18,091170,은행주,4,6105.0,15.0,GREEN,2,0.6,0.55,0.1,0.102564,0.061538,6153846,False,27.3484,0,0.6,GREEN,GREEN
2023-01-19,228790,화장품,1,2470.0,16.0,GREEN,1,0.6,0.6,0.33,0.307135,0.184281,18428128,False,34.7946,0,0.6,GREEN,GREEN
2023-01-19,102970,증권주,2,5768.0,16.0,GREEN,1,0.6,0.6,0.27,0.279214,0.167528,16752843,False,26.5245,0,0.6,GREEN,GREEN
2023-01-19,325020,케모멘,3,10746.0,15.75,GREEN,1,0.6,0.6,0.2,0.206825,0.124095,12409513,False,15.1914,0,0.6,GREEN,GREEN
2023-01-19,195930,유로스,4,14432.0,15.0,LIME,2,0.6,0.55,0.1,0.103413,0.062048,6204756,False,18.712,0,0.6,GREEN,GREEN
2023-01-19,091170,은행주,5,6045.0,13.75,GREEN,2,0.6,0.45,0.1,0.103413,0.062048,6204756,False,27.4053,0,0.6,GREEN,GREEN
2023-01-20,228790,화장품,1,2466.0,16.0,GREEN,1,0.7,0.6,0.33,0.308732,0.216112,21611226,False,34.8067,0,0.7,GREEN,GREEN
2023-01-20,102970,증권주,2,5745.0,16.0,GREEN,1,0.7,0.6,0.27,0.280665,0.196466,19646569,False,26.2935,0,0.7,GREEN,GREEN
2023-01-20,325020,케모멘,3,10808.0,15.75,GREEN,1,0.7,0.6,0.2,0.2079,0.14553,14553014,False,15.2118,0,0.7,GREEN,GREEN
2023-01-20,195930,유로스,4,14337.0,13.0,LIME,3,0.7,0.45,0.1,0.098753,0.069127,6912681,False,18.6525,1,0.7,GREEN,GREEN
2023-01-20,091170,은행주,5,6123.0,12.5,GREEN,2,0.7,0.35,0.1,0.10395,0.072765,7276507,False,26.9649,0,0.7,GREEN,GREEN
2023-01-25,228790,화장품,1,2437.0,16.0,GREEN,1,0.7,0.6,0.33,0.307135,0.214995,21499482,False,34.7141,0,0.7,GREEN,GREEN
2023-01-25,102970,증권주,2,5798.0,16.0,GREEN,1,0.7,0.6,0.27,0.279214,0.19545,19544984,False,25.8772,0,0.7,GREEN,GREEN
2023-01-25,325020,케모멘,3,10920.0,15.75,GREEN,1,0.7,0.6,0.2,0.206825,0.144778,14477766,False,15.2662,0,0.7,GREEN,GREEN
2023-01-25,091170,은행주,4,6220.0,11.75,GREEN,1,0.7,0.35,0.1,0.103413,0.072389,7238883,False,27.0579,0,0.7,GREEN,GREEN
2023-01-25,195930,유로스,5,14442.0,11.25,LIME,2,0.7,0.3,0.1,0.103413,0.072389,7238883,False,18.466,0,0.7,GREEN,GREEN
2023-01-26,102970,증권주,1,5812.0,16.0,GREEN,1,0.7,0.6,0.33,0.336735,0.235714,23571428,False,25.8459,0,0.7,GREEN,GREEN
2023-01-26,325020,케모멘,2,11067.0,15.75,GREEN,1,0.7,0.6,0.27,0.27551,0.192857,19285714,False,15.4259,0,0.7,GREEN,GREEN
2023-01-26,228790,화장품,3,2422.0,14.75,GREEN,2,0.7,0.5,0.2,0.183673,0.128571,12857142,False,34.4874,0,0.7,GREEN,GREEN
2023-01-26,091170,은행주,4,6305.0,12.75,GREEN,1,0.7,0.4,0.1,0.102041,0.071429,7142857,False,27.0211,0,0.7,GREEN,GREEN
2023-01-26,195930,유로스,5,14537.0,11.0,LIME,1,0.7,0.35,0.1,0.102041,0.071429,7142857,False,18.4588,0,0.7,GREEN,GREEN
2023-01-27,102970,증권주,1,5821.0,16.0,GREEN,1,0.7,0.6,0.35,0.358974,0.251282,25128205,False,24.3221,0,0.7,GREEN,GREEN
2023-01-27,325020,케모멘,2,11093.0,16.0,GREEN,1,0.7,0.6,0.3,0.307692,0.215385,21538461,False,15.1185,0,0.7,GREEN,GREEN
2023-01-27,228790,화장품,3,2470.0,14.75,GREEN,1,0.7,0.55,0.25,0.230769,0.161538,16153846,False,34.5571,0,0.7,GREEN,GREEN
2023-01-27,091170,은행주,4,6272.0,14.0,GREEN,1,0.7,0.55,0.1,0.102564,0.071795,7179487,False,26.6299,0,0.7,GREEN,GREEN
2023-01-30,325020,케모멘,1,10928.0,15.0,GREEN,2,0.7,0.55,0.33,0.335025,0.234518,23451776,False,15.4613,0,0.7,GREEN,GREEN
2023-01-30,102970,증권주,2,5718.0,14.0,GREEN,3,0.7,0.5,0.27,0.274112,0.191878,19187817,False,24.6941,0,0.7,GREEN,GREEN
2023-01-30,069500,코스피,3,30612.0,14.5,GREEN,1,0.7,0.55,0.2,0.203046,0.142132,14213197,False,18.5062,0,0.7,GREEN,GREEN
2023-01-30,091170,은행주,4,6169.0,13.75,GREEN,3,0.7,0.45,0.1,0.101523,0.071066,7106598,False,26.9317,0,0.7,GREEN,GREEN
2023-01-30,228790,화장품,5,2422.0,13.25,GREEN,2,0.7,0.45,0.1,0.086294,0.060406,6040609,False,34.7542,0,0.7,GREEN,GREEN
2023-01-31,069500,코스피,1,30140.0,13.75,-,3,0.45,0.45,0.31,0.31575,0.142087,14208748,False,18.6168,1,0.2,-,GREEN
2023-01-31,117700,건설주,2,2911.0,13.0,GREEN,1,0.5,0.5,0.25,0.268039,0.13402,13401951,False,24.4484,0,0.2,-,GREEN
2023-01-31,325020,케모멘,3,10763.0,13.0,-,3,0.45,0.45,0.16,0.145813,0.065616,6561595,False,15.7374,2,0.2,-,GREEN
2023-01-31,102970,증권주,4,5656.0,12.0,-,3,0.35,0.35,0.1,0.101855,0.035649,3564919,False,24.7906,1,0.2,-,GREEN
2023-01-31,228790,화장품,5,2427.0,11.25,-,3,0.3,0.3,0.1,0.091133,0.02734,2733998,False,34.7428,0,0.2,-,GREEN
2023-01-31,091170,은행주,6,5973.0,11.25,-,3,0.3,0.3,0.08,0.07741,0.023223,2322290,False,27.8716,1,0.2,-,GREEN
2023-02-01,069500,코스피,1,30467.0,13.25,-,2,0.45,0.45,0.35,0.361757,0.162791,16279069,False,18.5051,0,0.3,-,-
2023-02-01,102970,증권주,2,5803.0,11.75,-,1,0.35,0.35,0.3,0.294574,0.103101,10310077,False,25.1798,0,0.3,-,-
2023-02-01,117700,건설주,3,2898.0,13.0,GREEN,1,0.5,0.5,0.25,0.245478,0.122739,12273901,False,23.5202,0,0.3,-,-
2023-02-01,325020,케모멘,4,10870.0,11.25,-,2,0.3,0.3,0.1,0.098191,0.029457,2945736,False,15.6269,1,0.3,-,-
2023-02-02,069500,코스피,1,30795.0,12.5,-,1,0.4,0.4,0.35,0.35533,0.142132,14213197,False,18.5935,0,0.4,-,-
2023-02-02,102970,증권주,2,5843.0,11.75,-,1,0.4,0.35,0.3,0.28934,0.115736,11573604,False,25.1782,0,0.4,-,-
2023-02-02,117460,에너지,3,15328.0,12.5,GREEN,1,0.4,0.4,0.25,0.253807,0.101523,10152284,False,21.0064,0,0.4,-,-
2023-02-02,117700,건설주,4,2863.0,12.5,GREEN,2,0.4,0.35,0.1,0.101523,0.040609,4060913,False,23.5784,0,0.4,-,-
2023-02-03,102970,증권주,1,5821.0,13.25,-,1,0.5,0.5,0.33,0.31876,0.15938,15937976,False,24.8643,0,0.4,-,-
2023-02-03,195930,유로스,2,14691.0,12.75,-,1,0.4,0.4,0.27,0.27453,0.109812,10981189,False,17.3755,0,0.4,-,-
2023-02-03,117700,건설주,3,2898.0,12.5,GREEN,1,0.4,0.4,0.2,0.203355,0.081342,8134214,False,22.4814,0,0.4,-,-
2023-02-03,069500,코스피,4,30922.0,11.75,-,1,0.4,0.35,0.1,0.101678,0.040671,4067107,False,18.5468,0,0.4,-,-
2023-02-03,117460,에너지,5,15251.0,12.0,GREEN,1,0.4,0.4,0.1,0.101678,0.040671,4067107,False,20.9926,0,0.4,-,-
2023-02-06,195930,유로스,1,14656.0,14.5,-,1,0.55,0.55,0.33,0.33622,0.184921,18492103,False,17.3551,0,0.3,-,-
2023-02-06,102970,증권주,2,5701.0,12.25,-,3,0.35,0.35,0.27,0.261335,0.091467,9146714,False,25.1577,0,0.3,-,-
2023-02-06,117460,에너지,3,15218.0,12.5,GREEN,1,0.4,0.4,0.2,0.20377,0.081508,8150789,False,20.9651,0,0.3,-,-
2023-02-06,117700,건설주,4,2849.0,12.0,GREEN,2,0.35,0.35,0.1,0.101885,0.03566,3565970,False,22.7523,0,0.3,-,-
2023-02-06,069500,코스피,5,30219.0,11.0,-,3,0.3,0.3,0.1,0.096791,0.029037,2903718,False,19.106,1,0.3,-,-
2023-02-07,195930,유로스,1,14676.0,15.75,-,1,0.6,0.6,0.45,0.463918,0.278351,27835051,False,16.6471,0,0.4,-,-
2023-02-07,229200,코스닥,2,10743.0,11.25,GREEN,1,0.4,0.35,0.3,0.278351,0.11134,11134020,False,28.4848,0,0.4,-,-
2023-02-07,117460,에너지,3,15393.0,12.5,GREEN,1,0.4,0.4,0.25,0.257732,0.103093,10309278,False,20.8183,0,0.4,-,-
2023-02-08,195930,유로스,1,14816.0,16.0,-,1,0.6,0.6,0.35,0.360825,0.216495,21649484,False,16.6794,0,0.4,-,-
2023-02-08,229200,코스닥,2,10887.0,11.5,GREEN,1,0.4,0.35,0.3,0.278351,0.11134,11134020,False,28.2201,0,0.4,-,-
2023-02-08,091180,자동차,3,15959.0,12.0,GREEN,1,0.4,0.4,0.25,0.257732,0.103093,10309278,False,21.5664,0,0.4,-,-
2023-02-08,117460,에너지,4,15402.0,12.5,GREEN,1,0.4,0.4,0.1,0.103093,0.041237,4123711,False,20.8158,0,0.4,-,-
2023-02-09,195930,유로스,1,14721.0,16.0,-,1,0.6,0.6,0.35,0.358974,0.215385,21538461,False,16.7692,0,0.3,-,-
2023-02-09,091180,자동차,2,15935.0,12.0,GREEN,1,0.4,0.4,0.3,0.307692,0.123077,12307692,False,21.5417,0,0.3,-,-
2023-02-09,229200,코스닥,3,11016.0,11.75,GREEN,1,0.35,0.35,0.25,0.230769,0.080769,8076923,False,28.2792,0,0.3,-,-
2023-02-09,117460,에너지,4,15606.0,13.0,GREEN,1,0.5,0.5,0.1,0.102564,0.051282,5128205,False,20.7871,0,0.3,-,-
2023-02-10,195930,유로스,1,14696.0,15.0,-,2,0.55,0.55,0.33,0.351251,0.193188,19318786,False,16.7488,0,0.2,-,-
2023-02-10,228790,화장품,2,2484.0,13.5,-,1,0.5,0.5,0.27,0.244279,0.122139,12213943,False,33.6737,0,0.2,-,-
2023-02-10,229200,코스닥,3,10862.0,12.0,GREEN,1,0.4,0.4,0.2,0.191591,0.076636,7663650,False,28.2732,0,0.2,-,-
2023-02-10,117460,에너지,4,15441.0,13.0,GREEN,1,0.5,0.5,0.1,0.10644,0.05322,5321979,False,20.6695,0,0.2,-,-
2023-02-10,091180,자동차,5,15880.0,12.0,GREEN,1,0.4,0.4,0.1,0.10644,0.042576,4257583,False,21.4981,0,0.2,-,-
2023-02-13,228790,화장품,1,2442.0,13.25,-,3,0.45,0.45,0.31,0.277807,0.125013,12501317,False,32.9456,0,0.2,-,-
2023-02-13,102970,증권주,2,5798.0,12.75,-,2,0.35,0.35,0.25,0.263574,0.092251,9225092,False,23.6159,0,0.2,-,-
2023-02-13,195930,유로스,3,14562.0,12.75,-,3,0.35,0.35,0.16,0.168687,0.059041,5904059,False,14.4216,0,0.2,-,-
2023-02-13,117460,에너지,4,15543.0,13.0,GREEN,1,0.5,0.5,0.1,0.10543,0.052715,5271481,False,19.71,0,0.2,-,-
2023-02-13,229200,코스닥,5,10862.0,11.25,GREEN,2,0.3,0.3,0.1,0.100158,0.030047,3004744,False,25.8761,0,0.2,-,-
2023-02-13,091180,자동차,6,15830.0,11.25,GREEN,2,0.3,0.3,0.08,0.084344,0.025303,2530311,False,21.3666,0,0.2,-,-
2023-02-14,228790,화장품,1,2461.0,13.5,-,2,0.45,0.45,0.31,0.283791,0.127706,12770597,False,32.9464,0,0.2,-,-
2023-02-14,305720,이차전,2,22594.0,15.0,LIME,1,0.6,0.6,0.25,0.242326,0.145396,14539579,False,29.2737,0,0.2,-,-
2023-02-14,102970,증권주,3,5839.0,12.5,-,1,0.4,0.4,0.16,0.172321,0.068928,6892837,False,23.6242,0,0.2,-,-
2023-02-14,195930,유로스,4,14771.0,12.5,-,1,0.4,0.4,0.1,0.107701,0.04308,4308023,False,14.6443,0,0.2,-,-
2023-02-14,117460,에너지,5,15523.0,13.5,GREEN,1,0.5,0.5,0.1,0.107701,0.05385,5385029,False,19.7038,0,0.2,-,-
2023-02-14,091180,자동차,6,16118.0,11.25,GREEN,1,0.35,0.35,0.08,0.08616,0.030156,3015616,False,21.1998,0,0.2,-,-
2023-02-15,305720,이차전,1,22256.0,14.0,LIME,2,0.5,0.5,0.45,0.410188,0.205094,20509383,False,29.3564,0,0.2,-,-
2023-02-15,195930,유로스,2,14736.0,11.75,-,1,0.35,0.35,0.3,0.321716,0.112601,11260053,False,14.6267,0,0.2,-,-
2023-02-15,117460,에너지,3,15251.0,11.5,-,3,0.3,0.3,0.25,0.268097,0.080429,8042895,False,20.0111,0,0.2,-,-
2023-02-16,305720,이차전,1,22907.0,14.25,LIME,1,0.55,0.55,0.45,0.424084,0.233246,23324607,False,29.7776,0,0.2,-,-
2023-02-16,195930,유로스,2,14996.0,12.75,LIME,1,0.4,0.4,0.3,0.314136,0.125654,12565445,False,14.9815,0,0.2,-,-
2023-02-16,117460,에너지,3,15883.0,12.0,-,1,0.4,0.4,0.25,0.26178,0.104712,10471204,False,21.6656,0,0.2,-,-
2023-02-17,195930,유로스,1,14871.0,15.0,-,1,0.6,0.6,0.35,0.363636,0.218182,21818181,False,15.0061,0,0.2,-,-
2023-02-17,117680,철강주,2,8048.0,13.5,LIME,1,0.5,0.5,0.3,0.311688,0.155844,15584415,False,21.0714,0,0.2,-,-
2023-02-17,305720,이차전,3,22376.0,13.0,LIME,2,0.45,0.45,0.25,0.220779,0.099351,9935064,False,29.9473,0,0.2,-,-
2023-02-17,117460,에너지,4,15664.0,12.5,-,1,0.4,0.4,0.1,0.103896,0.041558,4155844,False,21.5115,0,0.2,-,-
2023-02-20,195930,유로스,1,14901.0,15.25,-,1,0.6,0.6,0.33,0.340206,0.204124,20412371,False,14.9712,0,0.2,-,-
2023-02-20,117680,철강주,2,8312.0,14.25,LIME,1,0.55,0.55,0.27,0.278351,0.153093,15309278,False,22.0024,0,0.2,-,-
2023-02-20,229200,코스닥,3,11353.0,12.5,GREEN,1,0.4,0.4,0.2,0.185567,0.074227,7422680,False,27.5657,0,0.2,-,-
2023-02-20,117460,에너지,4,15611.0,12.5,-,1,0.4,0.4,0.1,0.103093,0.041237,4123711,False,21.5083,0,0.2,-,-
2023-02-20,305720,이차전,5,22162.0,11.25,-,3,0.3,0.3,0.1,0.092784,0.027835,2783505,False,30.0032,0,0.2,-,-
2023-02-21,229200,코스닥,1,11422.0,14.75,GREEN,1,0.55,0.55,0.33,0.322034,0.177119,17711864,False,27.1747,0,0.2,-,-
2023-02-21,117680,철강주,2,8555.0,15.0,LIME,1,0.6,0.6,0.27,0.27735,0.16641,16640986,False,22.6561,0,0.2,-,-
2023-02-21,117460,에너지,3,15999.0,15.25,GREEN,1,0.6,0.6,0.2,0.205444,0.123267,12326656,False,21.9244,0,0.2,-,-
2023-02-21,195930,유로스,4,14841.0,14.75,-,2,0.5,0.5,0.1,0.102722,0.051361,5136106,False,15.0068,0,0.2,-,-
2023-02-21,305720,이차전,5,22892.0,12.25,-,1,0.4,0.4,0.1,0.09245,0.03698,3697996,False,30.426,0,0.2,-,-
2023-02-22,117680,철강주,1,8409.0,15.5,LIME,1,0.0,0.0,0.35,0.357143,0.0,0,False,22.8588,0,0.0,RED,-
2023-02-22,229200,코스닥,2,11106.0,14.25,-,2,0.0,0.0,0.3,0.290816,0.0,0,False,27.6829,0,0.0,RED,-
2023-02-22,117460,에너지,3,15616.0,14.5,GREEN,2,0.0,0.0,0.25,0.255102,0.0,0,False,22.4365,0,0.0,RED,-
2023-02-22,195930,유로스,4,14666.0,11.0,-,4,0.0,0.0,0.1,0.096939,0.0,0,False,15.2375,1,0.0,RED,-
2023-02-23,117680,철강주,1,8293.0,15.0,LIME,2,0.0,0.0,0.35,0.35533,0.0,0,False,22.975,0,0.0,RED,RED
2023-02-23,229200,코스닥,2,11170.0,13.25,-,2,0.0,0.0,0.3,0.28934,0.0,0,False,27.3342,0,0.0,RED,RED
2023-02-23,117700,건설주,3,2921.0,13.0,-,2,0.0,0.0,0.25,0.253807,0.0,0,False,22.4161,0,0.0,RED,RED
2023-02-23,117460,에너지,4,15582.0,11.75,-,3,0.0,0.0,0.1,0.101523,0.0,0,False,22.2239,0,0.0,RED,RED
2023-02-24,117680,철강주,1,8095.0,13.75,LIME,2,0.0,0.0,0.45,0.444156,0.0,0,False,23.1148,1,0.0,RED,RED
2023-02-24,229200,코스닥,2,11046.0,11.25,-,3,0.0,0.0,0.3,0.296104,0.0,0,False,27.2628,0,0.0,RED,RED
2023-02-24,139230,조선주,3,2985.0,12.0,GREEN,2,0.0,0.0,0.25,0.25974,0.0,0,False,21.3885,0,0.0,RED,RED
2023-02-27,117680,철강주,1,8141.0,12.0,LIME,2,0.0,0.0,1.0,1.0,0.0,0,False,22.7002,1,0.0,RED,RED
2023-03-02,411060,금현물,1,11030.0,12.0,LIME,1,0.0,0.0,0.55,0.589812,0.0,0,False,8.5701,0,0.0,RED,RED
2023-03-02,305720,이차전,2,23000.0,11.5,-,1,0.0,0.0,0.45,0.410188,0.0,0,False,29.9684,0,0.0,RED,RED
2023-03-03,305720,이차전,1,24199.0,14.75,-,1,0.0,0.0,0.45,0.43734,0.0,0,False,31.5975,0,0.0,RED,RED
2023-03-03,411060,금현물,2,11060.0,14.0,LIME,1,0.0,0.0,0.3,0.306905,0.0,0,False,8.5107,0,0.0,RED,RED
2023-03-03,229200,코스닥,3,11491.0,11.25,-,1,0.0,0.0,0.25,0.255754,0.0,0,False,27.294,0,0.0,RED,RED
2023-03-06,305720,이차전,1,25859.0,15.5,LIME,1,0.0,0.0,0.35,0.326425,0.0,0,False,34.3189,0,0.0,RED,RED
2023-03-06,229200,코스닥,2,11764.0,13.5,GREEN,1,0.0,0.0,0.3,0.310881,0.0,0,False,27.3373,0,0.0,RED,RED
2023-03-06,117460,에너지,3,16494.0,13.5,LIME,1,0.0,0.0,0.25,0.259067,0.0,0,False,22.5231,0,0.0,RED,RED
2023-03-06,411060,금현물,4,11015.0,14.0,LIME,2,0.0,0.0,0.1,0.103627,0.0,0,False,8.5539,0,0.0,RED,RED
2023-03-07,305720,이차전,1,26126.0,16.0,LIME,1,0.0,0.0,0.35,0.326425,0.0,0,False,34.1022,0,0.0,RED,RED
2023-03-07,117460,에너지,2,16561.0,15.25,LIME,1,0.0,0.0,0.3,0.310881,0.0,0,False,22.1426,0,0.0,RED,RED
2023-03-07,229200,코스닥,3,11749.0,14.75,GREEN,1,0.0,0.0,0.25,0.259067,0.0,0,False,26.9124,0,0.0,RED,RED
2023-03-07,411060,금현물,4,11010.0,13.0,LIME,2,0.0,0.0,0.1,0.103627,0.0,0,False,8.5112,0,0.0,RED,RED
2023-03-08,305720,이차전,1,25884.0,16.0,LIME,1,0.0,0.0,0.35,0.326425,0.0,0,False,33.4861,0,0.0,RED,RED
2023-03-08,229200,코스닥,2,11764.0,16.0,GREEN,1,0.0,0.0,0.3,0.310881,0.0,0,False,26.9014,0,0.0,RED,RED
2023-03-08,117460,에너지,3,16309.0,16.0,LIME,1,0.0,0.0,0.25,0.259067,0.0,0,False,22.3584,0,0.0,RED,RED
2023-03-08,411060,금현물,4,11045.0,13.0,LIME,1,0.0,0.0,0.1,0.103627,0.0,0,False,8.5281,0,0.0,RED,RED
2023-03-09,305720,이차전,1,25022.0,15.0,-,2,0.0,0.0,0.35,0.326425,0.0,0,False,34.2153,0,0.0,RED,RED
2023-03-09,229200,코스닥,2,11656.0,15.0,GREEN,2,0.0,0.0,0.3,0.310881,0.0,0,False,26.649,0,0.0,RED,RED
2023-03-09,117460,에너지,3,16120.0,15.0,-,2,0.0,0.0,0.25,0.259067,0.0,0,False,22.249,0,0.0,RED,RED
2023-03-09,411060,금현물,4,11085.0,13.0,LIME,1,0.0,0.0,0.1,0.103627,0.0,0,False,8.546,0,0.0,RED,RED
2023-03-10,117700,건설주,1,2999.0,16.0,GREEN,1,0.0,0.0,0.33,0.349391,0.0,0,False,22.6106,0,0.0,RED,RED
2023-03-10,305720,이차전,2,24938.0,13.75,-,2,0.0,0.0,0.27,0.242986,0.0,0,False,34.239,0,0.0,RED,RED
2023-03-10,229200,코스닥,3,11388.0,13.0,-,3,0.0,0.0,0.2,0.201165,0.0,0,False,27.0924,0,0.0,RED,RED
2023-03-10,411060,금현물,4,11165.0,14.0,LIME,1,0.0,0.0,0.1,0.105876,0.0,0,False,8.6406,0,0.0,RED,RED
2023-03-10,117460,에너지,5,15950.0,12.75,-,3,0.0,0.0,0.1,0.100582,0.0,0,False,22.2796,1,0.0,RED,RED
2023-03-13,117700,건설주,1,2979.0,15.0,GREEN,2,0.0,0.0,0.33,0.341969,0.0,0,False,22.6314,0,0.0,RED,RED
2023-03-13,411060,금현물,2,11285.0,15.25,LIME,1,0.0,0.0,0.27,0.279793,0.0,0,False,8.6451,0,0.0,RED,RED
2023-03-13,305720,이차전,3,25295.0,12.0,-,2,0.0,0.0,0.2,0.176166,0.0,0,False,33.9555,0,0.0,RED,RED
2023-03-13,117460,에너지,4,16349.0,12.0,-,1,0.0,0.0,0.1,0.103627,0.0,0,False,22.7134,0,0.0,RED,RED
2023-03-13,229200,코스닥,5,11516.0,11.25,-,2,0.0,0.0,0.1,0.098446,0.0,0,False,27.1523,0,0.0,RED,RED
2023-03-14,411060,금현물,1,11500.0,15.5,LIME,1,0.0,0.0,0.55,0.602162,0.0,0,False,9.3391,0,0.0,RED,RED
2023-03-14,117700,건설주,2,2907.0,12.25,GREEN,4,0.0,0.0,0.45,0.397838,0.0,0,False,23.1186,1,0.0,RED,RED
2023-03-15,411060,금현물,1,11325.0,15.75,LIME,1,0.0,0.0,0.55,0.589812,0.0,0,False,9.8125,0,0.0,RED,RED
2023-03-15,117700,건설주,2,2979.0,11.5,GREEN,1,0.0,0.0,0.45,0.410188,0.0,0,False,23.2648,0,0.0,RED,RED
2023-03-16,411060,금현물,1,11590.0,16.0,LIME,1,0.0,0.0,0.45,0.45,0.0,0,False,10.7898,0,0.0,RED,RED
2023-03-16,117700,건설주,2,3031.0,11.5,GREEN,1,0.0,0.0,0.3,0.3,0.0,0,False,23.3961,0,0.0,RED,RED
2023-03-16,117460,에너지,3,16300.0,11.5,-,1,0.0,0.0,0.25,0.25,0.0,0,False,23.6235,0,0.0,RED,RED
2023-03-17,411060,금현물,1,11595.0,16.0,LIME,1,0.0,0.0,0.55,0.575916,0.0,0,False,10.7039,0,0.0,RED,RED
2023-03-17,117700,건설주,2,3014.0,12.0,GREEN,1,0.0,0.0,0.45,0.424084,0.0,0,False,23.3176,0,0.0,RED,RED
2023-03-20,411060,금현물,1,12000.0,16.0,LIME,1,0.0,0.0,0.55,0.575916,0.0,0,False,12.6314,0,0.0,RED,RED
2023-03-20,117700,건설주,2,2989.0,13.75,GREEN,2,0.0,0.0,0.45,0.424084,0.0,0,False,23.1812,0,0.0,RED,RED
2023-03-21,411060,금현물,1,11935.0,16.0,LIME,1,0.0,0.0,0.55,0.575916,0.0,0,False,12.6964,0,0.0,RED,RED
2023-03-21,117700,건설주,2,2999.0,12.25,GREEN,2,0.0,0.0,0.45,0.424084,0.0,0,False,23.0212,0,0.0,RED,RED
2023-03-22,411060,금현물,1,11660.0,15.0,LIME,2,0.22,0.22,0.55,0.575916,0.126702,12670157,False,13.6011,0,0.2,-,RED
2023-03-22,229200,코스닥,2,11854.0,12.25,GREEN,1,0.2,0.2,0.45,0.424084,0.084817,8481675,False,28.4968,0,0.2,-,RED
2023-03-23,229200,코스닥,1,11859.0,13.0,GREEN,1,0.5,0.5,0.55,0.52381,0.261905,26190476,False,28.131,0,0.3,-,-
2023-03-23,411060,금현물,2,11715.0,13.75,LIME,2,0.45,0.45,0.45,0.47619,0.214286,21428571,False,13.4827,0,0.3,-,-
2023-03-24,229200,코스닥,1,11983.0,14.75,GREEN,1,0.55,0.55,0.45,0.455696,0.250633,25063291,False,28.1662,0,0.2,-,-
2023-03-24,411060,금현물,2,11810.0,12.5,LIME,2,0.35,0.35,0.3,0.303797,0.106329,10632911,False,13.5041,0,0.2,-,-
2023-03-24,305720,이차전,3,25944.0,11.0,-,1,0.35,0.35,0.25,0.240506,0.084177,8417721,False,34.7136,0,0.2,-,-
2023-03-27,229200,코스닥,1,12021.0,16.0,GREEN,1,0.6,0.6,0.35,0.360825,0.216495,21649484,False,27.8317,0,0.2,-,-
2023-03-27,305720,이차전,2,26568.0,13.75,-,1,0.5,0.5,0.3,0.278351,0.139175,13917525,False,34.9094,0,0.2,-,-
2023-03-27,117460,에너지,3,16349.0,13.0,-,1,0.5,0.5,0.25,0.257732,0.128866,12886597,False,23.3326,0,0.2,-,-
2023-03-27,411060,금현물,4,11840.0,11.75,LIME,1,0.35,0.35,0.1,0.103093,0.036082,3608247,False,13.4735,0,0.2,-,-
2023-03-28,229200,코스닥,1,12041.0,16.0,GREEN,1,0.7,0.6,0.33,0.342679,0.239875,23987538,False,26.4502,0,0.7,GREEN,-
2023-03-28,305720,이차전,2,26355.0,15.0,-,1,0.7,0.6,0.27,0.252336,0.176636,17663551,False,33.991,0,0.7,GREEN,-
2023-03-28,091160,반도체,3,27453.0,13.75,GREEN,1,0.7,0.5,0.2,0.1973,0.13811,13811007,False,30.2208,0,0.7,GREEN,-
2023-03-28,117460,에너지,4,16431.0,14.0,-,1,0.7,0.55,0.1,0.103842,0.07269,7268951,False,22.7994,0,0.7,GREEN,-
2023-03-28,411060,금현물,5,11740.0,11.0,LIME,2,0.7,0.3,0.1,0.103842,0.07269,7268951,False,13.4906,0,0.7,GREEN,-
2023-03-29,305720,이차전,1,26757.0,15.75,LIME,1,0.7,0.6,0.33,0.310345,0.217241,21724137,False,34.0428,0,0.7,GREEN,GREEN
2023-03-29,229200,코스닥,2,12235.0,16.0,GREEN,1,0.7,0.6,0.27,0.282132,0.197492,19749216,False,26.3884,0,0.7,GREEN,GREEN
2023-03-29,091160,반도체,3,27707.0,14.75,GREEN,1,0.7,0.55,0.2,0.198537,0.138976,13897596,False,30.2073,0,0.7,GREEN,GREEN
2023-03-29,117460,에너지,4,16911.0,14.75,LIME,1,0.7,0.55,0.1,0.104493,0.073145,7314524,False,23.3812,0,0.7,GREEN,GREEN
2023-03-29,411060,금현물,5,11770.0,11.0,LIME,2,0.7,0.3,0.1,0.104493,0.073145,7314524,False,13.4458,0,0.7,GREEN,GREEN
2023-03-30,305720,이차전,1,27202.0,16.0,LIME,1,0.7,0.6,0.35,0.338422,0.236896,23689567,False,34.0955,0,0.7,GREEN,GREEN
2023-03-30,229200,코스닥,2,12399.0,16.0,GREEN,1,0.7,0.6,0.3,0.305344,0.21374,21374045,False,26.3729,0,0.7,GREEN,GREEN
2023-03-30,091160,반도체,3,28284.0,15.5,GREEN,1,0.7,0.6,0.25,0.254453,0.178117,17811704,False,30.3955,0,0.7,GREEN,GREEN
2023-03-30,117460,에너지,4,17256.0,15.5,LIME,1,0.7,0.6,0.1,0.101781,0.071247,7124681,False,23.6335,0,0.7,GREEN,GREEN
2023-03-31,305720,이차전,1,27395.0,16.0,LIME,1,0.7,0.6,0.35,0.338422,0.236896,23689567,False,32.7685,0,0.7,GREEN,GREEN
2023-03-31,091160,반도체,2,28460.0,16.0,GREEN,1,0.7,0.6,0.3,0.305344,0.21374,21374045,False,30.0541,0,0.7,GREEN,GREEN
2023-03-31,229200,코스닥,3,12478.0,16.0,GREEN,1,0.7,0.6,0.25,0.254453,0.178117,17811704,False,25.554,0,0.7,GREEN,GREEN
2023-03-31,117460,에너지,4,17338.0,15.75,LIME,1,0.7,0.6,0.1,0.101781,0.071247,7124681,False,23.2654,0,0.7,GREEN,GREEN
2023-04-03,305720,이차전,1,28228.0,16.0,LIME,1,0.7,0.6,0.35,0.338422,0.236896,23689567,False,33.0308,0,0.7,GREEN,GREEN
2023-04-03,229200,코스닥,2,12553.0,16.0,LIME,1,0.7,0.6,0.3,0.305344,0.21374,21374045,False,25.1483,0,0.7,GREEN,GREEN
2023-04-03,091160,반도체,3,28230.0,16.0,GREEN,1,0.7,0.6,0.25,0.254453,0.178117,17811704,False,29.5437,0,0.7,GREEN,GREEN
2023-04-03,117460,에너지,4,17286.0,16.0,LIME,1,0.7,0.6,0.1,0.101781,0.071247,7124681,False,22.8087,0,0.7,GREEN,GREEN
2023-04-04,305720,이차전,1,27741.0,16.0,LIME,1,0.7,0.6,0.35,0.338422,0.236896,23689567,False,33.1897,0,0.7,GREEN,GREEN
2023-04-04,229200,코스닥,2,12577.0,16.0,LIME,1,0.7,0.6,0.3,0.305344,0.21374,21374045,False,25.0294,0,0.7,GREEN,GREEN
2023-04-04,117460,에너지,3,17226.0,16.0,LIME,1,0.7,0.6,0.25,0.254453,0.178117,17811704,False,22.7629,0,0.7,GREEN,GREEN
2023-04-04,091160,반도체,4,27580.0,15.0,GREEN,2,0.7,0.55,0.1,0.101781,0.071247,7124681,False,29.858,0,0.7,GREEN,GREEN
2023-04-05,305720,이차전,1,28614.0,16.0,LIME,1,0.7,0.6,0.35,0.338422,0.236896,23689567,False,33.3711,0,0.7,GREEN,GREEN
2023-04-05,229200,코스닥,2,12855.0,16.0,LIME,1,0.7,0.6,0.3,0.305344,0.21374,21374045,False,25.2725,0,0.7,GREEN,GREEN
2023-04-05,117460,에너지,3,17431.0,16.0,LIME,1,0.7,0.6,0.25,0.254453,0.178117,17811704,False,22.7835,0,0.7,GREEN,GREEN
2023-04-05,091160,반도체,4,27614.0,13.25,GREEN,2,0.7,0.45,0.1,0.101781,0.071247,7124681,False,29.8549,0,0.7,GREEN,GREEN
2023-04-06,305720,이차전,1,28540.0,16.0,LIME,1,0.6,0.6,0.35,0.340153,0.204092,20409207,False,33.4156,0,0.5,GREEN,GREEN
2023-04-06,229200,코스닥,2,12775.0,16.0,LIME,1,0.6,0.6,0.3,0.306905,0.184143,18414322,False,25.3682,0,0.5,GREEN,GREEN
2023-04-06,117460,에너지,3,17226.0,14.5,LIME,2,0.5,0.5,0.25,0.255754,0.127877,12787723,False,22.9476,0,0.5,GREEN,GREEN
2023-04-06,091160,반도체,4,27063.0,11.0,GREEN,3,0.5,0.3,0.1,0.097187,0.048593,4859335,False,28.6772,1,0.5,GREEN,GREEN
2023-04-07,305720,이차전,1,28937.0,16.0,LIME,1,0.7,0.6,0.35,0.326425,0.228497,22849740,False,32.9538,0,0.7,GREEN,GREEN
2023-04-07,229200,코스닥,2,13158.0,16.0,LIME,1,0.7,0.6,0.3,0.310881,0.217617,21761658,False,25.636,0,0.7,GREEN,GREEN
2023-04-07,411060,금현물,3,12460.0,16.0,LIME,1,0.7,0.6,0.25,0.259067,0.181347,18134715,False,14.0956,0,0.7,GREEN,GREEN
2023-04-07,117460,에너지,4,17717.0,14.5,LIME,1,0.7,0.55,0.1,0.103627,0.072539,7253886,False,23.2886,0,0.7,GREEN,GREEN
2023-04-10,305720,이차전,1,30244.0,16.0,LIME,1,0.7,0.6,0.35,0.326425,0.228497,22849740,False,33.7428,0,0.7,GREEN,GREEN
2023-04-10,229200,코스닥,2,13548.0,16.0,LIME,1,0.7,0.6,0.3,0.310881,0.217617,21761658,False,25.9093,0,0.7,GREEN,GREEN
2023-04-10,117460,에너지,3,18779.0,14.5,LIME,1,0.7,0.55,0.25,0.259067,0.181347,18134715,False,25.7034,0,0.7,GREEN,GREEN
2023-04-10,411060,금현물,4,12205.0,15.0,LIME,2,0.7,0.55,0.1,0.103627,0.072539,7253886,False,14.6616,0,0.7,GREEN,GREEN
2023-04-11,305720,이차전,1,30532.0,16.0,LIME,1,0.85,0.6,0.35,0.326425,0.277461,27746113,False,33.5876,0,0.85,LIME,GREEN
2023-04-11,229200,코스닥,2,13766.0,16.0,LIME,1,0.85,0.6,0.3,0.310881,0.264249,26424870,False,25.8643,0,0.85,LIME,GREEN
2023-04-11,117460,에너지,3,19323.0,14.5,LIME,1,0.85,0.55,0.25,0.259067,0.220207,22020725,False,25.5789,0,0.85,LIME,GREEN
2023-04-11,411060,금현물,4,12225.0,14.0,LIME,2,0.85,0.5,0.1,0.103627,0.088083,8808290,False,14.6382,0,0.85,LIME,GREEN
2023-04-12,229200,코스닥,1,13478.0,16.0,LIME,1,0.85,0.6,0.35,0.358974,0.305128,30512820,False,25.9136,0,0.85,LIME,LIME
2023-04-12,117460,에너지,2,18381.0,16.0,LIME,1,0.85,0.6,0.3,0.307692,0.261538,26153846,False,27.7588,0,0.85,LIME,LIME
2023-04-12,305720,이차전,3,29382.0,15.0,LIME,2,0.85,0.55,0.25,0.230769,0.196154,19615384,False,34.7705,0,0.85,LIME,LIME
2023-04-12,411060,금현물,4,12330.0,13.75,LIME,1,0.85,0.5,0.1,0.102564,0.087179,8717948,False,14.6627,0,0.85,LIME,LIME
2023-04-13,229200,코스닥,1,13483.0,15.0,LIME,2,0.85,0.55,0.33,0.333333,0.283333,28333333,False,25.6637,0,0.85,LIME,LIME
2023-04-13,117460,에너지,2,18338.0,15.0,LIME,2,0.85,0.55,0.27,0.272727,0.231818,23181818,False,27.6213,0,0.85,LIME,LIME
2023-04-13,377990,신재생,3,10332.0,15.25,LIME,1,0.85,0.6,0.2,0.20202,0.171717,17171717,False,23.8181,0,0.85,LIME,LIME
2023-04-13,305720,이차전,4,29240.0,14.0,LIME,2,0.85,0.5,0.1,0.090909,0.077273,7727272,False,34.7135,0,0.85,LIME,LIME
2023-04-13,411060,금현물,5,12245.0,12.0,LIME,2,0.85,0.35,0.1,0.10101,0.085859,8585858,False,14.7707,0,0.85,LIME,LIME
2023-04-14,117700,건설주,1,3375.0,16.0,LIME,1,0.85,0.6,0.31,0.313765,0.2667,26670040,False,23.0961,0,0.85,LIME,LIME
2023-04-14,117680,철강주,2,9006.0,16.0,LIME,1,0.85,0.6,0.25,0.253036,0.215081,21508097,False,26.2531,0,0.85,LIME,LIME
2023-04-14,091180,자동차,3,17570.0,16.0,LIME,1,0.85,0.6,0.16,0.161943,0.137652,13765182,False,23.1418,0,0.85,LIME,LIME
2023-04-14,377990,신재생,4,10455.0,16.0,LIME,1,0.85,0.6,0.1,0.101215,0.086032,8603238,False,22.9318,0,0.85,LIME,LIME
2023-04-14,229200,코스닥,5,13668.0,14.75,LIME,1,0.85,0.55,0.1,0.101215,0.086032,8603238,False,25.7215,0,0.85,LIME,LIME
2023-04-14,305720,이차전,6,30105.0,13.75,LIME,1,0.85,0.5,0.08,0.068826,0.058502,5850202,False,34.9918,0,0.85,LIME,LIME
2023-04-17,117700,건설주,1,3524.0,16.0,LIME,1,0.85,0.6,0.31,0.313765,0.2667,26670040,False,24.4821,0,0.85,LIME,LIME
2023-04-17,117680,철강주,2,9286.0,16.0,LIME,1,0.85,0.6,0.25,0.253036,0.215081,21508097,False,26.476,0,0.85,LIME,LIME
2023-04-17,377990,신재생,3,10725.0,16.0,LIME,1,0.85,0.6,0.16,0.161943,0.137652,13765182,False,23.3289,0,0.85,LIME,LIME
2023-04-17,091180,자동차,4,17565.0,15.75,LIME,1,0.85,0.6,0.1,0.101215,0.086032,8603238,False,23.0492,0,0.85,LIME,LIME
2023-04-17,229200,코스닥,5,13688.0,14.5,LIME,1,0.85,0.55,0.1,0.101215,0.086032,8603238,False,25.6505,0,0.85,LIME,LIME
2023-04-17,305720,이차전,6,31042.0,13.75,LIME,1,0.85,0.5,0.08,0.068826,0.058502,5850202,False,35.2598,0,0.85,LIME,LIME
2023-04-18,117700,건설주,1,3519.0,16.0,LIME,1,0.85,0.6,0.31,0.314721,0.267513,26751269,False,24.4817,0,0.85,LIME,LIME
2023-04-18,377990,신재생,2,10715.0,16.0,LIME,1,0.85,0.6,0.25,0.253807,0.215736,21573604,False,23.2559,0,0.85,LIME,LIME
2023-04-18,117680,철강주,3,9208.0,16.0,LIME,1,0.85,0.6,0.16,0.162437,0.138071,13807106,False,26.5301,0,0.85,LIME,LIME
2023-04-18,305720,이차전,4,31152.0,14.75,LIME,1,0.85,0.55,0.1,0.086294,0.07335,7335025,False,35.2604,0,0.85,LIME,LIME
2023-04-18,229200,코스닥,5,13683.0,13.75,LIME,1,0.85,0.5,0.1,0.101523,0.086294,8629441,False,25.672,0,0.85,LIME,LIME
2023-04-18,091180,자동차,6,17240.0,14.5,LIME,2,0.85,0.5,0.08,0.081218,0.069036,6903553,False,23.363,0,0.85,LIME,LIME
2023-04-19,117700,건설주,1,3601.0,16.0,LIME,1,0.85,0.6,0.31,0.317949,0.270256,27025641,False,24.7627,0,0.85,LIME,LIME
2023-04-19,305720,이차전,2,31646.0,15.75,LIME,1,0.85,0.6,0.25,0.230769,0.196154,19615384,False,34.9405,0,0.85,LIME,LIME
2023-04-19,377990,신재생,3,10769.0,16.0,LIME,1,0.85,0.6,0.16,0.164103,0.139487,13948717,False,23.2523,0,0.85,LIME,LIME
2023-04-19,117680,철강주,4,9264.0,16.0,LIME,1,0.85,0.6,0.1,0.102564,0.087179,8717948,False,26.4279,0,0.85,LIME,LIME
2023-04-19,229200,코스닥,5,13568.0,13.5,LIME,2,0.85,0.45,0.1,0.102564,0.087179,8717948,False,25.3157,0,0.85,LIME,LIME
2023-04-19,091180,자동차,6,17570.0,13.75,LIME,1,0.85,0.5,0.08,0.082051,0.069744,6974358,False,23.5745,0,0.85,LIME,LIME
2023-04-20,305720,이차전,1,31067.0,16.0,LIME,1,0.8,0.6,0.31,0.289119,0.231295,23129533,False,35.2232,0,0.8,LIME,LIME
2023-04-20,117700,건설주,2,3549.0,16.0,LIME,1,0.8,0.6,0.25,0.259067,0.207254,20725388,False,24.86,0,0.8,LIME,LIME
2023-04-20,139230,조선주,3,3265.0,16.0,LIME,1,0.8,0.6,0.16,0.165803,0.132642,13264248,False,22.9406,0,0.8,LIME,LIME
2023-04-20,117680,철강주,4,9191.0,15.75,LIME,1,0.8,0.6,0.1,0.103627,0.082902,8290155,False,26.3448,0,0.8,LIME,LIME
2023-04-20,377990,신재생,5,10577.0,15.0,LIME,2,0.8,0.55,0.1,0.103627,0.082902,8290155,False,23.1599,0,0.8,LIME,LIME
2023-04-20,229200,코스닥,6,13167.0,11.5,-,3,0.8,0.3,0.08,0.078756,0.063005,6300518,False,26.2624,1,0.8,LIME,LIME
2023-04-21,139230,조선주,1,3245.0,16.0,LIME,1,0.6,0.6,0.33,0.336477,0.201886,20188631,False,22.9736,0,0.6,LIME,LIME
2023-04-21,117700,건설주,2,3539.0,15.0,LIME,2,0.6,0.55,0.27,0.2753,0.16518,16517970,False,24.7947,0,0.6,LIME,LIME
2023-04-21,377990,신재생,3,10725.0,15.0,LIME,1,0.6,0.6,0.2,0.203926,0.122355,12235534,False,23.2551,0,0.6,LIME,LIME
2023-04-21,305720,이차전,4,29903.0,14.0,-,3,0.6,0.5,0.1,0.082335,0.049401,4940096,False,36.107,1,0.6,LIME,LIME
2023-04-21,117680,철강주,5,8946.0,13.5,LIME,3,0.6,0.45,0.1,0.101963,0.061178,6117767,False,27.012,0,0.6,LIME,LIME
2023-04-24,139230,조선주,1,3255.0,16.0,LIME,1,0.6,0.6,0.33,0.333249,0.19995,19994950,False,22.9361,0,0.2,-,LIME
2023-04-24,241180,니케이,2,16341.0,15.75,LIME,1,0.6,0.6,0.27,0.272658,0.163595,16359505,False,13.8255,0,0.2,-,LIME
2023-04-24,377990,신재생,3,10720.0,14.25,LIME,1,0.55,0.55,0.2,0.201969,0.111083,11108305,False,23.2406,0,0.2,-,LIME
2023-04-24,117700,건설주,4,3443.0,13.25,-,2,0.45,0.45,0.1,0.100985,0.045443,4544306,False,25.427,0,0.2,-,LIME
2023-04-24,117680,철강주,5,8900.0,11.25,-,3,0.3,0.3,0.1,0.091139,0.027342,2734158,False,26.897,1,0.2,-,LIME
2023-04-25,139230,조선주,1,3270.0,16.0,LIME,1,0.6,0.6,0.33,0.331658,0.198995,19899497,False,22.8886,0,0.2,-,-
2023-04-25,241180,니케이,2,16346.0,16.0,LIME,1,0.6,0.6,0.27,0.271357,0.162814,16281407,False,13.4576,0,0.2,-,-
2023-04-25,195930,유로스,3,15340.0,16.0,LIME,1,0.6,0.6,0.2,0.201005,0.120603,12060301,False,17.2728,0,0.2,-,-
2023-04-25,377990,신재생,4,10494.0,12.0,-,3,0.35,0.35,0.1,0.100503,0.035176,3517587,False,23.732,0,0.2,-,-
2023-04-25,117700,건설주,5,3408.0,11.0,-,3,0.3,0.3,0.1,0.095477,0.028643,2864321,False,25.4487,0,0.2,-,-
2023-04-26,241180,니케이,1,16289.0,15.0,LIME,2,0.55,0.55,0.45,0.463918,0.255155,25515463,False,13.4467,0,0.2,-,-
2023-04-26,139230,조선주,2,3182.0,14.0,LIME,3,0.5,0.5,0.3,0.278351,0.139175,13917525,False,23.4222,0,0.2,-,-
2023-04-26,195930,유로스,3,15210.0,14.0,-,3,0.5,0.5,0.25,0.257732,0.128866,12886597,False,17.338,0,0.2,-,-
2023-04-27,241180,니케이,1,16322.0,15.0,LIME,1,0.6,0.6,0.45,0.467532,0.280519,28051948,False,13.3589,0,0.2,-,-
2023-04-27,411060,금현물,2,12340.0,11.5,-,1,0.35,0.35,0.3,0.311688,0.109091,10909090,False,14.871,0,0.2,-,-
2023-04-27,139230,조선주,3,3196.0,12.0,LIME,3,0.35,0.35,0.25,0.220779,0.077273,7727272,False,23.1713,0,0.2,-,-
2023-04-28,241180,니케이,1,16505.0,15.0,LIME,1,0.6,0.6,0.55,0.55,0.33,33000000,False,13.4904,0,0.3,-,-
2023-04-28,411060,금현물,2,12205.0,11.5,-,2,0.3,0.3,0.45,0.45,0.135,13500000,False,15.0768,0,0.3,-,-
2023-05-02,241180,니케이,1,16336.0,13.5,LIME,2,0.45,0.45,0.45,0.45,0.2025,20250000,False,13.3481,0,0.4,-,-
2023-05-02,411060,금현물,2,12275.0,11.5,-,1,0.4,0.35,0.3,0.3,0.12,12000000,False,15.0181,0,0.4,-,-
2023-05-02,147970,티모멘,3,22937.0,11.25,LIME,1,0.4,0.35,0.25,0.25,0.1,10000000,False,15.4468,0,0.4,-,-
2023-05-03,147970,티모멘,1,22893.0,13.5,LIME,1,0.5,0.5,0.45,0.45,0.225,22500000,False,15.2445,0,0.3,-,-
2023-05-03,241180,니케이,2,16317.0,13.0,-,2,0.45,0.45,0.3,0.3,0.135,13500000,False,13.2184,0,0.3,-,-
2023-05-03,411060,금현물,3,12415.0,12.0,-,1,0.4,0.4,0.25,0.25,0.1,10000000,False,15.1177,0,0.3,-,-
2023-05-04,147970,티모멘,1,22951.0,14.0,LIME,1,0.55,0.55,0.45,0.45,0.2475,24750000,False,15.1833,0,0.2,-,-
2023-05-04,411060,금현물,2,12460.0,12.25,LIME,1,0.4,0.4,0.3,0.3,0.12,11999999,False,15.1124,0,0.2,-,-
2023-05-04,241180,니케이,3,16303.0,11.25,-,3,0.3,0.3,0.25,0.25,0.075,7500000,False,13.2126,0,0.2,-,-
2023-05-08,147970,티모멘,1,22966.0,16.0,LIME,1,0.6,0.6,0.55,0.55,0.33,33000000,False,15.1807,0,0.3,-,-
2023-05-08,411060,금현물,2,12335.0,13.0,-,2,0.45,0.45,0.45,0.45,0.2025,20250000,False,15.0691,0,0.3,-,-
2023-05-09,147970,티모멘,1,22647.0,14.5,LIME,3,0.5,0.5,0.45,0.43734,0.21867,21867007,False,15.4489,1,0.2,-,-
2023-05-09,411060,금현물,2,12395.0,12.75,LIME,1,0.4,0.4,0.3,0.306905,0.122762,12276214,False,14.9829,0,0.2,-,-
2023-05-09,241180,니케이,3,16525.0,11.0,-,1,0.35,0.35,0.25,0.255754,0.089514,8951406,False,13.158,0,0.2,-,-
2023-05-10,411060,금현물,1,12420.0,13.25,LIME,1,0.1,0.0,0.45,0.45,0.045,4500000,False,14.9672,0,0.1,PURPLE,-
2023-05-10,147970,티모멘,2,22786.0,13.0,LIME,2,0.1,0.0,0.3,0.3,0.03,3000000,False,15.2382,0,0.1,PURPLE,-
2023-05-10,241180,니케이,3,16429.0,12.5,-,1,0.1,0.0,0.25,0.25,0.025,2500000,False,13.2196,0,0.1,PURPLE,-
2023-05-11,091180,자동차,1,18047.0,14.5,LIME,1,0.1,0.0,0.35,0.313984,0.031398,3139841,False,22.6394,0,0.1,PURPLE,PURPLE
2023-05-11,241180,니케이,2,16530.0,14.25,LIME,1,0.1,0.0,0.3,0.316623,0.031662,3166226,False,13.2331,0,0.1,PURPLE,PURPLE
2023-05-11,411060,금현물,3,12405.0,12.5,LIME,1,0.1,0.0,0.25,0.263852,0.026385,2638522,False,14.9438,0,0.1,PURPLE,PURPLE
2023-05-11,147970,티모멘,4,22835.0,11.25,LIME,2,0.1,0.0,0.1,0.105541,0.010554,1055408,False,14.9378,0,0.1,PURPLE,PURPLE
2023-05-12,241180,니케이,1,16742.0,16.0,LIME,1,0.1,0.0,0.45,0.471204,0.04712,4712041,False,13.4267,0,0.1,PURPLE,PURPLE
2023-05-12,091180,자동차,2,17947.0,15.25,LIME,1,0.1,0.0,0.3,0.267016,0.026702,2670157,False,22.6796,0,0.1,PURPLE,PURPLE
2023-05-12,411060,금현물,3,12330.0,11.75,-,3,0.1,0.0,0.25,0.26178,0.026178,2617801,False,14.9704,0,0.1,PURPLE,PURPLE
2023-05-15,241180,니케이,1,16674.0,16.0,LIME,1,0.1,0.0,0.45,0.471204,0.04712,4712041,False,13.4746,0,0.1,PURPLE,PURPLE
2023-05-15,091180,자동차,2,18093.0,15.5,LIME,1,0.1,0.0,0.3,0.267016,0.026702,2670157,False,22.685,0,0.1,PURPLE,PURPLE
2023-05-15,411060,금현물,3,12410.0,12.5,-,1,0.1,0.0,0.25,0.26178,0.026178,2617801,False,14.856,0,0.1,PURPLE,PURPLE
2023-05-16,241180,니케이,1,16940.0,16.0,LIME,1,0.1,0.0,0.45,0.471204,0.04712,4712041,False,13.7441,0,0.1,PURPLE,PURPLE
2023-05-16,091180,자동차,2,17643.0,13.5,LIME,3,0.1,0.0,0.3,0.267016,0.026702,2670157,False,23.2998,0,0.1,PURPLE,PURPLE
2023-05-16,411060,금현물,3,12410.0,12.5,-,1,0.1,0.0,0.25,0.26178,0.026178,2617801,False,14.8499,0,0.1,PURPLE,PURPLE
2023-05-17,241180,니케이,1,16988.0,16.0,LIME,1,0.1,0.0,0.45,0.471204,0.04712,4712041,False,13.7445,0,0.1,PURPLE,PURPLE
2023-05-17,091180,자동차,2,17924.0,12.5,LIME,2,0.1,0.0,0.3,0.267016,0.026702,2670157,False,23.2394,0,0.1,PURPLE,PURPLE
2023-05-17,411060,금현물,3,12315.0,11.0,-,3,0.1,0.0,0.25,0.26178,0.026178,2617801,False,14.9613,0,0.1,PURPLE,PURPLE
2023-05-18,241180,니케이,1,17152.0,16.0,LIME,1,0.24,0.24,0.45,0.45,0.108,10800000,False,13.8268,0,0.2,-,PURPLE
2023-05-18,446770,톱반도,2,12661.0,13.25,GREEN,1,0.2,0.2,0.3,0.3,0.06,6000000,False,23.7664,0,0.2,-,PURPLE
2023-05-18,091180,자동차,3,18174.0,12.5,LIME,1,0.2,0.2,0.25,0.25,0.05,5000000,False,23.0541,0,0.2,-,PURPLE
2023-05-19,241180,니케이,1,17123.0,16.0,LIME,1,0.85,0.6,0.45,0.456853,0.388325,38832487,False,13.8427,0,0.85,LIME,-
2023-05-19,446770,톱반도,2,13105.0,15.5,GREEN,1,0.85,0.6,0.3,0.28934,0.245939,24593908,False,24.6602,0,0.85,LIME,-
2023-05-19,091180,자동차,3,18098.0,12.5,LIME,1,0.85,0.4,0.25,0.253807,0.215736,21573604,False,22.1733,0,0.85,LIME,-
2023-05-22,241180,니케이,1,17192.0,16.0,LIME,1,0.85,0.6,0.45,0.45,0.3825,38250000,False,13.8381,0,0.85,LIME,LIME
2023-05-22,446770,톱반도,2,12963.0,15.75,GREEN,1,0.85,0.6,0.3,0.3,0.255,25500000,False,24.2959,0,0.85,LIME,LIME
2023-05-22,091180,자동차,3,18155.0,14.5,LIME,1,0.85,0.55,0.25,0.25,0.2125,21250000,False,22.1718,0,0.85,LIME,LIME
2023-05-23,446770,톱반도,1,12903.0,16.0,GREEN,1,0.85,0.6,0.45,0.45,0.3825,38250000,False,24.0848,0,0.85,LIME,LIME
2023-05-23,091180,자동차,2,18131.0,15.75,LIME,1,0.85,0.6,0.3,0.3,0.255,25500000,False,22.1755,0,0.85,LIME,LIME
2023-05-23,241180,니케이,3,16974.0,15.0,LIME,2,0.85,0.55,0.25,0.25,0.2125,21250000,False,14.1426,0,0.85,LIME,LIME
2023-05-24,446770,톱반도,1,12779.0,14.75,GREEN,2,0.85,0.5,0.35,0.358974,0.305128,30512820,False,24.2089,0,0.85,LIME,LIME
2023-05-24,091180,자동차,2,18179.0,15.75,LIME,1,0.85,0.6,0.3,0.307692,0.261538,26153846,False,22.1559,0,0.85,LIME,LIME
2023-05-24,091160,반도체,3,28675.0,15.0,LIME,1,0.85,0.6,0.25,0.230769,0.196154,19615384,False,30.2727,0,0.85,LIME,LIME
2023-05-24,241180,니케이,4,16863.0,13.0,-,3,0.85,0.45,0.1,0.102564,0.087179,8717948,False,14.2019,0,0.85,LIME,LIME
2023-05-25,091160,반도체,1,29142.0,15.75,LIME,1,0.8,0.6,0.35,0.338422,0.270738,27073791,False,29.8509,0,0.8,LIME,LIME
2023-05-25,446770,톱반도,2,13612.0,14.75,GREEN,1,0.8,0.55,0.3,0.305344,0.244275,24427480,False,26.6613,0,0.8,LIME,LIME
2023-05-25,139230,조선주,3,3369.0,15.5,LIME,1,0.8,0.6,0.25,0.254453,0.203562,20356234,False,24.2536,0,0.8,LIME,LIME
2023-05-25,091180,자동차,4,17859.0,12.75,LIME,3,0.8,0.35,0.1,0.101781,0.081425,8142493,False,22.1364,0,0.8,LIME,LIME
2023-05-26,091160,반도체,1,29698.0,15.75,LIME,1,0.85,0.6,0.45,0.45,0.3825,38250000,False,29.7458,0,0.85,LIME,LIME
2023-05-26,446770,톱반도,2,14000.0,14.75,GREEN,1,0.85,0.55,0.3,0.3,0.255,25500000,False,27.0905,0,0.85,LIME,LIME
2023-05-26,139230,조선주,3,3316.0,15.0,LIME,2,0.85,0.55,0.25,0.25,0.2125,21250000,False,24.472,0,0.85,LIME,LIME
2023-05-30,091160,반도체,1,30260.0,15.75,LIME,1,0.85,0.6,0.45,0.45,0.3825,38250000,False,29.8756,0,0.85,LIME,LIME
2023-05-30,446770,톱반도,2,14535.0,14.75,GREEN,1,0.85,0.55,0.3,0.3,0.255,25500000,False,27.6666,0,0.85,LIME,LIME
2023-05-30,139230,조선주,3,3334.0,13.75,LIME,2,0.85,0.45,0.25,0.25,0.2125,21250000,False,24.4609,0,0.85,LIME,LIME
2023-05-31,446770,톱반도,1,14604.0,16.0,GREEN,1,0.85,0.6,0.35,0.35533,0.30203,30203045,False,27.5962,0,0.85,LIME,LIME
2023-05-31,091160,반도체,2,30073.0,16.0,LIME,1,0.85,0.6,0.3,0.28934,0.245939,24593908,False,29.7746,0,0.85,LIME,LIME
2023-05-31,069500,코스피,3,32279.0,14.75,LIME,1,0.85,0.55,0.25,0.253807,0.215736,21573604,False,13.1832,0,0.85,LIME,LIME
2023-05-31,139230,조선주,4,3301.0,12.0,LIME,2,0.85,0.35,0.1,0.101523,0.086294,8629441,False,24.4223,0,0.85,LIME,LIME
2023-06-01,091160,반도체,1,30304.0,16.0,LIME,1,0.8,0.6,0.45,0.45,0.36,36000000,False,29.7888,0,0.8,LIME,LIME
2023-06-01,446770,톱반도,2,14164.0,15.0,GREEN,2,0.8,0.55,0.3,0.3,0.24,24000000,False,28.3916,0,0.8,LIME,LIME
2023-06-01,069500,코스피,3,32175.0,14.75,LIME,2,0.8,0.5,0.25,0.25,0.2,20000000,False,13.2103,0,0.8,LIME,LIME
2023-06-02,091160,반도체,1,30142.0,16.0,LIME,1,0.85,0.6,0.35,0.330709,0.281102,28110236,False,29.7944,0,0.85,LIME,LIME
2023-06-02,449190,나스닥,2,11702.0,16.0,GREEN,1,0.85,0.6,0.3,0.314961,0.267717,26771653,False,17.1788,0,0.85,LIME,LIME
2023-06-02,446770,톱반도,3,14317.0,14.0,GREEN,2,0.85,0.5,0.25,0.249344,0.211942,21194225,False,28.0603,0,0.85,LIME,LIME
2023-06-02,069500,코스피,4,32587.0,15.0,LIME,1,0.85,0.6,0.1,0.104987,0.089239,8923884,False,13.4107,0,0.85,LIME,LIME
2023-06-05,449190,나스닥,1,11716.0,16.0,GREEN,1,0.85,0.6,0.33,0.33622,0.285787,28578706,False,17.0559,0,0.85,LIME,LIME
2023-06-05,091160,반도체,2,29812.0,15.0,LIME,2,0.85,0.55,0.27,0.261335,0.222134,22213448,False,29.9266,0,0.85,LIME,LIME
2023-06-05,229200,코스닥,3,13146.0,15.0,LIME,1,0.85,0.6,0.2,0.20377,0.173204,17320427,False,24.5952,0,0.85,LIME,LIME
2023-06-05,069500,코스피,4,32680.0,15.0,LIME,1,0.85,0.6,0.1,0.101885,0.086602,8660213,False,13.4128,0,0.85,LIME,LIME
2023-06-05,446770,톱반도,5,14312.0,12.75,GREEN,2,0.85,0.35,0.1,0.096791,0.082272,8227203,False,28.0732,0,0.85,LIME,LIME
2023-06-07,449190,나스닥,1,11745.0,16.0,GREEN,1,0.85,0.6,0.31,0.32141,0.273199,27319854,False,16.4522,0,0.85,LIME,LIME
2023-06-07,229200,코스닥,2,13390.0,15.0,LIME,1,0.85,0.6,0.25,0.246242,0.209305,20930533,False,24.432,0,0.85,LIME,LIME
2023-06-07,241180,니케이,3,17369.0,15.25,LIME,1,0.85,0.6,0.16,0.165889,0.141006,14100570,False,13.6557,0,0.85,LIME,LIME
2023-06-07,069500,코스피,4,32610.0,15.0,LIME,1,0.85,0.6,0.1,0.103681,0.088129,8812856,False,13.1824,0,0.85,LIME,LIME
2023-06-07,091160,반도체,5,30009.0,13.25,LIME,2,0.85,0.45,0.1,0.088129,0.074909,7490927,False,29.7248,0,0.85,LIME,LIME
2023-06-07,446770,톱반도,6,14116.0,11.0,GREEN,2,0.85,0.3,0.08,0.07465,0.063453,6345256,False,28.118,0,0.85,LIME,LIME
2023-06-08,139230,조선주,1,3592.0,15.25,LIME,1,0.85,0.6,0.31,0.282271,0.23993,23993036,False,25.1372,0,0.85,LIME,LIME
2023-06-08,069500,코스피,2,32568.0,16.0,LIME,1,0.85,0.6,0.25,0.267809,0.227638,22763792,False,13.1283,0,0.85,LIME,LIME
2023-06-08,325020,케모멘,3,11287.0,16.0,LIME,1,0.85,0.6,0.16,0.171398,0.145688,14568826,False,12.4616,0,0.85,LIME,LIME
2023-06-08,229200,코스닥,4,13220.0,15.0,LIME,1,0.85,0.6,0.1,0.091055,0.077397,7739689,False,24.6037,0,0.85,LIME,LIME
2023-06-08,449190,나스닥,5,11497.0,14.5,-,2,0.85,0.5,0.1,0.101768,0.086502,8650241,False,17.1125,1,0.85,LIME,LIME
2023-06-08,241180,니케이,6,17123.0,14.5,LIME,3,0.85,0.5,0.08,0.085699,0.072844,7284413,False,14.0273,0,0.85,LIME,LIME
2023-06-09,139230,조선주,1,3607.0,16.0,LIME,1,0.85,0.6,0.31,0.280767,0.238652,23865210,False,25.026,0,0.85,LIME,LIME
2023-06-09,147970,티모멘,2,23352.0,16.0,LIME,1,0.85,0.6,0.25,0.266383,0.226425,22642514,False,15.2068,0,0.85,LIME,LIME
2023-06-09,069500,코스피,3,32999.0,16.0,LIME,1,0.85,0.6,0.16,0.170485,0.144912,14491209,False,12.9669,0,0.85,LIME,LIME
2023-06-09,229200,코스닥,4,13458.0,15.0,LIME,1,0.85,0.6,0.1,0.09057,0.076985,7698454,False,24.8105,0,0.85,LIME,LIME
2023-06-09,325020,케모멘,5,11430.0,16.0,LIME,1,0.85,0.6,0.1,0.106553,0.09057,9057005,False,12.5062,0,0.85,LIME,LIME
2023-06-09,449190,나스닥,6,11697.0,14.5,-,1,0.85,0.55,0.08,0.085242,0.072456,7245604,False,17.0077,0,0.85,LIME,LIME
2023-06-12,139230,조선주,1,3617.0,16.0,LIME,1,0.85,0.6,0.31,0.308216,0.261983,26198325,False,25.0084,0,0.85,LIME,LIME
2023-06-12,069500,코스피,2,32787.0,16.0,LIME,1,0.85,0.6,0.25,0.261643,0.222397,22239665,False,13.0341,0,0.85,LIME,LIME
2023-06-12,305720,이차전,3,30794.0,14.5,LIME,1,0.85,0.55,0.16,0.142334,0.120984,12098377,False,33.0098,0,0.85,LIME,LIME
2023-06-12,229200,코스닥,4,13493.0,15.0,LIME,1,0.85,0.6,0.1,0.099424,0.084511,8451072,False,24.7014,0,0.85,LIME,LIME
2023-06-12,449190,나스닥,5,11780.0,14.5,-,1,0.85,0.55,0.1,0.104657,0.088959,8895866,False,17.0219,0,0.85,LIME,LIME
2023-06-12,147970,티모멘,6,23135.0,15.0,LIME,2,0.85,0.55,0.08,0.083726,0.071167,7116692,False,15.3683,0,0.85,LIME,LIME
2023-06-13,091160,반도체,1,31628.0,15.75,LIME,1,0.85,0.6,0.31,0.304078,0.258467,25846670,False,29.4059,0,0.85,LIME,LIME
2023-06-13,139230,조선주,2,3631.0,16.0,LIME,1,0.85,0.6,0.25,0.258131,0.219411,21941146,False,24.6656,0,0.85,LIME,LIME
2023-06-13,305720,이차전,3,30988.0,15.0,LIME,1,0.85,0.6,0.16,0.148684,0.126381,12638100,False,32.9846,0,0.85,LIME,LIME
2023-06-13,229200,코스닥,4,13728.0,15.0,LIME,1,0.85,0.6,0.1,0.103252,0.087765,8776458,False,24.3293,0,0.85,LIME,LIME
2023-06-13,069500,코스피,5,32943.0,16.0,LIME,1,0.85,0.6,0.1,0.103252,0.087765,8776458,False,12.7981,0,0.85,LIME,LIME
2023-06-13,147970,티모멘,6,23241.0,15.0,LIME,1,0.85,0.6,0.08,0.082602,0.070212,7021166,False,14.9886,0,0.85,LIME,LIME
2023-06-14,091160,반도체,1,31195.0,16.0,LIME,1,0.6,0.6,0.31,0.285869,0.171522,17152156,False,29.6274,0,0.2,-,LIME
2023-06-14,139230,조선주,2,3622.0,16.0,LIME,1,0.6,0.6,0.25,0.257662,0.154597,15459723,False,24.6947,0,0.2,-,LIME
2023-06-14,449190,나스닥,3,12018.0,16.0,-,1,0.6,0.6,0.16,0.173583,0.10415,10414971,False,16.4448,0,0.2,-,LIME
2023-06-14,069500,코스피,4,32782.0,14.75,-,2,0.5,0.5,0.1,0.108489,0.054245,5424464,False,12.8019,0,0.2,-,LIME
2023-06-14,305720,이차전,5,29533.0,13.0,LIME,3,0.45,0.45,0.1,0.087605,0.039422,3942229,False,34.4253,1,0.2,-,LIME
2023-06-14,147970,티모멘,6,23150.0,13.25,LIME,2,0.45,0.45,0.08,0.086791,0.039056,3905614,False,14.9837,0,0.2,-,LIME
2023-06-15,091160,반도체,1,31958.0,16.0,LIME,1,0.6,0.6,0.31,0.286226,0.171736,17173582,False,28.2878,0,0.2,-,-
2023-06-15,139230,조선주,2,3671.0,16.0,LIME,1,0.6,0.6,0.25,0.257984,0.15479,15479035,False,23.2669,0,0.2,-,-
2023-06-15,449190,나스닥,3,12081.0,16.0,GREEN,1,0.6,0.6,0.16,0.1738,0.10428,10427981,False,16.2415,0,0.2,-,-
2023-06-15,069500,코스피,4,32667.0,13.0,-,3,0.45,0.45,0.1,0.108625,0.048881,4888116,False,11.8049,0,0.2,-,-
2023-06-15,147970,티모멘,5,23121.0,11.5,LIME,2,0.3,0.3,0.1,0.103194,0.030958,3095807,False,14.1775,1,0.2,-,-
2023-06-15,305720,이차전,6,29598.0,11.0,LIME,3,0.3,0.3,0.08,0.070172,0.021051,2105148,False,33.7625,1,0.2,-,-
2023-06-16,139230,조선주,1,3774.0,16.0,LIME,1,0.6,0.6,0.33,0.308242,0.184945,18494505,False,23.1513,0,0.2,-,-
2023-06-16,091160,반도체,2,31968.0,16.0,LIME,1,0.6,0.6,0.27,0.252198,0.151319,15131868,False,28.2856,0,0.2,-,-
2023-06-16,449190,나스닥,3,12246.0,16.0,GREEN,1,0.6,0.6,0.2,0.21978,0.131868,13186813,False,15.8754,0,0.2,-,-
2023-06-16,147970,티모멘,4,23386.0,12.5,LIME,1,0.4,0.4,0.1,0.10989,0.043956,4395604,False,13.7298,0,0.2,-,-
2023-06-16,069500,코스피,5,32825.0,12.25,-,1,0.4,0.4,0.1,0.10989,0.043956,4395604,False,11.6192,0,0.2,-,-
2023-06-19,139230,조선주,1,3809.0,16.0,LIME,1,0.6,0.6,0.33,0.335025,0.201015,20101522,False,22.965,0,0.2,-,-
2023-06-19,449190,나스닥,2,12181.0,16.0,GREEN,1,0.6,0.6,0.27,0.274112,0.164467,16446700,False,15.9697,0,0.2,-,-
2023-06-19,446770,톱반도,3,14614.0,15.25,GREEN,1,0.6,0.6,0.2,0.192893,0.115736,11573604,False,27.7448,0,0.2,-,-
2023-06-19,091160,반도체,4,31608.0,15.0,LIME,2,0.55,0.55,0.1,0.096447,0.053046,5304568,False,28.2948,0,0.2,-,-
2023-06-19,147970,티모멘,5,23732.0,12.5,LIME,1,0.4,0.4,0.1,0.101523,0.040609,4060913,False,13.7162,0,0.2,-,-
2023-06-20,139230,조선주,1,3883.0,16.0,LIME,1,0.6,0.6,0.33,0.335025,0.201015,20101522,False,23.1066,0,0.2,-,-
2023-06-20,449190,나스닥,2,12146.0,16.0,-,1,0.6,0.6,0.27,0.274112,0.164467,16446700,False,15.323,0,0.2,-,-
2023-06-20,091160,반도체,3,31924.0,15.0,LIME,1,0.6,0.6,0.2,0.192893,0.115736,11573604,False,26.4691,0,0.2,-,-
2023-06-20,446770,톱반도,4,14520.0,14.75,GREEN,2,0.5,0.5,0.1,0.096447,0.048223,4822335,False,27.1453,0,0.2,-,-
2023-06-20,147970,티모멘,5,23746.0,14.25,LIME,1,0.55,0.55,0.1,0.101523,0.055838,5583756,False,13.7193,0,0.2,-,-
2023-06-21,139230,조선주,1,3843.0,16.0,LIME,1,0.6,0.6,0.33,0.335025,0.201015,20101522,False,23.22,0,0.2,-,-
2023-06-21,147970,티모멘,2,23746.0,16.0,LIME,1,0.6,0.6,0.27,0.274112,0.164467,16446700,False,13.7006,0,0.2,-,-
2023-06-21,446770,톱반도,3,14672.0,14.5,GREEN,1,0.55,0.55,0.2,0.192893,0.106091,10609137,False,27.163,0,0.2,-,-
2023-06-21,449190,나스닥,4,12146.0,14.75,-,2,0.5,0.5,0.1,0.101523,0.050761,5076142,False,15.0788,0,0.2,-,-
2023-06-21,091160,반도체,5,31264.0,13.25,-,3,0.45,0.45,0.1,0.096447,0.043401,4340101,False,26.9245,0,0.2,-,-
2023-06-22,147970,티모멘,1,23751.0,16.0,LIME,1,0.6,0.6,0.31,0.314402,0.188641,18864097,False,13.5504,0,0.2,-,-
2023-06-22,139230,조선주,2,3784.0,15.0,LIME,2,0.55,0.55,0.25,0.25355,0.139452,13945233,False,23.4677,0,0.2,-,-
2023-06-22,434730,원자력,3,10787.0,14.25,LIME,3,0.5,0.5,0.16,0.162272,0.081136,8113590,False,21.8942,0,0.2,-,-
2023-06-22,446770,톱반도,4,14434.0,12.25,GREEN,3,0.35,0.35,0.1,0.096349,0.033722,3372210,False,27.4508,0,0.2,-,-
2023-06-22,449190,나스닥,5,11945.0,12.5,-,3,0.35,0.35,0.1,0.096349,0.033722,3372210,False,15.5249,1,0.2,-,-
2023-06-22,091160,반도체,6,31101.0,11.0,-,3,0.3,0.3,0.08,0.077079,0.023124,2312373,False,26.8241,0,0.2,-,-
2023-06-23,147970,티모멘,1,23497.0,15.0,LIME,2,0.55,0.55,0.35,0.35,0.1925,19250000,False,13.647,1,0.2,-,-
2023-06-23,139230,조선주,2,3741.0,13.25,LIME,2,0.45,0.45,0.3,0.3,0.135,13500000,False,23.5711,1,0.2,-,-
2023-06-23,446770,톱반도,3,14595.0,11.5,GREEN,1,0.35,0.35,0.25,0.25,0.0875,8750000,False,27.4871,0,0.2,-,-
2023-06-23,434730,원자력,4,10659.0,11.0,-,3,0.3,0.3,0.1,0.1,0.03,3000000,False,21.9389,1,0.2,-,-
2023-06-26,147970,티모멘,1,23410.0,13.0,-,3,0.45,0.45,0.55,0.548548,0.246847,24684658,False,13.6907,2,0.2,-,-
2023-06-26,139230,조선주,2,3726.0,11.0,-,3,0.3,0.3,0.45,0.451452,0.135436,13543561,False,23.479,1,0.2,-,-
2023-06-29,091160,반도체,1,32047.0,11.75,-,1,0.1,0.0,0.55,0.55,0.055,5500000,False,24.8497,0,0.1,PURPLE,PURPLE
2023-06-29,091180,자동차,2,17878.0,12.25,LIME,1,0.1,0.0,0.45,0.45,0.045,4500000,False,21.8339,0,0.1,PURPLE,PURPLE
2023-06-30,091180,자동차,1,18183.0,14.25,LIME,1,0.1,0.0,0.55,0.55,0.055,5500000,False,21.7759,0,0.1,PURPLE,PURPLE
2023-06-30,091160,반도체,2,31771.0,11.5,-,1,0.1,0.0,0.45,0.45,0.045,4500000,False,24.9115,0,0.1,PURPLE,PURPLE
2023-07-03,091180,자동차,1,18325.0,15.25,LIME,1,0.24,0.24,0.45,0.456853,0.109645,10964467,False,21.8077,0,0.2,-,PURPLE
2023-07-03,091160,반도체,2,32396.0,14.25,-,1,0.22,0.22,0.3,0.28934,0.063655,6365482,False,24.8777,0,0.2,-,PURPLE
2023-07-03,147970,티모멘,3,23983.0,12.5,-,1,0.2,0.2,0.25,0.253807,0.050761,5076142,False,13.4948,0,0.2,-,PURPLE
2023-07-04,091180,자동차,1,18315.0,15.75,LIME,1,0.6,0.6,0.45,0.456853,0.274112,27411167,False,21.6159,0,0.2,-,-
2023-07-04,091160,반도체,2,32505.0,15.0,-,1,0.6,0.6,0.3,0.28934,0.173604,17360406,False,24.8658,0,0.2,-,-
2023-07-04,147970,티모멘,3,24156.0,13.75,LIME,1,0.5,0.5,0.25,0.253807,0.126904,12690355,False,13.4076,0,0.2,-,-
2023-07-05,091180,자동차,1,18282.0,16.0,LIME,1,0.6,0.6,0.45,0.455696,0.273418,27341772,False,21.5666,0,0.2,-,-
2023-07-05,147970,티모멘,2,24142.0,15.5,LIME,1,0.6,0.6,0.3,0.303797,0.182278,18227848,False,13.3824,0,0.2,-,-
2023-07-05,091160,반도체,3,32229.0,15.0,-,1,0.6,0.6,0.25,0.240506,0.144304,14430379,False,24.8729,0,0.2,-,-
2023-07-06,091180,자동차,1,18469.0,16.0,LIME,1,0.1,0.0,0.35,0.366252,0.036625,3662524,False,21.6159,0,0.1,PURPLE,-
2023-07-06,147970,티모멘,2,23819.0,15.0,LIME,2,0.1,0.0,0.3,0.298234,0.029823,2982341,False,13.5639,1,0.1,PURPLE,-
2023-07-06,446770,톱반도,3,14540.0,14.0,-,3,0.1,0.0,0.25,0.236102,0.02361,2361020,False,26.9896,1,0.1,PURPLE,-
2023-07-06,091160,반도체,4,31121.0,13.5,-,4,0.1,0.0,0.1,0.099411,0.009941,994113,False,25.4386,1,0.1,PURPLE,-
2023-07-07,091180,자동차,1,18334.0,15.0,LIME,2,0.1,0.0,0.35,0.353723,0.035372,3537234,False,21.5925,0,0.1,PURPLE,PURPLE
2023-07-07,139230,조선주,2,3833.0,13.5,-,1,0.1,0.0,0.3,0.303191,0.030319,3031914,False,22.5387,0,0.1,PURPLE,PURPLE
2023-07-07,449190,나스닥,3,12126.0,13.0,-,2,0.1,0.0,0.25,0.25266,0.025266,2526595,False,15.5398,1,0.1,PURPLE,PURPLE
2023-07-07,147970,티모멘,4,23732.0,12.75,-,3,0.1,0.0,0.1,0.090426,0.009043,904255,False,13.4055,2,0.1,PURPLE,PURPLE
2023-07-10,139230,조선주,1,3873.0,15.0,-,1,0.1,0.0,0.45,0.45,0.045,4500000,False,22.4934,0,0.1,PURPLE,PURPLE
2023-07-10,091180,자동차,2,18363.0,15.0,LIME,1,0.1,0.0,0.3,0.3,0.03,3000000,False,21.4583,0,0.1,PURPLE,PURPLE
2023-07-10,147970,티모멘,3,23939.0,11.0,-,2,0.1,0.0,0.25,0.25,0.025,2500000,False,13.0777,0,0.1,PURPLE,PURPLE
2023-07-11,139230,조선주,1,4001.0,15.25,-,1,0.1,0.0,0.45,0.45,0.045,4500000,False,23.0514,0,0.1,PURPLE,PURPLE
2023-07-11,091180,자동차,2,18512.0,15.0,LIME,1,0.1,0.0,0.3,0.3,0.03,3000000,False,21.4667,0,0.1,PURPLE,PURPLE
2023-07-11,147970,티모멘,3,24225.0,11.0,-,1,0.1,0.0,0.25,0.25,0.025,2500000,False,13.1856,0,0.1,PURPLE,PURPLE
2023-07-12,139230,조선주,1,4085.0,15.5,LIME,1,0.24,0.24,0.45,0.45,0.108,10800000,False,23.1789,0,0.2,-,PURPLE
2023-07-12,091180,자동차,2,18451.0,15.0,LIME,1,0.24,0.24,0.3,0.3,0.072,7200000,False,21.4908,0,0.2,-,PURPLE
2023-07-12,147970,티모멘,3,24370.0,12.0,-,1,0.2,0.2,0.25,0.25,0.05,5000000,False,13.0946,0,0.2,-,PURPLE
2023-07-13,139230,조선주,1,4130.0,15.75,LIME,1,0.6,0.6,0.35,0.35533,0.213198,21319796,False,23.1989,0,0.3,-,-
2023-07-13,434730,원자력,2,11813.0,15.25,LIME,1,0.6,0.6,0.3,0.28934,0.173604,17360406,False,25.2572,0,0.3,-,-
2023-07-13,147970,티모멘,3,24239.0,14.25,LIME,1,0.55,0.55,0.25,0.253807,0.139594,13959390,False,13.0163,0,0.3,-,-
2023-07-13,091180,자동차,4,18358.0,14.0,LIME,3,0.5,0.5,0.1,0.101523,0.050761,5076142,False,20.0521,0,0.3,-,-
2023-07-14,139230,조선주,1,4066.0,16.0,LIME,1,0.85,0.6,0.35,0.35443,0.301266,30126582,False,22.5654,0,0.85,LIME,-
2023-07-14,147970,티모멘,2,24302.0,16.0,LIME,1,0.85,0.6,0.3,0.303797,0.258228,25822784,False,12.4237,0,0.85,LIME,-
2023-07-14,434730,원자력,3,11445.0,15.0,LIME,2,0.85,0.55,0.25,0.240506,0.20443,20443037,False,25.6294,0,0.85,LIME,-
2023-07-14,091180,자동차,4,18776.0,14.0,LIME,1,0.85,0.55,0.1,0.101266,0.086076,8607594,False,19.3028,0,0.85,LIME,-
2023-07-17,139230,조선주,1,4051.0,15.0,LIME,2,0.85,0.55,0.31,0.303452,0.257934,25793405,False,22.6152,0,0.85,LIME,LIME
2023-07-17,449190,나스닥,2,12504.0,14.25,GREEN,1,0.85,0.55,0.25,0.257599,0.218959,21895929,False,15.3641,0,0.85,LIME,LIME
2023-07-17,449180,에센피,3,10582.0,13.5,GREEN,1,0.85,0.5,0.16,0.164863,0.140134,14013395,False,20.6584,0,0.85,LIME,LIME
2023-07-17,434730,원자력,4,11460.0,14.0,LIME,2,0.85,0.5,0.1,0.092736,0.078825,7882534,False,25.5637,0,0.85,LIME,LIME
2023-07-17,091180,자동차,5,18436.0,13.0,-,2,0.85,0.45,0.1,0.10304,0.087584,8758371,False,19.6517,0,0.85,LIME,LIME
2023-07-17,147970,티모멘,6,23901.0,12.75,-,3,0.85,0.35,0.08,0.07831,0.066564,6656362,False,12.9152,1,0.85,LIME,LIME
2023-07-18,449190,나스닥,1,12612.0,15.5,GREEN,1,0.85,0.6,0.33,0.33622,0.285787,28578706,False,15.1818,0,0.85,LIME,LIME
2023-07-18,091160,반도체,2,33854.0,14.75,LIME,1,0.85,0.55,0.27,0.261335,0.222134,22213448,False,25.7236,0,0.85,LIME,LIME
2023-07-18,449180,에센피,3,10641.0,14.75,GREEN,1,0.85,0.55,0.2,0.20377,0.173204,17320427,False,20.5957,0,0.85,LIME,LIME
2023-07-18,139230,조선주,4,3976.0,13.25,LIME,2,0.85,0.45,0.1,0.101885,0.086602,8660213,False,22.72,0,0.85,LIME,LIME
2023-07-18,434730,원자력,5,11293.0,12.25,-,2,0.85,0.35,0.1,0.096791,0.082272,8227203,False,25.7087,0,0.85,LIME,LIME
2023-07-19,449190,나스닥,1,12746.0,16.0,GREEN,1,0.8,0.6,0.33,0.337942,0.270353,27035330,False,15.2588,0,0.8,LIME,LIME
2023-07-19,091160,반도체,2,33449.0,15.5,LIME,1,0.8,0.6,0.27,0.262673,0.210138,21013824,False,25.8516,0,0.8,LIME,LIME
2023-07-19,229200,코스닥,3,14643.0,16.0,LIME,1,0.8,0.6,0.2,0.194572,0.155658,15565796,False,25.128,0,0.8,LIME,LIME
2023-07-19,449180,에센피,4,10722.0,15.5,GREEN,1,0.8,0.6,0.1,0.102407,0.081925,8192524,False,20.632,0,0.8,LIME,LIME
2023-07-19,139230,조선주,5,4021.0,11.5,LIME,2,0.8,0.3,0.1,0.102407,0.081925,8192524,False,22.5431,0,0.8,LIME,LIME
2023-07-20,091160,반도체,1,33750.0,16.0,LIME,1,0.8,0.6,0.35,0.338422,0.270738,27073791,False,25.6217,0,0.8,LIME,LIME
2023-07-20,449190,나스닥,2,12663.0,16.0,GREEN,1,0.8,0.6,0.3,0.305344,0.244275,24427480,False,15.3571,0,0.8,LIME,LIME
2023-07-20,229200,코스닥,3,14783.0,16.0,LIME,1,0.8,0.6,0.25,0.254453,0.203562,20356234,False,25.1813,0,0.8,LIME,LIME
2023-07-20,449180,에센피,4,10722.0,15.75,GREEN,1,0.8,0.6,0.1,0.101781,0.081425,8142493,False,20.634,0,0.8,LIME,LIME
2023-07-21,229200,코스닥,1,14912.0,16.0,LIME,1,0.8,0.6,0.33,0.335025,0.26802,26802030,False,25.1446,0,0.8,LIME,LIME
2023-07-21,449180,에센피,2,10688.0,16.0,GREEN,1,0.8,0.6,0.27,0.274112,0.219289,21928934,False,20.6464,0,0.8,LIME,LIME
2023-07-21,117460,에너지,3,19490.0,15.25,LIME,1,0.8,0.6,0.2,0.203046,0.162437,16243654,False,26.0759,0,0.8,LIME,LIME
2023-07-21,091160,반도체,4,33007.0,14.25,LIME,2,0.8,0.5,0.1,0.101523,0.081218,8121827,False,26.1198,0,0.8,LIME,LIME
2023-07-21,449190,나스닥,5,12440.0,14.5,-,2,0.8,0.5,0.1,0.086294,0.069036,6903553,False,15.8256,2,0.8,LIME,LIME
2023-07-24,229200,코스닥,1,15076.0,16.0,LIME,1,0.85,0.6,0.31,0.315041,0.267785,26778455,False,24.3977,0,0.85,LIME,LIME
2023-07-24,117700,건설주,2,3813.0,16.0,LIME,1,0.85,0.6,0.25,0.254065,0.215955,21595528,False,22.3133,0,0.85,LIME,LIME
2023-07-24,305720,이차전,3,34361.0,15.5,LIME,1,0.85,0.6,0.16,0.146341,0.12439,12439024,False,34.84,0,0.85,LIME,LIME
2023-07-24,117460,에너지,4,20011.0,15.5,LIME,1,0.85,0.6,0.1,0.101626,0.086382,8638211,False,26.3956,0,0.85,LIME,LIME
2023-07-24,449180,에센피,5,10671.0,15.0,GREEN,2,0.85,0.55,0.1,0.101626,0.086382,8638211,False,20.6553,0,0.85,LIME,LIME
2023-07-24,091160,반도체,6,32770.0,12.0,LIME,3,0.85,0.35,0.08,0.081301,0.069106,6910569,False,25.8048,0,0.85,LIME,LIME
2023-07-25,229200,코스닥,1,15549.0,16.0,LIME,1,0.85,0.6,0.33,0.343929,0.29234,29233976,False,24.6695,0,0.85,LIME,LIME
2023-07-25,305720,이차전,2,36008.0,15.75,LIME,1,0.85,0.6,0.27,0.239187,0.203309,20330901,False,35.1098,0,0.85,LIME,LIME
2023-07-25,117700,건설주,3,3964.0,16.0,LIME,1,0.85,0.6,0.2,0.208442,0.177176,17717561,False,23.577,0,0.85,LIME,LIME
2023-07-25,117460,에너지,4,20703.0,15.75,LIME,1,0.85,0.6,0.1,0.104221,0.088588,8858780,False,26.8922,0,0.85,LIME,LIME
2023-07-25,449180,에센피,5,10713.0,14.75,GREEN,1,0.85,0.55,0.1,0.104221,0.088588,8858780,False,20.6112,0,0.85,LIME,LIME
2023-07-26,305720,이차전,1,35051.0,16.0,LIME,1,0.6,0.6,0.33,0.307135,0.184281,18428128,False,35.215,0,0.6,LIME,LIME
2023-07-26,117460,에너지,2,20241.0,16.0,LIME,1,0.6,0.6,0.27,0.279214,0.167528,16752843,False,27.3461,0,0.6,LIME,LIME
2023-07-26,229200,코스닥,3,14921.0,15.0,LIME,2,0.6,0.55,0.2,0.206825,0.124095,12409513,False,25.7746,0,0.6,LIME,LIME
2023-07-26,117700,건설주,4,3759.0,15.0,LIME,2,0.6,0.55,0.1,0.103413,0.062048,6204756,False,25.2607,0,0.6,LIME,LIME
2023-07-26,449180,에센피,5,10751.0,14.75,GREEN,1,0.6,0.55,0.1,0.103413,0.062048,6204756,False,20.5846,0,0.6,LIME,LIME
2023-07-27,449180,에센피,1,10771.0,14.75,GREEN,1,0.85,0.55,0.31,0.321827,0.273553,27355307,False,20.5845,0,0.85,LIME,LIME
2023-07-27,325020,케모멘,2,11659.0,15.0,LIME,1,0.85,0.6,0.25,0.259538,0.220607,22060731,False,10.6058,0,0.85,LIME,LIME
2023-07-27,117680,철강주,3,9302.0,15.0,LIME,2,0.85,0.55,0.16,0.166104,0.141189,14118868,False,26.2982,0,0.85,LIME,LIME
2023-07-27,305720,이차전,4,31354.0,14.0,-,3,0.85,0.5,0.1,0.075006,0.063756,6375551,False,40.5362,2,0.85,LIME,LIME
2023-07-27,117700,건설주,5,3686.0,13.5,LIME,3,0.85,0.45,0.1,0.098624,0.083831,8383078,False,25.5013,1,0.85,LIME,LIME
2023-07-27,229200,코스닥,6,14339.0,13.0,LIME,3,0.85,0.45,0.08,0.0789,0.067065,6706462,False,26.9114,1,0.85,LIME,LIME
2023-07-28,117680,철강주,1,9521.0,14.75,LIME,1,0.85,0.55,0.31,0.314721,0.267513,26751269,False,26.554,0,0.85,LIME,LIME
2023-07-28,449180,에센피,2,10698.0,14.75,GREEN,2,0.85,0.5,0.25,0.253807,0.215736,21573604,False,20.586,0,0.85,LIME,LIME
2023-07-28,325020,케모멘,3,11654.0,14.75,LIME,1,0.85,0.55,0.16,0.162437,0.138071,13807106,False,10.5661,0,0.85,LIME,LIME
2023-07-28,305720,이차전,4,32446.0,12.75,-,2,0.85,0.35,0.1,0.086294,0.07335,7335025,False,40.9269,0,0.85,LIME,LIME
2023-07-28,117700,건설주,5,3794.0,12.25,LIME,2,0.85,0.35,0.1,0.101523,0.086294,8629441,False,25.8329,0,0.85,LIME,LIME
2023-07-28,229200,코스닥,6,14857.0,11.25,LIME,2,0.85,0.3,0.08,0.081218,0.069036,6903553,False,27.73,0,0.85,LIME,LIME
2023-07-31,449180,에센피,1,10771.0,15.0,GREEN,1,0.85,0.6,0.31,0.314721,0.267513,26751269,False,20.5775,0,0.85,LIME,LIME
2023-07-31,117680,철강주,2,9834.0,14.5,LIME,1,0.85,0.55,0.25,0.253807,0.215736,21573604,False,26.9696,0,0.85,LIME,LIME
2023-07-31,325020,케모멘,3,11718.0,14.75,LIME,1,0.85,0.55,0.16,0.162437,0.138071,13807106,False,10.6004,0,0.85,LIME,LIME
2023-07-31,305720,이차전,4,33870.0,12.0,-,1,0.85,0.4,0.1,0.086294,0.07335,7335025,False,41.1957,0,0.85,LIME,LIME
2023-07-31,117700,건설주,5,3876.0,12.0,LIME,1,0.85,0.4,0.1,0.101523,0.086294,8629441,False,26.0822,0,0.85,LIME,LIME
2023-07-31,229200,코스닥,6,15380.0,11.0,LIME,1,0.85,0.35,0.08,0.081218,0.069036,6903553,False,27.6789,0,0.85,LIME,LIME
2023-08-01,091160,반도체,1,34902.0,15.0,LIME,1,0.85,0.6,0.31,0.313765,0.2667,26670040,False,28.7265,0,0.85,LIME,LIME
2023-08-01,325020,케모멘,2,11850.0,15.75,LIME,1,0.85,0.6,0.25,0.253036,0.215081,21508097,False,10.7687,0,0.85,LIME,LIME
2023-08-01,449180,에센피,3,10798.0,15.0,GREEN,1,0.85,0.6,0.16,0.161943,0.137652,13765182,False,20.4293,0,0.85,LIME,LIME
2023-08-01,117680,철강주,4,9753.0,13.75,LIME,1,0.85,0.5,0.1,0.101215,0.086032,8603238,False,26.5137,0,0.85,LIME,LIME
2023-08-01,117700,건설주,5,3833.0,12.25,LIME,1,0.85,0.4,0.1,0.101215,0.086032,8603238,False,26.2187,0,0.85,LIME,LIME
2023-08-01,305720,이차전,6,33230.0,11.25,-,1,0.85,0.35,0.08,0.068826,0.058502,5850202,False,41.1492,0,0.85,LIME,LIME
2023-08-02,325020,케모멘,1,11637.0,14.75,LIME,2,0.6,0.5,0.31,0.313765,0.188259,18825910,False,11.2925,0,0.6,LIME,LIME
2023-08-02,371160,항셈테,2,6241.0,14.0,LIME,2,0.6,0.5,0.25,0.253036,0.151822,15182186,False,27.9087,0,0.6,LIME,LIME
2023-08-02,091160,반도체,3,33342.0,13.0,LIME,3,0.6,0.45,0.16,0.153846,0.092308,9230769,False,30.3431,0,0.6,LIME,LIME
2023-08-02,117680,철강주,4,9578.0,13.5,LIME,2,0.6,0.45,0.1,0.101215,0.060729,6072874,False,26.5371,0,0.6,LIME,LIME
2023-08-02,117700,건설주,5,3784.0,12.0,LIME,3,0.6,0.35,0.1,0.101215,0.060729,6072874,False,26.3625,0,0.6,LIME,LIME
2023-08-02,449180,에센피,6,10703.0,12.0,-,3,0.6,0.35,0.08,0.076923,0.046154,4615384,False,20.4878,1,0.6,LIME,LIME
2023-08-03,371160,항셈테,1,6355.0,14.0,LIME,1,0.55,0.55,0.31,0.311558,0.171357,17135678,False,27.5761,0,0.2,-,LIME
2023-08-03,434730,원자력,2,11642.0,13.0,-,2,0.45,0.45,0.25,0.251256,0.113065,11306532,False,29.564,0,0.2,-,LIME
2023-08-03,117680,철강주,3,9578.0,12.5,LIME,2,0.35,0.35,0.16,0.160804,0.056281,5628140,False,26.2378,0,0.2,-,LIME
2023-08-03,325020,케모멘,4,11573.0,13.0,-,3,0.45,0.45,0.1,0.100503,0.045226,4522613,False,11.2591,0,0.2,-,LIME
2023-08-03,091160,반도체,5,33578.0,11.0,-,2,0.3,0.3,0.1,0.095477,0.028643,2864321,False,30.2746,0,0.2,-,LIME
2023-08-03,117700,건설주,6,3759.0,11.5,-,3,0.3,0.3,0.08,0.080402,0.024121,2412060,False,26.2884,0,0.2,-,LIME
2023-08-04,371160,항셈테,1,6439.0,14.0,LIME,1,0.55,0.55,0.45,0.45,0.2475,24750000,False,27.6186,0,0.3,-,-
2023-08-04,434730,원자력,2,11553.0,12.0,-,2,0.35,0.35,0.3,0.3,0.105,10500000,False,29.5984,0,0.3,-,-
2023-08-04,244580,바이오,3,8188.0,11.75,LIME,1,0.35,0.35,0.25,0.25,0.0875,8750000,False,24.7811,0,0.3,-,-
2023-08-07,371160,항셈테,1,6409.0,13.5,LIME,1,0.5,0.5,0.45,0.45,0.225,22500000,False,27.5833,0,0.2,-,-
2023-08-07,434730,원자력,2,11543.0,11.0,-,3,0.3,0.3,0.3,0.3,0.09,9000000,False,29.595,0,0.2,-,-
2023-08-07,244580,바이오,3,8088.0,11.75,LIME,1,0.35,0.35,0.25,0.25,0.0875,8750000,False,24.6819,0,0.2,-,-
2023-08-08,371160,항셈테,1,6321.0,13.0,LIME,2,0.45,0.45,0.55,0.55,0.2475,24750000,False,27.5347,0,0.2,-,-
2023-08-08,244580,바이오,2,7964.0,12.0,LIME,2,0.35,0.35,0.45,0.45,0.1575,15749999,False,24.8768,0,0.2,-,-
2023-08-09,371160,항셈테,1,6261.0,11.75,LIME,3,0.3,0.3,0.45,0.45,0.135,13500000,False,27.6123,0,0.2,-,-
2023-08-09,244580,바이오,2,8367.0,12.0,LIME,1,0.4,0.4,0.3,0.3,0.12,11999999,False,26.7719,0,0.2,-,-
2023-08-09,102970,증권주,3,5627.0,11.25,LIME,2,0.3,0.3,0.25,0.25,0.075,7500000,False,18.4974,0,0.2,-,-
2023-08-10,228790,화장품,1,2557.0,11.5,LIME,1,0.1,0.0,0.55,0.537275,0.053727,5372750,False,35.6393,0,0.1,PURPLE,-
2023-08-10,244580,바이오,2,8450.0,12.5,LIME,1,0.1,0.0,0.45,0.462725,0.046272,4627249,False,26.8225,0,0.1,PURPLE,-
2023-08-11,228790,화장품,1,2547.0,12.5,LIME,1,0.1,0.0,0.55,0.537275,0.053727,5372750,False,35.5274,0,0.1,PURPLE,PURPLE
2023-08-11,244580,바이오,2,8426.0,13.0,LIME,1,0.1,0.0,0.45,0.462725,0.046272,4627249,False,26.7299,0,0.1,PURPLE,PURPLE
2023-08-14,228790,화장품,1,2577.0,13.5,LIME,1,0.1,0.0,0.45,0.424084,0.042408,4240837,False,35.5245,0,0.1,PURPLE,PURPLE
2023-08-14,244580,바이오,2,8302.0,14.5,LIME,1,0.1,0.0,0.3,0.314136,0.031414,3141361,False,26.9191,0,0.1,PURPLE,PURPLE
2023-08-14,147970,티모멘,3,24331.0,11.5,LIME,1,0.1,0.0,0.25,0.26178,0.026178,2617801,False,15.8136,0,0.1,PURPLE,PURPLE
2023-08-16,228790,화장품,1,2527.0,15.0,LIME,1,0.1,0.0,0.55,0.55,0.055,5500000,False,35.7971,0,0.1,PURPLE,PURPLE
2023-08-16,244580,바이오,2,8058.0,12.5,LIME,3,0.1,0.0,0.45,0.45,0.045,4500000,False,27.563,1,0.1,PURPLE,PURPLE
2023-08-17,228790,화장품,1,2463.0,14.25,LIME,2,0.1,0.0,1.0,1.0,0.1,10000000,False,36.224,0,0.1,PURPLE,PURPLE
2023-08-18,228790,화장품,1,2468.0,12.75,LIME,2,0.1,0.0,1.0,1.0,0.1,10000000,False,36.2132,0,0.1,PURPLE,PURPLE
2023-08-21,228790,화장품,1,2463.0,11.25,LIME,2,0.1,0.0,1.0,1.0,0.1,10000000,False,36.2192,0,0.1,PURPLE,PURPLE
2023-08-29,228790,화장품,1,2612.0,13.0,LIME,1,0.2,0.2,1.0,1.0,0.2,20000000,False,36.2237,0,0.2,-,PURPLE
2023-08-30,228790,화장품,1,2612.0,14.25,LIME,1,0.55,0.55,1.0,1.0,0.55,55000000,False,36.0625,0,0.3,-,-
2023-08-31,228790,화장품,1,2646.0,16.0,LIME,1,0.6,0.6,0.55,0.52381,0.314286,31428571,False,36.1095,0,0.4,-,-
2023-08-31,102970,증권주,2,5636.0,11.0,LIME,1,0.4,0.35,0.45,0.47619,0.190476,19047619,False,17.5986,0,0.4,-,-
2023-09-01,228790,화장품,1,2602.0,15.0,LIME,2,0.55,0.55,0.35,0.313984,0.172691,17269129,False,36.2828,0,0.4,-,-
2023-09-01,091170,은행주,2,5532.0,12.5,LIME,1,0.4,0.4,0.3,0.316623,0.126649,12664907,False,17.6921,0,0.4,-,-
2023-09-01,411060,금현물,3,11770.0,12.5,LIME,1,0.4,0.4,0.25,0.263852,0.105541,10554089,False,7.8547,0,0.4,-,-
2023-09-01,102970,증권주,4,5627.0,11.75,LIME,2,0.4,0.3,0.1,0.105541,0.042216,4221635,False,17.2449,0,0.4,-,-
2023-09-04,228790,화장품,1,2587.0,13.5,LIME,2,0.45,0.45,0.35,0.313984,0.141293,14129287,False,36.1574,0,0.4,-,-
2023-09-04,091170,은행주,2,5549.0,13.0,LIME,1,0.5,0.5,0.3,0.316623,0.158311,15831134,False,17.4828,0,0.4,-,-
2023-09-04,411060,금현물,3,11840.0,13.0,LIME,1,0.5,0.5,0.25,0.263852,0.131926,13192612,False,7.3379,0,0.4,-,-
2023-09-04,102970,증권주,4,5691.0,12.25,LIME,1,0.4,0.4,0.1,0.105541,0.042216,4221635,False,17.3891,0,0.4,-,-
2023-09-05,091170,은행주,1,5544.0,14.5,LIME,1,0.55,0.55,0.35,0.375335,0.206434,20643431,False,17.4671,0,0.3,-,-
2023-09-05,091160,반도체,2,33864.0,13.25,LIME,1,0.5,0.5,0.3,0.289544,0.144772,14477211,False,29.7538,0,0.3,-,-
2023-09-05,228790,화장품,3,2577.0,11.75,LIME,2,0.3,0.3,0.25,0.227882,0.068365,6836461,False,36.1832,0,0.3,-,-
2023-09-05,411060,금현물,4,11850.0,13.5,LIME,1,0.5,0.5,0.1,0.107239,0.053619,5361930,False,7.3232,0,0.3,-,-
2023-09-06,091160,반도체,1,33357.0,14.0,LIME,2,0.6,0.5,0.35,0.335106,0.201064,20106382,False,29.9436,0,0.6,LIME,-
2023-09-06,091170,은행주,2,5568.0,15.0,LIME,1,0.6,0.6,0.3,0.319149,0.191489,19148936,False,17.4619,0,0.6,LIME,-
2023-09-06,117680,철강주,3,9621.0,13.0,LIME,1,0.6,0.5,0.25,0.239362,0.143617,14361702,False,29.2488,0,0.6,LIME,-
2023-09-06,411060,금현물,4,11845.0,13.5,LIME,1,0.6,0.5,0.1,0.106383,0.06383,6382978,False,7.2968,0,0.6,LIME,-
2023-09-07,117680,철강주,1,9446.0,14.0,LIME,2,0.6,0.5,0.35,0.335106,0.201064,20106382,False,29.5109,0,0.6,LIME,LIME
2023-09-07,091170,은행주,2,5544.0,14.0,LIME,2,0.6,0.5,0.3,0.319149,0.191489,19148936,False,17.3816,0,0.6,LIME,LIME
2023-09-07,091160,반도체,3,33362.0,13.0,LIME,2,0.6,0.45,0.25,0.239362,0.143617,14361702,False,29.4026,0,0.6,LIME,LIME
2023-09-07,411060,금현물,4,11830.0,13.0,LIME,1,0.6,0.5,0.1,0.106383,0.06383,6382978,False,7.2915,0,0.6,LIME,LIME
2023-09-08,117680,철강주,1,9631.0,13.0,LIME,2,0.6,0.45,0.35,0.31565,0.18939,18938992,False,29.7019,0,0.6,LIME,LIME
2023-09-08,411060,금현물,2,11855.0,13.0,LIME,1,0.6,0.5,0.3,0.318302,0.190981,19098143,False,7.1803,0,0.6,LIME,LIME
2023-09-08,325020,케모멘,3,11708.0,13.0,LIME,1,0.6,0.5,0.25,0.265252,0.159151,15915119,False,11.1284,0,0.6,LIME,LIME
2023-09-08,091170,은행주,4,5540.0,13.0,LIME,2,0.6,0.45,0.1,0.100796,0.060477,6047745,False,17.3584,0,0.6,LIME,LIME
2023-09-11,091170,은행주,1,5607.0,13.25,LIME,1,0.6,0.5,0.35,0.351852,0.211111,21111111,False,17.4922,0,0.6,LIME,LIME
2023-09-11,325020,케모멘,2,11741.0,13.0,LIME,1,0.6,0.5,0.3,0.31746,0.190476,19047619,False,11.1333,0,0.6,LIME,LIME
2023-09-11,117680,철강주,3,9513.0,11.5,LIME,2,0.6,0.3,0.25,0.224868,0.134921,13492063,False,29.8135,0,0.6,LIME,LIME
2023-09-11,411060,금현물,4,11825.0,11.25,LIME,2,0.6,0.3,0.1,0.10582,0.063492,6349206,False,6.8223,0,0.6,LIME,LIME
2023-09-12,091170,은행주,1,5580.0,13.5,LIME,1,0.5,0.5,0.45,0.471204,0.235602,23560209,False,17.4616,0,0.4,LIME,LIME
2023-09-12,244580,바이오,2,8406.0,11.5,LIME,1,0.4,0.35,0.3,0.267016,0.106806,10680628,False,27.8877,0,0.4,LIME,LIME
2023-09-12,325020,케모멘,3,11624.0,12.0,LIME,3,0.4,0.35,0.25,0.26178,0.104712,10471204,False,11.3282,0,0.4,LIME,LIME
2023-09-13,091170,은행주,1,5652.0,14.75,LIME,1,0.55,0.55,0.45,0.45,0.2475,24750000,False,17.5773,0,0.4,LIME,LIME
2023-09-13,102970,증권주,2,5733.0,13.25,LIME,1,0.5,0.5,0.3,0.3,0.15,15000000,False,17.5157,0,0.4,LIME,LIME
2023-09-13,325020,케모멘,3,11637.0,11.5,LIME,3,0.4,0.3,0.25,0.25,0.1,10000000,False,11.2894,0,0.4,LIME,LIME
2023-09-14,091170,은행주,1,5689.0,16.0,LIME,1,0.85,0.6,0.45,0.45,0.3825,38250000,False,17.6121,0,0.85,LIME,LIME
2023-09-14,102970,증권주,2,5766.0,13.0,LIME,1,0.85,0.5,0.3,0.3,0.255,25500000,False,17.5501,0,0.85,LIME,LIME
2023-09-14,325020,케모멘,3,11799.0,11.5,LIME,1,0.85,0.35,0.25,0.25,0.2125,21250000,False,11.5758,0,0.85,LIME,LIME
2023-09-15,091170,은행주,1,5854.0,16.0,LIME,1,0.85,0.6,0.45,0.45,0.3825,38250000,False,18.4186,0,0.85,LIME,LIME
2023-09-15,102970,증권주,2,5853.0,14.0,LIME,1,0.85,0.55,0.3,0.3,0.255,25500000,False,17.6729,0,0.85,LIME,LIME
2023-09-15,325020,케모멘,3,12030.0,11.75,LIME,1,0.85,0.35,0.25,0.25,0.2125,21250000,False,12.148,0,0.85,LIME,LIME
2023-09-18,091170,은행주,1,5834.0,16.0,LIME,1,0.85,0.6,0.45,0.45,0.3825,38250000,False,18.433,0,0.85,LIME,LIME
2023-09-18,102970,증권주,2,5830.0,14.5,LIME,1,0.85,0.55,0.3,0.3,0.255,25500000,False,17.68,0,0.85,LIME,LIME
2023-09-18,325020,케모멘,3,11960.0,14.0,LIME,1,0.85,0.55,0.25,0.25,0.2125,21250000,False,12.2162,0,0.85,LIME,LIME
2023-09-19,091170,은행주,1,5793.0,16.0,LIME,1,0.6,0.6,0.45,0.45,0.27,27000000,False,18.3026,0,0.4,LIME,LIME
2023-09-19,325020,케모멘,2,11909.0,15.75,LIME,1,0.6,0.6,0.3,0.3,0.18,18000000,False,12.2015,0,0.4,LIME,LIME
2023-09-19,102970,증권주,3,5812.0,14.75,LIME,1,0.55,0.55,0.25,0.25,0.1375,13750000,False,17.6889,0,0.4,LIME,LIME
2023-09-20,091170,은행주,1,5816.0,15.75,LIME,1,0.6,0.6,0.45,0.45,0.27,27000000,False,18.2284,0,0.4,LIME,LIME
2023-09-20,325020,케모멘,2,11984.0,15.75,LIME,1,0.6,0.6,0.3,0.3,0.18,18000000,False,12.1996,0,0.4,LIME,LIME
2023-09-20,102970,증권주,3,5825.0,14.75,LIME,1,0.55,0.55,0.25,0.25,0.1375,13750000,False,17.6744,0,0.4,LIME,LIME
2023-09-21,091170,은행주,1,5798.0,14.5,LIME,2,0.1,0.0,0.35,0.365535,0.036554,3655352,False,17.9924,0,0.1,PURPLE,LIME
2023-09-21,325020,케모멘,2,11822.0,14.5,-,2,0.1,0.0,0.3,0.313316,0.031332,3133159,False,12.372,0,0.1,PURPLE,LIME
2023-09-21,117680,철강주,3,9564.0,12.0,LIME,3,0.1,0.0,0.25,0.221932,0.022193,2219321,False,31.0572,0,0.1,PURPLE,LIME
2023-09-21,102970,증권주,4,5691.0,12.75,-,3,0.1,0.0,0.1,0.099217,0.009922,992167,False,17.6205,1,0.1,PURPLE,LIME
2023-09-22,091170,은행주,1,5808.0,12.75,LIME,2,0.1,0.0,0.45,0.467532,0.046753,4675324,False,17.9882,0,0.1,PURPLE,PURPLE
2023-09-22,325020,케모멘,2,11807.0,12.25,-,3,0.1,0.0,0.3,0.311688,0.031169,3116883,False,12.2932,0,0.1,PURPLE,PURPLE
2023-09-22,434730,원자력,3,11371.0,11.5,LIME,2,0.1,0.0,0.25,0.220779,0.022078,2207792,False,30.9648,0,0.1,PURPLE,PURPLE
2023-09-25,091170,은행주,1,5767.0,11.0,LIME,2,0.1,0.0,0.55,0.509537,0.050954,5095367,False,18.0734,0,0.1,PURPLE,PURPLE
2023-09-25,411060,금현물,2,11815.0,11.0,-,2,0.1,0.0,0.45,0.490463,0.049046,4904632,False,6.8234,0,0.1,PURPLE,PURPLE
2023-09-26,411060,금현물,1,11860.0,11.0,-,2,0.1,0.0,1.0,1.0,0.1,10000000,False,6.8581,0,0.1,PURPLE,PURPLE
2023-10-19,091170,은행주,1,5770.0,11.5,-,1,0.35,0.35,0.55,0.52381,0.183333,18333333,False,18.7564,0,0.2,-,-
2023-10-19,411060,금현물,2,12140.0,11.5,LIME,1,0.35,0.35,0.45,0.47619,0.166667,16666666,False,10.316,0,0.2,-,-
2023-10-20,411060,금현물,1,12310.0,12.0,LIME,1,0.0,0.0,1.0,1.0,0.0,0,False,10.542,0,0.0,RED,-
2023-10-23,411060,금현물,1,12280.0,13.0,LIME,1,0.0,0.0,1.0,1.0,0.0,0,False,10.5604,0,0.0,RED,RED
2023-10-24,411060,금현물,1,12120.0,12.75,LIME,2,0.0,0.0,1.0,1.0,0.0,0,False,10.6703,0,0.0,RED,RED
2023-10-25,411060,금현물,1,12200.0,12.5,LIME,2,0.0,0.0,1.0,1.0,0.0,0,False,10.7312,0,0.0,RED,RED
2023-10-26,411060,금현물,1,12370.0,12.5,LIME,1,0.0,0.0,1.0,1.0,0.0,0,False,11.0434,0,0.0,RED,RED
2023-10-27,411060,금현물,1,12335.0,12.5,LIME,1,0.0,0.0,1.0,1.0,0.0,0,False,11.0188,0,0.0,RED,RED
2023-10-30,411060,금현물,1,12415.0,13.5,LIME,1,0.0,0.0,1.0,1.0,0.0,0,False,11.0724,0,0.0,RED,RED
2023-10-31,411060,금현물,1,12350.0,14.5,LIME,1,0.0,0.0,1.0,1.0,0.0,0,False,11.1208,0,0.0,RED,RED
2023-11-01,411060,금현물,1,12300.0,13.75,LIME,2,0.0,0.0,1.0,1.0,0.0,0,False,11.1349,0,0.0,RED,RED
2023-11-02,411060,금현물,1,12190.0,12.0,LIME,3,0.1,0.0,1.0,1.0,0.1,10000000,False,11.0637,1,0.1,PURPLE,RED
2023-11-07,228790,화장품,1,2482.0,11.0,LIME,1,0.8,0.35,1.0,1.0,0.8,80000000,False,38.3065,0,0.8,LIME,LIME
2023-11-08,102970,증권주,1,5784.0,12.75,LIME,1,0.8,0.4,0.55,0.56266,0.450128,45012787,False,24.0666,0,0.8,LIME,LIME
2023-11-08,228790,화장품,2,2517.0,11.75,LIME,1,0.8,0.35,0.45,0.43734,0.349872,34987212,False,38.3121,0,0.8,LIME,LIME
2023-11-09,102970,증권주,1,5825.0,13.0,LIME,1,0.6,0.5,0.45,0.456853,0.274112,27411167,False,23.9885,0,0.6,LIME,LIME
2023-11-09,228790,화장품,2,2502.0,12.5,LIME,1,0.6,0.4,0.3,0.28934,0.173604,17360406,False,37.7327,0,0.6,LIME,LIME
2023-11-09,091160,반도체,3,32628.0,12.0,LIME,1,0.6,0.4,0.25,0.253807,0.152284,15228426,False,30.3638,0,0.6,LIME,LIME
2023-11-10,102970,증권주,1,5774.0,12.5,LIME,2,0.6,0.35,0.45,0.455696,0.273418,27341772,False,23.7133,0,0.6,LIME,LIME
2023-11-10,091160,반도체,2,32982.0,12.25,LIME,1,0.6,0.4,0.3,0.303797,0.182278,18227848,False,30.444,0,0.6,LIME,LIME
2023-11-10,455850,반소부,3,12499.0,11.5,GREEN,1,0.6,0.35,0.25,0.240506,0.144304,14430379,False,36.9421,0,0.6,LIME,LIME
2023-11-13,102970,증권주,1,5779.0,11.5,LIME,2,0.6,0.3,0.55,0.56266,0.337596,33759590,False,23.6138,0,0.6,LIME,LIME
2023-11-13,091160,반도체,2,32411.0,11.5,LIME,2,0.6,0.3,0.45,0.43734,0.262404,26240409,False,30.3354,0,0.6,LIME,LIME
2023-11-14,102970,증권주,1,5844.0,11.5,LIME,1,0.85,0.35,0.45,0.456853,0.388325,38832487,False,23.6475,0,0.85,LIME,LIME
2023-11-14,455850,반소부,2,12284.0,11.25,GREEN,1,0.85,0.35,0.3,0.28934,0.245939,24593908,False,37.7249,0,0.85,LIME,LIME
2023-11-14,091160,반도체,3,32653.0,11.25,LIME,1,0.85,0.35,0.25,0.253807,0.215736,21573604,False,30.3657,0,0.85,LIME,LIME
2023-11-15,446770,톱반도,1,15055.0,12.25,LIME,1,0.85,0.4,0.35,0.360825,0.306701,30670103,False,22.711,0,0.85,LIME,LIME
2023-11-15,102970,증권주,2,5923.0,11.75,LIME,1,0.85,0.35,0.3,0.309278,0.262887,26288659,False,23.7372,0,0.85,LIME,LIME
2023-11-15,455850,반소부,3,12489.0,11.5,GREEN,1,0.85,0.35,0.25,0.231959,0.197165,19716494,False,37.257,0,0.85,LIME,LIME
2023-11-15,091160,반도체,4,33400.0,11.5,LIME,1,0.85,0.35,0.1,0.097938,0.083247,8324742,False,30.5274,0,0.85,LIME,LIME
2023-11-16,446770,톱반도,1,15069.0,13.5,LIME,1,0.85,0.5,0.33,0.338462,0.287692,28769230,False,22.657,0,0.85,LIME,LIME
2023-11-16,102970,증권주,2,5936.0,12.5,LIME,1,0.85,0.4,0.27,0.276923,0.235385,23538461,False,23.7259,0,0.85,LIME,LIME
2023-11-16,449190,나스닥,3,12591.0,13.0,LIME,1,0.85,0.5,0.2,0.205128,0.174359,17435897,False,19.4001,0,0.85,LIME,LIME
2023-11-16,455850,반소부,4,12692.0,11.5,GREEN,1,0.85,0.35,0.1,0.087179,0.074103,7410256,False,37.3765,0,0.85,LIME,LIME
2023-11-16,091160,반도체,5,33642.0,11.5,LIME,1,0.85,0.35,0.1,0.092308,0.078462,7846153,False,30.5473,0,0.85,LIME,LIME
2023-11-17,446770,톱반도,1,15162.0,13.75,LIME,1,0.85,0.5,0.33,0.338462,0.287692,28769230,False,22.2014,0,0.85,LIME,LIME
2023-11-17,102970,증권주,2,5872.0,13.75,LIME,1,0.85,0.5,0.27,0.276923,0.235385,23538461,False,23.7951,0,0.85,LIME,LIME
2023-11-17,449190,나스닥,3,12601.0,13.0,LIME,1,0.85,0.5,0.2,0.205128,0.174359,17435897,False,19.2914,0,0.85,LIME,LIME
2023-11-17,455850,반소부,4,12692.0,12.5,GREEN,1,0.85,0.4,0.1,0.087179,0.074103,7410256,False,37.1437,0,0.85,LIME,LIME
2023-11-17,091160,반도체,5,33548.0,12.5,LIME,1,0.85,0.4,0.1,0.092308,0.078462,7846153,False,30.3769,0,0.85,LIME,LIME
2023-11-20,446770,톱반도,1,15195.0,14.25,LIME,1,0.85,0.55,0.33,0.341969,0.290674,29067357,False,21.8797,0,0.85,LIME,LIME
2023-11-20,449190,나스닥,2,12556.0,13.0,LIME,1,0.85,0.5,0.27,0.279793,0.237824,23782383,False,19.3078,0,0.85,LIME,LIME
2023-11-20,091160,반도체,3,33711.0,13.25,LIME,1,0.85,0.5,0.2,0.186528,0.158549,15854922,False,30.3699,0,0.85,LIME,LIME
2023-11-20,102970,증권주,4,5872.0,12.5,LIME,2,0.85,0.35,0.1,0.103627,0.088083,8808290,False,23.708,0,0.85,LIME,LIME
2023-11-20,455850,반소부,5,12727.0,13.0,GREEN,1,0.85,0.5,0.1,0.088083,0.07487,7487046,False,37.1416,0,0.85,LIME,LIME
2023-11-21,446770,톱반도,1,15285.0,14.5,LIME,1,0.85,0.55,0.33,0.341969,0.290674,29067357,False,21.81,0,0.85,LIME,LIME
2023-11-21,449190,나스닥,2,12765.0,13.25,LIME,1,0.85,0.5,0.27,0.279793,0.237824,23782383,False,19.4221,0,0.85,LIME,LIME
2023-11-21,091160,반도체,3,33676.0,13.5,LIME,1,0.85,0.5,0.2,0.186528,0.158549,15854922,False,30.3556,0,0.85,LIME,LIME
2023-11-21,455850,반소부,4,12762.0,13.0,GREEN,1,0.85,0.5,0.1,0.088083,0.07487,7487046,False,37.0318,0,0.85,LIME,LIME
2023-11-21,102970,증권주,5,5881.0,11.75,LIME,2,0.85,0.3,0.1,0.103627,0.088083,8808290,False,23.6844,0,0.85,LIME,LIME
2023-11-22,446770,톱반도,1,15205.0,14.75,LIME,1,0.85,0.55,0.35,0.365535,0.310705,31070496,False,21.7812,0,0.85,LIME,LIME
2023-11-22,449190,나스닥,2,12653.0,13.75,LIME,1,0.85,0.5,0.3,0.313316,0.266319,26631853,False,19.328,0,0.85,LIME,LIME
2023-11-22,455850,반소부,3,12907.0,13.5,GREEN,1,0.85,0.5,0.25,0.221932,0.188642,18864229,False,36.5786,0,0.85,LIME,LIME
2023-11-22,091160,반도체,4,33819.0,13.75,LIME,1,0.85,0.5,0.1,0.099217,0.084334,8433420,False,30.0763,0,0.85,LIME,LIME
2023-11-23,449190,나스닥,1,12755.0,14.25,LIME,1,0.85,0.55,0.33,0.338462,0.287692,28769230,False,19.3697,0,0.85,LIME,LIME
2023-11-23,446770,톱반도,2,15093.0,14.25,LIME,2,0.85,0.5,0.27,0.276923,0.235385,23538461,False,21.8151,0,0.85,LIME,LIME
2023-11-23,325020,케모멘,3,11697.0,13.0,LIME,1,0.85,0.5,0.2,0.205128,0.174359,17435897,False,16.1716,0,0.85,LIME,LIME
2023-11-23,455850,반소부,4,12579.0,12.5,GREEN,2,0.85,0.35,0.1,0.087179,0.074103,7410256,False,36.9538,0,0.85,LIME,LIME
2023-11-23,091160,반도체,5,33263.0,12.25,LIME,3,0.85,0.35,0.1,0.092308,0.078462,7846153,False,30.2673,0,0.85,LIME,LIME
2023-11-24,449190,나스닥,1,12740.0,14.5,LIME,1,0.8,0.55,0.31,0.313765,0.251012,25101214,False,19.0829,0,0.8,LIME,LIME
2023-11-24,091170,은행주,2,5762.0,12.5,GREEN,2,0.8,0.35,0.25,0.253036,0.202429,20242914,False,20.3327,0,0.8,LIME,LIME
2023-11-24,195930,유로스,3,15360.0,13.0,LIME,1,0.8,0.5,0.16,0.161943,0.129555,12955465,False,13.9444,0,0.8,LIME,LIME
2023-11-24,446770,톱반도,4,15176.0,13.25,LIME,2,0.8,0.45,0.1,0.101215,0.080972,8097165,False,21.3121,0,0.8,LIME,LIME
2023-11-24,325020,케모멘,5,11645.0,12.5,LIME,2,0.8,0.35,0.1,0.101215,0.080972,8097165,False,16.2017,0,0.8,LIME,LIME
2023-11-24,455850,반소부,6,12643.0,11.5,-,2,0.8,0.3,0.08,0.068826,0.055061,5506072,False,36.6776,0,0.8,LIME,LIME
2023-11-27,449190,나스닥,1,12667.0,13.75,LIME,2,0.6,0.45,0.31,0.316004,0.189602,18960244,False,19.1273,0,0.6,LIME,LIME
2023-11-27,241180,니케이,2,17259.0,13.0,LIME,1,0.6,0.5,0.25,0.254842,0.152905,15290519,False,19.9534,0,0.6,LIME,LIME
2023-11-27,195930,유로스,3,15295.0,13.25,LIME,1,0.6,0.5,0.16,0.163099,0.097859,9785932,False,13.9499,0,0.6,LIME,LIME
2023-11-27,455850,반소부,4,12842.0,12.0,GREEN,1,0.6,0.4,0.1,0.086646,0.051988,5198776,False,36.7881,0,0.6,LIME,LIME
2023-11-27,091170,은행주,5,5738.0,12.0,GREEN,2,0.6,0.35,0.1,0.101937,0.061162,6116207,False,20.3195,0,0.6,LIME,LIME
2023-11-27,446770,톱반도,6,15069.0,11.25,LIME,3,0.6,0.3,0.08,0.077472,0.046483,4648318,False,21.3694,1,0.6,LIME,LIME
2023-11-28,449190,나스닥,1,12707.0,13.0,LIME,1,0.85,0.5,0.31,0.314721,0.267513,26751269,False,18.5772,0,0.85,LIME,LIME
2023-11-28,195930,유로스,2,15290.0,13.5,LIME,1,0.85,0.5,0.25,0.253807,0.215736,21573604,False,13.8782,0,0.85,LIME,LIME
2023-11-28,449180,에센피,3,10605.0,13.0,LIME,1,0.85,0.5,0.16,0.162437,0.138071,13807106,False,14.3145,0,0.85,LIME,LIME
2023-11-28,455850,반소부,4,13017.0,12.0,GREEN,1,0.85,0.4,0.1,0.086294,0.07335,7335025,False,36.7712,0,0.85,LIME,LIME
2023-11-28,091170,은행주,5,5775.0,11.0,GREEN,2,0.85,0.3,0.1,0.101523,0.086294,8629441,False,20.3405,0,0.85,LIME,LIME
2023-11-28,241180,니케이,6,17167.0,12.0,LIME,2,0.85,0.35,0.08,0.081218,0.069036,6903553,False,19.9819,0,0.85,LIME,LIME
2023-11-29,455850,반소부,1,13032.0,13.5,GREEN,1,0.85,0.5,0.33,0.296668,0.252168,25216816,False,36.174,0,0.85,LIME,LIME
2023-11-29,449190,나스닥,2,12755.0,12.75,LIME,1,0.85,0.4,0.27,0.285563,0.242729,24272871,False,16.9726,0,0.85,LIME,LIME
2023-11-29,449180,에센피,3,10620.0,13.25,LIME,1,0.85,0.5,0.2,0.211528,0.179799,17979904,False,13.6291,0,0.85,LIME,LIME
2023-11-29,195930,유로스,4,15265.0,12.75,LIME,2,0.85,0.35,0.1,0.105764,0.0899,8989952,False,13.6856,0,0.85,LIME,LIME
2023-11-29,241180,니케이,5,17196.0,11.5,LIME,2,0.85,0.3,0.1,0.100476,0.085405,8540454,False,19.4169,0,0.85,LIME,LIME
2023-11-30,455850,반소부,1,13326.0,14.75,GREEN,1,0.85,0.55,0.31,0.287664,0.244514,24451419,False,36.4075,0,0.85,LIME,LIME
2023-11-30,091160,반도체,2,34459.0,13.25,LIME,1,0.85,0.5,0.25,0.231987,0.197189,19718886,False,29.2565,0,0.85,LIME,LIME
2023-11-30,449190,나스닥,3,12760.0,12.75,LIME,1,0.85,0.4,0.16,0.174672,0.148472,14847161,False,16.8013,0,0.85,LIME,LIME
2023-11-30,449180,에센피,4,10620.0,13.25,LIME,1,0.85,0.5,0.1,0.10917,0.092795,9279475,False,13.512,0,0.85,LIME,LIME
2023-11-30,195930,유로스,5,15435.0,12.75,LIME,1,0.85,0.4,0.1,0.10917,0.092795,9279475,False,13.8085,0,0.85,LIME,LIME
2023-11-30,241180,니케이,6,17306.0,11.75,LIME,1,0.85,0.35,0.08,0.087336,0.074236,7423580,False,19.2799,0,0.85,LIME,LIME
2023-12-01,455850,반소부,1,13286.0,14.5,GREEN,1,0.6,0.55,0.31,0.289243,0.173546,17354555,False,36.3471,0,0.6,LIME,LIME
2023-12-01,091160,반도체,2,34262.0,13.75,LIME,1,0.6,0.5,0.25,0.23326,0.139956,13995609,False,29.1589,0,0.6,LIME,LIME
2023-12-01,449180,에센피,3,10634.0,14.0,LIME,1,0.6,0.55,0.16,0.175631,0.105379,10537870,False,13.4709,0,0.6,LIME,LIME
2023-12-01,195930,유로스,4,15515.0,12.75,LIME,1,0.6,0.4,0.1,0.109769,0.065862,6586169,False,13.6992,0,0.6,LIME,LIME
2023-12-01,449190,나스닥,5,12677.0,11.75,-,3,0.6,0.3,0.1,0.104281,0.062569,6256860,False,16.8127,1,0.6,LIME,LIME
2023-12-01,241180,니케이,6,17379.0,12.0,LIME,1,0.6,0.4,0.08,0.087816,0.052689,5268935,False,19.2949,0,0.6,LIME,LIME
2023-12-04,411060,금현물,1,12485.0,13.25,LIME,1,0.8,0.5,0.31,0.320248,0.256198,25619834,False,13.3169,0,0.8,LIME,LIME
2023-12-04,449180,에센피,2,10683.0,14.0,LIME,1,0.8,0.55,0.25,0.258264,0.206612,20661157,False,13.2083,0,0.8,LIME,LIME
2023-12-04,195930,유로스,3,15625.0,13.25,LIME,1,0.8,0.5,0.16,0.165289,0.132231,13223140,False,13.7347,0,0.8,LIME,LIME
2023-12-04,455850,반소부,4,13077.0,13.5,GREEN,2,0.8,0.45,0.1,0.08781,0.070248,7024793,False,36.3595,0,0.8,LIME,LIME
2023-12-04,241180,니케이,5,17360.0,13.25,LIME,1,0.8,0.5,0.1,0.09814,0.078512,7851239,False,19.2745,0,0.8,LIME,LIME
2023-12-04,091160,반도체,6,33770.0,12.5,LIME,3,0.8,0.35,0.08,0.070248,0.056198,5619834,False,29.1181,0,0.8,LIME,LIME
2023-12-05,411060,금현물,1,12285.0,14.5,LIME,1,0.55,0.55,0.33,0.34555,0.190052,19005235,False,13.6798,0,0.2,-,LIME
2023-12-05,195930,유로스,2,15550.0,14.0,LIME,1,0.55,0.55,0.27,0.282723,0.155497,15549738,False,13.7157,0,0.2,-,LIME
2023-12-05,449450,방산주,3,11831.0,13.0,LIME,1,0.5,0.5,0.2,0.17801,0.089005,8900523,False,29.779,0,0.2,-,LIME
2023-12-05,449180,에센피,4,10615.0,12.75,-,3,0.35,0.35,0.1,0.099476,0.034817,3481675,False,13.2523,1,0.2,-,LIME
2023-12-05,241180,니케이,5,17239.0,12.75,-,3,0.35,0.35,0.1,0.094241,0.032984,3298429,False,18.7723,0,0.2,-,LIME
2023-12-06,449450,방산주,1,11969.0,14.0,LIME,1,0.55,0.55,0.33,0.298246,0.164035,16403508,False,29.8481,0,0.2,-,-
2023-12-06,411060,금현물,2,12220.0,14.75,LIME,2,0.5,0.5,0.27,0.287081,0.143541,14354066,False,13.6415,0,0.2,-,-
2023-12-06,195930,유로스,3,15719.0,14.25,LIME,1,0.55,0.55,0.2,0.212653,0.116959,11695906,False,13.8677,0,0.2,-,-
2023-12-06,449180,에센피,4,10674.0,12.75,-,1,0.4,0.4,0.1,0.106326,0.042531,4253056,False,13.2886,0,0.2,-,-
2023-12-06,241180,니케이,5,17505.0,12.75,LIME,1,0.4,0.4,0.1,0.095694,0.038278,3827751,False,18.9177,0,0.2,-,-
2023-12-07,102970,증권주,1,5941.0,14.5,-,1,0.55,0.55,0.33,0.311975,0.171586,17158613,False,24.1214,0,0.2,-,-
2023-12-07,411060,금현물,2,12350.0,14.75,LIME,1,0.55,0.55,0.27,0.283613,0.155987,15598739,False,13.7477,0,0.2,-,-
2023-12-07,195930,유로스,3,15679.0,14.5,LIME,1,0.55,0.55,0.2,0.210084,0.115546,11554621,False,13.8668,0,0.2,-,-
2023-12-07,449450,방산주,4,11766.0,13.25,LIME,2,0.45,0.45,0.1,0.089286,0.040179,4017857,False,30.0619,0,0.2,-,-
2023-12-07,241180,니케이,5,17495.0,12.25,LIME,1,0.4,0.4,0.1,0.105042,0.042017,4201680,False,18.9177,0,0.2,-,-
2023-12-08,102970,증권주,1,5973.0,15.25,LIME,1,0.6,0.6,0.33,0.29984,0.179904,17990379,False,24.0438,0,0.2,-,-
2023-12-08,195930,유로스,2,15749.0,14.75,LIME,1,0.55,0.55,0.27,0.288616,0.158739,15873864,False,13.8,0,0.2,-,-
2023-12-08,453810,인디아,3,11227.0,14.0,GREEN,1,0.55,0.55,0.2,0.213789,0.117584,11758417,False,11.9713,0,0.2,-,-
2023-12-08,449450,방산주,4,11711.0,12.0,LIME,2,0.35,0.35,0.1,0.090861,0.031801,3180117,False,30.0694,0,0.2,-,-
2023-12-08,411060,금현물,5,12200.0,12.5,LIME,3,0.35,0.35,0.1,0.106895,0.037413,3741314,False,13.9858,0,0.2,-,-
2023-12-11,102970,증권주,1,6011.0,16.0,LIME,1,0.6,0.6,0.35,0.331579,0.198947,19894736,False,24.0442,0,0.3,-,-
2023-12-11,195930,유로스,2,15924.0,15.0,LIME,1,0.6,0.6,0.3,0.315789,0.189474,18947368,False,13.9288,0,0.3,-,-
2023-12-11,453810,인디아,3,11334.0,14.0,GREEN,1,0.55,0.55,0.25,0.263158,0.144737,14473684,False,12.0915,0,0.3,-,-
2023-12-11,449450,방산주,4,12034.0,12.0,LIME,1,0.4,0.4,0.1,0.089474,0.035789,3578947,False,30.2588,0,0.3,-,-
2023-12-12,102970,증권주,1,6019.0,16.0,LIME,1,0.6,0.6,0.35,0.331579,0.198947,19894736,False,24.0275,0,0.4,-,-
2023-12-12,195930,유로스,2,16064.0,15.0,LIME,1,0.6,0.6,0.3,0.315789,0.189474,18947368,False,13.9066,0,0.4,-,-
2023-12-12,453810,인디아,3,11324.0,14.25,GREEN,1,0.55,0.55,0.25,0.263158,0.144737,14473684,False,12.0736,0,0.4,-,-
2023-12-12,449450,방산주,4,12029.0,11.5,LIME,1,0.4,0.35,0.1,0.089474,0.035789,3578947,False,29.5756,0,0.4,-,-
2023-12-13,102970,증권주,1,6006.0,16.0,LIME,1,0.6,0.6,0.35,0.313984,0.18839,18839050,False,23.8776,0,0.3,-,-
2023-12-13,195930,유로스,2,15934.0,15.0,LIME,1,0.6,0.6,0.3,0.316623,0.189974,18997361,False,14.0237,0,0.3,-,-
2023-12-13,449180,에센피,3,10822.0,14.25,-,1,0.55,0.55,0.25,0.263852,0.145119,14511873,False,13.3204,0,0.3,-,-
2023-12-13,453810,인디아,4,11222.0,13.0,GREEN,2,0.45,0.45,0.1,0.105541,0.047493,4749340,False,12.0843,0,0.3,-,-
2023-12-14,102970,증권주,1,6071.0,16.0,LIME,1,0.6,0.6,0.33,0.301451,0.18087,18087049,False,23.9571,0,0.4,-,-
2023-12-14,195930,유로스,2,16069.0,15.0,LIME,1,0.6,0.6,0.27,0.290167,0.1741,17409994,False,14.1001,0,0.4,-,-
2023-12-14,446770,톱반도,3,15692.0,14.5,LIME,1,0.55,0.55,0.2,0.193444,0.106394,10639441,False,18.1219,0,0.4,-,-
2023-12-14,449180,에센피,4,11001.0,14.5,-,1,0.55,0.55,0.1,0.107469,0.059108,5910800,False,13.6955,0,0.4,-,-
2023-12-14,453810,인디아,5,11251.0,11.75,GREEN,2,0.4,0.3,0.1,0.107469,0.042988,4298764,False,11.9605,0,0.4,-,-
2023-12-15,102970,증권주,1,6080.0,16.0,LIME,1,0.6,0.6,0.31,0.282422,0.169453,16945337,False,23.9408,0,0.4,-,-
2023-12-15,446770,톱반도,2,15831.0,14.75,LIME,1,0.55,0.55,0.25,0.254555,0.140005,14000535,False,18.1571,0,0.4,-,-
2023-12-15,449190,나스닥,3,13177.0,15.0,LIME,1,0.6,0.6,0.16,0.162915,0.097749,9774919,False,17.3069,0,0.4,-,-
2023-12-15,195930,유로스,4,15989.0,14.25,LIME,2,0.5,0.5,0.1,0.107181,0.053591,5359056,False,14.1515,0,0.4,-,-
2023-12-15,449180,에센피,5,10996.0,14.75,-,1,0.55,0.55,0.1,0.107181,0.05895,5894962,False,13.6885,0,0.4,-,-
2023-12-15,453810,인디아,6,11354.0,12.0,GREEN,1,0.4,0.4,0.08,0.085745,0.034298,3429796,False,12.0532,0,0.4,-,-
2023-12-18,446770,톱반도,1,15966.0,15.0,LIME,1,0.6,0.6,0.31,0.307732,0.184639,18463949,False,18.2031,0,0.4,-,-
2023-12-18,449190,나스닥,2,13245.0,15.0,LIME,1,0.6,0.6,0.25,0.248171,0.148903,14890282,False,17.0928,0,0.4,-,-
2023-12-18,449180,에센피,3,11025.0,15.0,LIME,1,0.6,0.6,0.16,0.167189,0.100313,10031347,False,13.6105,0,0.4,-,-
2023-12-18,102970,증권주,4,6024.0,15.0,LIME,2,0.55,0.55,0.1,0.088819,0.048851,4885057,False,23.9119,0,0.4,-,-
2023-12-18,195930,유로스,5,15944.0,13.5,LIME,2,0.45,0.45,0.1,0.104493,0.047022,4702194,False,13.958,0,0.4,-,-
2023-12-18,453810,인디아,6,11456.0,12.25,GREEN,1,0.4,0.4,0.08,0.083595,0.033438,3343782,False,12.1334,0,0.4,-,-
2023-12-19,446770,톱반도,1,16043.0,15.25,LIME,1,0.6,0.6,0.31,0.307732,0.184639,18463949,False,18.1989,0,0.4,-,-
2023-12-19,449190,나스닥,2,13285.0,15.0,LIME,1,0.6,0.6,0.25,0.248171,0.148903,14890282,False,16.9937,0,0.4,-,-
2023-12-19,449180,에센피,3,11035.0,15.0,LIME,1,0.6,0.6,0.16,0.167189,0.100313,10031347,False,13.5694,0,0.4,-,-
2023-12-19,102970,증권주,4,6052.0,15.0,LIME,1,0.6,0.6,0.1,0.088819,0.053292,5329153,False,23.9038,0,0.4,-,-
2023-12-19,453810,인디아,5,11520.0,14.0,GREEN,1,0.55,0.55,0.1,0.104493,0.057471,5747126,False,12.1704,0,0.4,-,-
2023-12-19,195930,유로스,6,15974.0,12.0,LIME,2,0.4,0.35,0.08,0.083595,0.033438,3343782,False,13.832,0,0.4,-,-
2023-12-20,446770,톱반도,1,15999.0,15.5,LIME,1,0.85,0.6,0.31,0.306292,0.260348,26034841,False,18.206,0,0.85,LIME,-
2023-12-20,453810,인디아,2,11529.0,15.75,GREEN,1,0.85,0.6,0.25,0.26001,0.221009,22100884,False,12.1702,0,0.85,LIME,-
2023-12-20,449190,나스닥,3,13384.0,15.0,LIME,1,0.85,0.6,0.16,0.158086,0.134373,13437337,False,17.0328,0,0.85,LIME,-
2023-12-20,449180,에센피,4,11108.0,15.0,LIME,1,0.85,0.6,0.1,0.104004,0.088404,8840353,False,13.5699,0,0.85,LIME,-
2023-12-20,102970,증권주,5,6140.0,15.0,LIME,1,0.85,0.6,0.1,0.088404,0.075143,7514300,False,23.8908,0,0.85,LIME,-
2023-12-20,195930,유로스,6,16049.0,11.75,LIME,1,0.85,0.35,0.08,0.083203,0.070723,7072282,False,13.576,0,0.85,LIME,-
2023-12-21,446770,톱반도,1,15826.0,14.75,LIME,2,0.85,0.5,0.31,0.311146,0.264474,26447437,False,17.0294,1,0.85,LIME,LIME
2023-12-21,091170,은행주,2,5934.0,16.0,LIME,1,0.85,0.6,0.25,0.264131,0.224511,22451135,False,20.1829,0,0.85,LIME,LIME
2023-12-21,091160,반도체,3,35011.0,14.5,LIME,1,0.85,0.55,0.16,0.143687,0.122134,12213417,False,27.9119,0,0.85,LIME,LIME
2023-12-21,102970,증권주,4,6107.0,15.0,LIME,1,0.85,0.6,0.1,0.095087,0.080824,8082408,False,23.9044,0,0.85,LIME,LIME
2023-12-21,453810,인디아,5,11363.0,15.0,GREEN,2,0.85,0.55,0.1,0.105652,0.089805,8980454,False,12.5401,0,0.85,LIME,LIME
2023-12-21,449190,나스닥,6,13226.0,13.75,LIME,2,0.85,0.45,0.08,0.080296,0.068251,6825145,False,16.825,1,0.85,LIME,LIME
2023-12-22,446770,톱반도,1,16073.0,15.0,LIME,1,0.85,0.6,0.31,0.325459,0.27664,27664041,False,17.2441,0,0.85,LIME,LIME
2023-12-22,091160,반도체,2,35119.0,14.75,LIME,1,0.85,0.55,0.25,0.223097,0.189633,18963254,False,27.806,0,0.85,LIME,LIME
2023-12-22,091170,은행주,3,5919.0,16.0,LIME,1,0.85,0.6,0.16,0.167979,0.142782,14278215,False,20.136,0,0.85,LIME,LIME
2023-12-22,102970,증권주,4,6061.0,14.5,-,2,0.85,0.5,0.1,0.094488,0.080315,8031496,False,23.9506,0,0.85,LIME,LIME
2023-12-22,453810,인디아,5,11442.0,14.0,-,2,0.85,0.5,0.1,0.104987,0.089239,8923884,False,12.6012,0,0.85,LIME,LIME
2023-12-22,449190,나스닥,6,13275.0,13.0,LIME,2,0.85,0.45,0.08,0.08399,0.071391,7139107,False,16.8091,0,0.85,LIME,LIME
2023-12-26,446770,톱반도,1,16048.0,15.0,LIME,1,0.85,0.6,0.31,0.32376,0.275196,27519582,False,17.116,0,0.85,LIME,LIME
2023-12-26,091160,반도체,2,35094.0,15.25,LIME,1,0.85,0.6,0.25,0.221932,0.188642,18864229,False,27.7438,0,0.85,LIME,LIME
2023-12-26,069500,코스피,3,33624.0,15.0,LIME,1,0.85,0.6,0.16,0.167102,0.142037,14203655,False,18.9577,0,0.85,LIME,LIME
2023-12-26,102970,증권주,4,6099.0,14.25,-,1,0.85,0.55,0.1,0.099217,0.084334,8433420,False,23.9741,0,0.85,LIME,LIME
2023-12-26,449190,나스닥,5,13369.0,13.0,LIME,1,0.85,0.5,0.1,0.104439,0.088773,8877284,False,16.8436,0,0.85,LIME,LIME
2023-12-26,091170,은행주,6,5910.0,14.75,LIME,2,0.85,0.5,0.08,0.083551,0.071018,7101827,False,20.1266,0,0.85,LIME,LIME
2023-12-27,091160,반도체,1,35655.0,15.5,LIME,1,0.85,0.6,0.31,0.277807,0.236136,23613600,False,27.3349,0,0.85,LIME,LIME
2023-12-27,446770,톱반도,2,16257.0,15.0,LIME,1,0.85,0.6,0.25,0.263574,0.224038,22403795,False,17.0471,0,0.85,LIME,LIME
2023-12-27,069500,코스피,3,33997.0,15.0,LIME,1,0.85,0.6,0.16,0.168687,0.143384,14338429,False,18.6999,0,0.85,LIME,LIME
2023-12-27,449190,나스닥,4,13429.0,13.25,LIME,1,0.85,0.5,0.1,0.10543,0.089615,8961518,False,16.3898,0,0.85,LIME,LIME
2023-12-27,102970,증권주,5,6075.0,13.0,-,2,0.85,0.45,0.1,0.100158,0.085134,8513442,False,23.5019,0,0.85,LIME,LIME
2023-12-27,091170,은행주,6,5906.0,13.5,LIME,2,0.85,0.45,0.08,0.084344,0.071692,7169214,False,20.1157,0,0.85,LIME,LIME
2023-12-28,446770,톱반도,1,16341.0,16.0,LIME,1,0.85,0.6,0.31,0.319588,0.271649,27164948,False,16.508,0,0.85,LIME,LIME
2023-12-28,091160,반도체,2,35715.0,15.75,LIME,1,0.85,0.6,0.25,0.231959,0.197165,19716494,False,27.2961,0,0.85,LIME,LIME
2023-12-28,449190,나스닥,3,13473.0,14.75,LIME,1,0.85,0.55,0.16,0.164948,0.140206,14020618,False,16.1514,0,0.85,LIME,LIME
2023-12-28,069500,코스피,4,34555.0,15.0,LIME,1,0.85,0.6,0.1,0.103093,0.087629,8762886,False,18.9198,0,0.85,LIME,LIME
2023-12-28,102970,증권주,5,6177.0,13.0,LIME,1,0.85,0.5,0.1,0.097938,0.083247,8324742,False,23.6449,0,0.85,LIME,LIME
2023-12-28,091170,은행주,6,6028.0,13.5,LIME,1,0.85,0.5,0.08,0.082474,0.070103,7010309,False,20.5198,0,0.85,LIME,LIME
2024-01-02,446770,톱반도,1,16427.0,16.0,LIME,1,0.85,0.6,0.31,0.319588,0.271649,27164948,False,16.4946,0,0.85,LIME,LIME
2024-01-02,091160,반도체,2,36271.0,16.0,LIME,1,0.85,0.6,0.25,0.231959,0.197165,19716494,False,27.3948,0,0.85,LIME,LIME
2024-01-02,069500,코스피,3,34765.0,15.0,LIME,1,0.85,0.6,0.16,0.164948,0.140206,14020618,False,18.9416,0,0.85,LIME,LIME
2024-01-02,449190,나스닥,4,13369.0,14.75,LIME,2,0.85,0.5,0.1,0.103093,0.087629,8762886,False,16.2669,0,0.85,LIME,LIME
2024-01-02,102970,증권주,5,6094.0,13.0,-,2,0.85,0.45,0.1,0.097938,0.083247,8324742,False,23.8295,0,0.85,LIME,LIME
2024-01-02,091170,은행주,6,5965.0,13.5,LIME,1,0.85,0.5,0.08,0.082474,0.070103,7010309,False,20.5828,0,0.85,LIME,LIME
2024-01-03,455850,반소부,1,13630.0,16.0,GREEN,1,0.8,0.6,0.31,0.298077,0.238462,23846153,False,33.7167,0,0.8,LIME,LIME
2024-01-03,091160,반도체,2,35360.0,15.0,LIME,2,0.8,0.55,0.25,0.240385,0.192308,19230769,False,27.7759,0,0.8,LIME,LIME
2024-01-03,241180,니케이,3,17997.0,15.0,LIME,1,0.8,0.6,0.16,0.180995,0.144796,14479638,False,19.1943,0,0.8,LIME,LIME
2024-01-03,446770,톱반도,4,15928.0,14.0,-,3,0.8,0.5,0.1,0.096154,0.076923,7692307,False,17.7231,2,0.8,LIME,LIME
2024-01-03,069500,코스피,5,33801.0,14.25,LIME,2,0.8,0.5,0.1,0.107466,0.085973,8597285,False,19.6192,1,0.8,LIME,LIME
2024-01-03,449190,나스닥,6,13127.0,12.0,-,3,0.8,0.35,0.08,0.076923,0.061538,6153846,False,16.7096,2,0.8,LIME,LIME
2024-01-04,455850,반소부,1,13555.0,15.0,GREEN,2,0.55,0.55,0.31,0.294249,0.161837,16183696,False,33.6367,0,0.3,-,LIME
2024-01-04,453810,인디아,2,11637.0,15.25,-,1,0.6,0.6,0.25,0.279174,0.167504,16750418,False,12.3665,0,0.3,-,LIME
2024-01-04,091160,반도체,3,35261.0,13.5,-,3,0.45,0.45,0.16,0.15187,0.068342,6834170,False,27.7669,0,0.3,-,LIME
2024-01-04,241180,니케이,4,17742.0,13.5,-,3,0.45,0.45,0.1,0.106086,0.047739,4773869,False,19.1447,1,0.3,-,LIME
2024-01-04,069500,코스피,5,33504.0,12.5,-,3,0.35,0.35,0.1,0.106086,0.03713,3713009,False,19.7216,1,0.3,-,LIME
2024-01-04,446770,톱반도,6,15757.0,11.0,-,3,0.3,0.3,0.08,0.062535,0.01876,1876046,False,17.6698,3,0.3,-,LIME
2024-01-05,453810,인디아,1,11716.0,16.0,-,1,0.6,0.6,0.33,0.334516,0.20071,20070957,False,12.3817,0,0.2,-,-
2024-01-05,455850,반소부,2,13510.0,12.75,-,3,0.35,0.35,0.27,0.26001,0.091004,9100354,False,33.5926,0,0.2,-,-
2024-01-05,449450,방산주,3,12253.0,11.25,LIME,2,0.3,0.3,0.2,0.202737,0.060821,6082108,False,28.4294,0,0.2,-,-
2024-01-05,091160,반도체,4,35203.0,11.25,-,3,0.3,0.3,0.1,0.101368,0.030411,3041054,False,27.6323,0,0.2,-,-
2024-01-05,241180,니케이,5,17786.0,11.5,-,3,0.3,0.3,0.1,0.101368,0.030411,3041054,False,14.0528,0,0.2,-,-
2024-01-08,453810,인디아,1,11671.0,16.0,GREEN,1,0.6,0.6,0.45,0.471204,0.282723,28272251,False,12.419,0,0.2,-,-
2024-01-08,229200,코스닥,2,13832.0,11.5,-,1,0.35,0.35,0.3,0.267016,0.093455,9345549,False,42.4895,0,0.2,-,-
2024-01-08,411060,금현물,3,12320.0,11.5,LIME,2,0.3,0.3,0.25,0.26178,0.078534,7853403,False,13.1555,0,0.2,-,-
2024-01-09,453810,인디아,1,11740.0,16.0,GREEN,1,0.6,0.6,0.55,0.589812,0.353887,35388739,False,12.4543,0,0.2,-,-
2024-01-09,229200,코스닥,2,13927.0,11.75,-,1,0.35,0.35,0.45,0.410188,0.143566,14356568,False,42.4136,0,0.2,-,-
2024-01-10,453810,인디아,1,11671.0,15.0,GREEN,2,0.55,0.55,0.45,0.467532,0.257143,25714285,False,12.5338,0,0.2,-,-
2024-01-10,241180,니케이,2,18467.0,11.25,LIME,1,0.35,0.35,0.3,0.311688,0.109091,10909090,False,14.1721,0,0.2,-,-
2024-01-10,229200,코스닥,3,13728.0,11.25,-,3,0.3,0.3,0.25,0.220779,0.066234,6623376,False,42.0722,0,0.2,-,-
2024-01-11,453810,인디아,1,11706.0,15.0,GREEN,1,0.6,0.6,0.45,0.467532,0.280519,28051948,False,12.5372,0,0.2,-,-
2024-01-11,241180,니케이,2,18721.0,13.5,LIME,1,0.5,0.5,0.3,0.311688,0.155844,15584415,False,14.3404,0,0.2,-,-
2024-01-11,229200,코스닥,3,13892.0,11.25,-,1,0.35,0.35,0.25,0.220779,0.077273,7727272,False,41.6624,0,0.2,-,-
2024-01-12,241180,니케이,1,18966.0,15.25,LIME,1,0.1,0.0,0.45,0.461538,0.046154,4615384,False,14.1107,0,0.1,PURPLE,-
2024-01-12,453810,인디아,2,11798.0,15.0,GREEN,1,0.1,0.0,0.3,0.307692,0.030769,3076923,False,12.6052,0,0.1,PURPLE,-
2024-01-12,446770,톱반도,3,16267.0,13.0,-,1,0.1,0.0,0.25,0.230769,0.023077,2307692,False,17.7571,0,0.1,PURPLE,-
2024-01-15,241180,니케이,1,19313.0,16.0,LIME,1,0.1,0.0,0.45,0.455696,0.04557,4556962,False,14.4479,0,0.1,PURPLE,PURPLE
2024-01-15,453810,인디아,2,11989.0,15.0,GREEN,1,0.1,0.0,0.3,0.303797,0.03038,3037974,False,12.9451,0,0.1,PURPLE,PURPLE
2024-01-15,446770,톱반도,3,16302.0,13.0,-,1,0.1,0.0,0.25,0.240506,0.024051,2405063,False,17.7083,0,0.1,PURPLE,PURPLE
2024-01-16,241180,니케이,1,19108.0,16.0,LIME,1,0.1,0.0,0.45,0.455696,0.04557,4556962,False,14.3282,0,0.1,PURPLE,PURPLE
2024-01-16,453810,인디아,2,12095.0,16.0,GREEN,1,0.1,0.0,0.3,0.303797,0.03038,3037974,False,12.9871,0,0.1,PURPLE,PURPLE
2024-01-16,446770,톱반도,3,16364.0,12.5,-,1,0.1,0.0,0.25,0.240506,0.024051,2405063,False,17.0582,0,0.1,PURPLE,PURPLE
2024-01-17,453810,인디아,1,11905.0,16.0,GREEN,1,0.1,0.0,0.45,0.455696,0.04557,4556962,False,13.4232,0,0.1,PURPLE,PURPLE
2024-01-17,241180,니케이,2,19005.0,15.0,LIME,2,0.1,0.0,0.3,0.303797,0.03038,3037974,False,14.3182,0,0.1,PURPLE,PURPLE
2024-01-17,446770,톱반도,3,16526.0,13.25,-,1,0.1,0.0,0.25,0.240506,0.024051,2405063,False,16.9491,0,0.1,PURPLE,PURPLE
2024-01-18,453810,인디아,1,11823.0,15.0,-,2,0.1,0.0,0.45,0.443005,0.044301,4430051,False,13.3707,1,0.1,PURPLE,PURPLE
2024-01-18,241180,니케이,2,18951.0,13.75,LIME,2,0.1,0.0,0.3,0.310881,0.031088,3108808,False,14.3222,0,0.1,PURPLE,PURPLE
2024-01-18,446770,톱반도,3,16541.0,13.5,-,1,0.1,0.0,0.25,0.246114,0.024611,2461139,False,16.765,0,0.1,PURPLE,PURPLE
2024-01-19,446770,톱반도,1,17309.0,14.75,LIME,1,0.1,0.0,0.45,0.424084,0.042408,4240837,False,18.4529,0,0.1,PURPLE,PURPLE
2024-01-19,453810,인디아,2,11857.0,13.75,-,2,0.1,0.0,0.3,0.314136,0.031414,3141361,False,13.3699,0,0.1,PURPLE,PURPLE
2024-01-19,241180,니케이,3,19083.0,12.5,LIME,2,0.1,0.0,0.25,0.26178,0.026178,2617801,False,13.98,0,0.1,PURPLE,PURPLE
2024-01-22,446770,톱반도,1,17834.0,16.0,LIME,1,0.1,0.0,0.35,0.326425,0.032642,3264248,False,19.1854,0,0.1,PURPLE,PURPLE
2024-01-22,449190,나스닥,2,13813.0,13.0,LIME,1,0.1,0.0,0.3,0.310881,0.031088,3108808,False,16.2726,0,0.1,PURPLE,PURPLE
2024-01-22,241180,니케이,3,19475.0,12.5,LIME,1,0.1,0.0,0.25,0.259067,0.025907,2590673,False,14.1604,0,0.1,PURPLE,PURPLE
2024-01-22,453810,인디아,4,11979.0,13.0,-,1,0.1,0.0,0.1,0.103627,0.010363,1036269,False,13.3878,0,0.1,PURPLE,PURPLE
2024-01-23,446770,톱반도,1,17742.0,16.0,LIME,1,0.1,0.0,0.45,0.43734,0.043734,4373401,False,19.0599,0,0.1,PURPLE,PURPLE
2024-01-23,449190,나스닥,2,13763.0,14.25,LIME,1,0.1,0.0,0.3,0.306905,0.030691,3069053,False,16.1883,0,0.1,PURPLE,PURPLE
2024-01-23,241180,니케이,3,19382.0,13.5,LIME,1,0.1,0.0,0.25,0.255754,0.025575,2557544,False,14.113,0,0.1,PURPLE,PURPLE
2024-01-24,446770,톱반도,1,17948.0,16.0,LIME,1,0.1,0.0,0.35,0.326425,0.032642,3264248,False,19.1126,0,0.1,PURPLE,PURPLE
2024-01-24,449190,나스닥,2,13881.0,16.0,LIME,1,0.1,0.0,0.3,0.310881,0.031088,3108808,False,16.2097,0,0.1,PURPLE,PURPLE
2024-01-24,449180,에센피,3,11338.0,15.75,LIME,1,0.1,0.0,0.25,0.259067,0.025907,2590673,False,11.4649,0,0.1,PURPLE,PURPLE
2024-01-24,241180,니케이,4,19343.0,14.75,LIME,1,0.1,0.0,0.1,0.103627,0.010363,1036269,False,14.1162,0,0.1,PURPLE,PURPLE
2024-01-25,446770,톱반도,1,18463.0,16.0,LIME,1,0.1,0.0,0.35,0.326425,0.032642,3264248,False,19.6386,0,0.1,PURPLE,PURPLE
2024-01-25,449190,나스닥,2,13886.0,16.0,LIME,1,0.1,0.0,0.3,0.310881,0.031088,3108808,False,16.1869,0,0.1,PURPLE,PURPLE
2024-01-25,449180,에센피,3,11323.0,16.0,LIME,1,0.1,0.0,0.25,0.259067,0.025907,2590673,False,11.4844,0,0.1,PURPLE,PURPLE
2024-01-25,241180,니케이,4,19264.0,14.75,LIME,2,0.1,0.0,0.1,0.103627,0.010363,1036269,False,14.1134,0,0.1,PURPLE,PURPLE
2024-01-26,446770,톱반도,1,18300.0,16.0,LIME,1,0.1,0.0,0.35,0.328125,0.032813,3281250,False,18.502,0,0.1,PURPLE,PURPLE
2024-01-26,449180,에센피,2,11313.0,16.0,LIME,1,0.1,0.0,0.3,0.3125,0.03125,3125000,False,10.7397,0,0.1,PURPLE,PURPLE
2024-01-26,449190,나스닥,3,13773.0,15.0,LIME,2,0.1,0.0,0.25,0.260417,0.026042,2604166,False,14.9143,0,0.1,PURPLE,PURPLE
2024-01-26,241180,니케이,4,19015.0,12.5,LIME,3,0.1,0.0,0.1,0.098958,0.009896,989583,False,13.7098,1,0.1,PURPLE,PURPLE
2024-01-29,446770,톱반도,1,18415.0,16.0,LIME,1,0.1,0.0,0.35,0.342784,0.034278,3427835,False,18.3704,0,0.1,PURPLE,PURPLE
2024-01-29,449180,에센피,2,11363.0,16.0,LIME,1,0.1,0.0,0.3,0.309278,0.030928,3092783,False,10.7307,0,0.1,PURPLE,PURPLE
2024-01-29,091170,은행주,3,6178.0,16.0,LIME,1,0.1,0.0,0.25,0.244845,0.024485,2448453,False,20.6337,0,0.1,PURPLE,PURPLE
2024-01-29,449190,나스닥,4,13832.0,15.0,LIME,1,0.1,0.0,0.1,0.103093,0.010309,1030927,False,14.8992,0,0.1,PURPLE,PURPLE
2024-01-30,446770,톱반도,1,18469.0,16.0,LIME,1,0.24,0.24,0.35,0.342784,0.082268,8226804,False,18.3388,0,0.2,-,PURPLE
2024-01-30,449180,에센피,2,11451.0,16.0,LIME,1,0.24,0.24,0.3,0.309278,0.074227,7422680,False,10.6173,0,0.2,-,PURPLE
2024-01-30,091170,은행주,3,6170.0,16.0,LIME,1,0.24,0.24,0.25,0.244845,0.058763,5876288,False,19.9609,0,0.2,-,PURPLE
2024-01-30,449190,나스닥,4,13956.0,15.0,LIME,1,0.24,0.24,0.1,0.103093,0.024742,2474226,False,14.9433,0,0.2,-,PURPLE
2024-01-31,091170,은행주,1,6305.0,16.0,LIME,1,0.6,0.6,0.35,0.348852,0.209311,20931147,False,20.3019,0,0.2,-,-
2024-01-31,449180,에센피,2,11398.0,16.0,LIME,1,0.6,0.6,0.3,0.314754,0.188852,18885245,False,10.7127,0,0.2,-,-
2024-01-31,446770,톱반도,3,18117.0,15.0,LIME,2,0.55,0.55,0.25,0.236721,0.130197,13019672,False,18.9489,1,0.2,-,-
2024-01-31,449190,나스닥,4,13748.0,13.5,LIME,2,0.45,0.45,0.1,0.099672,0.044852,4485245,False,15.36,1,0.2,-,-
2024-02-01,091170,은행주,1,6608.0,16.0,LIME,1,0.6,0.6,0.33,0.311321,0.186792,18679245,False,22.1655,0,0.2,-,-
2024-02-01,195930,유로스,2,16308.0,15.0,LIME,2,0.55,0.55,0.27,0.299667,0.164817,16481687,False,11.597,0,0.2,-,-
2024-02-01,446770,톱반도,3,18077.0,13.5,LIME,2,0.45,0.45,0.2,0.200333,0.09015,9014983,False,18.902,1,0.2,-,-
2024-02-01,449180,에센피,4,11278.0,14.0,LIME,3,0.5,0.5,0.1,0.09434,0.04717,4716981,False,10.9494,2,0.2,-,-
2024-02-01,449190,나스닥,5,13624.0,12.5,-,3,0.35,0.35,0.1,0.09434,0.033019,3301886,False,15.4745,2,0.2,-,-
2024-02-02,091170,은행주,1,6980.0,16.0,LIME,1,0.85,0.6,0.33,0.298246,0.253509,25350877,False,24.5459,0,0.85,LIME,-
2024-02-02,195930,유로스,2,16538.0,15.0,LIME,1,0.85,0.6,0.27,0.287081,0.244019,24401913,False,11.8332,0,0.85,LIME,-
2024-02-02,446770,톱반도,3,18375.0,13.25,LIME,1,0.85,0.5,0.2,0.20202,0.171717,17171717,False,18.9744,0,0.85,LIME,-
2024-02-02,449180,에센피,4,11461.0,14.0,LIME,1,0.85,0.55,0.1,0.106326,0.090377,9037745,False,11.0792,0,0.85,LIME,-
2024-02-02,449190,나스닥,5,13887.0,11.75,-,1,0.85,0.35,0.1,0.106326,0.090377,9037745,False,15.3182,0,0.85,LIME,-
2024-02-05,091170,은행주,1,6753.0,16.0,LIME,1,0.85,0.6,0.31,0.305498,0.259673,25967323,False,25.3714,0,0.85,LIME,LIME
2024-02-05,091180,자동차,2,19729.0,15.0,LIME,1,0.85,0.6,0.25,0.246369,0.209414,20941390,False,25.5331,0,0.85,LIME,LIME
2024-02-05,102970,증권주,3,6616.0,15.0,LIME,1,0.85,0.6,0.16,0.157676,0.134025,13402489,False,23.4827,0,0.85,LIME,LIME
2024-02-05,195930,유로스,4,16448.0,15.0,LIME,1,0.85,0.6,0.1,0.103734,0.088174,8817427,False,11.3599,0,0.85,LIME,LIME
2024-02-05,446770,톱반도,5,18641.0,13.25,LIME,1,0.85,0.5,0.1,0.103734,0.088174,8817427,False,19.015,0,0.85,LIME,LIME
2024-02-05,449180,에센피,6,11495.0,14.0,LIME,1,0.85,0.55,0.08,0.082988,0.070539,7053941,False,10.7028,0,0.85,LIME,LIME
2024-02-06,091170,은행주,1,6706.0,16.0,LIME,1,0.85,0.6,0.31,0.306931,0.260891,26089108,False,23.827,0,0.85,LIME,LIME
2024-02-06,091180,자동차,2,19076.0,16.0,LIME,1,0.85,0.6,0.25,0.234497,0.199323,19932256,False,25.6227,0,0.85,LIME,LIME
2024-02-06,325020,케모멘,3,12820.0,15.5,LIME,1,0.85,0.6,0.16,0.166754,0.14174,14174048,False,18.1717,0,0.85,LIME,LIME
2024-02-06,446770,톱반도,4,18965.0,14.25,LIME,1,0.85,0.55,0.1,0.104221,0.088588,8858780,False,19.1644,0,0.85,LIME,LIME
2024-02-06,195930,유로스,5,16463.0,15.0,LIME,1,0.85,0.6,0.1,0.104221,0.088588,8858780,False,11.3061,0,0.85,LIME,LIME
2024-02-06,102970,증권주,6,6533.0,14.5,LIME,2,0.85,0.5,0.08,0.083377,0.07087,7087024,False,21.0164,0,0.85,LIME,LIME
2024-02-07,091180,자동차,1,19829.0,16.0,LIME,1,0.85,0.6,0.31,0.289419,0.246006,24600622,False,26.311,0,0.85,LIME,LIME
2024-02-07,446770,톱반도,2,18931.0,15.75,LIME,1,0.85,0.6,0.25,0.259336,0.220436,22043568,False,19.0877,0,0.85,LIME,LIME
2024-02-07,325020,케모멘,3,13119.0,16.0,LIME,1,0.85,0.6,0.16,0.165975,0.141079,14107883,False,17.9687,0,0.85,LIME,LIME
2024-02-07,091170,은행주,4,6813.0,15.75,LIME,1,0.85,0.6,0.1,0.098548,0.083766,8376556,False,23.1695,0,0.85,LIME,LIME
2024-02-07,195930,유로스,5,16498.0,15.75,LIME,1,0.85,0.6,0.1,0.103734,0.088174,8817427,False,11.2007,0,0.85,LIME,LIME
2024-02-07,102970,증권주,6,6644.0,14.75,LIME,1,0.85,0.55,0.08,0.082988,0.070539,7053941,False,20.9571,0,0.85,LIME,LIME
2024-02-08,446770,톱반도,1,19294.0,16.0,LIME,1,0.85,0.6,0.31,0.319588,0.271649,27164948,False,19.272,0,0.85,LIME,LIME
2024-02-08,091180,자동차,2,19869.0,16.0,LIME,1,0.85,0.6,0.25,0.231959,0.197165,19716494,False,26.2935,0,0.85,LIME,LIME
2024-02-08,325020,케모멘,3,13172.0,16.0,LIME,1,0.85,0.6,0.16,0.164948,0.140206,14020618,False,17.8817,0,0.85,LIME,LIME
2024-02-08,091170,은행주,4,6969.0,15.5,LIME,1,0.85,0.6,0.1,0.097938,0.083247,8324742,False,23.4489,0,0.85,LIME,LIME
2024-02-08,195930,유로스,5,16583.0,15.75,LIME,1,0.85,0.6,0.1,0.103093,0.087629,8762886,False,11.1044,0,0.85,LIME,LIME
2024-02-08,102970,증권주,6,6644.0,14.5,LIME,1,0.85,0.55,0.08,0.082474,0.070103,7010309,False,20.9341,0,0.85,LIME,LIME
2024-02-13,446770,톱반도,1,19766.0,16.0,LIME,1,0.85,0.6,0.31,0.319588,0.271649,27164948,False,19.6672,0,0.85,LIME,LIME
2024-02-13,091180,자동차,2,20105.0,16.0,LIME,1,0.85,0.6,0.25,0.231959,0.197165,19716494,False,26.3422,0,0.85,LIME,LIME
2024-02-13,325020,케모멘,3,13153.0,16.0,LIME,1,0.85,0.6,0.16,0.164948,0.140206,14020618,False,17.8622,0,0.85,LIME,LIME
2024-02-13,091170,은행주,4,6980.0,15.5,LIME,1,0.85,0.6,0.1,0.097938,0.083247,8324742,False,23.3829,0,0.85,LIME,LIME
2024-02-13,195930,유로스,5,16653.0,15.75,LIME,1,0.85,0.6,0.1,0.103093,0.087629,8762886,False,10.9188,0,0.85,LIME,LIME
2024-02-13,102970,증권주,6,6709.0,13.75,LIME,1,0.85,0.5,0.08,0.082474,0.070103,7010309,False,20.9661,0,0.85,LIME,LIME
2024-02-14,446770,톱반도,1,19628.0,16.0,LIME,1,0.8,0.6,0.31,0.320579,0.256463,25646328,False,19.8136,0,0.8,LIME,LIME
2024-02-14,091180,자동차,2,20101.0,16.0,LIME,1,0.8,0.6,0.25,0.232678,0.186143,18614270,False,26.1522,0,0.8,LIME,LIME
2024-02-14,091170,은행주,3,6845.0,14.5,LIME,2,0.8,0.5,0.16,0.157187,0.12575,12574974,False,23.7384,0,0.8,LIME,LIME
2024-02-14,102970,증권주,4,6658.0,14.5,LIME,1,0.8,0.55,0.1,0.103413,0.08273,8273009,False,20.9426,0,0.8,LIME,LIME
2024-02-14,325020,케모멘,5,12967.0,14.5,LIME,2,0.8,0.5,0.1,0.103413,0.08273,8273009,False,18.1317,0,0.8,LIME,LIME
2024-02-14,195930,유로스,6,16473.0,14.25,LIME,3,0.8,0.5,0.08,0.08273,0.066184,6618407,False,11.2041,0,0.8,LIME,LIME
2024-02-15,446770,톱반도,1,19869.0,16.0,LIME,1,0.8,0.6,0.31,0.31665,0.25332,25331971,False,19.0368,0,0.8,LIME,LIME
2024-02-15,241180,니케이,2,19984.0,15.25,-,1,0.8,0.6,0.25,0.255363,0.20429,20429009,False,15.4468,0,0.8,LIME,LIME
2024-02-15,091180,자동차,3,19715.0,15.0,LIME,2,0.8,0.55,0.16,0.147089,0.117671,11767109,False,26.4898,0,0.8,LIME,LIME
2024-02-15,091170,은행주,4,6781.0,13.75,LIME,2,0.8,0.45,0.1,0.097038,0.07763,7763023,False,23.8727,0,0.8,LIME,LIME
2024-02-15,195930,유로스,5,16732.0,14.5,LIME,1,0.8,0.55,0.1,0.102145,0.081716,8171603,False,11.5287,0,0.8,LIME,LIME
2024-02-15,102970,증권주,6,6662.0,13.5,LIME,2,0.8,0.45,0.08,0.081716,0.065373,6537282,False,20.9434,0,0.8,LIME,LIME
2024-02-16,446770,톱반도,1,19976.0,16.0,LIME,1,0.85,0.6,0.31,0.31665,0.269152,26915219,False,19.0357,0,0.85,LIME,LIME
2024-02-16,241180,니케이,2,20224.0,16.0,LIME,1,0.85,0.6,0.25,0.255363,0.217058,21705822,False,15.4822,0,0.85,LIME,LIME
2024-02-16,091180,자동차,3,20247.0,15.0,LIME,1,0.85,0.6,0.16,0.147089,0.125026,12502553,False,26.699,0,0.85,LIME,LIME
2024-02-16,091170,은행주,4,7002.0,14.0,LIME,1,0.85,0.55,0.1,0.097038,0.082482,8248212,False,24.5292,0,0.85,LIME,LIME
2024-02-16,195930,유로스,5,16862.0,14.5,LIME,1,0.85,0.55,0.1,0.102145,0.086823,8682328,False,11.5357,0,0.85,LIME,LIME
2024-02-16,102970,증권주,6,6958.0,13.75,LIME,1,0.85,0.5,0.08,0.081716,0.069459,6945863,False,22.5098,0,0.85,LIME,LIME
2024-02-19,446770,톱반도,1,19845.0,16.0,LIME,1,0.85,0.6,0.31,0.31665,0.269152,26915219,False,19.1669,0,0.85,LIME,LIME
2024-02-19,241180,니케이,2,20170.0,16.0,LIME,1,0.85,0.6,0.25,0.255363,0.217058,21705822,False,15.4862,0,0.85,LIME,LIME
2024-02-19,091180,자동차,3,20491.0,15.0,LIME,1,0.85,0.6,0.16,0.147089,0.125026,12502553,False,26.1613,0,0.85,LIME,LIME
2024-02-19,102970,증권주,4,7069.0,14.5,LIME,1,0.85,0.55,0.1,0.102145,0.086823,8682328,False,22.5618,0,0.85,LIME,LIME
2024-02-19,091170,은행주,5,7175.0,14.0,LIME,1,0.85,0.55,0.1,0.097038,0.082482,8248212,False,24.7973,0,0.85,LIME,LIME
2024-02-19,195930,유로스,6,16732.0,14.5,LIME,1,0.85,0.55,0.08,0.081716,0.069459,6945863,False,11.443,0,0.85,LIME,LIME
2024-02-20,241180,니케이,1,20185.0,16.0,LIME,1,0.85,0.6,0.31,0.312815,0.265893,26589303,False,15.3853,0,0.85,LIME,LIME
2024-02-20,446770,톱반도,2,19810.0,15.0,LIME,2,0.85,0.55,0.25,0.25227,0.21443,21442986,False,19.1946,0,0.85,LIME,LIME
2024-02-20,195930,유로스,3,16817.0,16.0,LIME,1,0.85,0.6,0.16,0.161453,0.137235,13723511,False,11.4624,0,0.85,LIME,LIME
2024-02-20,091180,자동차,4,20199.0,15.0,LIME,1,0.85,0.6,0.1,0.095863,0.081483,8148335,False,26.2777,0,0.85,LIME,LIME
2024-02-20,102970,증권주,5,6912.0,14.75,LIME,1,0.85,0.55,0.1,0.100908,0.085772,8577194,False,23.1144,0,0.85,LIME,LIME
2024-02-20,091170,은행주,6,6951.0,13.5,-,1,0.85,0.5,0.08,0.07669,0.065187,6518668,False,25.7497,0,0.85,LIME,LIME
2024-02-21,102970,증권주,1,7005.0,16.0,LIME,1,0.8,0.6,0.31,0.315201,0.252161,25216065,False,23.0556,0,0.8,LIME,LIME
2024-02-21,091180,자동차,2,20213.0,16.0,LIME,1,0.8,0.6,0.25,0.241484,0.193188,19318759,False,26.279,0,0.8,LIME,LIME
2024-02-21,449450,방산주,3,12810.0,16.0,LIME,1,0.8,0.6,0.16,0.162684,0.130147,13014743,False,21.9585,0,0.8,LIME,LIME
2024-02-21,241180,니케이,4,20087.0,14.75,LIME,2,0.8,0.5,0.1,0.101678,0.081342,8134214,False,15.417,0,0.8,LIME,LIME
2024-02-21,195930,유로스,5,16757.0,14.75,LIME,2,0.8,0.5,0.1,0.101678,0.081342,8134214,False,11.5035,0,0.8,LIME,LIME
2024-02-21,091170,은행주,6,6922.0,13.5,-,2,0.8,0.45,0.08,0.077275,0.06182,6182003,False,25.7239,0,0.8,LIME,LIME
2024-02-22,091180,자동차,1,20504.0,16.0,LIME,1,0.85,0.6,0.31,0.293221,0.249238,24923804,False,26.2964,0,0.85,LIME,LIME
2024-02-22,449450,방산주,2,13128.0,16.0,LIME,1,0.85,0.6,0.25,0.249606,0.212165,21216500,False,22.3588,0,0.85,LIME,LIME
2024-02-22,434730,원자력,3,12192.0,16.0,LIME,1,0.85,0.6,0.16,0.168156,0.142932,14293221,False,15.863,0,0.85,LIME,LIME
2024-02-22,102970,증권주,4,6972.0,14.75,LIME,2,0.85,0.5,0.1,0.099842,0.084866,8486600,False,23.099,0,0.85,LIME,LIME
2024-02-22,241180,니케이,5,20405.0,14.75,LIME,1,0.85,0.55,0.1,0.105097,0.089333,8933263,False,15.6001,0,0.85,LIME,LIME
2024-02-22,195930,유로스,6,17022.0,14.75,LIME,1,0.85,0.55,0.08,0.084078,0.071466,7146610,False,11.798,0,0.85,LIME,LIME
2024-02-23,091180,자동차,1,20429.0,16.0,-,1,0.85,0.6,0.31,0.293221,0.249238,24923804,False,26.3017,0,0.85,LIME,LIME
2024-02-23,449450,방산주,2,12939.0,16.0,LIME,1,0.85,0.6,0.25,0.249606,0.212165,21216500,False,22.5573,0,0.85,LIME,LIME
2024-02-23,434730,원자력,3,12369.0,16.0,LIME,1,0.85,0.6,0.16,0.168156,0.142932,14293221,False,16.0467,0,0.85,LIME,LIME
2024-02-23,102970,증권주,4,7083.0,14.75,LIME,1,0.85,0.55,0.1,0.099842,0.084866,8486600,False,23.2449,0,0.85,LIME,LIME
2024-02-23,241180,니케이,5,20615.0,14.75,LIME,1,0.85,0.55,0.1,0.105097,0.089333,8933263,False,15.6071,0,0.85,LIME,LIME
2024-02-23,195930,유로스,6,17167.0,14.75,LIME,1,0.85,0.55,0.08,0.084078,0.071466,7146610,False,11.8743,0,0.85,LIME,LIME
2024-02-26,449450,방산주,1,13247.0,16.0,LIME,1,0.6,0.6,0.31,0.303452,0.182071,18207109,False,22.9119,0,0.2,-,LIME
2024-02-26,434730,원자력,2,12595.0,16.0,LIME,1,0.6,0.6,0.25,0.257599,0.154559,15455950,False,16.376,0,0.2,-,LIME
2024-02-26,241180,니케이,3,20513.0,14.75,LIME,1,0.55,0.55,0.16,0.164863,0.090675,9067490,False,15.6604,0,0.2,-,LIME
2024-02-26,195930,유로스,4,17102.0,14.75,LIME,1,0.55,0.55,0.1,0.10304,0.056672,5667181,False,11.8579,0,0.2,-,LIME
2024-02-26,091180,자동차,5,19987.0,14.0,-,3,0.5,0.5,0.1,0.092736,0.046368,4636785,False,26.7024,0,0.2,-,LIME
2024-02-26,102970,증권주,6,6871.0,12.75,-,3,0.35,0.35,0.08,0.07831,0.027409,2740855,False,24.1278,0,0.2,-,LIME
2024-02-27,446770,톱반도,1,20351.0,16.0,-,1,0.6,0.6,0.33,0.32948,0.197688,19768786,False,20.8373,0,0.2,-,-
2024-02-27,449450,방산주,2,13570.0,16.0,LIME,1,0.6,0.6,0.27,0.255386,0.153232,15323173,False,23.2917,0,0.2,-,-
2024-02-27,241180,니케이,3,20513.0,16.0,LIME,1,0.6,0.6,0.2,0.210194,0.126117,12611665,False,15.6566,0,0.2,-,-
2024-02-27,195930,유로스,4,17102.0,16.0,LIME,1,0.6,0.6,0.1,0.105097,0.063058,6305832,False,11.8584,0,0.2,-,-
2024-02-27,434730,원자력,5,12187.0,14.5,LIME,2,0.5,0.5,0.1,0.099842,0.049921,4992117,False,17.758,1,0.2,-,-
2024-02-28,446770,톱반도,1,20321.0,16.0,-,1,0.6,0.6,0.33,0.327757,0.196654,19665446,False,20.875,0,0.2,-,-
2024-02-28,449450,방산주,2,13983.0,16.0,LIME,1,0.6,0.6,0.27,0.254051,0.152431,15243073,False,23.8082,0,0.2,-,-
2024-02-28,195930,유로스,3,17217.0,16.0,LIME,1,0.6,0.6,0.2,0.209096,0.125457,12545739,False,11.8796,0,0.2,-,-
2024-02-28,241180,니케이,4,20473.0,14.75,LIME,2,0.5,0.5,0.1,0.104548,0.052274,5227391,False,15.6848,0,0.2,-,-
2024-02-28,434730,원자력,5,12217.0,13.5,LIME,2,0.45,0.45,0.1,0.104548,0.047047,4704652,False,17.5576,0,0.2,-,-
2024-02-29,449450,방산주,1,13725.0,16.0,LIME,1,0.6,0.6,0.33,0.311484,0.18689,18689040,False,24.0969,0,0.2,-,-
2024-02-29,446770,톱반도,2,20159.0,15.0,-,2,0.55,0.55,0.27,0.269009,0.147955,14795490,False,20.8969,0,0.2,-,-
2024-02-29,195930,유로스,3,17286.0,16.0,LIME,1,0.6,0.6,0.2,0.209754,0.125852,12585212,False,11.8225,0,0.2,-,-
2024-02-29,241180,니케이,4,20606.0,14.5,LIME,1,0.55,0.55,0.1,0.104877,0.057682,5768222,False,15.6297,0,0.2,-,-
2024-02-29,434730,원자력,5,12276.0,12.25,LIME,2,0.35,0.35,0.1,0.104877,0.036707,3670686,False,17.5707,0,0.2,-,-
2024-03-04,446770,톱반도,1,21071.0,15.0,-,1,0.6,0.6,0.33,0.325376,0.195226,19522573,False,22.3617,0,0.2,-,-
2024-03-04,195930,유로스,2,17351.0,16.0,LIME,1,0.6,0.6,0.27,0.280228,0.168137,16813700,False,11.8185,0,0.2,-,-
2024-03-04,449450,방산주,3,13610.0,15.0,LIME,2,0.55,0.55,0.2,0.186819,0.10275,10275038,False,24.2031,0,0.2,-,-
2024-03-04,241180,니케이,4,20919.0,14.5,LIME,1,0.55,0.55,0.1,0.103788,0.057084,5708354,False,15.7308,0,0.2,-,-
2024-03-04,434730,원자력,5,12541.0,12.0,LIME,1,0.4,0.4,0.1,0.103788,0.041515,4151530,False,18.0209,0,0.2,-,-
2024-03-05,102970,증권주,1,7190.0,15.75,-,1,0.6,0.6,0.31,0.30455,0.18273,18273009,False,24.5613,0,0.2,-,-
2024-03-05,446770,톱반도,2,21593.0,15.0,-,1,0.6,0.6,0.25,0.245605,0.147363,14736297,False,22.5473,0,0.2,-,-
2024-03-05,195930,유로스,3,17326.0,16.0,LIME,1,0.6,0.6,0.16,0.16546,0.099276,9927611,False,11.8161,0,0.2,-,-
2024-03-05,241180,니케이,4,20958.0,14.5,LIME,1,0.55,0.55,0.1,0.103413,0.056877,5687693,False,15.7302,0,0.2,-,-
2024-03-05,449450,방산주,5,13570.0,13.75,LIME,2,0.45,0.45,0.1,0.098242,0.044209,4420889,False,24.1882,0,0.2,-,-
2024-03-05,434730,원자력,6,12555.0,12.75,LIME,1,0.4,0.4,0.08,0.08273,0.033092,3309203,False,17.8111,0,0.2,-,-
2024-03-06,241180,니케이,1,21056.0,15.75,LIME,1,0.6,0.6,0.31,0.314083,0.18845,18844984,False,15.7197,0,0.2,-,-
2024-03-06,446770,톱반도,2,21348.0,15.0,-,1,0.6,0.6,0.25,0.253293,0.151976,15197568,False,22.8105,0,0.2,-,-
2024-03-06,091180,자동차,3,20979.0,15.0,-,1,0.6,0.6,0.16,0.154002,0.092401,9240121,False,28.0717,0,0.2,-,-
2024-03-06,102970,증권주,4,7018.0,14.5,-,3,0.5,0.5,0.1,0.096251,0.048126,4812563,False,25.1489,1,0.2,-,-
2024-03-06,449450,방산주,5,14241.0,13.75,LIME,1,0.5,0.5,0.1,0.101317,0.050659,5065856,False,25.7849,0,0.2,-,-
2024-03-06,195930,유로스,6,17231.0,15.0,LIME,2,0.55,0.55,0.08,0.081054,0.04458,4457953,False,11.7634,0,0.2,-,-
2024-03-07,446770,톱반도,1,21907.0,16.0,-,1,0.6,0.6,0.31,0.314083,0.18845,18844984,False,23.0987,0,0.2,-,-
2024-03-07,241180,니케이,2,20919.0,16.0,LIME,1,0.6,0.6,0.25,0.253293,0.151976,15197568,False,15.8364,0,0.2,-,-
2024-03-07,091170,은행주,3,7348.0,15.5,LIME,1,0.6,0.6,0.16,0.154002,0.092401,9240121,False,27.0915,0,0.2,-,-
2024-03-07,091180,자동차,4,20823.0,15.5,-,1,0.6,0.6,0.1,0.096251,0.057751,5775075,False,27.939,0,0.2,-,-
2024-03-07,195930,유로스,5,17366.0,15.0,LIME,1,0.6,0.6,0.1,0.101317,0.06079,6079027,False,11.8065,0,0.2,-,-
2024-03-07,449450,방산주,6,14246.0,13.75,LIME,1,0.5,0.5,0.08,0.081054,0.040527,4052684,False,24.7007,0,0.2,-,-
2024-03-08,446770,톱반도,1,22645.0,16.0,-,1,0.6,0.6,0.31,0.316488,0.189893,18989280,False,23.7407,0,0.3,-,-
2024-03-08,091170,은행주,2,7397.0,16.0,LIME,1,0.6,0.6,0.25,0.242471,0.145482,14548238,False,27.0828,0,0.3,-,-
2024-03-08,091180,자동차,3,21021.0,16.0,-,1,0.6,0.6,0.16,0.155181,0.093109,9310872,False,27.9323,0,0.3,-,-
2024-03-08,241180,니케이,4,20855.0,15.0,-,2,0.55,0.55,0.1,0.102093,0.056151,5615109,False,15.8619,0,0.3,-,-
2024-03-08,449450,방산주,5,14401.0,14.75,LIME,1,0.55,0.55,0.1,0.102093,0.056151,5615109,False,24.7167,0,0.3,-,-
2024-03-08,195930,유로스,6,17626.0,15.0,LIME,1,0.6,0.6,0.08,0.081674,0.049005,4900459,False,12.0523,0,0.3,-,-
2024-03-11,091170,은행주,1,7320.0,16.0,-,1,0.6,0.6,0.31,0.314083,0.18845,18844984,False,27.1461,0,0.2,-,-
2024-03-11,449450,방산주,2,14261.0,16.0,LIME,1,0.6,0.6,0.25,0.253293,0.151976,15197568,False,24.6658,0,0.2,-,-
2024-03-11,455850,반소부,3,14921.0,16.0,LIME,1,0.6,0.6,0.16,0.154002,0.092401,9240121,False,31.0352,0,0.2,-,-
2024-03-11,446770,톱반도,4,21713.0,15.0,-,2,0.55,0.55,0.1,0.096251,0.052938,5293819,False,25.4398,1,0.2,-,-
2024-03-11,091180,자동차,5,20594.0,14.5,-,2,0.5,0.5,0.1,0.101317,0.050659,5065856,False,28.306,0,0.2,-,-
2024-03-11,195930,유로스,6,17391.0,15.0,LIME,1,0.6,0.6,0.08,0.081054,0.048632,4863221,False,12.3631,0,0.2,-,-
2024-03-12,091170,은행주,1,7393.0,16.0,LIME,1,0.6,0.6,0.31,0.317786,0.190671,19067145,False,27.1612,0,0.3,-,-
2024-03-12,455850,반소부,2,15040.0,16.0,LIME,1,0.6,0.6,0.25,0.243465,0.146079,14607893,False,30.7632,0,0.3,-,-
2024-03-12,434730,원자력,3,12866.0,15.0,-,1,0.6,0.6,0.16,0.164018,0.098411,9841107,False,18.6475,0,0.3,-,-
2024-03-12,195930,유로스,4,17541.0,16.0,LIME,1,0.6,0.6,0.1,0.102512,0.061507,6150691,False,12.3043,0,0.3,-,-
2024-03-12,449450,방산주,5,13848.0,14.5,-,3,0.5,0.5,0.1,0.102512,0.051256,5125576,False,25.4184,0,0.3,-,-
2024-03-12,446770,톱반도,6,21338.0,13.5,-,2,0.45,0.45,0.08,0.069708,0.031369,3136852,False,25.8635,2,0.3,-,-
2024-03-13,091170,은행주,1,7619.0,16.0,LIME,1,0.85,0.6,0.31,0.3125,0.265625,26562500,False,27.5566,0,0.85,LIME,-
2024-03-13,434730,원자력,2,13229.0,16.0,-,1,0.85,0.6,0.25,0.252016,0.214214,21421370,False,19.2741,0,0.85,LIME,-
2024-03-13,455850,반소부,3,15006.0,16.0,LIME,1,0.85,0.6,0.16,0.153226,0.130242,13024193,False,30.7281,0,0.85,LIME,-
2024-03-13,195930,유로스,4,17636.0,16.0,LIME,1,0.85,0.6,0.1,0.100806,0.085685,8568548,False,12.2938,0,0.85,LIME,-
2024-03-13,446770,톱반도,5,21985.0,13.25,-,1,0.85,0.5,0.1,0.100806,0.085685,8568548,False,26.3022,0,0.85,LIME,-
2024-03-13,449450,방산주,6,13799.0,12.25,-,3,0.85,0.35,0.08,0.080645,0.068548,6854838,False,25.1422,0,0.85,LIME,-
2024-03-14,091170,은행주,1,7895.0,16.0,LIME,1,0.85,0.6,0.31,0.304645,0.258948,25894796,False,28.2661,0,0.85,LIME,LIME
2024-03-14,434730,원자력,2,13641.0,16.0,LIME,1,0.85,0.6,0.25,0.258612,0.21982,21982000,False,20.0247,0,0.85,LIME,LIME
2024-03-14,449180,에센피,3,12010.0,15.5,LIME,1,0.85,0.6,0.16,0.165512,0.140685,14068480,False,10.6634,0,0.85,LIME,LIME
2024-03-14,195930,유로스,4,17586.0,16.0,-,1,0.85,0.6,0.1,0.103445,0.087928,8792800,False,12.3185,0,0.85,LIME,LIME
2024-03-14,455850,반소부,5,14746.0,15.0,LIME,2,0.85,0.55,0.1,0.0931,0.079135,7913520,False,30.8397,0,0.85,LIME,LIME
2024-03-14,446770,톱반도,6,21663.0,11.5,-,2,0.85,0.3,0.08,0.074687,0.063484,6348401,False,26.6283,1,0.85,LIME,LIME
2024-03-15,091170,은행주,1,7724.0,16.0,LIME,1,0.6,0.6,0.33,0.29984,0.179904,17990379,False,28.7654,0,0.2,-,LIME
2024-03-15,434730,원자력,2,13450.0,16.0,LIME,1,0.6,0.6,0.27,0.288616,0.173169,17316942,False,20.3205,0,0.2,-,LIME
2024-03-15,195930,유로스,3,17651.0,16.0,-,1,0.6,0.6,0.2,0.213789,0.128274,12827365,False,12.1787,0,0.2,-,LIME
2024-03-15,449180,에센피,4,11931.0,14.5,-,2,0.5,0.5,0.1,0.106895,0.053447,5344735,False,10.7839,0,0.2,-,LIME
2024-03-15,455850,반소부,5,14721.0,12.75,LIME,3,0.35,0.35,0.1,0.090861,0.031801,3180117,False,30.8471,0,0.2,-,LIME
2024-03-18,434730,원자력,1,13613.0,16.0,LIME,1,0.6,0.6,0.33,0.349391,0.209635,20963472,False,20.3515,0,0.3,-,-
2024-03-18,091170,은행주,2,7610.0,15.0,LIME,2,0.55,0.55,0.27,0.242986,0.133642,13364213,False,29.0231,0,0.3,-,-
2024-03-18,195930,유로스,3,17681.0,16.0,-,1,0.6,0.6,0.2,0.211752,0.127051,12705134,False,12.0923,0,0.3,-,-
2024-03-18,449180,에센피,4,11916.0,13.5,-,2,0.45,0.45,0.1,0.105876,0.047644,4764425,False,10.7891,0,0.3,-,-
2024-03-18,455850,반소부,5,14866.0,11.0,LIME,2,0.3,0.3,0.1,0.089995,0.026998,2699841,False,30.8546,0,0.3,-,-
2024-03-19,434730,원자력,1,13307.0,14.75,LIME,2,0.5,0.5,0.31,0.318602,0.159301,15930113,False,20.8147,0,0.2,-,-
2024-03-19,139230,조선주,2,3819.0,15.5,LIME,1,0.6,0.6,0.25,0.24409,0.146454,14645426,False,25.3995,0,0.2,-,-
2024-03-19,229200,코스닥,3,14793.0,14.75,-,1,0.55,0.55,0.16,0.16444,0.090442,9044193,False,21.5739,0,0.2,-,-
2024-03-19,091170,은행주,4,7456.0,13.25,LIME,3,0.45,0.45,0.1,0.087873,0.039543,3954265,False,29.3308,1,0.2,-,-
2024-03-19,195930,유로스,5,17481.0,14.0,-,3,0.5,0.5,0.1,0.102775,0.051387,5138746,False,12.2132,0,0.2,-,-
2024-03-19,449180,에센피,6,11941.0,12.25,-,2,0.35,0.35,0.08,0.08222,0.028777,2877697,False,10.7639,0,0.2,-,-
2024-03-20,139230,조선주,1,3853.0,15.75,LIME,1,0.6,0.6,0.31,0.302206,0.181324,18132375,False,25.3046,0,0.3,-,-
2024-03-20,434730,원자력,2,13273.0,13.5,-,2,0.45,0.45,0.25,0.256542,0.115444,11544381,False,20.8328,0,0.3,-,-
2024-03-20,229200,코스닥,3,14748.0,14.75,-,1,0.55,0.55,0.16,0.164187,0.090303,9030271,False,21.2364,0,0.3,-,-
2024-03-20,195930,유로스,4,17661.0,14.0,-,1,0.55,0.55,0.1,0.102617,0.056439,5643919,False,12.2609,0,0.3,-,-
2024-03-20,091170,은행주,5,7556.0,11.5,LIME,2,0.3,0.3,0.1,0.092355,0.027707,2770651,False,29.3121,0,0.3,-,-
2024-03-20,449180,에센피,6,12010.0,12.25,-,1,0.4,0.4,0.08,0.082093,0.032837,3283735,False,10.364,0,0.3,-,-
2024-03-21,139230,조선주,1,3918.0,16.0,LIME,1,0.6,0.6,0.33,0.31876,0.191256,19125571,False,25.2837,0,0.4,-,-
2024-03-21,229200,코스닥,2,15036.0,16.0,LIME,1,0.6,0.6,0.27,0.27453,0.164718,16471784,False,21.5338,0,0.4,-,-
2024-03-21,434730,원자력,3,13671.0,13.5,LIME,1,0.5,0.5,0.2,0.203355,0.101678,10167768,False,21.5176,0,0.4,-,-
2024-03-21,195930,유로스,4,17895.0,14.0,-,1,0.55,0.55,0.1,0.101678,0.055923,5592272,False,12.4087,0,0.4,-,-
2024-03-21,449180,에센피,5,12182.0,13.75,LIME,1,0.5,0.5,0.1,0.101678,0.050839,5083884,False,10.6724,0,0.4,-,-
2024-03-22,139230,조선주,1,3913.0,16.0,LIME,1,0.6,0.6,0.31,0.284097,0.170458,17045822,False,25.1041,0,0.3,-,-
2024-03-22,411060,금현물,2,13440.0,16.0,LIME,1,0.6,0.6,0.25,0.269542,0.161725,16172506,False,9.9624,0,0.3,-,-
2024-03-22,229200,코스닥,3,15061.0,16.0,LIME,1,0.6,0.6,0.16,0.155256,0.093154,9315363,False,21.28,0,0.3,-,-
2024-03-22,434730,원자력,4,13681.0,13.5,LIME,1,0.5,0.5,0.1,0.097035,0.048518,4851752,False,21.5226,0,0.3,-,-
2024-03-22,449180,에센피,5,12177.0,14.75,LIME,1,0.55,0.55,0.1,0.107817,0.059299,5929919,False,10.6783,0,0.3,-,-
2024-03-22,195930,유로스,6,17850.0,14.0,-,1,0.55,0.55,0.08,0.086253,0.047439,4743935,False,12.4043,0,0.3,-,-
2024-03-25,139230,조선주,1,3883.0,16.0,LIME,1,0.85,0.6,0.31,0.284097,0.241482,24148247,False,25.1091,0,0.85,LIME,-
2024-03-25,195930,유로스,2,17800.0,16.0,-,1,0.85,0.6,0.25,0.269542,0.229111,22911051,False,12.4387,0,0.85,LIME,-
2024-03-25,229200,코스닥,3,15370.0,16.0,LIME,1,0.85,0.6,0.16,0.155256,0.131968,13196765,False,21.466,0,0.85,LIME,-
2024-03-25,411060,금현물,4,13485.0,16.0,LIME,1,0.85,0.6,0.1,0.107817,0.091644,9164420,False,9.9262,0,0.85,LIME,-
2024-03-25,434730,원자력,5,13563.0,14.25,-,1,0.85,0.55,0.1,0.097035,0.08248,8247978,False,21.2725,0,0.85,LIME,-
2024-03-25,449180,에센피,6,12128.0,16.0,LIME,1,0.85,0.6,0.08,0.086253,0.073315,7331536,False,10.7367,0,0.85,LIME,-
2024-03-26,449450,방산주,1,14972.0,15.75,-,1,0.85,0.6,0.31,0.301587,0.256349,25634920,False,24.9583,0,0.85,LIME,LIME
2024-03-26,434730,원자력,2,13779.0,15.5,-,1,0.85,0.6,0.25,0.256016,0.217614,21761392,False,21.4149,0,0.85,LIME,LIME
2024-03-26,139230,조선주,3,3908.0,15.75,LIME,1,0.85,0.6,0.16,0.155658,0.132309,13230926,False,24.9277,0,0.85,LIME,LIME
2024-03-26,229200,코스닥,4,15445.0,16.0,LIME,1,0.85,0.6,0.1,0.102407,0.087046,8704557,False,21.4743,0,0.85,LIME,LIME
2024-03-26,195930,유로스,5,17850.0,15.75,-,1,0.85,0.6,0.1,0.102407,0.087046,8704557,False,12.4263,0,0.85,LIME,LIME
2024-03-26,411060,금현물,6,13475.0,16.0,LIME,1,0.85,0.6,0.08,0.081925,0.069636,6963645,False,9.9322,0,0.85,LIME,LIME
2024-03-27,449450,방산주,1,15141.0,16.0,LIME,1,0.85,0.6,0.31,0.315041,0.267785,26778455,False,24.9005,0,0.85,LIME,LIME
2024-03-27,434730,원자력,2,13991.0,15.5,LIME,1,0.85,0.6,0.25,0.254065,0.215955,21595528,False,21.3828,0,0.85,LIME,LIME
2024-03-27,455850,반소부,3,15659.0,16.0,LIME,1,0.85,0.6,0.16,0.146341,0.12439,12439024,False,31.3532,0,0.85,LIME,LIME
2024-03-27,229200,코스닥,4,15320.0,16.0,LIME,1,0.85,0.6,0.1,0.101626,0.086382,8638211,False,21.5029,0,0.85,LIME,LIME
2024-03-27,411060,금현물,5,13630.0,16.0,LIME,1,0.85,0.6,0.1,0.101626,0.086382,8638211,False,10.1263,0,0.85,LIME,LIME
2024-03-27,139230,조선주,6,3903.0,14.5,LIME,2,0.85,0.5,0.08,0.081301,0.069106,6910569,False,24.7446,0,0.85,LIME,LIME
2024-03-28,455850,반소부,1,16286.0,16.0,LIME,1,0.85,0.6,0.31,0.287926,0.244737,24473684,False,32.214,0,0.85,LIME,LIME
2024-03-28,434730,원자력,2,13991.0,15.5,LIME,1,0.85,0.6,0.25,0.257998,0.219298,21929824,False,21.3702,0,0.85,LIME,LIME
2024-03-28,091160,반도체,3,41169.0,16.0,LIME,1,0.85,0.6,0.16,0.165119,0.140351,14035087,False,25.3668,0,0.85,LIME,LIME
2024-03-28,449450,방산주,4,14734.0,15.0,LIME,2,0.85,0.55,0.1,0.103199,0.087719,8771929,False,25.6536,0,0.85,LIME,LIME
2024-03-28,411060,금현물,5,13765.0,16.0,LIME,1,0.85,0.6,0.1,0.103199,0.087719,8771929,False,10.2374,0,0.85,LIME,LIME
2024-03-28,229200,코스닥,6,15260.0,15.0,LIME,2,0.85,0.55,0.08,0.082559,0.070175,7017543,False,21.3969,0,0.85,LIME,LIME
2024-03-29,434730,원자력,1,13976.0,16.0,LIME,1,0.85,0.6,0.31,0.317949,0.270256,27025641,False,21.2733,0,0.85,LIME,LIME
2024-03-29,455850,반소부,2,16566.0,16.0,LIME,1,0.85,0.6,0.25,0.230769,0.196154,19615384,False,32.2842,0,0.85,LIME,LIME
2024-03-29,091160,반도체,3,41745.0,16.0,LIME,1,0.85,0.6,0.16,0.164103,0.139487,13948717,False,25.4578,0,0.85,LIME,LIME
2024-03-29,411060,금현물,4,14240.0,16.0,LIME,1,0.85,0.6,0.1,0.102564,0.087179,8717948,False,12.1026,0,0.85,LIME,LIME
2024-03-29,449450,방산주,5,14848.0,14.0,LIME,2,0.85,0.5,0.1,0.102564,0.087179,8717948,False,25.3755,0,0.85,LIME,LIME
2024-03-29,229200,코스닥,6,15096.0,13.75,-,2,0.85,0.45,0.08,0.082051,0.069744,6974358,False,21.4161,0,0.85,LIME,LIME
2024-04-01,434730,원자력,1,14094.0,16.0,LIME,1,0.85,0.6,0.31,0.317949,0.270256,27025641,False,21.286,0,0.85,LIME,LIME
2024-04-01,455850,반소부,2,16854.0,16.0,LIME,1,0.85,0.6,0.25,0.230769,0.196154,19615384,False,32.1976,0,0.85,LIME,LIME
2024-04-01,091160,반도체,3,42183.0,16.0,LIME,1,0.85,0.6,0.16,0.164103,0.139487,13948717,False,25.3665,0,0.85,LIME,LIME
2024-04-01,411060,금현물,4,14350.0,16.0,LIME,1,0.85,0.6,0.1,0.102564,0.087179,8717948,False,12.1419,0,0.85,LIME,LIME
2024-04-01,449450,방산주,5,15092.0,13.75,LIME,1,0.85,0.5,0.1,0.102564,0.087179,8717948,False,25.4201,0,0.85,LIME,LIME
2024-04-01,229200,코스닥,6,15136.0,12.0,-,2,0.85,0.35,0.08,0.082051,0.069744,6974358,False,21.123,0,0.85,LIME,LIME
2024-04-02,455850,반소부,1,17044.0,16.0,LIME,1,0.85,0.6,0.33,0.307135,0.261065,26106514,False,32.2116,0,0.85,LIME,LIME
2024-04-02,091160,반도체,2,42729.0,16.0,LIME,1,0.85,0.6,0.27,0.279214,0.237332,23733195,False,25.4462,0,0.85,LIME,LIME
2024-04-02,411060,금현물,3,14645.0,16.0,LIME,1,0.85,0.6,0.2,0.206825,0.175801,17580144,False,12.6648,0,0.85,LIME,LIME
2024-04-02,434730,원자력,4,13947.0,15.0,LIME,2,0.85,0.55,0.1,0.103413,0.087901,8790072,False,21.4542,0,0.85,LIME,LIME
2024-04-02,449450,방산주,5,15772.0,13.75,LIME,1,0.85,0.5,0.1,0.103413,0.087901,8790072,False,26.6705,0,0.85,LIME,LIME
2024-04-03,455850,반소부,1,16904.0,16.0,LIME,1,0.6,0.6,0.33,0.31876,0.191256,19125571,False,32.0289,0,0.2,-,LIME
2024-04-03,411060,금현물,2,15010.0,16.0,LIME,1,0.6,0.6,0.27,0.27453,0.164718,16471784,False,13.3584,0,0.2,-,LIME
2024-04-03,449450,방산주,3,15350.0,14.75,LIME,1,0.55,0.55,0.2,0.203355,0.111845,11184544,False,27.3192,0,0.2,-,LIME
2024-04-03,091160,반도체,4,41809.0,15.0,LIME,2,0.55,0.55,0.1,0.101678,0.055923,5592272,False,25.7796,0,0.2,-,LIME
2024-04-03,434730,원자력,5,13868.0,13.5,LIME,2,0.45,0.45,0.1,0.101678,0.045755,4575495,False,21.5014,0,0.2,-,LIME
2024-04-04,455850,반소부,1,17119.0,16.0,LIME,1,0.6,0.6,0.33,0.31876,0.191256,19125571,False,31.7373,0,0.3,-,-
2024-04-04,449450,방산주,2,15469.0,15.75,LIME,1,0.6,0.6,0.27,0.27453,0.164718,16471784,False,27.091,0,0.3,-,-
2024-04-04,091160,반도체,3,42946.0,15.0,LIME,1,0.6,0.6,0.2,0.203355,0.122013,12201321,False,25.6338,0,0.3,-,-
2024-04-04,411060,금현물,4,14455.0,15.0,-,2,0.55,0.55,0.1,0.101678,0.055923,5592272,False,15.5395,0,0.3,-,-
2024-04-04,434730,원자력,5,14496.0,13.5,LIME,1,0.5,0.5,0.1,0.101678,0.050839,5083884,False,23.019,0,0.3,-,-
2024-04-05,455850,반소부,1,17009.0,16.0,LIME,1,0.6,0.6,0.33,0.320388,0.192233,19223300,False,31.7488,0,0.2,-,-
2024-04-05,434730,원자력,2,14586.0,13.5,LIME,1,0.5,0.5,0.27,0.275933,0.137966,13796627,False,22.9247,0,0.2,-,-
2024-04-05,091160,반도체,3,42276.0,14.0,LIME,2,0.5,0.5,0.2,0.204394,0.102197,10219724,False,25.8826,0,0.2,-,-
2024-04-05,449450,방산주,4,14818.0,13.75,-,3,0.45,0.45,0.1,0.097087,0.043689,4368932,False,28.4757,0,0.2,-,-
2024-04-05,411060,금현물,5,14305.0,14.0,-,2,0.5,0.5,0.1,0.102197,0.051099,5109862,False,15.6506,0,0.2,-,-
2024-04-08,434730,원자력,1,14659.0,14.5,LIME,1,0.55,0.55,0.33,0.334516,0.183984,18398378,False,22.9116,0,0.3,-,-
2024-04-08,455850,반소부,2,16466.0,14.0,LIME,3,0.5,0.5,0.27,0.26001,0.130005,13000506,False,32.5159,0,0.3,-,-
2024-04-08,411060,금현물,3,14765.0,13.75,-,1,0.5,0.5,0.2,0.202737,0.101368,10136847,False,16.7409,0,0.3,-,-
2024-04-08,091160,반도체,4,41533.0,12.0,LIME,3,0.35,0.35,0.1,0.101368,0.035479,3547896,False,26.1934,0,0.3,-,-
2024-04-08,449450,방산주,5,14853.0,11.5,-,3,0.3,0.3,0.1,0.101368,0.030411,3041054,False,28.3808,0,0.3,-,-
2024-04-09,434730,원자력,1,14821.0,16.0,LIME,1,0.6,0.6,0.45,0.467532,0.280519,28051948,False,22.9426,0,0.2,-,-
2024-04-09,411060,금현물,2,14885.0,13.5,-,1,0.5,0.5,0.3,0.311688,0.155844,15584415,False,16.6836,0,0.2,-,-
2024-04-09,455850,반소부,3,16361.0,11.75,LIME,3,0.3,0.3,0.25,0.220779,0.066234,6623376,False,32.5579,0,0.2,-,-
2024-04-11,434730,원자력,1,14944.0,16.0,LIME,1,0.6,0.6,0.45,0.424084,0.25445,25445026,False,22.9518,0,0.2,-,-
2024-04-11,453810,인디아,2,12609.0,15.75,LIME,1,0.6,0.6,0.3,0.314136,0.188482,18848167,False,12.4941,0,0.2,-,-
2024-04-11,411060,금현물,3,14855.0,13.75,-,1,0.5,0.5,0.25,0.26178,0.13089,13089005,False,16.6834,0,0.2,-,-
2024-04-12,434730,원자력,1,15126.0,16.0,LIME,1,0.6,0.6,0.45,0.424084,0.25445,25445026,False,22.9222,0,0.2,-,-
2024-04-12,411060,금현물,2,15305.0,14.75,-,1,0.55,0.55,0.3,0.314136,0.172775,17277486,False,17.5476,0,0.2,-,-
2024-04-12,453810,인디아,3,12703.0,16.0,LIME,1,0.6,0.6,0.25,0.26178,0.157068,15706806,False,12.4732,0,0.2,-,-
2024-04-15,434730,원자력,1,15278.0,16.0,LIME,1,0.6,0.6,0.35,0.342784,0.20567,20567010,False,22.6935,0,0.2,-,-
2024-04-15,411060,금현물,2,15365.0,15.0,-,1,0.6,0.6,0.3,0.309278,0.185567,18556701,False,17.5116,0,0.2,-,-
2024-04-15,139230,조선주,3,3961.0,14.5,-,1,0.55,0.55,0.25,0.244845,0.134665,13466494,False,23.6438,0,0.2,-,-
2024-04-15,453810,인디아,4,12658.0,16.0,LIME,1,0.6,0.6,0.1,0.103093,0.061856,6185567,False,12.5072,0,0.2,-,-
2024-04-16,411060,금현물,1,15865.0,15.25,-,1,0.1,0.0,0.45,0.47758,0.047758,4775802,False,18.4285,0,0.1,PURPLE,-
2024-04-16,434730,원자력,2,14148.0,13.5,-,4,0.1,0.0,0.3,0.257097,0.02571,2570973,False,27.6674,1,0.1,PURPLE,-
2024-04-16,453810,인디아,3,12570.0,15.0,LIME,2,0.1,0.0,0.25,0.265322,0.026532,2653223,False,12.5409,0,0.1,PURPLE,-
2024-04-17,411060,금현물,1,15575.0,16.0,-,1,0.1,0.0,0.45,0.477454,0.047745,4774535,False,18.836,0,0.1,PURPLE,PURPLE
2024-04-17,434730,원자력,2,14330.0,11.5,-,3,0.1,0.0,0.3,0.270557,0.027056,2705570,False,27.7236,0,0.1,PURPLE,PURPLE
2024-04-17,453810,인디아,3,12508.0,13.25,LIME,2,0.1,0.0,0.25,0.251989,0.025199,2519893,False,12.2108,1,0.1,PURPLE,PURPLE
2024-04-18,411060,금현물,1,15310.0,15.0,-,2,0.1,0.0,0.35,0.367454,0.036745,3674540,False,19.2815,0,0.1,PURPLE,PURPLE
2024-04-18,434730,원자력,2,15225.0,11.25,-,1,0.1,0.0,0.3,0.283465,0.028346,2834645,False,30.0275,0,0.1,PURPLE,PURPLE
2024-04-18,228790,화장품,3,2636.0,12.0,LIME,1,0.1,0.0,0.25,0.249344,0.024934,2493438,False,27.9057,0,0.1,PURPLE,PURPLE
2024-04-18,453810,인디아,4,12484.0,11.0,-,3,0.1,0.0,0.1,0.099738,0.009974,997375,False,12.1085,1,0.1,PURPLE,PURPLE
2024-04-19,411060,금현물,1,15550.0,14.75,-,1,0.1,0.0,0.45,0.45,0.045,4500000,False,19.3879,0,0.1,PURPLE,PURPLE
2024-04-19,434730,원자력,2,15361.0,11.25,-,1,0.1,0.0,0.3,0.3,0.03,3000000,False,29.423,0,0.1,PURPLE,PURPLE
2024-04-19,228790,화장품,3,2597.0,12.5,LIME,1,0.1,0.0,0.25,0.25,0.025,2500000,False,27.8507,0,0.1,PURPLE,PURPLE
2024-04-22,449450,방산주,1,15464.0,13.5,-,1,0.1,0.0,0.35,0.35,0.035,3500000,False,28.4211,0,0.1,PURPLE,PURPLE
2024-04-22,228790,화장품,2,2592.0,15.25,-,1,0.1,0.0,0.3,0.3,0.03,3000000,False,27.3513,0,0.1,PURPLE,PURPLE
2024-04-22,434730,원자력,3,15116.0,12.75,-,1,0.1,0.0,0.25,0.25,0.025,2500000,False,29.6259,0,0.1,PURPLE,PURPLE
2024-04-22,411060,금현물,4,15165.0,12.5,-,3,0.1,0.0,0.1,0.1,0.01,1000000,False,20.0807,0,0.1,PURPLE,PURPLE
2024-04-23,139230,조선주,1,4105.0,15.5,-,1,0.1,0.0,0.35,0.35,0.035,3500000,False,25.2666,0,0.1,PURPLE,PURPLE
2024-04-23,449450,방산주,2,16115.0,15.25,-,1,0.1,0.0,0.3,0.3,0.03,3000000,False,29.3903,0,0.1,PURPLE,PURPLE
2024-04-23,434730,원자력,3,15333.0,14.75,-,1,0.1,0.0,0.25,0.25,0.025,2500000,False,29.6657,0,0.1,PURPLE,PURPLE
2024-04-23,228790,화장품,4,2582.0,14.25,-,2,0.1,0.0,0.1,0.1,0.01,1000000,False,27.3658,0,0.1,PURPLE,PURPLE
2024-04-24,139230,조선주,1,4189.0,16.0,LIME,1,0.1,0.0,0.35,0.35,0.035,3500000,False,25.4865,0,0.1,PURPLE,PURPLE
2024-04-24,449450,방산주,2,16315.0,15.5,LIME,1,0.1,0.0,0.3,0.3,0.03,3000000,False,29.369,0,0.1,PURPLE,PURPLE
2024-04-24,434730,원자력,3,15814.0,15.0,LIME,1,0.1,0.0,0.25,0.25,0.025,2500000,False,30.0926,0,0.1,PURPLE,PURPLE
2024-04-24,228790,화장품,4,2602.0,14.0,-,1,0.1,0.0,0.1,0.1,0.01,1000000,False,27.3868,0,0.1,PURPLE,PURPLE
2024-04-25,139230,조선주,1,4105.0,16.0,LIME,1,0.1,0.0,0.35,0.35,0.035,3500000,False,25.9111,0,0.1,PURPLE,PURPLE
2024-04-25,449450,방산주,2,16225.0,15.75,LIME,1,0.1,0.0,0.3,0.3,0.03,3000000,False,29.1787,0,0.1,PURPLE,PURPLE
2024-04-25,434730,원자력,3,15494.0,15.0,LIME,1,0.1,0.0,0.25,0.25,0.025,2500000,False,30.5269,0,0.1,PURPLE,PURPLE
2024-04-25,228790,화장품,4,2587.0,12.5,-,2,0.1,0.0,0.1,0.1,0.01,1000000,False,27.195,0,0.1,PURPLE,PURPLE
2024-04-26,434730,원자력,1,15962.0,16.0,LIME,1,0.1,0.0,0.35,0.35,0.035,3500000,False,30.7871,0,0.1,PURPLE,PURPLE
2024-04-26,449450,방산주,2,16061.0,16.0,LIME,1,0.1,0.0,0.3,0.3,0.03,3000000,False,29.1924,0,0.1,PURPLE,PURPLE
2024-04-26,139230,조선주,3,4165.0,16.0,LIME,1,0.1,0.0,0.25,0.25,0.025,2500000,False,25.8065,0,0.1,PURPLE,PURPLE
2024-04-26,228790,화장품,4,2632.0,12.25,-,1,0.1,0.0,0.1,0.1,0.01,1000000,False,27.3587,0,0.1,PURPLE,PURPLE
2024-04-29,434730,원자력,1,16220.0,16.0,LIME,1,0.1,0.0,0.35,0.35,0.035,3500000,False,30.7377,0,0.1,PURPLE,PURPLE
2024-04-29,139230,조선주,2,4220.0,16.0,LIME,1,0.1,0.0,0.3,0.3,0.03,3000000,False,25.7174,0,0.1,PURPLE,PURPLE
2024-04-29,449450,방산주,3,16216.0,15.75,LIME,1,0.1,0.0,0.25,0.25,0.025,2500000,False,29.193,0,0.1,PURPLE,PURPLE
2024-04-29,228790,화장품,4,2697.0,13.5,LIME,1,0.1,0.0,0.1,0.1,0.01,1000000,False,27.7539,0,0.1,PURPLE,PURPLE
2024-04-30,434730,원자력,1,16289.0,16.0,LIME,1,0.1,0.0,0.33,0.331658,0.033166,3316582,False,30.7267,0,0.1,PURPLE,PURPLE
2024-04-30,139230,조선주,2,4180.0,16.0,LIME,1,0.1,0.0,0.27,0.271357,0.027136,2713567,False,25.8047,0,0.1,PURPLE,PURPLE
2024-04-30,147970,티모멘,3,26452.0,15.5,LIME,1,0.1,0.0,0.2,0.201005,0.020101,2010050,False,18.1195,0,0.1,PURPLE,PURPLE
2024-04-30,228790,화장품,4,2816.0,14.0,LIME,1,0.1,0.0,0.1,0.100503,0.01005,1005025,False,28.7984,0,0.1,PURPLE,PURPLE
2024-04-30,449450,방산주,5,15473.0,13.0,-,4,0.1,0.0,0.1,0.095477,0.009548,954773,False,30.8806,1,0.1,PURPLE,PURPLE
2024-05-02,434730,원자력,1,16046.0,16.0,LIME,1,0.1,0.0,0.33,0.33,0.033,3300000,False,31.0096,0,0.1,PURPLE,PURPLE
2024-05-02,228790,화장품,2,2806.0,15.75,LIME,1,0.1,0.0,0.27,0.27,0.027,2700000,False,28.4425,0,0.1,PURPLE,PURPLE
2024-05-02,147970,티모멘,3,26418.0,16.0,LIME,1,0.1,0.0,0.2,0.2,0.02,2000000,False,18.1005,0,0.1,PURPLE,PURPLE
2024-05-02,139230,조선주,4,4125.0,14.5,LIME,2,0.1,0.0,0.1,0.1,0.01,1000000,False,25.8443,0,0.1,PURPLE,PURPLE
2024-05-02,449450,방산주,5,15977.0,11.25,-,2,0.1,0.0,0.1,0.1,0.01,1000000,False,30.9665,0,0.1,PURPLE,PURPLE
2024-05-03,228790,화장품,1,2841.0,16.0,LIME,1,0.24,0.24,0.33,0.335025,0.080406,8040609,False,28.5003,0,0.2,-,PURPLE
2024-05-03,434730,원자력,2,15684.0,14.5,-,3,0.2,0.2,0.27,0.274112,0.054822,5482233,False,31.1849,0,0.2,-,PURPLE
2024-05-03,371160,항셈테,3,5913.0,14.25,GREEN,1,0.22,0.22,0.2,0.192893,0.042437,4243654,False,32.0503,0,0.2,-,PURPLE
2024-05-03,147970,티모멘,4,26028.0,14.75,-,2,0.2,0.2,0.1,0.096447,0.019289,1928934,False,18.3419,1,0.2,-,PURPLE
2024-05-03,139230,조선주,5,4095.0,12.25,-,3,0.2,0.2,0.1,0.101523,0.020305,2030456,False,25.5253,0,0.2,-,PURPLE
2024-05-07,228790,화장품,1,2816.0,16.0,LIME,1,0.6,0.6,0.33,0.337942,0.202765,20276497,False,26.7056,0,0.2,-,-
2024-05-07,434730,원자력,2,16343.0,14.5,-,1,0.55,0.55,0.27,0.262673,0.14447,14447004,False,32.0166,0,0.2,-,-
2024-05-07,371160,항셈테,3,5834.0,14.5,GREEN,1,0.55,0.55,0.2,0.194572,0.107015,10701484,False,31.4656,0,0.2,-,-
2024-05-07,147970,티모멘,4,26374.0,13.5,-,2,0.45,0.45,0.1,0.102407,0.046083,4608294,False,18.4422,0,0.2,-,-
2024-05-07,139230,조선주,5,4244.0,12.25,-,1,0.4,0.4,0.1,0.102407,0.040963,4096262,False,26.1978,0,0.2,-,-
2024-05-08,434730,원자력,1,16576.0,14.5,LIME,1,0.85,0.55,0.33,0.323196,0.274716,27471649,False,32.0235,0,0.85,LIME,-
2024-05-08,371160,항셈테,2,5795.0,14.75,GREEN,1,0.85,0.55,0.27,0.264433,0.224768,22476804,False,31.4856,0,0.85,LIME,-
2024-05-08,228790,화장품,3,2801.0,15.0,LIME,2,0.85,0.55,0.2,0.206186,0.175258,17525773,False,26.6502,0,0.85,LIME,-
2024-05-08,147970,티모멘,4,26569.0,12.75,-,1,0.85,0.4,0.1,0.103093,0.087629,8762886,False,18.3132,0,0.85,LIME,-
2024-05-08,139230,조선주,5,4264.0,12.25,-,1,0.85,0.4,0.1,0.103093,0.087629,8762886,False,26.1625,0,0.85,LIME,-
2024-05-09,371160,항셈테,1,5918.0,15.0,GREEN,1,0.85,0.6,0.33,0.322034,0.273729,27372881,False,31.5615,0,0.85,LIME,LIME
2024-05-09,228790,화장품,2,2916.0,15.0,LIME,1,0.85,0.6,0.27,0.27735,0.235747,23574730,False,27.5972,0,0.85,LIME,LIME
2024-05-09,434730,원자력,3,16869.0,14.5,LIME,1,0.85,0.55,0.2,0.195172,0.165896,16589625,False,32.0844,0,0.85,LIME,LIME
2024-05-09,139230,조선주,4,4284.0,13.75,-,1,0.85,0.5,0.1,0.102722,0.087314,8731381,False,25.8646,0,0.85,LIME,LIME
2024-05-09,147970,티모멘,5,26325.0,11.0,-,2,0.85,0.3,0.1,0.102722,0.087314,8731381,False,17.7544,0,0.85,LIME,LIME
2024-05-10,434730,원자력,1,16804.0,16.0,LIME,1,0.85,0.6,0.33,0.33,0.2805,28050000,False,32.0719,0,0.85,LIME,LIME
2024-05-10,139230,조선주,2,4254.0,16.0,-,1,0.85,0.6,0.27,0.27,0.2295,22950000,False,25.8825,0,0.85,LIME,LIME
2024-05-10,371160,항셈테,3,5928.0,15.25,LIME,1,0.85,0.6,0.2,0.2,0.17,17000000,False,31.549,0,0.85,LIME,LIME
2024-05-10,228790,화장품,4,3070.0,15.0,LIME,1,0.85,0.6,0.1,0.1,0.085,8500000,False,29.1932,0,0.85,LIME,LIME
2024-05-10,147970,티모멘,5,26714.0,12.25,-,1,0.85,0.4,0.1,0.1,0.085,8500000,False,17.9047,0,0.85,LIME,LIME
2024-05-13,139230,조선주,1,4383.0,16.0,LIME,1,0.8,0.6,0.33,0.333333,0.266667,26666666,False,26.3612,0,0.8,LIME,LIME
2024-05-13,371160,항셈테,2,6007.0,15.5,LIME,1,0.8,0.6,0.27,0.272727,0.218182,21818181,False,29.9535,0,0.8,LIME,LIME
2024-05-13,434730,원자력,3,16636.0,15.0,LIME,2,0.8,0.55,0.2,0.191919,0.153535,15353535,False,32.1697,0,0.8,LIME,LIME
2024-05-13,228790,화장품,4,3080.0,15.0,LIME,1,0.8,0.6,0.1,0.10101,0.080808,8080808,False,28.999,0,0.8,LIME,LIME
2024-05-13,147970,티모멘,5,26701.0,13.5,LIME,1,0.8,0.5,0.1,0.10101,0.080808,8080808,False,17.7298,0,0.8,LIME,LIME
2024-05-14,228790,화장품,1,3085.0,16.0,LIME,1,0.85,0.6,0.33,0.331658,0.28191,28190954,False,28.9559,0,0.85,LIME,LIME
2024-05-14,139230,조선주,2,4364.0,16.0,LIME,1,0.85,0.6,0.27,0.271357,0.230653,23065326,False,26.4174,0,0.85,LIME,LIME
2024-05-14,371160,항셈테,3,6087.0,15.75,LIME,1,0.85,0.6,0.2,0.201005,0.170854,17085427,False,29.6096,0,0.85,LIME,LIME
2024-05-14,434730,원자력,4,16542.0,13.75,LIME,2,0.85,0.45,0.1,0.095477,0.081156,8115577,False,32.2541,0,0.85,LIME,LIME
2024-05-14,147970,티모멘,5,26633.0,14.25,LIME,1,0.85,0.55,0.1,0.100503,0.085427,8542713,False,17.6804,0,0.85,LIME,LIME
2024-05-16,139230,조선주,1,4423.0,16.0,LIME,1,0.85,0.6,0.33,0.331658,0.28191,28190954,False,26.4824,0,0.85,LIME,LIME
2024-05-16,228790,화장품,2,3090.0,16.0,LIME,1,0.85,0.6,0.27,0.271357,0.230653,23065326,False,28.9476,0,0.85,LIME,LIME
2024-05-16,371160,항셈테,3,6042.0,16.0,LIME,1,0.85,0.6,0.2,0.201005,0.170854,17085427,False,29.6392,0,0.85,LIME,LIME
2024-05-16,147970,티모멘,4,27057.0,16.0,LIME,1,0.85,0.6,0.1,0.100503,0.085427,8542713,False,17.8325,0,0.85,LIME,LIME
2024-05-16,434730,원자력,5,16953.0,13.75,LIME,1,0.85,0.5,0.1,0.095477,0.081156,8115577,False,32.4641,0,0.85,LIME,LIME
2024-05-17,228790,화장품,1,3085.0,16.0,LIME,1,0.8,0.6,0.33,0.331658,0.265327,26532663,False,28.579,0,0.8,LIME,LIME
2024-05-17,371160,항셈테,2,6082.0,16.0,LIME,1,0.8,0.6,0.27,0.271357,0.217085,21708542,False,29.2598,0,0.8,LIME,LIME
2024-05-17,147970,티모멘,3,27432.0,16.0,LIME,1,0.8,0.6,0.2,0.201005,0.160804,16080402,False,17.8744,0,0.8,LIME,LIME
2024-05-17,139230,조선주,4,4279.0,14.5,-,2,0.8,0.5,0.1,0.100503,0.080402,8040201,False,27.46,0,0.8,LIME,LIME
2024-05-17,434730,원자력,5,16918.0,13.75,LIME,1,0.8,0.5,0.1,0.095477,0.076382,7638190,False,32.4763,0,0.8,LIME,LIME
2024-05-20,228790,화장품,1,3104.0,16.0,LIME,1,0.85,0.6,0.33,0.331658,0.28191,28190954,False,28.4668,0,0.85,LIME,LIME
2024-05-20,371160,항셈테,2,6176.0,16.0,LIME,1,0.85,0.6,0.27,0.271357,0.230653,23065326,False,29.2462,0,0.85,LIME,LIME
2024-05-20,147970,티모멘,3,28100.0,16.0,LIME,1,0.85,0.6,0.2,0.201005,0.170854,17085427,False,18.3832,0,0.85,LIME,LIME
2024-05-20,434730,원자력,4,17513.0,14.75,LIME,1,0.85,0.55,0.1,0.095477,0.081156,8115577,False,32.9169,0,0.85,LIME,LIME
2024-05-20,139230,조선주,5,4299.0,13.5,-,2,0.85,0.45,0.1,0.100503,0.085427,8542713,False,27.2723,0,0.85,LIME,LIME
2024-05-21,434730,원자력,1,17255.0,16.0,LIME,1,0.6,0.6,0.33,0.320388,0.192233,19223300,False,33.1332,0,0.6,LIME,LIME
2024-05-21,228790,화장품,2,3204.0,16.0,LIME,1,0.6,0.6,0.27,0.275933,0.16556,16555952,False,28.9991,0,0.6,LIME,LIME
2024-05-21,147970,티모멘,3,27959.0,16.0,LIME,1,0.6,0.6,0.2,0.204394,0.122637,12263668,False,18.4237,0,0.6,LIME,LIME
2024-05-21,371160,항셈테,4,5948.0,14.0,-,3,0.6,0.5,0.1,0.097087,0.058252,5825242,False,30.4032,1,0.6,LIME,LIME
2024-05-21,139230,조선주,5,4279.0,11.25,-,3,0.6,0.3,0.1,0.102197,0.061318,6131834,False,27.3294,0,0.6,LIME,LIME
2024-05-22,434730,원자력,1,17240.0,16.0,LIME,1,0.6,0.6,0.33,0.31876,0.191256,19125571,False,33.1439,0,0.6,LIME,LIME
2024-05-22,228790,화장품,2,3164.0,16.0,LIME,1,0.6,0.6,0.27,0.27453,0.164718,16471784,False,29.2091,0,0.6,LIME,LIME
2024-05-22,377990,신재생,3,9614.0,16.0,GREEN,1,0.6,0.6,0.2,0.203355,0.122013,12201321,False,26.7086,0,0.6,LIME,LIME
2024-05-22,147970,티모멘,4,27925.0,16.0,LIME,1,0.6,0.6,0.1,0.101678,0.061007,6100660,False,18.4388,0,0.6,LIME,LIME
2024-05-22,371160,항셈테,5,6017.0,12.5,-,2,0.6,0.35,0.1,0.101678,0.061007,6100660,False,29.6017,0,0.6,LIME,LIME
2024-05-23,228790,화장품,1,3184.0,16.0,LIME,1,0.6,0.6,0.35,0.35533,0.213198,21319796,False,29.1239,0,0.6,LIME,LIME
2024-05-23,434730,원자력,2,17413.0,15.75,-,1,0.6,0.6,0.3,0.28934,0.173604,17360406,False,32.459,0,0.6,LIME,LIME
2024-05-23,377990,신재생,3,10052.0,16.0,GREEN,1,0.6,0.6,0.25,0.253807,0.152284,15228426,False,27.9663,0,0.6,LIME,LIME
2024-05-23,147970,티모멘,4,27832.0,14.75,LIME,2,0.6,0.5,0.1,0.101523,0.060914,6091370,False,18.3135,0,0.6,LIME,LIME
2024-05-24,228790,화장품,1,3204.0,16.0,LIME,1,0.6,0.6,0.35,0.35533,0.213198,21319796,False,28.997,0,0.2,-,LIME
2024-05-24,434730,원자력,2,18171.0,15.75,LIME,1,0.6,0.6,0.3,0.28934,0.173604,17360406,False,33.3082,0,0.2,-,LIME
2024-05-24,377990,신재생,3,9977.0,16.0,GREEN,1,0.6,0.6,0.25,0.253807,0.152284,15228426,False,28.0491,0,0.2,-,LIME
2024-05-24,147970,티모멘,4,27832.0,13.5,LIME,2,0.45,0.45,0.1,0.101523,0.045685,4568527,False,18.3004,0,0.2,-,LIME
2024-05-27,434730,원자력,1,18840.0,15.75,LIME,1,0.6,0.6,0.35,0.338422,0.203053,20305343,False,33.8054,0,0.2,-,-
2024-05-27,377990,신재생,2,10608.0,16.0,GREEN,1,0.6,0.6,0.3,0.305344,0.183206,18320610,False,30.4899,0,0.2,-,-
2024-05-27,228790,화장품,3,3149.0,15.0,-,2,0.55,0.55,0.25,0.254453,0.139949,13994910,False,29.2666,0,0.2,-,-
2024-05-27,147970,티모멘,4,28208.0,13.5,LIME,1,0.5,0.5,0.1,0.101781,0.050891,5089058,False,18.4268,0,0.2,-,-
2024-05-28,434730,원자력,1,19316.0,15.75,LIME,1,0.6,0.6,0.33,0.31876,0.191256,19125571,False,33.9617,0,0.3,-,-
2024-05-28,377990,신재생,2,10618.0,16.0,GREEN,1,0.6,0.6,0.27,0.27453,0.164718,16471784,False,30.2137,0,0.3,-,-
2024-05-28,446770,톱반도,3,23959.0,16.0,LIME,1,0.6,0.6,0.2,0.203355,0.122013,12201321,False,31.5475,0,0.3,-,-
2024-05-28,228790,화장품,4,3149.0,13.5,-,2,0.45,0.45,0.1,0.101678,0.045755,4575495,False,29.2498,0,0.3,-,-
2024-05-28,147970,티모멘,5,28583.0,13.5,LIME,1,0.5,0.5,0.1,0.101678,0.050839,5083884,False,18.5384,0,0.3,-,-
2024-05-29,434730,원자력,1,18900.0,16.0,LIME,1,0.6,0.6,0.31,0.299137,0.179482,17948197,False,34.4237,0,0.2,-,-
2024-05-29,446770,톱반도,2,24156.0,16.0,LIME,1,0.6,0.6,0.25,0.253936,0.152362,15236160,False,31.4675,0,0.2,-,-
2024-05-29,139230,조선주,3,4497.0,15.25,LIME,1,0.6,0.6,0.16,0.162519,0.097511,9751142,False,28.8368,0,0.2,-,-
2024-05-29,377990,신재생,4,10265.0,15.0,GREEN,2,0.55,0.55,0.1,0.101574,0.055866,5586592,False,31.0281,0,0.2,-,-
2024-05-29,147970,티모멘,5,28320.0,14.75,LIME,1,0.55,0.55,0.1,0.101574,0.055866,5586592,False,18.6787,0,0.2,-,-
2024-05-29,228790,화장품,6,3249.0,13.5,LIME,1,0.5,0.5,0.08,0.08126,0.04063,4062976,False,29.5264,0,0.2,-,-
2024-05-30,446770,톱반도,1,24033.0,16.0,LIME,1,0.1,0.0,0.31,0.319752,0.031975,3197524,False,31.4816,0,0.1,PURPLE,-
2024-05-30,434730,원자력,2,18449.0,15.0,-,2,0.1,0.0,0.25,0.244972,0.024497,2449716,False,34.8904,0,0.1,PURPLE,-
2024-05-30,139230,조선주,3,4428.0,15.0,LIME,2,0.1,0.0,0.16,0.156782,0.015678,1567818,False,29.1022,1,0.1,PURPLE,-
2024-05-30,377990,신재생,4,10086.0,14.0,LIME,2,0.1,0.0,0.1,0.097989,0.009799,979886,False,31.3205,1,0.1,PURPLE,-
2024-05-30,147970,티모멘,5,27910.0,14.5,LIME,3,0.1,0.0,0.1,0.097989,0.009799,979886,False,18.8067,1,0.1,PURPLE,-
2024-05-30,228790,화장품,6,3314.0,13.5,LIME,1,0.1,0.0,0.08,0.082517,0.008252,825167,False,29.4849,0,0.1,PURPLE,-
2024-05-31,228790,화장품,1,3404.0,14.5,LIME,1,0.1,0.0,0.31,0.313765,0.031377,3137651,False,28.8764,0,0.1,PURPLE,PURPLE
2024-05-31,446770,톱반도,2,23890.0,15.0,LIME,2,0.1,0.0,0.25,0.253036,0.025304,2530364,False,31.5215,0,0.1,PURPLE,PURPLE
2024-05-31,434730,원자력,3,18667.0,13.75,-,2,0.1,0.0,0.16,0.153846,0.015385,1538461,False,34.006,0,0.1,PURPLE,PURPLE
2024-05-31,139230,조선주,4,4438.0,13.75,-,2,0.1,0.0,0.1,0.101215,0.010121,1012145,False,29.0996,0,0.1,PURPLE,PURPLE
2024-05-31,377990,신재생,5,10245.0,12.75,LIME,2,0.1,0.0,0.1,0.101215,0.010121,1012145,False,31.2738,0,0.1,PURPLE,PURPLE
2024-05-31,147970,티모멘,6,27886.0,12.75,-,3,0.1,0.0,0.08,0.076923,0.007692,769230,False,18.7478,1,0.1,PURPLE,PURPLE
2024-06-03,228790,화장품,1,3379.0,16.0,LIME,1,0.1,0.0,0.31,0.312815,0.031282,3128153,False,28.8483,0,0.1,PURPLE,PURPLE
2024-06-03,446770,톱반도,2,24014.0,14.75,LIME,1,0.1,0.0,0.25,0.25227,0.025227,2522704,False,31.5134,0,0.1,PURPLE,PURPLE
2024-06-03,147970,티모멘,3,28325.0,12.5,-,1,0.1,0.0,0.16,0.161453,0.016145,1614530,False,18.6776,0,0.1,PURPLE,PURPLE
2024-06-03,434730,원자력,4,18617.0,12.0,-,2,0.1,0.0,0.1,0.095863,0.009586,958627,False,34.0495,0,0.1,PURPLE,PURPLE
2024-06-03,139230,조선주,5,4492.0,12.0,-,2,0.1,0.0,0.1,0.100908,0.010091,1009081,False,28.9678,0,0.1,PURPLE,PURPLE
2024-06-03,377990,신재생,6,10131.0,11.0,LIME,2,0.1,0.0,0.08,0.07669,0.007669,766902,False,31.2841,1,0.1,PURPLE,PURPLE
2024-06-04,228790,화장품,1,3224.0,14.5,-,3,0.1,0.0,0.55,0.55,0.055,5500000,False,30.457,0,0.1,PURPLE,PURPLE
2024-06-04,446770,톱반도,2,24161.0,14.75,LIME,1,0.1,0.0,0.45,0.45,0.045,4500000,False,31.4427,0,0.1,PURPLE,PURPLE
2024-06-05,446770,톱반도,1,24279.0,14.75,LIME,1,0.1,0.0,0.55,0.55,0.055,5500000,False,30.2564,0,0.1,PURPLE,PURPLE
2024-06-05,228790,화장품,2,3229.0,12.25,-,3,0.1,0.0,0.45,0.45,0.045,4500000,False,30.0216,0,0.1,PURPLE,PURPLE
2024-06-07,446770,톱반도,1,25210.0,15.75,LIME,1,0.1,0.0,1.0,1.0,0.1,10000000,False,30.781,0,0.1,PURPLE,PURPLE
2024-06-10,446770,톱반도,1,25121.0,16.0,LIME,1,0.1,0.0,0.55,0.509537,0.050954,5095367,False,30.6761,0,0.1,PURPLE,PURPLE
2024-06-10,449180,에센피,2,12355.0,11.5,-,1,0.1,0.0,0.45,0.490463,0.049046,4904632,False,12.6082,0,0.1,PURPLE,PURPLE
2024-06-11,446770,톱반도,1,25387.0,16.0,LIME,1,0.1,0.0,0.45,0.410188,0.041019,4101876,False,30.3491,0,0.1,PURPLE,PURPLE
2024-06-11,449180,에센피,2,12409.0,14.25,-,1,0.1,0.0,0.3,0.321716,0.032172,3217158,False,12.6245,0,0.1,PURPLE,PURPLE
2024-06-11,449190,나스닥,3,15023.0,12.75,LIME,1,0.1,0.0,0.25,0.268097,0.02681,2680965,False,17.0837,0,0.1,PURPLE,PURPLE
2024-06-12,446770,톱반도,1,25541.0,16.0,LIME,1,0.24,0.24,0.45,0.410188,0.098445,9844504,False,29.6919,0,0.2,-,PURPLE
2024-06-12,449180,에센피,2,12459.0,16.0,-,1,0.24,0.24,0.3,0.321716,0.077212,7721179,False,12.4482,0,0.2,-,PURPLE
2024-06-12,449190,나스닥,3,15146.0,15.5,LIME,1,0.24,0.24,0.25,0.268097,0.064343,6434316,False,16.8672,0,0.2,-,PURPLE
2024-06-13,446770,톱반도,1,26446.0,16.0,LIME,1,0.85,0.6,0.35,0.330709,0.281102,28110236,False,29.1038,0,0.85,LIME,-
2024-06-13,449190,나스닥,2,15437.0,16.0,LIME,1,0.85,0.6,0.3,0.314961,0.267717,26771653,False,16.9952,0,0.85,LIME,-
2024-06-13,091160,반도체,3,43587.0,14.75,LIME,1,0.85,0.55,0.25,0.249344,0.211942,21194225,False,26.95,0,0.85,LIME,-
2024-06-13,449180,에센피,4,12572.0,16.0,LIME,1,0.85,0.6,0.1,0.104987,0.089239,8923884,False,12.4471,0,0.85,LIME,-
2024-06-14,446770,톱반도,1,26642.0,16.0,LIME,1,0.85,0.6,0.35,0.331579,0.281842,28184210,False,28.8119,0,0.85,LIME,LIME
2024-06-14,091160,반도체,2,43405.0,15.5,LIME,1,0.85,0.6,0.3,0.3,0.255,25500000,False,26.948,0,0.85,LIME,LIME
2024-06-14,449190,나스닥,3,15452.0,16.0,LIME,1,0.85,0.6,0.25,0.263158,0.223684,22368421,False,16.9896,0,0.85,LIME,LIME
2024-06-14,449180,에센피,4,12572.0,16.0,LIME,1,0.85,0.6,0.1,0.105263,0.089474,8947368,False,12.4385,0,0.85,LIME,LIME
2024-06-17,446770,톱반도,1,26609.0,16.0,LIME,1,0.85,0.6,0.33,0.334516,0.284339,28433857,False,28.3134,0,0.85,LIME,LIME
2024-06-17,228790,화장품,2,3483.0,15.5,-,1,0.85,0.6,0.27,0.26001,0.221009,22100861,False,31.6989,0,0.85,LIME,LIME
2024-06-17,091160,반도체,3,43370.0,15.75,LIME,1,0.85,0.6,0.2,0.202737,0.172326,17232640,False,26.9273,0,0.85,LIME,LIME
2024-06-17,449190,나스닥,4,15482.0,16.0,LIME,1,0.85,0.6,0.1,0.101368,0.086163,8616320,False,16.9264,0,0.85,LIME,LIME
2024-06-17,449180,에센피,5,12567.0,16.0,LIME,1,0.85,0.6,0.1,0.101368,0.086163,8616320,False,12.3684,0,0.85,LIME,LIME
2024-06-18,228790,화장품,1,3533.0,16.0,-,1,0.85,0.6,0.33,0.31876,0.270946,27094560,False,31.7213,0,0.85,LIME,LIME
2024-06-18,446770,톱반도,2,26998.0,16.0,LIME,1,0.85,0.6,0.27,0.27453,0.23335,23335027,False,28.1686,0,0.85,LIME,LIME
2024-06-18,091160,반도체,3,44267.0,16.0,LIME,1,0.85,0.6,0.2,0.203355,0.172852,17285205,False,27.0115,0,0.85,LIME,LIME
2024-06-18,449190,나스닥,4,15671.0,16.0,LIME,1,0.85,0.6,0.1,0.101678,0.086426,8642602,False,17.0236,0,0.85,LIME,LIME
2024-06-18,449180,에센피,5,12664.0,16.0,LIME,1,0.85,0.6,0.1,0.101678,0.086426,8642602,False,12.4455,0,0.85,LIME,LIME
2024-06-19,446770,톱반도,1,27574.0,16.0,LIME,1,0.85,0.6,0.31,0.304708,0.259002,25900155,False,28.1649,0,0.85,LIME,LIME
2024-06-19,147970,티모멘,2,29594.0,15.75,LIME,1,0.85,0.6,0.25,0.258665,0.219865,21986549,False,19.333,0,0.85,LIME,LIME
2024-06-19,091160,반도체,3,44337.0,16.0,LIME,1,0.85,0.6,0.16,0.157268,0.133678,13367822,False,26.975,0,0.85,LIME,LIME
2024-06-19,228790,화장품,4,3463.0,15.0,-,2,0.85,0.55,0.1,0.09312,0.079152,7915157,False,31.928,0,0.85,LIME,LIME
2024-06-19,449190,나스닥,5,15696.0,16.0,LIME,1,0.85,0.6,0.1,0.103466,0.087946,8794619,False,16.8546,0,0.85,LIME,LIME
2024-06-19,449180,에센피,6,12703.0,16.0,LIME,1,0.85,0.6,0.08,0.082773,0.070357,7035695,False,12.3601,0,0.85,LIME,LIME
2024-06-20,446770,톱반도,1,27874.0,16.0,LIME,1,0.85,0.6,0.31,0.30534,0.259539,25953862,False,28.1956,0,0.85,LIME,LIME
2024-06-20,147970,티모멘,2,29515.0,16.0,LIME,1,0.85,0.6,0.25,0.259202,0.220321,22032141,False,19.2835,0,0.85,LIME,LIME
2024-06-20,091160,반도체,3,44701.0,16.0,LIME,1,0.85,0.6,0.16,0.157595,0.133955,13395541,False,26.9411,0,0.85,LIME,LIME
2024-06-20,449190,나스닥,4,15771.0,16.0,LIME,1,0.85,0.6,0.1,0.103681,0.088129,8812856,False,16.8545,0,0.85,LIME,LIME
2024-06-20,449180,에센피,5,12733.0,16.0,LIME,1,0.85,0.6,0.1,0.103681,0.088129,8812856,False,12.3541,0,0.85,LIME,LIME
2024-06-20,228790,화장품,6,3384.0,13.0,-,3,0.85,0.45,0.08,0.070503,0.059927,5992742,False,32.4883,0,0.85,LIME,LIME
2024-06-21,147970,티모멘,1,29715.0,16.0,LIME,1,0.85,0.6,0.31,0.326247,0.27731,27731003,False,19.1373,0,0.85,LIME,LIME
2024-06-21,453810,인디아,2,13326.0,16.0,LIME,1,0.85,0.6,0.25,0.263103,0.223637,22363712,False,18.8131,0,0.85,LIME,LIME
2024-06-21,446770,톱반도,3,27125.0,15.0,LIME,2,0.85,0.55,0.16,0.135971,0.115576,11557566,False,28.743,1,0.85,LIME,LIME
2024-06-21,091160,반도체,4,43927.0,15.0,LIME,2,0.85,0.55,0.1,0.089455,0.076037,7603662,False,27.042,0,0.85,LIME,LIME
2024-06-21,449180,에센피,5,12674.0,16.0,LIME,1,0.85,0.6,0.1,0.105241,0.089455,8945485,False,12.4049,0,0.85,LIME,LIME
2024-06-21,449190,나스닥,6,15577.0,15.0,LIME,2,0.85,0.55,0.08,0.079983,0.067986,6798568,False,17.0868,1,0.85,LIME,LIME
2024-06-24,453810,인디아,1,13350.0,16.0,LIME,1,0.8,0.6,0.31,0.330051,0.26404,26404045,False,18.7706,0,0.8,LIME,LIME
2024-06-24,147970,티모멘,2,29277.0,15.0,-,2,0.8,0.55,0.25,0.26617,0.212936,21293585,False,19.4657,0,0.8,LIME,LIME
2024-06-24,139230,조선주,3,4626.0,14.5,LIME,1,0.8,0.55,0.16,0.144796,0.115837,11583710,False,26.8312,0,0.8,LIME,LIME
2024-06-24,449180,에센피,4,12640.0,15.0,LIME,2,0.8,0.55,0.1,0.101145,0.080916,8091562,False,12.3872,1,0.8,LIME,LIME
2024-06-24,446770,톱반도,5,26535.0,13.0,-,3,0.8,0.45,0.1,0.076923,0.061538,6153846,False,29.1564,2,0.8,LIME,LIME
2024-06-24,449190,나스닥,6,15532.0,14.0,LIME,2,0.8,0.5,0.08,0.080916,0.064732,6473249,False,17.1026,1,0.8,LIME,LIME
2024-06-25,453810,인디아,1,13369.0,16.0,LIME,1,0.8,0.6,0.33,0.351251,0.281001,28100053,False,18.763,0,0.8,LIME,LIME
2024-06-25,139230,조선주,2,4621.0,15.25,LIME,1,0.8,0.6,0.27,0.244279,0.195423,19542309,False,26.6951,0,0.8,LIME,LIME
2024-06-25,147970,티모멘,3,29388.0,13.5,-,2,0.8,0.45,0.2,0.212879,0.170303,17030335,False,19.3967,0,0.8,LIME,LIME
2024-06-25,449180,에센피,4,12616.0,12.75,LIME,3,0.8,0.35,0.1,0.101118,0.080894,8089409,False,12.091,1,0.8,LIME,LIME
2024-06-25,449190,나스닥,5,15357.0,11.75,LIME,3,0.8,0.3,0.1,0.090474,0.072379,7237892,False,16.8344,2,0.8,LIME,LIME
2024-06-26,453810,인디아,1,13481.0,16.0,LIME,1,0.85,0.6,0.35,0.360825,0.306701,30670103,False,18.7333,0,0.85,LIME,LIME
2024-06-26,139230,조선주,2,4606.0,14.0,LIME,2,0.85,0.5,0.3,0.278351,0.236598,23659793,False,26.7101,0,0.85,LIME,LIME
2024-06-26,147970,티모멘,3,29671.0,13.25,-,1,0.85,0.5,0.25,0.257732,0.219072,21907216,False,19.4417,0,0.85,LIME,LIME
2024-06-26,449180,에센피,4,12664.0,11.0,LIME,2,0.85,0.3,0.1,0.103093,0.087629,8762886,False,12.1063,0,0.85,LIME,LIME
2024-06-27,453810,인디아,1,13576.0,16.0,LIME,1,0.85,0.6,0.45,0.463918,0.39433,39432989,False,18.7618,0,0.85,LIME,LIME
2024-06-27,139230,조선주,2,4671.0,14.0,LIME,1,0.85,0.55,0.3,0.278351,0.236598,23659793,False,26.7207,0,0.85,LIME,LIME
2024-06-27,147970,티모멘,3,29797.0,13.25,LIME,1,0.85,0.5,0.25,0.257732,0.219072,21907216,False,19.4345,0,0.85,LIME,LIME
2024-06-28,453810,인디아,1,13576.0,16.0,LIME,1,0.85,0.6,0.33,0.337942,0.28725,28725038,False,18.7598,0,0.85,LIME,LIME
2024-06-28,091180,자동차,2,21865.0,15.75,LIME,1,0.85,0.6,0.27,0.262673,0.223272,22327188,False,22.3651,0,0.85,LIME,LIME
2024-06-28,325020,케모멘,3,14192.0,15.75,LIME,1,0.85,0.6,0.2,0.204813,0.174091,17409114,False,14.9913,0,0.85,LIME,LIME
2024-06-28,147970,티모멘,4,30149.0,14.25,LIME,1,0.85,0.55,0.1,0.102407,0.087046,8704557,False,19.425,0,0.85,LIME,LIME
2024-06-28,139230,조선주,5,4695.0,14.0,LIME,1,0.85,0.55,0.1,0.092166,0.078341,7834101,False,26.7153,0,0.85,LIME,LIME
2024-07-01,453810,인디아,1,13603.0,16.0,LIME,1,0.85,0.6,0.33,0.338462,0.287692,28769230,False,18.7119,0,0.85,LIME,LIME
2024-07-01,325020,케모멘,2,14110.0,16.0,LIME,1,0.85,0.6,0.27,0.276923,0.235385,23538461,False,14.9581,0,0.85,LIME,LIME
2024-07-01,139230,조선주,3,4666.0,14.0,LIME,1,0.85,0.55,0.2,0.184615,0.156923,15692307,False,26.7655,0,0.85,LIME,LIME
2024-07-01,147970,티모멘,4,29637.0,14.25,LIME,3,0.85,0.5,0.1,0.102564,0.087179,8717948,False,19.8221,0,0.85,LIME,LIME
2024-07-01,091180,자동차,5,21634.0,14.5,LIME,3,0.85,0.5,0.1,0.097436,0.082821,8282051,False,22.4787,0,0.85,LIME,LIME
2024-07-02,453810,인디아,1,13696.0,16.0,LIME,1,0.8,0.6,0.35,0.362694,0.290155,29015544,False,18.7231,0,0.8,LIME,LIME
2024-07-02,139230,조선주,2,4636.0,15.0,LIME,2,0.8,0.55,0.3,0.279793,0.223834,22383419,False,26.7463,0,0.8,LIME,LIME
2024-07-02,325020,케모멘,3,14054.0,15.0,LIME,2,0.8,0.55,0.25,0.259067,0.207254,20725388,False,14.9875,0,0.8,LIME,LIME
2024-07-02,147970,티모멘,4,29316.0,11.5,-,3,0.8,0.3,0.1,0.098446,0.078756,7875647,False,19.9553,1,0.8,LIME,LIME
2024-07-03,453810,인디아,1,13771.0,16.0,LIME,1,0.85,0.6,0.35,0.366492,0.311518,31151832,False,18.7278,0,0.85,LIME,LIME
2024-07-03,139230,조선주,2,4616.0,13.25,LIME,3,0.85,0.45,0.3,0.267016,0.226963,22696335,False,26.7363,0,0.85,LIME,LIME
2024-07-03,069500,코스피,3,37339.0,14.75,LIME,1,0.85,0.55,0.25,0.26178,0.222513,22251308,False,16.4425,0,0.85,LIME,LIME
2024-07-03,325020,케모멘,4,14101.0,13.75,LIME,2,0.85,0.45,0.1,0.104712,0.089005,8900523,False,14.9442,0,0.85,LIME,LIME
2024-07-04,453810,인디아,1,13721.0,16.0,LIME,1,0.85,0.6,0.33,0.349391,0.296983,29698253,False,18.7369,0,0.85,LIME,LIME
2024-07-04,091170,은행주,2,8003.0,14.25,LIME,1,0.85,0.55,0.27,0.242986,0.206538,20653785,False,26.965,0,0.85,LIME,LIME
2024-07-04,069500,코스피,3,37839.0,15.0,LIME,1,0.85,0.6,0.2,0.211752,0.179989,17998941,False,16.6442,0,0.85,LIME,LIME
2024-07-04,325020,케모멘,4,14349.0,13.75,LIME,1,0.85,0.5,0.1,0.105876,0.089995,8999470,False,15.2639,0,0.85,LIME,LIME
2024-07-04,139230,조선주,5,4641.0,11.5,LIME,2,0.85,0.3,0.1,0.089995,0.076495,7649550,False,26.7315,0,0.85,LIME,LIME
2024-07-05,091170,은행주,1,8104.0,15.5,LIME,1,0.85,0.6,0.35,0.313984,0.266887,26688654,False,27.0238,0,0.85,LIME,LIME
2024-07-05,453810,인디아,2,13686.0,15.0,LIME,2,0.85,0.55,0.3,0.316623,0.269129,26912928,False,18.7446,0,0.85,LIME,LIME
2024-07-05,069500,코스피,3,38537.0,15.0,LIME,1,0.85,0.6,0.25,0.263852,0.224274,22427440,False,17.0153,0,0.85,LIME,LIME
2024-07-05,325020,케모멘,4,14449.0,13.75,LIME,1,0.85,0.5,0.1,0.105541,0.08971,8970976,False,15.2873,0,0.85,LIME,LIME
2024-07-08,449190,나스닥,1,16018.0,15.75,-,1,0.85,0.6,0.31,0.323422,0.274909,27490871,False,17.0946,0,0.85,LIME,LIME
2024-07-08,091170,은행주,2,7988.0,15.75,LIME,1,0.85,0.6,0.25,0.221701,0.188445,18844548,False,26.8948,0,0.85,LIME,LIME
2024-07-08,449180,에센피,3,12847.0,15.75,LIME,1,0.85,0.6,0.16,0.166927,0.141888,14188836,False,11.8434,0,0.85,LIME,LIME
2024-07-08,069500,코스피,4,38410.0,16.0,LIME,1,0.85,0.6,0.1,0.10433,0.08868,8868022,False,16.7256,0,0.85,LIME,LIME
2024-07-08,325020,케모멘,5,14344.0,14.75,LIME,1,0.85,0.55,0.1,0.10433,0.08868,8868022,False,15.0769,0,0.85,LIME,LIME
2024-07-08,453810,인디아,6,13691.0,13.75,LIME,2,0.85,0.45,0.08,0.079291,0.067397,6739697,False,18.6764,0,0.85,LIME,LIME
2024-07-09,449190,나스닥,1,16117.0,16.0,-,1,0.85,0.6,0.31,0.316004,0.268603,26860346,False,17.0681,0,0.85,LIME,LIME
2024-07-09,449180,에센피,2,12902.0,16.0,LIME,1,0.85,0.6,0.25,0.254842,0.216616,21661569,False,11.837,0,0.85,LIME,LIME
2024-07-09,069500,코스피,3,38547.0,16.0,LIME,1,0.85,0.6,0.16,0.163099,0.138634,13863404,False,16.5216,0,0.85,LIME,LIME
2024-07-09,091170,은행주,4,7866.0,15.0,LIME,2,0.85,0.55,0.1,0.086646,0.073649,7364933,False,26.7494,0,0.85,LIME,LIME
2024-07-09,325020,케모멘,5,14240.0,15.0,-,2,0.85,0.55,0.1,0.101937,0.086646,8664627,False,14.9483,0,0.85,LIME,LIME
2024-07-09,453810,인디아,6,13761.0,13.5,LIME,1,0.85,0.5,0.08,0.077472,0.065851,6585117,False,18.6871,0,0.85,LIME,LIME
2024-07-10,449190,나스닥,1,16107.0,16.0,-,1,0.85,0.6,0.31,0.317379,0.269772,26977220,False,16.6491,0,0.85,LIME,LIME
2024-07-10,069500,코스피,2,38532.0,16.0,LIME,1,0.85,0.6,0.25,0.255951,0.217558,21755822,False,16.3675,0,0.85,LIME,LIME
2024-07-10,449180,에센피,3,12892.0,16.0,LIME,1,0.85,0.6,0.16,0.163809,0.139237,13923726,False,11.5185,0,0.85,LIME,LIME
2024-07-10,325020,케모멘,4,14226.0,13.75,-,2,0.85,0.45,0.1,0.10238,0.087023,8702329,False,14.9048,0,0.85,LIME,LIME
2024-07-10,091170,은행주,5,7783.0,13.25,LIME,2,0.85,0.45,0.1,0.082672,0.070271,7027130,False,26.7685,1,0.85,LIME,LIME
2024-07-10,453810,인디아,6,13706.0,11.75,LIME,2,0.85,0.3,0.08,0.077809,0.066138,6613770,False,18.7183,0,0.85,LIME,LIME
2024-07-11,449190,나스닥,1,16240.0,16.0,LIME,1,0.85,0.6,0.31,0.326144,0.277223,27722251,False,16.6159,0,0.85,LIME,LIME
2024-07-11,139230,조선주,2,4914.0,15.5,LIME,1,0.85,0.6,0.25,0.223567,0.190032,19003156,False,27.2312,0,0.85,LIME,LIME
2024-07-11,449180,에센피,3,13019.0,16.0,LIME,1,0.85,0.6,0.16,0.168332,0.143083,14308258,False,11.5641,0,0.85,LIME,LIME
2024-07-11,069500,코스피,4,38771.0,16.0,LIME,1,0.85,0.6,0.1,0.105208,0.089427,8942661,False,16.3875,0,0.85,LIME,LIME
2024-07-11,325020,케모멘,5,14353.0,13.5,-,1,0.85,0.5,0.1,0.105208,0.089427,8942661,False,14.9363,0,0.85,LIME,LIME
2024-07-11,091170,은행주,6,7888.0,11.5,LIME,2,0.85,0.3,0.08,0.071541,0.06081,6081009,False,26.8359,0,0.85,LIME,LIME
2024-07-12,139230,조선주,1,4919.0,16.0,LIME,1,0.8,0.6,0.31,0.310172,0.248138,24813785,False,27.0229,0,0.8,LIME,LIME
2024-07-12,434730,원자력,2,19118.0,15.75,LIME,1,0.8,0.6,0.25,0.236242,0.188994,18899388,False,37.6387,0,0.8,LIME,LIME
2024-07-12,102970,증권주,3,7315.0,14.5,LIME,1,0.8,0.55,0.16,0.168983,0.135186,13518621,False,22.6784,0,0.8,LIME,LIME
2024-07-12,449180,에센피,4,12912.0,15.0,LIME,2,0.8,0.55,0.1,0.105614,0.084491,8449138,False,11.7176,1,0.8,LIME,LIME
2024-07-12,449190,나스닥,5,15885.0,14.0,-,3,0.8,0.5,0.1,0.094497,0.075598,7559755,False,17.2909,2,0.8,LIME,LIME
2024-07-12,069500,코스피,6,38237.0,14.5,LIME,2,0.8,0.5,0.08,0.084491,0.067593,6759310,False,16.5942,1,0.8,LIME,LIME
2024-07-15,434730,원자력,1,19697.0,16.0,LIME,1,0.8,0.6,0.31,0.285019,0.228015,22801514,False,37.9883,0,0.8,LIME,LIME
2024-07-15,139230,조선주,2,4929.0,16.0,LIME,1,0.8,0.6,0.25,0.243375,0.1947,19469983,False,26.9029,0,0.8,LIME,LIME
2024-07-15,147970,티모멘,3,30608.0,15.0,LIME,1,0.8,0.6,0.16,0.173067,0.138453,13845321,False,19.6761,0,0.8,LIME,LIME
2024-07-15,102970,증권주,4,7377.0,14.75,LIME,1,0.8,0.55,0.1,0.108167,0.086533,8653326,False,22.0962,0,0.8,LIME,LIME
2024-07-15,449180,에센피,5,13009.0,15.0,LIME,1,0.8,0.6,0.1,0.108167,0.086533,8653326,False,11.6323,0,0.8,LIME,LIME
2024-07-15,449190,나스닥,6,16047.0,13.0,-,2,0.8,0.45,0.08,0.082207,0.065765,6576527,False,17.3115,1,0.8,LIME,LIME
2024-07-16,434730,원자력,1,19410.0,16.0,LIME,1,0.8,0.6,0.31,0.285019,0.228015,22801514,False,38.1499,0,0.8,LIME,LIME
2024-07-16,139230,조선주,2,5008.0,16.0,LIME,1,0.8,0.6,0.25,0.243375,0.1947,19469983,False,26.9179,0,0.8,LIME,LIME
2024-07-16,102970,증권주,3,7473.0,16.0,LIME,1,0.8,0.6,0.16,0.173067,0.138453,13845321,False,21.8985,0,0.8,LIME,LIME
2024-07-16,147970,티모멘,4,30623.0,14.75,LIME,1,0.8,0.55,0.1,0.108167,0.086533,8653326,False,19.679,0,0.8,LIME,LIME
2024-07-16,449180,에센피,5,13039.0,15.0,LIME,1,0.8,0.6,0.1,0.108167,0.086533,8653326,False,11.5752,0,0.8,LIME,LIME
2024-07-16,449190,나스닥,6,16062.0,11.25,-,2,0.8,0.3,0.08,0.082207,0.065765,6576527,False,17.096,1,0.8,LIME,LIME
2024-07-17,139230,조선주,1,5013.0,16.0,LIME,1,0.6,0.6,0.33,0.328789,0.197273,19727320,False,26.9242,0,0.2,-,LIME
2024-07-17,102970,증권주,2,7482.0,16.0,LIME,1,0.6,0.6,0.27,0.283167,0.1699,16990036,False,21.8934,0,0.2,-,LIME
2024-07-17,434730,원자력,3,19083.0,14.5,LIME,2,0.5,0.5,0.2,0.178291,0.089145,8914525,False,38.3624,0,0.2,-,LIME
2024-07-17,449180,에센피,4,13044.0,15.0,LIME,1,0.6,0.6,0.1,0.104877,0.062926,6292606,False,11.3368,0,0.2,-,LIME
2024-07-17,147970,티모멘,5,30339.0,13.0,LIME,2,0.45,0.45,0.1,0.104877,0.047195,4719454,False,19.7757,0,0.2,-,LIME
2024-07-18,102970,증권주,1,7430.0,16.0,LIME,1,0.6,0.6,0.31,0.322749,0.193649,19364914,False,21.6496,0,0.2,-,-
2024-07-18,139230,조선주,2,4929.0,15.0,-,2,0.55,0.55,0.25,0.247267,0.135997,13599687,False,25.3129,0,0.2,-,-
2024-07-18,453810,인디아,3,13800.0,15.0,LIME,2,0.55,0.55,0.16,0.158251,0.087038,8703800,False,18.6739,1,0.2,-,-
2024-07-18,449180,에센피,4,12960.0,14.5,-,2,0.5,0.5,0.1,0.104112,0.052056,5205622,False,10.7448,0,0.2,-,-
2024-07-18,434730,원자력,5,18776.0,12.25,LIME,3,0.35,0.35,0.1,0.088496,0.030973,3097345,False,35.2093,0,0.2,-,-
2024-07-18,147970,티모멘,6,29949.0,11.75,-,3,0.3,0.3,0.08,0.079125,0.023738,2373763,False,19.4964,1,0.2,-,-
2024-07-19,102970,증권주,1,7372.0,15.0,LIME,2,0.55,0.55,0.33,0.328616,0.180739,18073899,False,21.5991,0,0.2,-,-
2024-07-19,453810,인디아,2,13897.0,15.0,-,1,0.6,0.6,0.27,0.283019,0.169811,16981132,False,18.6584,0,0.2,-,-
2024-07-19,244580,바이오,3,8629.0,15.0,LIME,1,0.6,0.6,0.2,0.209644,0.125786,12578616,False,17.6739,0,0.2,-,-
2024-07-19,139230,조선주,4,4859.0,13.0,-,3,0.45,0.45,0.1,0.089623,0.04033,4033018,False,25.5347,1,0.2,-,-
2024-07-19,449180,에센피,5,12847.0,12.5,-,3,0.35,0.35,0.1,0.089099,0.031184,3118448,False,10.9279,2,0.2,-,-
2024-07-22,453810,인디아,1,13869.0,13.25,-,2,0.45,0.45,0.45,0.456853,0.205584,20558375,False,18.6591,0,0.2,-,-
2024-07-22,102970,증권주,2,7296.0,12.75,LIME,3,0.35,0.35,0.3,0.28934,0.101269,10126903,False,21.589,0,0.2,-,-
2024-07-22,244580,바이오,3,8519.0,12.75,LIME,3,0.35,0.35,0.25,0.253807,0.088832,8883248,False,16.6378,0,0.2,-,-
2024-07-23,244580,바이오,1,8714.0,12.75,LIME,1,0.4,0.4,0.35,0.369393,0.147757,14775725,False,17.0207,0,0.2,-,-
2024-07-23,091170,은행주,2,8028.0,11.5,LIME,1,0.35,0.35,0.3,0.300792,0.105277,10527704,False,24.8656,0,0.2,-,-
2024-07-23,449450,방산주,3,17488.0,12.25,LIME,1,0.4,0.4,0.25,0.224274,0.08971,8970976,False,31.8266,0,0.2,-,-
2024-07-23,453810,인디아,4,13810.0,11.0,-,3,0.3,0.3,0.1,0.105541,0.031662,3166226,False,18.3899,0,0.2,-,-
2024-07-24,244580,바이오,1,8809.0,13.75,LIME,1,0.1,0.0,0.35,0.360825,0.036082,3608247,False,16.9262,0,0.1,PURPLE,-
2024-07-24,449450,방산주,2,17906.0,13.25,LIME,1,0.1,0.0,0.3,0.278351,0.027835,2783505,False,31.8598,0,0.1,PURPLE,-
2024-07-24,139230,조선주,3,5093.0,11.75,-,1,0.1,0.0,0.25,0.257732,0.025773,2577319,False,23.8746,0,0.1,PURPLE,-
2024-07-24,091170,은행주,4,7879.0,11.0,LIME,3,0.1,0.0,0.1,0.103093,0.010309,1030927,False,22.3619,0,0.1,PURPLE,-
2024-07-25,449450,방산주,1,17233.0,13.25,LIME,2,0.1,0.0,0.55,0.52381,0.052381,5238095,False,31.8231,0,0.1,PURPLE,PURPLE
2024-07-25,244580,바이오,2,8589.0,12.25,LIME,3,0.1,0.0,0.45,0.47619,0.047619,4761904,False,17.7175,0,0.1,PURPLE,PURPLE
2024-07-26,449450,방산주,1,17772.0,15.0,LIME,1,0.1,0.0,0.45,0.43734,0.043734,4373401,False,32.3117,0,0.1,PURPLE,PURPLE
2024-07-26,244580,바이오,2,8669.0,14.5,-,1,0.1,0.0,0.3,0.306905,0.030691,3069053,False,17.769,0,0.1,PURPLE,PURPLE
2024-07-26,139230,조선주,3,5098.0,13.0,-,1,0.1,0.0,0.25,0.255754,0.025575,2557544,False,26.7978,0,0.1,PURPLE,PURPLE
2024-07-29,449450,방산주,1,18405.0,15.0,LIME,1,0.1,0.0,0.45,0.424084,0.042408,4240837,False,32.9857,0,0.1,PURPLE,PURPLE
2024-07-29,244580,바이오,2,8739.0,14.25,-,1,0.1,0.0,0.3,0.314136,0.031414,3141361,False,17.3141,0,0.1,PURPLE,PURPLE
2024-07-29,139230,조선주,3,5127.0,13.0,-,1,0.1,0.0,0.25,0.26178,0.026178,2617801,False,26.3788,0,0.1,PURPLE,PURPLE
2024-07-30,449450,방산주,1,18330.0,15.0,LIME,1,0.1,0.0,0.35,0.326425,0.032642,3264248,False,32.9161,0,0.1,PURPLE,PURPLE
2024-07-30,139230,조선주,2,5048.0,12.5,-,1,0.1,0.0,0.3,0.310881,0.031088,3108808,False,26.5553,0,0.1,PURPLE,PURPLE
2024-07-30,091170,은행주,3,8316.0,12.25,-,1,0.1,0.0,0.25,0.259067,0.025907,2590673,False,22.9568,0,0.1,PURPLE,PURPLE
2024-07-30,244580,바이오,4,8659.0,12.5,-,2,0.1,0.0,0.1,0.103627,0.010363,1036269,False,17.4491,0,0.1,PURPLE,PURPLE
2024-07-31,091170,은행주,1,8330.0,16.0,LIME,1,0.1,0.0,0.45,0.461538,0.046154,4615384,False,22.9459,0,0.1,PURPLE,PURPLE
2024-07-31,139230,조선주,2,5127.0,15.5,-,1,0.1,0.0,0.3,0.307692,0.030769,3076923,False,26.5973,0,0.1,PURPLE,PURPLE
2024-07-31,449450,방산주,3,17747.0,14.5,LIME,2,0.1,0.0,0.25,0.230769,0.023077,2307692,False,33.578,0,0.1,PURPLE,PURPLE
2024-08-01,139230,조선주,1,5216.0,15.5,-,1,0.1,0.0,0.45,0.455696,0.04557,4556962,False,26.6175,0,0.1,PURPLE,PURPLE
2024-08-01,091170,은행주,2,8384.0,15.75,LIME,1,0.1,0.0,0.3,0.303797,0.03038,3037974,False,22.9021,0,0.1,PURPLE,PURPLE
2024-08-01,449450,방산주,3,18270.0,14.25,LIME,1,0.1,0.0,0.25,0.240506,0.024051,2405063,False,32.614,0,0.1,PURPLE,PURPLE
2024-08-02,139230,조선주,1,4929.0,13.0,-,4,0.1,0.0,0.45,0.456853,0.045685,4568527,False,28.9107,0,0.1,PURPLE,PURPLE
2024-08-02,449450,방산주,2,17527.0,12.0,-,3,0.1,0.0,0.3,0.28934,0.028934,2893401,False,33.1854,0,0.1,PURPLE,PURPLE
2024-08-02,091170,은행주,3,8012.0,12.0,-,4,0.1,0.0,0.25,0.253807,0.025381,2538071,False,24.0547,0,0.1,PURPLE,PURPLE
2024-08-05,411060,금현물,1,15585.0,11.0,-,1,0.0,0.0,1.0,1.0,0.0,0,False,14.5614,0,0.0,RED,PURPLE
2024-08-06,411060,금현물,1,15590.0,13.5,-,1,0.0,0.0,1.0,1.0,0.0,0,False,14.5577,0,0.0,RED,RED
2024-08-07,411060,금현물,1,15500.0,14.0,-,2,0.0,0.0,1.0,1.0,0.0,0,False,14.6097,0,0.0,RED,RED
2024-08-08,411060,금현물,1,15535.0,13.0,-,2,0.0,0.0,1.0,1.0,0.0,0,False,14.6105,0,0.0,RED,RED
2024-08-16,449450,방산주,1,18395.0,11.5,LIME,1,0.35,0.35,1.0,1.0,0.35,35000000,False,38.0735,0,0.3,-,-
2024-08-19,449450,방산주,1,18156.0,12.25,LIME,2,0.35,0.35,1.0,1.0,0.35,35000000,False,38.193,0,0.2,-,-
2024-08-20,449450,방산주,1,18021.0,12.75,LIME,2,0.35,0.35,0.55,0.55,0.1925,19250000,False,38.179,0,0.3,-,-
2024-08-20,244580,바이오,2,8899.0,12.5,LIME,1,0.4,0.4,0.45,0.45,0.18,18000000,False,33.6381,0,0.3,-,-
2024-08-21,244580,바이오,1,8704.0,12.5,LIME,2,0.35,0.35,0.45,0.455696,0.159494,15949367,False,33.9533,0,0.2,-,-
2024-08-21,102970,증권주,2,7573.0,11.75,LIME,1,0.35,0.35,0.3,0.303797,0.106329,10632911,False,28.809,0,0.2,-,-
2024-08-21,449450,방산주,3,18001.0,11.5,LIME,2,0.3,0.3,0.25,0.240506,0.072152,7215189,False,37.8589,0,0.2,-,-
2024-08-22,102970,증권주,1,7502.0,14.5,LIME,1,0.55,0.55,0.45,0.45,0.2475,24750000,False,28.8123,0,0.3,-,-
2024-08-22,091170,은행주,2,8401.0,13.25,-,1,0.5,0.5,0.3,0.3,0.15,15000000,False,27.9241,0,0.3,-,-
2024-08-22,449180,에센피,3,12966.0,11.25,LIME,1,0.35,0.35,0.25,0.25,0.0875,8750000,False,15.9124,0,0.3,-,-
2024-08-23,102970,증권주,1,7578.0,15.5,LIME,1,0.6,0.6,0.35,0.35443,0.212658,21265822,False,28.5948,0,0.2,-,-
2024-08-23,091170,은행주,2,8467.0,14.25,LIME,1,0.55,0.55,0.3,0.303797,0.167089,16708860,False,27.8989,0,0.2,-,-
2024-08-23,117700,건설주,3,3333.0,13.0,LIME,1,0.5,0.5,0.25,0.240506,0.120253,12025316,False,32.6772,0,0.2,-,-
2024-08-23,449180,에센피,4,12898.0,12.0,LIME,2,0.35,0.35,0.1,0.101266,0.035443,3544303,False,15.7375,0,0.2,-,-
2024-08-26,102970,증권주,1,7664.0,16.0,LIME,1,0.6,0.6,0.35,0.35443,0.212658,21265822,False,28.6478,0,0.2,-,-
2024-08-26,091170,은행주,2,8615.0,15.0,LIME,1,0.6,0.6,0.3,0.303797,0.182278,18227848,False,28.0657,0,0.2,-,-
2024-08-26,117700,건설주,3,3353.0,12.5,LIME,1,0.4,0.4,0.25,0.240506,0.096203,9620253,False,32.4956,0,0.2,-,-
2024-08-26,449180,에센피,4,13005.0,12.25,LIME,1,0.4,0.4,0.1,0.101266,0.040506,4050632,False,15.7643,0,0.2,-,-
2024-08-27,102970,증권주,1,7554.0,15.0,LIME,2,0.55,0.55,0.35,0.351759,0.193467,19346733,False,28.7983,0,0.2,-,-
2024-08-27,091170,은행주,2,8458.0,14.75,LIME,2,0.5,0.5,0.3,0.301508,0.150754,15075376,False,28.3291,0,0.2,-,-
2024-08-27,449180,에센피,3,12956.0,12.5,LIME,1,0.4,0.4,0.25,0.251256,0.100503,10050251,False,15.7925,0,0.2,-,-
2024-08-27,117700,건설주,4,3353.0,11.75,LIME,1,0.35,0.35,0.1,0.095477,0.033417,3341708,False,32.4626,0,0.2,-,-
2024-08-28,102970,증권주,1,7454.0,13.0,LIME,3,0.45,0.45,0.35,0.356234,0.160305,16030534,False,28.941,0,0.2,-,-
2024-08-28,449180,에센피,2,12980.0,12.5,LIME,1,0.4,0.4,0.3,0.305344,0.122137,12213740,False,15.7525,0,0.2,-,-
2024-08-28,241180,니케이,3,20865.0,13.0,LIME,1,0.5,0.5,0.25,0.24173,0.120865,12086513,False,33.0134,0,0.2,-,-
2024-08-28,091170,은행주,4,8249.0,12.0,LIME,3,0.35,0.35,0.1,0.096692,0.033842,3384223,False,28.8348,1,0.2,-,-
2024-08-29,449180,에센피,1,12873.0,11.5,LIME,3,0.3,0.3,0.55,0.563342,0.169003,16900269,False,15.7165,1,0.2,-,-
2024-08-29,241180,니케이,2,20723.0,12.0,LIME,1,0.4,0.4,0.45,0.436658,0.174663,17466307,False,33.037,0,0.2,-,-
2024-08-30,241180,니케이,1,21056.0,12.0,LIME,1,0.1,0.0,0.55,0.52381,0.052381,5238095,False,32.9177,0,0.1,PURPLE,-
2024-08-30,449180,에센피,2,12933.0,11.0,LIME,2,0.1,0.0,0.45,0.47619,0.047619,4761904,False,15.7239,0,0.1,PURPLE,-
2024-09-02,244580,바이오,1,8744.0,11.5,-,1,0.1,0.0,0.55,0.55,0.055,5500000,False,34.4506,0,0.1,PURPLE,PURPLE
2024-09-02,241180,니케이,2,20758.0,11.5,LIME,2,0.1,0.0,0.45,0.45,0.045,4500000,False,33.037,0,0.1,PURPLE,PURPLE
2024-09-03,241180,니케이,1,20880.0,11.5,LIME,1,0.2,0.2,0.55,0.52381,0.104762,10476190,False,33.0387,0,0.2,-,PURPLE
2024-09-03,195930,유로스,2,17746.0,11.75,LIME,1,0.2,0.2,0.45,0.47619,0.095238,9523809,False,19.1686,0,0.2,-,PURPLE
2024-09-05,453810,인디아,1,13670.0,11.0,LIME,2,0.0,0.0,1.0,1.0,0.0,0,False,12.8522,2,0.0,RED,PURPLE
2024-09-20,411060,금현물,1,15850.0,12.25,LIME,1,0.1,0.0,0.55,0.56266,0.056266,5626598,False,10.8458,0,0.1,PURPLE,PURPLE
2024-09-20,449180,에센피,2,13148.0,11.0,LIME,1,0.1,0.0,0.45,0.43734,0.043734,4373401,False,16.7534,0,0.1,PURPLE,PURPLE
2024-09-23,411060,금현물,1,16100.0,15.25,LIME,1,0.1,0.0,0.45,0.456853,0.045685,4568527,False,11.173,0,0.1,PURPLE,PURPLE
2024-09-23,449180,에센피,2,13163.0,12.75,LIME,1,0.1,0.0,0.3,0.28934,0.028934,2893401,False,16.75,0,0.1,PURPLE,PURPLE
2024-09-23,453810,인디아,3,14099.0,11.25,LIME,1,0.1,0.0,0.25,0.253807,0.025381,2538071,False,13.7459,0,0.1,PURPLE,PURPLE
2024-09-24,411060,금현물,1,16095.0,15.5,LIME,1,0.24,0.24,0.45,0.456853,0.109645,10964467,False,11.0828,0,0.2,-,PURPLE
2024-09-24,449180,에센피,2,13182.0,14.0,LIME,1,0.22,0.22,0.3,0.28934,0.063655,6365482,False,16.7172,0,0.2,-,PURPLE
2024-09-24,453810,인디아,3,14104.0,12.5,LIME,1,0.2,0.2,0.25,0.253807,0.050761,5076142,False,13.7451,0,0.2,-,PURPLE
2024-09-25,411060,금현물,1,16240.0,15.75,LIME,1,0.6,0.6,0.45,0.456853,0.274112,27411167,False,10.9429,0,0.2,-,-
2024-09-25,449180,에센피,2,13172.0,14.5,LIME,1,0.55,0.55,0.3,0.28934,0.159137,15913705,False,16.7059,0,0.2,-,-
2024-09-25,453810,인디아,3,14054.0,14.25,LIME,1,0.55,0.55,0.25,0.253807,0.139594,13959390,False,13.773,0,0.2,-,-
2024-09-26,411060,금현물,1,16220.0,16.0,LIME,1,0.6,0.6,0.45,0.456853,0.274112,27411167,False,10.9559,0,0.2,-,-
2024-09-26,449180,에센피,2,13272.0,15.0,LIME,1,0.6,0.6,0.3,0.28934,0.173604,17360406,False,16.7534,0,0.2,-,-
2024-09-26,453810,인디아,3,14113.0,15.0,LIME,1,0.6,0.6,0.25,0.253807,0.152284,15228426,False,13.7888,0,0.2,-,-
2024-09-27,411060,금현물,1,16135.0,15.0,LIME,2,0.55,0.55,0.45,0.456853,0.251269,25126903,False,10.9685,0,0.2,-,-
2024-09-27,449180,에센피,2,13222.0,15.5,LIME,1,0.6,0.6,0.3,0.28934,0.173604,17360406,False,16.7677,0,0.2,-,-
2024-09-27,453810,인디아,3,14094.0,15.5,LIME,1,0.6,0.6,0.25,0.253807,0.152284,15228426,False,13.7114,0,0.2,-,-
2024-09-30,449180,에센피,1,13192.0,15.0,LIME,2,0.55,0.55,0.35,0.387812,0.213296,21329639,False,16.7726,0,0.2,-,-
2024-09-30,371160,항셈테,2,6879.0,14.0,LIME,1,0.55,0.55,0.3,0.282548,0.155402,15540166,False,34.608,0,0.2,-,-
2024-09-30,453810,인디아,3,13794.0,14.0,-,3,0.5,0.5,0.25,0.235457,0.117729,11772853,False,14.3385,2,0.2,-,-
2024-09-30,411060,금현물,4,15920.0,12.75,LIME,3,0.35,0.35,0.1,0.094183,0.032964,3296398,False,11.1498,2,0.2,-,-
2024-10-02,371160,항셈테,1,7529.0,14.5,LIME,1,0.0,0.0,0.33,0.315169,0.0,0,False,38.7781,0,0.0,RED,-
2024-10-02,117680,철강주,2,8409.0,13.0,GREEN,2,0.0,0.0,0.27,0.257865,0.0,0,False,31.8966,0,0.0,RED,-
2024-10-02,449180,에센피,3,13113.0,12.75,LIME,3,0.0,0.0,0.2,0.213483,0.0,0,False,16.803,1,0.0,RED,-
2024-10-02,411060,금현물,4,15995.0,11.0,LIME,2,0.0,0.0,0.1,0.106742,0.0,0,False,11.165,1,0.0,RED,-
2024-10-02,453810,인디아,5,13883.0,11.75,-,3,0.0,0.0,0.1,0.106742,0.0,0,False,14.3911,1,0.0,RED,-
2024-10-04,371160,항셈테,1,7602.0,15.0,LIME,1,0.0,0.0,0.35,0.338422,0.0,0,False,38.7633,0,0.0,RED,RED
2024-10-04,449450,방산주,2,18784.0,12.75,LIME,1,0.0,0.0,0.3,0.305344,0.0,0,False,34.3047,0,0.0,RED,RED
2024-10-04,117680,철강주,3,8563.0,13.25,GREEN,1,0.0,0.0,0.25,0.254453,0.0,0,False,32.0684,0,0.0,RED,RED
2024-10-04,411060,금현물,4,16250.0,11.0,LIME,1,0.0,0.0,0.1,0.101781,0.0,0,False,11.5338,0,0.0,RED,RED
2024-10-07,371160,항셈테,1,7980.0,15.0,LIME,1,0.24,0.24,0.35,0.338422,0.081221,8122137,False,39.7307,0,0.2,-,RED
2024-10-07,449450,방산주,2,19497.0,13.0,LIME,1,0.2,0.2,0.3,0.305344,0.061069,6106870,False,33.9284,0,0.2,-,RED
2024-10-07,117680,철강주,3,8794.0,13.5,GREEN,1,0.2,0.2,0.25,0.254453,0.050891,5089058,False,32.3905,0,0.2,-,RED
2024-10-07,411060,금현물,4,16305.0,12.0,LIME,1,0.2,0.2,0.1,0.101781,0.020356,2035623,False,11.4779,0,0.2,-,RED
2024-10-08,449450,방산주,1,19577.0,15.25,LIME,1,0.6,0.6,0.35,0.360825,0.216495,21649484,False,33.8627,0,0.2,-,-
2024-10-08,371160,항셈테,2,7261.0,14.25,LIME,2,0.5,0.5,0.3,0.278351,0.139175,13917525,False,43.9986,0,0.2,-,-
2024-10-08,411060,금현물,3,16320.0,14.25,LIME,1,0.55,0.55,0.25,0.257732,0.141753,14175257,False,11.4771,0,0.2,-,-
2024-10-08,117680,철강주,4,8838.0,13.75,GREEN,1,0.5,0.5,0.1,0.103093,0.051546,5154639,False,32.3986,0,0.2,-,-
2024-10-10,449450,방산주,1,19397.0,16.0,LIME,1,0.6,0.6,0.35,0.35515,0.21309,21308980,False,33.9009,0,0.2,-,-
2024-10-10,411060,금현물,2,16200.0,15.0,LIME,2,0.55,0.55,0.3,0.304414,0.167428,16742770,False,11.5877,0,0.2,-,-
2024-10-10,117680,철강주,3,8751.0,14.75,GREEN,1,0.55,0.55,0.25,0.253678,0.139523,13952308,False,32.3603,0,0.2,-,-
2024-10-10,371160,항셈테,4,7108.0,13.5,LIME,2,0.45,0.45,0.1,0.086758,0.039041,3904109,False,44.2917,1,0.2,-,-
2024-10-11,449450,방산주,1,19442.0,16.0,LIME,1,0.6,0.6,0.35,0.35515,0.21309,21308980,False,33.9007,0,0.3,-,-
2024-10-11,411060,금현물,2,16290.0,15.0,LIME,1,0.6,0.6,0.3,0.304414,0.182648,18264840,False,11.619,0,0.3,-,-
2024-10-11,117680,철강주,3,8698.0,14.25,GREEN,2,0.5,0.5,0.25,0.253678,0.126839,12683916,False,32.3573,0,0.3,-,-
2024-10-11,371160,항셈테,4,6874.0,11.5,-,3,0.3,0.3,0.1,0.086758,0.026027,2602739,False,44.8172,1,0.3,-,-
2024-10-14,449450,방산주,1,19432.0,14.75,LIME,2,0.8,0.5,0.35,0.35443,0.283544,28354430,False,33.7523,0,0.8,LIME,-
2024-10-14,411060,금현물,2,16495.0,15.0,LIME,1,0.8,0.6,0.3,0.303797,0.243038,24303797,False,11.7753,0,0.8,LIME,-
2024-10-14,244580,바이오,3,9063.0,13.5,LIME,1,0.8,0.5,0.25,0.240506,0.192405,19240506,False,37.0155,0,0.8,LIME,-
2024-10-14,117680,철강주,4,8640.0,13.25,GREEN,2,0.8,0.45,0.1,0.101266,0.081013,8101265,False,32.3787,0,0.8,LIME,-
2024-10-15,244580,바이오,1,9258.0,15.25,LIME,1,0.8,0.6,0.33,0.31876,0.255008,25500762,False,37.2094,0,0.8,LIME,LIME
2024-10-15,449180,에센피,2,13508.0,15.5,LIME,1,0.8,0.6,0.27,0.27453,0.219624,21962379,False,17.268,0,0.8,LIME,LIME
2024-10-15,449450,방산주,3,19786.0,14.75,LIME,1,0.8,0.55,0.2,0.203355,0.162684,16268429,False,33.8439,0,0.8,LIME,LIME
2024-10-15,411060,금현물,4,16515.0,15.0,LIME,1,0.8,0.6,0.1,0.101678,0.081342,8134214,False,11.736,0,0.8,LIME,LIME
2024-10-15,117680,철강주,5,8674.0,11.75,-,2,0.8,0.3,0.1,0.101678,0.081342,8134214,False,32.3688,0,0.8,LIME,LIME
2024-10-16,411060,금현물,1,16690.0,16.0,LIME,1,0.6,0.6,0.35,0.37037,0.222222,22222222,False,11.8387,0,0.6,LIME,LIME
2024-10-16,244580,바이오,2,9358.0,16.0,LIME,1,0.6,0.6,0.3,0.269841,0.161905,16190476,False,37.254,0,0.6,LIME,LIME
2024-10-16,449180,에센피,3,13396.0,16.0,LIME,1,0.6,0.6,0.25,0.26455,0.15873,15873015,False,17.3608,0,0.6,LIME,LIME
2024-10-16,449450,방산주,4,19926.0,14.75,LIME,1,0.6,0.55,0.1,0.095238,0.057143,5714285,False,33.8474,0,0.6,LIME,LIME
2024-10-17,411060,금현물,1,16855.0,16.0,LIME,1,0.8,0.6,0.35,0.37037,0.296296,29629629,False,11.9402,0,0.8,LIME,LIME
2024-10-17,244580,바이오,2,9388.0,16.0,LIME,1,0.8,0.6,0.3,0.269841,0.215873,21587301,False,37.0718,0,0.8,LIME,LIME
2024-10-17,449180,에센피,3,13439.0,16.0,LIME,1,0.8,0.6,0.25,0.26455,0.21164,21164021,False,17.2686,0,0.8,LIME,LIME
2024-10-17,449450,방산주,4,20440.0,14.75,LIME,1,0.8,0.55,0.1,0.095238,0.07619,7619047,False,34.1243,0,0.8,LIME,LIME
2024-10-18,449450,방산주,1,20195.0,16.0,LIME,1,0.6,0.6,0.35,0.331579,0.198947,19894736,False,34.1871,0,0.4,LIME,LIME
2024-10-18,411060,금현물,2,17195.0,16.0,LIME,1,0.6,0.6,0.3,0.315789,0.189474,18947368,False,12.4218,0,0.4,LIME,LIME
2024-10-18,449180,에센피,3,13448.0,15.75,LIME,1,0.6,0.6,0.25,0.263158,0.157895,15789473,False,17.1762,0,0.4,LIME,LIME
2024-10-18,244580,바이오,4,9223.0,15.0,LIME,2,0.55,0.55,0.1,0.089474,0.049211,4921052,False,37.0636,0,0.4,LIME,LIME
2024-10-21,449450,방산주,1,20370.0,16.0,LIME,1,0.6,0.6,0.35,0.331579,0.198947,19894736,False,33.2409,0,0.6,LIME,LIME
2024-10-21,411060,금현물,2,17570.0,16.0,LIME,1,0.6,0.6,0.3,0.315789,0.189474,18947368,False,13.0004,0,0.6,LIME,LIME
2024-10-21,449180,에센피,3,13483.0,15.5,LIME,1,0.6,0.6,0.25,0.263158,0.157895,15789473,False,17.1251,0,0.6,LIME,LIME
2024-10-21,244580,바이오,4,9328.0,15.0,LIME,1,0.6,0.6,0.1,0.089474,0.053684,5368421,False,37.1135,0,0.6,LIME,LIME
2024-10-22,449450,방산주,1,20644.0,16.0,LIME,1,0.0,0.0,0.33,0.322034,0.0,0,False,33.2647,0,0.0,RED,LIME
2024-10-22,411060,금현물,2,17970.0,16.0,LIME,1,0.0,0.0,0.27,0.27735,0.0,0,False,13.421,0,0.0,RED,LIME
2024-10-22,102970,증권주,3,7683.0,15.75,LIME,1,0.0,0.0,0.2,0.205444,0.0,0,False,29.8029,0,0.0,RED,LIME
2024-10-22,449180,에센피,4,13444.0,14.75,-,1,0.0,0.0,0.1,0.102722,0.0,0,False,17.1359,0,0.0,RED,LIME
2024-10-22,244580,바이오,5,9038.0,12.75,LIME,3,0.0,0.0,0.1,0.09245,0.0,0,False,37.6531,0,0.0,RED,LIME
2024-10-23,411060,금현물,1,18700.0,16.0,LIME,1,0.24,0.24,0.33,0.341438,0.081945,8194516,False,15.3579,0,0.2,-,RED
2024-10-23,449450,방산주,2,20160.0,15.0,LIME,2,0.22,0.22,0.27,0.265391,0.058386,5838592,False,33.6816,0,0.2,-,RED
2024-10-23,139230,조선주,3,5186.0,15.0,LIME,1,0.24,0.24,0.2,0.186239,0.044697,4469736,False,38.8252,0,0.2,-,RED
2024-10-23,102970,증권주,4,7645.0,14.25,LIME,2,0.2,0.2,0.1,0.103466,0.020693,2069322,False,29.8233,0,0.2,-,RED
2024-10-23,449180,에센피,5,13453.0,13.5,-,2,0.2,0.2,0.1,0.103466,0.020693,2069322,False,17.1359,0,0.2,-,RED
2024-10-24,411060,금현물,1,18305.0,16.0,LIME,1,0.0,0.0,0.33,0.344468,0.0,0,False,16.0831,0,0.0,RED,-
2024-10-24,139230,조선주,2,5176.0,14.5,LIME,1,0.0,0.0,0.27,0.253653,0.0,0,False,38.665,0,0.0,RED,-
2024-10-24,449450,방산주,3,20150.0,13.5,LIME,2,0.0,0.0,0.2,0.19833,0.0,0,False,33.3863,0,0.0,RED,-
2024-10-24,102970,증권주,4,7602.0,12.0,LIME,3,0.0,0.0,0.1,0.104384,0.0,0,False,29.811,0,0.0,RED,-
2024-10-24,449180,에센피,5,13376.0,11.5,-,3,0.0,0.0,0.1,0.099165,0.0,0,False,17.1246,1,0.0,RED,-
2024-10-25,411060,금현물,1,18225.0,16.0,LIME,1,0.0,0.0,0.33,0.337942,0.0,0,False,15.6448,0,0.0,RED,RED
2024-10-25,139230,조선주,2,5191.0,14.5,LIME,1,0.0,0.0,0.27,0.262673,0.0,0,False,38.5415,0,0.0,RED,RED
2024-10-25,117680,철강주,3,9848.0,11.75,-,1,0.0,0.0,0.2,0.194572,0.0,0,False,37.8546,0,0.0,RED,RED
2024-10-25,449450,방산주,4,20150.0,11.75,LIME,2,0.0,0.0,0.1,0.102407,0.0,0,False,33.3905,0,0.0,RED,RED
2024-10-25,102970,증권주,5,7655.0,11.25,LIME,1,0.0,0.0,0.1,0.102407,0.0,0,False,29.7893,0,0.0,RED,RED
2024-10-28,411060,금현물,1,18365.0,15.75,LIME,1,0.1,0.0,0.35,0.363636,0.036364,3636363,False,15.6128,0,0.1,PURPLE,RED
2024-10-28,117680,철강주,2,10146.0,13.75,-,1,0.1,0.0,0.3,0.311688,0.031169,3116883,False,37.9097,0,0.1,PURPLE,RED
2024-10-28,446770,톱반도,3,25725.0,14.0,LIME,1,0.1,0.0,0.25,0.220779,0.022078,2207792,False,57.4255,0,0.1,PURPLE,RED
2024-10-28,139230,조선주,4,5088.0,12.5,-,3,0.1,0.0,0.1,0.103896,0.01039,1038961,False,38.7647,0,0.1,PURPLE,RED
2024-10-29,117680,철강주,1,10531.0,15.0,LIME,1,0.1,0.0,0.35,0.358056,0.035806,3580562,False,38.3552,0,0.1,PURPLE,PURPLE
2024-10-29,411060,금현물,2,18340.0,14.5,LIME,2,0.1,0.0,0.3,0.306905,0.030691,3069053,False,15.5128,0,0.1,PURPLE,PURPLE
2024-10-29,371160,항셈테,3,7088.0,11.0,-,1,0.1,0.0,0.25,0.242967,0.024297,2429667,False,46.1302,1,0.1,PURPLE,PURPLE
2024-10-29,446770,톱반도,4,25282.0,12.25,LIME,2,0.1,0.0,0.1,0.092072,0.009207,920716,False,57.1125,0,0.1,PURPLE,PURPLE
2024-10-30,117680,철강주,1,9573.0,14.25,-,2,0.0,0.0,0.45,0.43734,0.0,0,False,42.5621,0,0.0,RED,PURPLE
2024-10-30,411060,금현물,2,18435.0,13.75,LIME,1,0.0,0.0,0.3,0.306905,0.0,0,False,15.4628,0,0.0,RED,PURPLE
2024-10-30,434730,원자력,3,18162.0,13.25,LIME,1,0.0,0.0,0.25,0.255754,0.0,0,False,38.1264,0,0.0,RED,PURPLE
2024-10-31,117680,철강주,1,9418.0,13.0,-,2,0.0,0.0,0.35,0.331763,0.0,0,False,42.6918,1,0.0,RED,RED
2024-10-31,411060,금현물,2,18190.0,12.0,LIME,2,0.0,0.0,0.3,0.332594,0.0,0,False,15.3265,0,0.0,RED,RED
2024-10-31,449190,나스닥,3,15802.0,11.5,-,3,0.0,0.0,0.25,0.235588,0.0,0,False,26.5636,2,0.0,RED,RED
2024-10-31,434730,원자력,4,17641.0,11.25,LIME,3,0.0,0.0,0.1,0.100055,0.0,0,False,36.4487,1,0.0,RED,RED
2024-11-01,117680,철강주,1,9323.0,11.0,-,3,0.0,0.0,1.0,1.0,0.0,0,False,42.7814,1,0.0,RED,RED
2024-11-07,434730,원자력,1,18508.0,12.25,-,1,0.0,0.0,0.55,0.55,0.0,0,False,36.4965,0,0.0,RED,RED
2024-11-07,475050,K팝,2,7616.0,11.75,GREEN,1,0.0,0.0,0.45,0.45,0.0,0,False,42.1242,0,0.0,RED,RED
2024-11-08,434730,원자력,1,18766.0,13.0,LIME,1,0.0,0.0,0.45,0.45,0.0,0,False,33.8035,0,0.0,RED,RED
2024-11-08,475050,K팝,2,7631.0,12.5,GREEN,1,0.0,0.0,0.3,0.3,0.0,0,False,42.0769,0,0.0,RED,RED
2024-11-08,371160,항셈테,3,7206.0,11.5,LIME,1,0.0,0.0,0.25,0.25,0.0,0,False,45.2438,0,0.0,RED,RED
2024-11-11,449450,방산주,1,22240.0,14.25,LIME,1,0.0,0.0,0.31,0.317298,0.0,0,False,25.8741,0,0.0,RED,RED
2024-11-11,478150,우주방,2,13258.0,14.25,-,1,0.0,0.0,0.25,0.255885,0.0,0,False,20.6149,0,0.0,RED,RED
2024-11-11,449190,나스닥,3,16537.0,14.25,LIME,1,0.0,0.0,0.16,0.163767,0.0,0,False,21.3686,0,0.0,RED,RED
2024-11-11,371160,항셈테,4,7147.0,13.5,LIME,1,0.0,0.0,0.1,0.087001,0.0,0,False,44.5576,0,0.0,RED,RED
2024-11-11,434730,원자력,5,18994.0,13.75,LIME,1,0.0,0.0,0.1,0.102354,0.0,0,False,29.4063,0,0.0,RED,RED
2024-11-11,475050,K팝,6,7566.0,11.75,-,2,0.0,0.0,0.08,0.073695,0.0,0,False,37.3116,0,0.0,RED,RED
2024-11-12,449190,나스닥,1,16467.0,15.5,LIME,1,0.0,0.0,0.33,0.336477,0.0,0,False,19.2811,0,0.0,RED,RED
2024-11-12,478150,우주방,2,13467.0,15.0,GREEN,1,0.0,0.0,0.27,0.2753,0.0,0,False,20.0869,0,0.0,RED,RED
2024-11-12,449450,방산주,3,22000.0,15.0,LIME,1,0.0,0.0,0.2,0.203926,0.0,0,False,25.8907,0,0.0,RED,RED
2024-11-12,434730,원자력,4,18558.0,13.25,LIME,2,0.0,0.0,0.1,0.101963,0.0,0,False,28.2939,0,0.0,RED,RED
2024-11-12,371160,항셈테,5,6909.0,11.5,-,4,0.0,0.0,0.1,0.082335,0.0,0,False,44.9529,1,0.0,RED,RED
2024-11-13,478150,우주방,1,13368.0,15.5,GREEN,1,0.0,0.0,0.45,0.461538,0.0,0,False,20.1727,0,0.0,RED,RED
2024-11-13,449190,나스닥,2,16397.0,15.0,LIME,2,0.0,0.0,0.3,0.307692,0.0,0,False,19.3166,0,0.0,RED,RED
2024-11-13,449450,방산주,3,21332.0,14.5,-,2,0.0,0.0,0.25,0.230769,0.0,0,False,25.9055,0,0.0,RED,RED
2024-11-14,478150,우주방,1,13552.0,16.0,GREEN,1,0.0,0.0,0.35,0.369393,0.0,0,False,20.2231,0,0.0,RED,RED
2024-11-14,449450,방산주,2,22280.0,15.0,-,1,0.0,0.0,0.3,0.300792,0.0,0,False,26.8946,0,0.0,RED,RED
2024-11-14,139230,조선주,3,5693.0,14.5,LIME,1,0.0,0.0,0.25,0.224274,0.0,0,False,35.0071,0,0.0,RED,RED
2024-11-14,449190,나스닥,4,16392.0,13.75,LIME,2,0.0,0.0,0.1,0.105541,0.0,0,False,18.9906,0,0.0,RED,RED
2024-11-15,449450,방산주,1,21971.0,15.0,-,1,0.0,0.0,0.35,0.371353,0.0,0,False,27.1226,0,0.0,RED,RED
2024-11-15,478150,우주방,2,12920.0,15.0,GREEN,2,0.0,0.0,0.3,0.302387,0.0,0,False,22.4873,1,0.0,RED,RED
2024-11-15,139230,조선주,3,5479.0,15.0,LIME,1,0.0,0.0,0.25,0.225464,0.0,0,False,35.9128,0,0.0,RED,RED
2024-11-15,449190,나스닥,4,16174.0,11.5,LIME,3,0.0,0.0,0.1,0.100796,0.0,0,False,18.6401,1,0.0,RED,RED
2024-11-18,139230,조선주,1,5454.0,14.5,LIME,1,0.0,0.0,0.45,0.430851,0.0,0,False,35.9136,0,0.0,RED,RED
2024-11-18,478150,우주방,2,12994.0,13.5,GREEN,2,0.0,0.0,0.3,0.303191,0.0,0,False,22.4913,1,0.0,RED,RED
2024-11-18,449450,방산주,3,21572.0,13.5,-,2,0.0,0.0,0.25,0.265957,0.0,0,False,27.3375,0,0.0,RED,RED
2024-11-19,139230,조선주,1,5554.0,15.25,LIME,1,0.0,0.0,0.35,0.349081,0.0,0,False,35.8576,0,0.0,RED,RED
2024-11-19,475050,K팝,2,8375.0,13.25,GREEN,1,0.0,0.0,0.3,0.299213,0.0,0,False,36.3651,0,0.0,RED,RED
2024-11-19,449450,방산주,3,21457.0,12.25,-,3,0.0,0.0,0.25,0.262467,0.0,0,False,27.3048,0,0.0,RED,RED
2024-11-19,478150,우주방,4,12815.0,11.25,GREEN,3,0.0,0.0,0.1,0.089239,0.0,0,False,22.6953,2,0.0,RED,RED
2024-11-20,139230,조선주,1,5593.0,15.0,LIME,1,0.24,0.24,0.55,0.55,0.132,13200000,False,35.8134,0,0.2,-,RED
2024-11-20,475050,K팝,2,8365.0,13.75,GREEN,1,0.2,0.2,0.45,0.45,0.09,9000000,False,35.0312,0,0.2,-,RED
2024-11-21,475050,K팝,1,8286.0,14.0,GREEN,1,0.55,0.55,0.55,0.55,0.3025,30250000,False,35.1206,0,0.3,-,-
2024-11-21,139230,조선주,2,5464.0,12.75,LIME,3,0.35,0.35,0.45,0.45,0.1575,15749999,False,36.0841,0,0.3,-,-
2024-11-22,475050,K팝,1,8450.0,14.25,GREEN,1,0.55,0.55,0.55,0.55,0.3025,30250000,False,35.2596,0,0.4,-,-
2024-11-22,139230,조선주,2,5603.0,13.0,LIME,1,0.5,0.5,0.45,0.45,0.225,22500000,False,36.3536,0,0.4,-,-
2024-11-25,475050,K팝,1,8515.0,14.5,GREEN,1,0.55,0.55,0.55,0.55,0.3025,30250000,False,35.2597,0,0.4,-,-
2024-11-25,139230,조선주,2,5693.0,13.25,LIME,1,0.5,0.5,0.45,0.45,0.225,22500000,False,36.3567,0,0.4,-,-
2024-11-26,475050,K팝,1,8625.0,14.75,GREEN,1,0.55,0.55,0.55,0.55,0.3025,30250000,False,35.2932,0,0.3,-,-
2024-11-26,139230,조선주,2,5524.0,11.5,LIME,3,0.3,0.3,0.45,0.45,0.135,13500000,False,36.9065,0,0.3,-,-
2024-11-27,475050,K팝,1,8850.0,15.0,GREEN,1,0.6,0.6,0.45,0.45,0.27,27000000,False,35.1978,0,0.2,-,-
2024-11-27,139230,조선주,2,5484.0,11.75,LIME,3,0.3,0.3,0.3,0.3,0.09,9000000,False,36.4487,0,0.2,-,-
2024-11-27,449180,에센피,3,13841.0,11.25,LIME,1,0.35,0.35,0.25,0.25,0.0875,8750000,False,12.3992,0,0.2,-,-
2024-11-28,475050,K팝,1,8605.0,14.25,GREEN,2,0.5,0.5,0.45,0.424084,0.212042,21204188,False,35.6747,0,0.2,-,-
2024-11-28,449180,에센피,2,13811.0,13.0,LIME,1,0.5,0.5,0.3,0.314136,0.157068,15706806,False,12.3508,0,0.2,-,-
2024-11-28,091170,은행주,3,8611.0,12.5,LIME,1,0.4,0.4,0.25,0.26178,0.104712,10471204,False,27.3064,0,0.2,-,-
2024-11-29,475050,K팝,1,8660.0,14.25,GREEN,1,0.55,0.55,0.35,0.342784,0.188531,18853092,False,35.6584,0,0.2,-,-
2024-11-29,449180,에센피,2,13831.0,14.75,LIME,1,0.55,0.55,0.3,0.309278,0.170103,17010309,False,12.2646,0,0.2,-,-
2024-11-29,469070,ai로봇,3,8475.0,11.5,GREEN,1,0.35,0.35,0.25,0.244845,0.085696,8569587,False,34.0004,0,0.2,-,-
2024-11-29,091170,은행주,4,8517.0,11.0,LIME,2,0.3,0.3,0.1,0.103093,0.030928,3092783,False,27.1753,0,0.2,-,-
2024-12-02,449180,에센피,1,13845.0,16.0,LIME,1,0.0,0.0,0.35,0.357143,0.0,0,False,12.2261,0,0.0,RED,-
2024-12-02,475050,K팝,2,8690.0,14.0,GREEN,1,0.0,0.0,0.3,0.290816,0.0,0,False,35.5568,0,0.0,RED,-
2024-12-02,091170,은행주,3,8634.0,13.5,LIME,1,0.0,0.0,0.25,0.255102,0.0,0,False,27.0575,0,0.0,RED,-
2024-12-02,469070,ai로봇,4,8195.0,11.0,GREEN,2,0.0,0.0,0.1,0.096939,0.0,0,False,34.6801,0,0.0,RED,-
2024-12-03,449180,에센피,1,13914.0,16.0,LIME,1,0.24,0.24,0.45,0.463918,0.11134,11134020,False,12.2502,0,0.2,-,RED
2024-12-03,475050,K팝,2,8660.0,13.0,GREEN,2,0.2,0.2,0.3,0.278351,0.05567,5567010,False,35.5925,0,0.2,-,RED
2024-12-03,091170,은행주,3,8927.0,13.75,LIME,1,0.2,0.2,0.25,0.257732,0.051546,5154639,False,27.3795,0,0.2,-,RED
2024-12-04,449180,에센피,1,13924.0,16.0,LIME,1,0.0,0.0,0.33,0.340206,0.0,0,False,12.1016,0,0.0,RED,-
2024-12-04,449190,나스닥,2,16627.0,13.25,LIME,1,0.0,0.0,0.27,0.278351,0.0,0,False,16.682,0,0.0,RED,-
2024-12-04,241180,니케이,3,21672.0,13.5,LIME,1,0.0,0.0,0.2,0.206186,0.0,0,False,19.8815,0,0.0,RED,-
2024-12-04,475050,K팝,4,8555.0,11.75,GREEN,3,0.0,0.0,0.1,0.087629,0.0,0,False,35.6341,0,0.0,RED,-
2024-12-04,091170,은행주,5,8577.0,12.0,LIME,3,0.0,0.0,0.1,0.087629,0.0,0,False,28.5541,0,0.0,RED,-
2024-12-05,449180,에센피,1,13988.0,16.0,LIME,1,0.0,0.0,0.35,0.358974,0.0,0,False,12.1009,0,0.0,RED,RED
2024-12-05,449190,나스닥,2,16756.0,14.5,LIME,1,0.0,0.0,0.3,0.307692,0.0,0,False,16.6636,0,0.0,RED,RED
2024-12-05,478150,우주방,3,13432.0,14.0,GREEN,1,0.0,0.0,0.25,0.230769,0.0,0,False,24.0467,0,0.0,RED,RED
2024-12-05,241180,니케이,4,21967.0,14.5,LIME,1,0.0,0.0,0.1,0.102564,0.0,0,False,19.8107,0,0.0,RED,RED
2024-12-06,449180,에센피,1,13964.0,16.0,LIME,1,0.0,0.0,0.35,0.353535,0.0,0,False,12.089,0,0.0,RED,RED
2024-12-06,449190,나스닥,2,16736.0,15.25,LIME,1,0.0,0.0,0.3,0.30303,0.0,0,False,16.6505,0,0.0,RED,RED
2024-12-06,241180,니케이,3,21820.0,15.5,LIME,1,0.0,0.0,0.25,0.252525,0.0,0,False,19.638,0,0.0,RED,RED
2024-12-06,478150,우주방,4,13388.0,14.0,GREEN,1,0.0,0.0,0.1,0.090909,0.0,0,False,24.0837,0,0.0,RED,RED
2024-12-09,449190,나스닥,1,16864.0,16.0,LIME,1,0.0,0.0,0.35,0.360825,0.0,0,False,16.681,0,0.0,RED,RED
2024-12-09,478150,우주방,2,13567.0,15.25,GREEN,1,0.0,0.0,0.3,0.278351,0.0,0,False,24.1578,0,0.0,RED,RED
2024-12-09,241180,니케이,3,22098.0,16.0,LIME,1,0.0,0.0,0.25,0.257732,0.0,0,False,19.7568,0,0.0,RED,RED
2024-12-09,449180,에센피,4,13993.0,16.0,LIME,1,0.0,0.0,0.1,0.103093,0.0,0,False,12.0862,0,0.0,RED,RED
2024-12-10,241180,니케이,1,21903.0,16.0,LIME,1,0.0,0.0,0.35,0.359897,0.0,0,False,18.0698,0,0.0,RED,RED
2024-12-10,449190,나스닥,2,16741.0,15.0,LIME,2,0.0,0.0,0.3,0.308483,0.0,0,False,15.2334,0,0.0,RED,RED
2024-12-10,449180,에센피,3,13914.0,15.0,LIME,2,0.0,0.0,0.25,0.244216,0.0,0,False,11.0493,1,0.0,RED,RED
2024-12-10,478150,우주방,4,13278.0,13.0,-,3,0.0,0.0,0.1,0.087404,0.0,0,False,24.1367,0,0.0,RED,RED
2024-12-11,241180,니케이,1,21937.0,15.0,LIME,2,0.0,0.0,0.35,0.362694,0.0,0,False,18.0549,0,0.0,RED,RED
2024-12-11,411060,금현물,2,17740.0,14.0,LIME,1,0.0,0.0,0.3,0.279793,0.0,0,False,21.6061,0,0.0,RED,RED
2024-12-11,449190,나스닥,3,16716.0,14.0,LIME,2,0.0,0.0,0.25,0.259067,0.0,0,False,15.2474,0,0.0,RED,RED
2024-12-11,449180,에센피,4,13894.0,13.0,LIME,3,0.0,0.0,0.1,0.098446,0.0,0,False,11.0643,1,0.0,RED,RED
2024-12-12,371160,항셈테,1,7335.0,14.0,LIME,1,0.22,0.22,0.33,0.29936,0.065859,6585912,False,45.2421,0,0.2,-,RED
2024-12-12,411060,금현물,2,17835.0,15.0,LIME,1,0.24,0.24,0.27,0.273746,0.065699,6569903,False,21.6093,0,0.2,-,RED
2024-12-12,241180,니케이,3,22133.0,15.0,LIME,1,0.24,0.24,0.2,0.213447,0.051227,5122732,False,17.9456,0,0.2,-,RED
2024-12-12,449190,나스닥,4,16969.0,14.0,LIME,1,0.22,0.22,0.1,0.106724,0.023479,2347918,False,15.4256,0,0.2,-,RED
2024-12-12,449180,에센피,5,13964.0,12.25,LIME,1,0.2,0.2,0.1,0.106724,0.021345,2134471,False,11.0173,0,0.2,-,RED
2024-12-13,411060,금현물,1,17660.0,15.0,LIME,1,0.6,0.6,0.35,0.366492,0.219895,21989528,False,21.725,0,0.6,GREEN,-
2024-12-13,371160,항셈테,2,7127.0,14.0,LIME,2,0.6,0.5,0.3,0.267016,0.160209,16020942,False,45.6448,0,0.6,GREEN,-
2024-12-13,449190,나스닥,3,16954.0,14.0,LIME,1,0.6,0.55,0.25,0.26178,0.157068,15706806,False,15.0736,0,0.6,GREEN,-
2024-12-13,241180,니케이,4,21825.0,14.0,LIME,2,0.6,0.5,0.1,0.104712,0.062827,6282722,False,18.2148,0,0.6,GREEN,-
2024-12-16,449190,나스닥,1,17008.0,15.0,LIME,1,0.6,0.6,0.35,0.373582,0.224149,22414943,False,15.073,0,0.6,GREEN,GREEN
2024-12-16,411060,금현물,2,17490.0,14.0,LIME,2,0.6,0.5,0.3,0.304203,0.182522,18252168,False,21.8496,1,0.6,GREEN,GREEN
2024-12-16,371160,항셈테,3,6984.0,12.0,LIME,3,0.6,0.35,0.25,0.215477,0.129286,12928619,False,45.8736,1,0.6,GREEN,GREEN
2024-12-16,241180,니케이,4,21717.0,12.0,LIME,3,0.6,0.35,0.1,0.106738,0.064043,6404269,False,18.2569,0,0.6,GREEN,GREEN
2024-12-17,449190,나스닥,1,17237.0,16.0,LIME,1,0.6,0.6,0.45,0.474934,0.28496,28496042,False,15.2004,0,0.2,-,GREEN
2024-12-17,411060,금현물,2,17500.0,12.5,LIME,2,0.35,0.35,0.3,0.300792,0.105277,10527704,False,21.8484,1,0.2,-,GREEN
2024-12-17,446770,톱반도,3,25574.0,11.0,LIME,1,0.35,0.35,0.25,0.224274,0.078496,7849604,False,31.9808,0,0.2,-,GREEN
2024-12-18,449190,나스닥,1,17197.0,16.0,LIME,1,0.6,0.6,0.45,0.455696,0.273418,27341772,False,14.2851,0,0.6,GREEN,-
2024-12-18,478150,우주방,2,13557.0,11.0,GREEN,1,0.6,0.35,0.3,0.303797,0.182278,18227848,False,23.9923,0,0.6,GREEN,-
2024-12-18,446770,톱반도,3,25525.0,11.0,LIME,1,0.6,0.35,0.25,0.240506,0.144304,14430379,False,28.3021,0,0.6,GREEN,-
2024-12-19,449190,나스닥,1,16527.0,12.5,-,4,0.0,0.0,1.0,1.0,0.0,0,False,16.4497,3,0.0,RED,GREEN
2024-12-23,371160,항셈테,1,7127.0,11.0,LIME,2,0.2,0.2,1.0,1.0,0.2,20000000,False,44.7113,0,0.2,-,RED
2024-12-24,371160,항셈테,1,7251.0,11.5,LIME,1,0.35,0.35,1.0,1.0,0.35,35000000,False,44.7821,0,0.3,-,-
2024-12-26,371160,항셈테,1,7301.0,12.5,LIME,1,0.0,0.0,0.55,0.55,0.0,0,False,43.9219,0,0.0,RED,-
2024-12-26,139230,조선주,2,5623.0,12.25,LIME,1,0.0,0.0,0.45,0.45,0.0,0,False,37.1765,0,0.0,RED,-
2024-12-27,478150,우주방,1,13990.0,13.5,GREEN,1,0.0,0.0,0.35,0.358974,0.0,0,False,25.0612,0,0.0,RED,RED
2024-12-27,139230,조선주,2,5569.0,14.0,LIME,1,0.0,0.0,0.3,0.292308,0.0,0,False,37.2411,0,0.0,RED,RED
2024-12-27,446770,톱반도,3,25865.0,14.0,LIME,1,0.0,0.0,0.25,0.25641,0.0,0,False,28.8623,0,0.0,RED,RED
2024-12-27,371160,항셈테,4,7350.0,13.0,LIME,1,0.0,0.0,0.1,0.092308,0.0,0,False,43.9212,0,0.0,RED,RED
2024-12-30,478150,우주방,1,13890.0,14.75,GREEN,1,0.22,0.22,0.33,0.338462,0.074462,7446153,False,25.1472,0,0.2,-,RED
2024-12-30,446770,톱반도,2,25925.0,15.0,LIME,1,0.24,0.24,0.27,0.276923,0.066462,6646153,False,26.8316,0,0.2,-,RED
2024-12-30,411060,금현물,3,18155.0,14.0,LIME,1,0.22,0.22,0.2,0.205128,0.045128,4512820,False,22.1138,0,0.2,-,RED
2024-12-30,139230,조선주,4,5534.0,14.0,LIME,2,0.2,0.2,0.1,0.092308,0.018462,1846153,False,37.1811,0,0.2,-,RED
2024-12-30,371160,항셈테,5,7355.0,13.25,LIME,1,0.2,0.2,0.1,0.087179,0.017436,1743589,False,42.6536,0,0.2,-,RED
2025-01-02,478150,우주방,1,13602.0,14.5,-,2,0.0,0.0,0.33,0.33201,0.0,0,False,25.4357,1,0.0,RED,-
2025-01-02,411060,금현물,2,18310.0,14.5,LIME,1,0.0,0.0,0.27,0.285941,0.0,0,False,22.105,0,0.0,RED,-
2025-01-02,139230,조선주,3,5668.0,14.0,LIME,1,0.0,0.0,0.2,0.190627,0.0,0,False,36.2782,0,0.0,RED,-
2025-01-02,446770,톱반도,4,25490.0,13.0,LIME,3,0.0,0.0,0.1,0.105904,0.0,0,False,26.847,0,0.0,RED,-
2025-01-02,371160,항셈테,5,7098.0,11.0,LIME,4,0.0,0.0,0.1,0.085518,0.0,0,False,42.1217,1,0.0,RED,-
2025-01-03,411060,금현물,1,18305.0,15.0,LIME,1,0.24,0.24,0.33,0.345731,0.082975,8297537,False,21.8878,0,0.2,-,RED
2025-01-03,139230,조선주,2,5653.0,14.0,LIME,1,0.22,0.22,0.27,0.24044,0.052897,5289680,False,36.2935,0,0.2,-,RED
2025-01-03,241180,니케이,3,22063.0,13.75,-,1,0.2,0.2,0.2,0.209534,0.041907,4190675,False,17.1132,0,0.2,-,RED
2025-01-03,478150,우주방,4,13542.0,12.25,-,3,0.2,0.2,0.1,0.099529,0.019906,1990570,False,25.4585,1,0.2,-,RED
2025-01-03,446770,톱반도,5,25766.0,11.0,LIME,2,0.2,0.2,0.1,0.104767,0.020953,2095337,False,26.3811,0,0.2,-,RED
2025-01-06,411060,금현물,1,18295.0,15.0,LIME,1,0.6,0.6,0.35,0.360825,0.216495,21649484,False,21.8896,0,0.6,GREEN,-
2025-01-06,139230,조선주,2,5673.0,14.0,LIME,1,0.6,0.55,0.3,0.278351,0.16701,16701030,False,36.2003,0,0.6,GREEN,-
2025-01-06,478150,우주방,3,14050.0,12.25,-,1,0.6,0.4,0.25,0.257732,0.154639,15463917,False,26.0666,0,0.6,GREEN,-
2025-01-06,446770,톱반도,4,26806.0,11.0,LIME,1,0.6,0.35,0.1,0.103093,0.061856,6185567,False,27.0555,0,0.6,GREEN,-
2025-01-07,139230,조선주,1,5801.0,15.25,LIME,1,0.7,0.6,0.33,0.320561,0.224393,22439287,False,36.4059,0,0.7,GREEN,GREEN
2025-01-07,469070,ai로봇,2,9029.0,14.0,GREEN,1,0.7,0.55,0.27,0.247706,0.173394,17339449,False,48.4272,0,0.7,GREEN,GREEN
2025-01-07,411060,금현물,3,18095.0,14.0,LIME,2,0.7,0.5,0.2,0.215866,0.151106,15110631,False,21.8651,0,0.7,GREEN,GREEN
2025-01-07,478150,우주방,4,13791.0,11.75,-,1,0.7,0.35,0.1,0.107933,0.075553,7555315,False,26.4297,0,0.7,GREEN,GREEN
2025-01-07,446770,톱반도,5,27361.0,11.0,LIME,1,0.7,0.35,0.1,0.107933,0.075553,7555315,False,26.5958,0,0.7,GREEN,GREEN
2025-01-08,139230,조선주,1,5861.0,15.5,LIME,1,0.7,0.6,0.33,0.342679,0.239875,23987538,False,36.3352,0,0.7,GREEN,GREEN
2025-01-08,469070,ai로봇,2,8809.0,12.75,GREEN,2,0.7,0.35,0.27,0.252336,0.176636,17663551,False,48.6355,0,0.7,GREEN,GREEN
2025-01-08,449450,방산주,3,20589.0,12.75,LIME,1,0.7,0.4,0.2,0.1973,0.13811,13811007,False,44.395,0,0.7,GREEN,GREEN
2025-01-08,411060,금현물,4,18125.0,12.5,LIME,2,0.7,0.35,0.1,0.103842,0.07269,7268951,False,21.8628,0,0.7,GREEN,GREEN
2025-01-08,446770,톱반도,5,27104.0,12.5,LIME,1,0.7,0.4,0.1,0.103842,0.07269,7268951,False,26.4633,0,0.7,GREEN,GREEN
2025-01-09,139230,조선주,1,5881.0,15.75,LIME,1,0.7,0.6,0.33,0.336735,0.235714,23571428,False,36.2384,0,0.7,GREEN,GREEN
2025-01-09,446770,톱반도,2,27109.0,14.0,LIME,1,0.7,0.55,0.27,0.27551,0.192857,19285714,False,26.4426,0,0.7,GREEN,GREEN
2025-01-09,449450,방산주,3,20684.0,13.0,LIME,1,0.7,0.5,0.2,0.193878,0.135714,13571428,False,44.3965,0,0.7,GREEN,GREEN
2025-01-09,469070,ai로봇,4,9014.0,12.25,GREEN,1,0.7,0.4,0.1,0.091837,0.064286,6428571,False,48.7711,0,0.7,GREEN,GREEN
2025-01-09,411060,금현물,5,18270.0,12.0,LIME,1,0.7,0.4,0.1,0.102041,0.071429,7142857,False,21.8974,0,0.7,GREEN,GREEN
2025-01-10,139230,조선주,1,5975.0,16.0,LIME,1,0.7,0.6,0.31,0.316973,0.221881,22188139,False,36.2333,0,0.7,GREEN,GREEN
2025-01-10,487230,전력인,2,13568.0,13.25,GREEN,1,0.7,0.5,0.25,0.255624,0.178937,17893660,False,31.4545,0,0.7,GREEN,GREEN
2025-01-10,446770,톱반도,3,27020.0,13.0,LIME,2,0.7,0.45,0.16,0.163599,0.114519,11451942,False,25.5987,0,0.7,GREEN,GREEN
2025-01-10,449450,방산주,4,20325.0,12.5,LIME,2,0.7,0.35,0.1,0.092025,0.064417,6441717,False,44.5045,0,0.7,GREEN,GREEN
2025-01-10,411060,금현물,5,18395.0,12.0,LIME,1,0.7,0.4,0.1,0.102249,0.071575,7157464,False,21.8379,0,0.7,GREEN,GREEN
2025-01-10,469070,ai로봇,6,8969.0,11.0,GREEN,2,0.7,0.3,0.08,0.06953,0.048671,4867075,False,48.765,0,0.7,GREEN,GREEN
2025-01-13,139230,조선주,1,5890.0,16.0,LIME,1,0.6,0.6,0.35,0.353535,0.212121,21212121,False,36.1955,0,0.5,GREEN,GREEN
2025-01-13,487230,전력인,2,13916.0,13.75,GREEN,1,0.5,0.5,0.3,0.30303,0.151515,15151515,False,31.7427,0,0.5,GREEN,GREEN
2025-01-13,411060,금현물,3,18570.0,13.0,LIME,1,0.5,0.5,0.25,0.252525,0.126263,12626262,False,21.8775,0,0.5,GREEN,GREEN
2025-01-13,449450,방산주,4,20509.0,12.0,LIME,2,0.5,0.35,0.1,0.090909,0.045455,4545454,False,44.5321,0,0.5,GREEN,GREEN
2025-01-14,139230,조선주,1,5940.0,16.0,LIME,1,0.6,0.6,0.35,0.353535,0.212121,21212121,False,36.1749,0,0.6,GREEN,GREEN
2025-01-14,411060,금현물,2,18460.0,14.5,LIME,1,0.6,0.55,0.3,0.30303,0.181818,18181818,False,21.8327,0,0.6,GREEN,GREEN
2025-01-14,487230,전력인,3,13731.0,13.75,GREEN,1,0.6,0.5,0.25,0.252525,0.151515,15151515,False,31.4474,0,0.6,GREEN,GREEN
2025-01-14,449450,방산주,4,21078.0,12.0,LIME,1,0.6,0.4,0.1,0.090909,0.054545,5454545,False,44.8445,0,0.6,GREEN,GREEN
2025-01-15,139230,조선주,1,6144.0,16.0,LIME,1,0.6,0.6,0.35,0.353535,0.212121,21212121,False,36.6374,0,0.6,GREEN,GREEN
2025-01-15,487230,전력인,2,14005.0,15.75,GREEN,1,0.6,0.6,0.3,0.30303,0.181818,18181818,False,31.6398,0,0.6,GREEN,GREEN
2025-01-15,411060,금현물,3,18395.0,14.0,LIME,2,0.6,0.5,0.25,0.252525,0.151515,15151515,False,21.8591,0,0.6,GREEN,GREEN
2025-01-15,449450,방산주,4,21292.0,12.0,LIME,1,0.6,0.4,0.1,0.090909,0.054545,5454545,False,44.7526,0,0.6,GREEN,GREEN
2025-01-16,139230,조선주,1,6174.0,16.0,LIME,1,0.7,0.6,0.33,0.331658,0.232161,23216080,False,36.5984,0,0.7,GREEN,GREEN
2025-01-16,487230,전력인,2,14210.0,16.0,GREEN,1,0.7,0.6,0.27,0.271357,0.18995,18994974,False,31.3595,0,0.7,GREEN,GREEN
2025-01-16,475050,K팝,3,8800.0,13.75,LIME,1,0.7,0.5,0.2,0.201005,0.140704,14070351,False,36.8476,0,0.7,GREEN,GREEN
2025-01-16,411060,금현물,4,18330.0,13.0,LIME,2,0.7,0.45,0.1,0.100503,0.070352,7035175,False,21.8108,0,0.7,GREEN,GREEN
2025-01-16,449450,방산주,5,21282.0,12.5,LIME,1,0.7,0.4,0.1,0.095477,0.066834,6683417,False,44.7402,0,0.7,GREEN,GREEN
2025-01-17,139230,조선주,1,6263.0,16.0,LIME,1,0.7,0.6,0.33,0.331658,0.232161,23216080,False,35.8913,0,0.7,GREEN,GREEN
2025-01-17,487230,전력인,2,14573.0,16.0,GREEN,1,0.7,0.6,0.27,0.271357,0.18995,18994974,False,31.0816,0,0.7,GREEN,GREEN
2025-01-17,475050,K팝,3,8845.0,14.5,LIME,1,0.7,0.55,0.2,0.201005,0.140704,14070351,False,36.5135,0,0.7,GREEN,GREEN
2025-01-17,449450,방산주,4,21158.0,13.0,LIME,1,0.7,0.5,0.1,0.095477,0.066834,6683417,False,44.4868,0,0.7,GREEN,GREEN
2025-01-17,411060,금현물,5,18345.0,11.5,LIME,2,0.7,0.3,0.1,0.100503,0.070352,7035175,False,21.7458,0,0.7,GREEN,GREEN
2025-01-20,139230,조선주,1,6189.0,16.0,LIME,1,0.7,0.6,0.35,0.351759,0.246231,24623115,False,35.8071,0,0.7,GREEN,GREEN
2025-01-20,487230,전력인,2,14528.0,16.0,GREEN,1,0.7,0.6,0.3,0.301508,0.211055,21105527,False,31.0893,0,0.7,GREEN,GREEN
2025-01-20,475050,K팝,3,8755.0,14.0,LIME,2,0.7,0.5,0.25,0.251256,0.175879,17587939,False,36.3726,0,0.7,GREEN,GREEN
2025-01-20,449450,방산주,4,21033.0,12.5,LIME,2,0.7,0.35,0.1,0.095477,0.066834,6683417,False,44.4316,0,0.7,GREEN,GREEN
2025-01-21,139230,조선주,1,6352.0,16.0,LIME,1,0.7,0.6,0.33,0.331658,0.232161,23216080,False,36.0944,0,0.7,GREEN,GREEN
2025-01-21,487230,전력인,2,14528.0,16.0,GREEN,1,0.7,0.6,0.27,0.271357,0.18995,18994974,False,31.0893,0,0.7,GREEN,GREEN
2025-01-21,195930,유로스,3,18384.0,15.75,LIME,1,0.7,0.6,0.2,0.201005,0.140704,14070351,False,12.6832,0,0.7,GREEN,GREEN
2025-01-21,475050,K팝,4,8710.0,12.5,LIME,2,0.7,0.35,0.1,0.100503,0.070352,7035175,False,36.2804,0,0.7,GREEN,GREEN
2025-01-21,449450,방산주,5,21696.0,13.0,LIME,1,0.7,0.5,0.1,0.095477,0.066834,6683417,False,44.8246,0,0.7,GREEN,GREEN
2025-01-22,487230,전력인,1,15280.0,16.0,GREEN,1,0.7,0.6,0.31,0.31665,0.221655,22165474,False,32.5249,0,0.7,GREEN,GREEN
2025-01-22,139230,조선주,2,6421.0,16.0,LIME,1,0.7,0.6,0.25,0.255363,0.178754,17875383,False,36.1223,0,0.7,GREEN,GREEN
2025-01-22,469070,ai로봇,3,9254.0,15.0,GREEN,1,0.7,0.6,0.16,0.147089,0.102962,10296220,False,47.9601,0,0.7,GREEN,GREEN
2025-01-22,195930,유로스,4,18514.0,16.0,LIME,1,0.7,0.6,0.1,0.102145,0.071502,7150153,False,12.7335,0,0.7,GREEN,GREEN
2025-01-22,449450,방산주,5,21597.0,13.5,LIME,1,0.7,0.5,0.1,0.097038,0.067926,6792645,False,44.7724,0,0.7,GREEN,GREEN
2025-01-22,475050,K팝,6,8780.0,12.0,LIME,1,0.7,0.4,0.08,0.081716,0.057201,5720122,False,35.9777,0,0.7,GREEN,GREEN
2025-01-23,487230,전력인,1,15580.0,16.0,GREEN,1,0.6,0.6,0.31,0.320579,0.192347,19234746,False,32.3891,0,0.6,GREEN,GREEN
2025-01-23,469070,ai로봇,2,9084.0,14.75,-,2,0.6,0.5,0.25,0.232678,0.139607,13960703,False,48.1769,0,0.6,GREEN,GREEN
2025-01-23,434730,원자력,3,20554.0,15.5,LIME,1,0.6,0.6,0.16,0.16546,0.099276,9927611,False,32.459,0,0.6,GREEN,GREEN
2025-01-23,139230,조선주,4,6218.0,15.0,LIME,2,0.6,0.55,0.1,0.103413,0.062048,6204756,False,36.8062,0,0.6,GREEN,GREEN
2025-01-23,195930,유로스,5,18334.0,15.0,LIME,2,0.6,0.55,0.1,0.103413,0.062048,6204756,False,12.8763,0,0.6,GREEN,GREEN
2025-01-23,449450,방산주,6,21168.0,12.5,LIME,2,0.6,0.35,0.08,0.074457,0.044674,4467425,False,44.6983,0,0.6,GREEN,GREEN
2025-01-24,487230,전력인,1,15878.0,16.0,GREEN,1,0.7,0.6,0.31,0.315682,0.220978,22097759,False,32.393,0,0.7,GREEN,GREEN
2025-01-24,434730,원자력,2,21426.0,16.0,LIME,1,0.7,0.6,0.25,0.254582,0.178208,17820773,False,33.4098,0,0.7,GREEN,GREEN
2025-01-24,139230,조선주,3,6446.0,15.0,LIME,1,0.7,0.6,0.16,0.162933,0.114053,11405295,False,37.3947,0,0.7,GREEN,GREEN
2025-01-24,469070,ai로봇,4,9049.0,14.0,-,2,0.7,0.5,0.1,0.09165,0.064155,6415478,False,47.9778,0,0.7,GREEN,GREEN
2025-01-24,195930,유로스,5,18459.0,15.0,LIME,1,0.7,0.6,0.1,0.101833,0.071283,7128309,False,12.9243,0,0.7,GREEN,GREEN
2025-01-24,449450,방산주,6,22355.0,13.75,LIME,1,0.7,0.5,0.08,0.07332,0.051324,5132382,False,46.025,0,0.7,GREEN,GREEN
2025-01-31,434730,원자력,1,20431.0,16.0,LIME,1,0.6,0.6,0.31,0.317623,0.190574,19057377,False,34.8249,0,0.5,GREEN,GREEN
2025-01-31,478150,우주방,2,14368.0,15.0,GREEN,1,0.6,0.6,0.25,0.256148,0.153689,15368852,False,26.4969,0,0.5,GREEN,GREEN
2025-01-31,469070,ai로봇,3,9664.0,14.0,GREEN,1,0.55,0.55,0.16,0.147541,0.081148,8114754,False,49.4827,0,0.5,GREEN,GREEN
2025-01-31,195930,유로스,4,18928.0,15.0,LIME,1,0.6,0.6,0.1,0.102459,0.061475,6147540,False,13.8273,0,0.5,GREEN,GREEN
2025-01-31,139230,조선주,5,6313.0,14.0,-,2,0.5,0.5,0.1,0.102459,0.051229,5122950,False,37.7115,0,0.5,GREEN,GREEN
2025-01-31,449450,방산주,6,22155.0,14.0,LIME,1,0.55,0.55,0.08,0.07377,0.040574,4057377,False,46.076,0,0.5,GREEN,GREEN
2025-02-03,434730,원자력,1,20049.0,15.0,LIME,2,0.55,0.55,0.31,0.304708,0.167589,16758923,False,35.0693,1,0.2,-,GREEN
2025-02-03,478150,우주방,2,14070.0,14.5,GREEN,2,0.5,0.5,0.25,0.258665,0.129333,12933264,False,26.901,0,0.2,-,GREEN
2025-02-03,475050,K팝,3,9050.0,14.25,LIME,1,0.55,0.55,0.16,0.165546,0.09105,9105018,False,35.6859,0,0.2,-,GREEN
2025-02-03,469070,ai로봇,4,9589.0,14.0,GREEN,1,0.55,0.55,0.1,0.09312,0.051216,5121572,False,49.4853,0,0.2,-,GREEN
2025-02-03,195930,유로스,5,18479.0,14.0,LIME,2,0.5,0.5,0.1,0.103466,0.051733,5173305,False,14.6971,0,0.2,-,GREEN
2025-02-03,449450,방산주,6,21671.0,12.75,-,2,0.35,0.35,0.08,0.074496,0.026073,2607346,False,46.2624,0,0.2,-,GREEN
2025-02-04,475050,K팝,1,9360.0,16.0,LIME,1,0.6,0.6,0.31,0.314973,0.188984,18898395,False,36.1845,0,0.2,-,-
2025-02-04,469070,ai로봇,2,9949.0,15.0,GREEN,1,0.6,0.6,0.25,0.227273,0.136364,13636363,False,49.8717,0,0.2,-,-
2025-02-04,411060,금현물,3,20210.0,15.75,LIME,1,0.6,0.6,0.16,0.171123,0.102674,10267379,False,20.8979,0,0.2,-,-
2025-02-04,478150,우주방,4,14558.0,15.0,GREEN,1,0.6,0.6,0.1,0.106952,0.064171,6417112,False,27.663,0,0.2,-,-
2025-02-04,195930,유로스,5,18654.0,15.0,LIME,1,0.6,0.6,0.1,0.106952,0.064171,6417112,False,14.7835,0,0.2,-,-
2025-02-04,449450,방산주,6,22694.0,14.5,LIME,1,0.55,0.55,0.08,0.072727,0.04,4000000,False,47.1425,0,0.2,-,-
2025-02-05,469070,ai로봇,1,10528.0,16.0,GREEN,1,0.6,0.6,0.31,0.284557,0.170734,17073434,False,50.9308,0,0.3,-,-
2025-02-05,475050,K팝,2,9435.0,16.0,LIME,1,0.6,0.6,0.25,0.256479,0.153888,15388768,False,35.5488,0,0.3,-,-
2025-02-05,411060,금현물,3,21300.0,16.0,LIME,1,0.6,0.6,0.16,0.172786,0.103672,10367170,False,23.364,0,0.3,-,-
2025-02-05,478150,우주방,4,14528.0,15.0,GREEN,1,0.6,0.6,0.1,0.107991,0.064795,6479481,False,27.5989,0,0.3,-,-
2025-02-05,449450,방산주,5,22679.0,14.5,LIME,1,0.55,0.55,0.1,0.091793,0.050486,5048596,False,47.1392,0,0.3,-,-
2025-02-05,195930,유로스,6,18853.0,14.75,LIME,1,0.55,0.55,0.08,0.086393,0.047516,4751619,False,14.7455,0,0.3,-,-
2025-02-06,469070,ai로봇,1,10449.0,16.0,GREEN,1,0.6,0.6,0.31,0.284557,0.170734,17073434,False,51.012,0,0.4,-,-
2025-02-06,475050,K팝,2,9410.0,16.0,LIME,1,0.6,0.6,0.25,0.256479,0.153888,15388768,False,35.4883,0,0.4,-,-
2025-02-06,411060,금현물,3,20880.0,16.0,LIME,1,0.6,0.6,0.16,0.172786,0.103672,10367170,False,23.574,0,0.4,-,-
2025-02-06,478150,우주방,4,14543.0,15.0,GREEN,1,0.6,0.6,0.1,0.107991,0.064795,6479481,False,27.5086,0,0.4,-,-
2025-02-06,449450,방산주,5,23751.0,14.5,LIME,1,0.55,0.55,0.1,0.091793,0.050486,5048596,False,47.7265,0,0.4,-,-
2025-02-06,195930,유로스,6,18963.0,14.75,LIME,1,0.55,0.55,0.08,0.086393,0.047516,4751619,False,14.7352,0,0.4,-,-
2025-02-07,469070,ai로봇,1,10643.0,16.0,GREEN,1,0.6,0.6,0.31,0.290198,0.174119,17411894,False,50.6648,0,0.3,-,-
2025-02-07,449450,방산주,2,24235.0,16.0,LIME,1,0.6,0.6,0.25,0.234031,0.140419,14041850,False,47.821,0,0.3,-,-
2025-02-07,475050,K팝,3,9390.0,16.0,LIME,1,0.6,0.6,0.16,0.167401,0.100441,10044052,False,35.4183,0,0.3,-,-
2025-02-07,478150,우주방,4,14453.0,15.75,GREEN,1,0.6,0.6,0.1,0.110132,0.066079,6607929,False,27.3551,0,0.3,-,-
2025-02-07,411060,금현물,5,20765.0,16.0,LIME,1,0.6,0.6,0.1,0.110132,0.066079,6607929,False,23.0101,0,0.3,-,-
2025-02-07,195930,유로스,6,19123.0,15.75,LIME,1,0.6,0.6,0.08,0.088106,0.052863,5286343,False,14.2789,0,0.3,-,-
2025-02-10,469070,ai로봇,1,10678.0,16.0,GREEN,1,0.6,0.6,0.31,0.284557,0.170734,17073434,False,50.6546,0,0.4,-,-
2025-02-10,475050,K팝,2,9570.0,16.0,LIME,1,0.6,0.6,0.25,0.256479,0.153888,15388768,False,34.1762,0,0.4,-,-
2025-02-10,411060,금현물,3,21810.0,16.0,LIME,1,0.6,0.6,0.16,0.172786,0.103672,10367170,False,24.2338,0,0.4,-,-
2025-02-10,449450,방산주,4,23636.0,16.0,LIME,1,0.6,0.6,0.1,0.091793,0.055076,5507559,False,48.1118,0,0.4,-,-
2025-02-10,195930,유로스,5,19088.0,15.75,LIME,1,0.6,0.6,0.1,0.107991,0.064795,6479481,False,13.9357,0,0.4,-,-
2025-02-10,478150,우주방,6,14319.0,14.0,GREEN,3,0.5,0.5,0.08,0.086393,0.043197,4319654,False,27.4682,0,0.4,-,-
2025-02-11,469070,ai로봇,1,10643.0,16.0,GREEN,1,0.6,0.6,0.31,0.283181,0.169909,16990865,False,50.6776,0,0.4,-,-
2025-02-11,411060,금현물,2,22795.0,16.0,LIME,1,0.6,0.6,0.25,0.268673,0.161204,16120365,False,25.6068,0,0.4,-,-
2025-02-11,475050,K팝,3,9925.0,16.0,LIME,1,0.6,0.6,0.16,0.163353,0.098012,9801182,False,34.3555,0,0.4,-,-
2025-02-11,449450,방산주,4,25252.0,16.0,LIME,1,0.6,0.6,0.1,0.091349,0.054809,5480924,False,49.8214,0,0.4,-,-
2025-02-11,195930,유로스,5,19268.0,16.0,LIME,1,0.6,0.6,0.1,0.107469,0.064481,6448146,False,13.9793,0,0.4,-,-
2025-02-11,478150,우주방,6,14737.0,14.0,GREEN,1,0.55,0.55,0.08,0.085975,0.047286,4728640,False,27.9614,0,0.4,-,-
2025-02-12,411060,금현물,1,22605.0,16.0,LIME,1,0.6,0.6,0.31,0.326832,0.196099,19609910,False,25.6413,0,0.4,-,-
2025-02-12,475050,K팝,2,9950.0,16.0,LIME,1,0.6,0.6,0.25,0.250395,0.150237,15023721,False,34.343,0,0.4,-,-
2025-02-12,449450,방산주,3,27665.0,16.0,LIME,1,0.6,0.6,0.16,0.143384,0.086031,8603057,False,52.5972,0,0.4,-,-
2025-02-12,195930,유로스,4,19367.0,16.0,LIME,1,0.6,0.6,0.1,0.10543,0.063258,6325777,False,13.919,0,0.4,-,-
2025-02-12,469070,ai로봇,5,10274.0,14.5,GREEN,2,0.5,0.5,0.1,0.089615,0.044808,4480759,False,51.352,0,0.4,-,-
2025-02-12,478150,우주방,6,14568.0,14.0,GREEN,1,0.55,0.55,0.08,0.084344,0.046389,4638903,False,27.7175,0,0.4,-,-
2025-02-13,411060,금현물,1,23100.0,16.0,LIME,1,0.7,0.6,0.31,0.326832,0.228782,22878228,False,24.5407,0,0.7,GREEN,-
2025-02-13,475050,K팝,2,9835.0,16.0,LIME,1,0.7,0.6,0.25,0.250395,0.175277,17527675,False,34.3407,0,0.7,GREEN,-
2025-02-13,449450,방산주,3,28224.0,16.0,LIME,1,0.7,0.6,0.16,0.143384,0.100369,10036900,False,52.0653,0,0.7,GREEN,-
2025-02-13,195930,유로스,4,19552.0,16.0,LIME,1,0.7,0.6,0.1,0.10543,0.073801,7380073,False,13.9978,0,0.7,GREEN,-
2025-02-13,469070,ai로봇,5,10319.0,12.75,LIME,2,0.7,0.35,0.1,0.089615,0.062731,6273062,False,51.1744,0,0.7,GREEN,-
2025-02-13,478150,우주방,6,14588.0,14.25,GREEN,1,0.7,0.55,0.08,0.084344,0.059041,5904059,False,26.4157,0,0.7,GREEN,-
2025-02-14,411060,금현물,1,23370.0,16.0,LIME,1,0.7,0.6,0.31,0.32376,0.226632,22663185,False,24.509,0,0.7,GREEN,GREEN
2025-02-14,449450,방산주,2,28563.0,16.0,LIME,1,0.7,0.6,0.25,0.221932,0.155352,15535248,False,52.041,0,0.7,GREEN,GREEN
2025-02-14,371160,항셈테,3,8593.0,16.0,LIME,1,0.7,0.6,0.16,0.167102,0.116971,11697127,False,30.546,0,0.7,GREEN,GREEN
2025-02-14,475050,K팝,4,9725.0,15.0,LIME,2,0.7,0.55,0.1,0.099217,0.069452,6945169,False,34.4774,0,0.7,GREEN,GREEN
2025-02-14,195930,유로스,5,19637.0,16.0,LIME,1,0.7,0.6,0.1,0.104439,0.073107,7310704,False,13.9743,0,0.7,GREEN,GREEN
2025-02-14,478150,우주방,6,14637.0,15.75,GREEN,1,0.7,0.6,0.08,0.083551,0.058486,5848563,False,26.4153,0,0.7,GREEN,GREEN
2025-02-17,449450,방산주,1,29206.0,16.0,LIME,1,0.7,0.6,0.31,0.283791,0.198654,19865374,False,51.7358,0,0.7,GREEN,GREEN
2025-02-17,139230,조선주,2,6823.0,16.0,LIME,1,0.7,0.6,0.25,0.242326,0.169628,16962843,False,38.2192,0,0.7,GREEN,GREEN
2025-02-17,371160,항셈테,3,8713.0,16.0,LIME,1,0.7,0.6,0.16,0.172321,0.120625,12062466,False,30.5381,0,0.7,GREEN,GREEN
2025-02-17,411060,금현물,4,22550.0,15.0,LIME,2,0.7,0.55,0.1,0.107701,0.07539,7539041,False,25.3832,0,0.7,GREEN,GREEN
2025-02-17,195930,유로스,5,19657.0,16.0,LIME,1,0.7,0.6,0.1,0.107701,0.07539,7539041,False,13.6325,0,0.7,GREEN,GREEN
2025-02-17,478150,우주방,6,14687.0,15.5,GREEN,1,0.7,0.6,0.08,0.08616,0.060312,6031233,False,25.726,0,0.7,GREEN,GREEN
2025-02-18,449450,방산주,1,31156.0,16.0,LIME,1,0.7,0.6,0.31,0.282271,0.19759,19758971,False,53.0901,0,0.7,GREEN,GREEN
2025-02-18,371160,항셈테,2,8876.0,16.0,LIME,1,0.7,0.6,0.25,0.267809,0.187467,18746652,False,29.7641,0,0.7,GREEN,GREEN
2025-02-18,139230,조선주,3,7091.0,16.0,LIME,1,0.7,0.6,0.16,0.154258,0.107981,10798071,False,38.4935,0,0.7,GREEN,GREEN
2025-02-18,195930,유로스,4,19787.0,16.0,LIME,1,0.7,0.6,0.1,0.107124,0.074987,7498660,False,13.661,0,0.7,GREEN,GREEN
2025-02-18,478150,우주방,5,14966.0,15.5,GREEN,1,0.7,0.6,0.1,0.107124,0.074987,7498660,False,25.8055,0,0.7,GREEN,GREEN
2025-02-18,411060,금현물,6,21600.0,13.0,-,3,0.7,0.45,0.08,0.081414,0.05699,5698982,False,26.5426,1,0.7,GREEN,GREEN
2025-02-19,449450,방산주,1,30632.0,16.0,LIME,1,0.7,0.6,0.33,0.301451,0.211016,21101558,False,52.7804,0,0.7,GREEN,GREEN
2025-02-19,371160,항셈테,2,8971.0,16.0,LIME,1,0.7,0.6,0.27,0.290167,0.203117,20311660,False,29.6186,0,0.7,GREEN,GREEN
2025-02-19,139230,조선주,3,7185.0,16.0,LIME,1,0.7,0.6,0.2,0.193444,0.135411,13541106,False,37.7848,0,0.7,GREEN,GREEN
2025-02-19,195930,유로스,4,19846.0,16.0,LIME,1,0.7,0.6,0.1,0.107469,0.075228,7522837,False,13.0226,0,0.7,GREEN,GREEN
2025-02-19,478150,우주방,5,15026.0,15.5,GREEN,1,0.7,0.6,0.1,0.107469,0.075228,7522837,False,25.7416,0,0.7,GREEN,GREEN
2025-02-20,449450,방산주,1,30388.0,16.0,LIME,1,0.7,0.6,0.31,0.281367,0.196957,19695675,False,52.2795,0,0.7,GREEN,GREEN
2025-02-20,371160,항셈테,2,8816.0,16.0,LIME,1,0.7,0.6,0.25,0.266951,0.186866,18686599,False,29.4465,0,0.7,GREEN,GREEN
2025-02-20,434730,원자력,3,22026.0,15.75,-,1,0.7,0.6,0.16,0.162306,0.113615,11361452,False,36.243,0,0.7,GREEN,GREEN
2025-02-20,139230,조선주,4,6828.0,14.5,-,2,0.7,0.5,0.1,0.101442,0.071009,7100907,False,34.9573,1,0.7,GREEN,GREEN
2025-02-20,195930,유로스,5,19637.0,15.0,-,2,0.7,0.55,0.1,0.106781,0.074746,7474639,False,13.2588,0,0.7,GREEN,GREEN
2025-02-20,478150,우주방,6,14632.0,14.25,-,3,0.7,0.5,0.08,0.081153,0.056807,5680726,False,26.2355,1,0.7,GREEN,GREEN
2025-02-21,371160,항셈테,1,9174.0,16.0,LIME,1,0.7,0.6,0.31,0.32376,0.226632,22663185,False,30.2969,0,0.7,GREEN,GREEN
2025-02-21,449450,방산주,2,30912.0,15.75,LIME,1,0.7,0.6,0.25,0.221932,0.155352,15535248,False,52.182,0,0.7,GREEN,GREEN
2025-02-21,147970,티모멘,3,32843.0,16.0,LIME,1,0.7,0.6,0.16,0.167102,0.116971,11697127,False,19.4164,0,0.7,GREEN,GREEN
2025-02-21,434730,원자력,4,21902.0,14.75,-,2,0.7,0.5,0.1,0.099217,0.069452,6945169,False,35.6488,0,0.7,GREEN,GREEN
2025-02-21,139230,조선주,5,6863.0,13.5,-,2,0.7,0.45,0.1,0.104439,0.073107,7310704,False,33.9649,0,0.7,GREEN,GREEN
2025-02-21,195930,유로스,6,19517.0,13.0,-,3,0.7,0.45,0.08,0.083551,0.058486,5848563,False,13.3658,0,0.7,GREEN,GREEN
2025-02-24,371160,항셈테,1,9129.0,16.0,LIME,1,0.6,0.6,0.31,0.320828,0.192497,19249676,False,30.3416,0,0.6,GREEN,GREEN
2025-02-24,475050,K팝,2,10190.0,15.25,-,1,0.6,0.6,0.25,0.258732,0.155239,15523932,False,34.9339,0,0.6,GREEN,GREEN
2025-02-24,449450,방산주,3,30184.0,14.5,LIME,2,0.6,0.5,0.16,0.14075,0.08445,8445019,False,52.2943,0,0.6,GREEN,GREEN
2025-02-24,147970,티모멘,4,32668.0,15.0,LIME,2,0.6,0.55,0.1,0.103493,0.062096,6209573,False,19.3402,0,0.6,GREEN,GREEN
2025-02-24,434730,원자력,5,21317.0,13.0,-,3,0.6,0.45,0.1,0.093402,0.056041,5604139,False,36.1339,1,0.6,GREEN,GREEN
2025-02-24,195930,유로스,6,19812.0,12.75,-,1,0.6,0.4,0.08,0.082794,0.049677,4967658,False,13.6091,0,0.6,GREEN,GREEN
2025-02-25,371160,항셈테,1,9074.0,16.0,LIME,1,0.6,0.6,0.35,0.363636,0.218182,21818181,False,30.3834,0,0.6,GREEN,GREEN
2025-02-25,475050,K팝,2,10415.0,16.0,-,1,0.6,0.6,0.3,0.311688,0.187013,18701298,False,34.0467,0,0.6,GREEN,GREEN
2025-02-25,449450,방산주,3,31081.0,13.75,LIME,1,0.6,0.5,0.25,0.220779,0.132468,13246753,False,52.4585,0,0.6,GREEN,GREEN
2025-02-25,147970,티모멘,4,32673.0,14.0,LIME,2,0.6,0.5,0.1,0.103896,0.062338,6233766,False,19.3396,0,0.6,GREEN,GREEN
2025-02-26,371160,항셈테,1,9436.0,16.0,LIME,1,0.6,0.6,0.35,0.363636,0.218182,21818181,False,31.1419,0,0.6,GREEN,GREEN
2025-02-26,475050,K팝,2,10370.0,16.0,-,1,0.6,0.6,0.3,0.311688,0.187013,18701298,False,34.0707,0,0.6,GREEN,GREEN
2025-02-26,449450,방산주,3,30213.0,12.0,-,2,0.6,0.35,0.25,0.220779,0.132468,13246753,False,52.9068,0,0.6,GREEN,GREEN
2025-02-26,147970,티모멘,4,32834.0,13.75,LIME,1,0.6,0.5,0.1,0.103896,0.062338,6233766,False,19.2499,0,0.6,GREEN,GREEN
2025-02-27,371160,항셈테,1,9461.0,16.0,LIME,1,0.6,0.6,0.35,0.35443,0.212658,21265822,False,31.1077,0,0.5,GREEN,GREEN
2025-02-27,475050,K팝,2,10644.0,16.0,LIME,1,0.6,0.6,0.3,0.303797,0.182278,18227848,False,34.2654,0,0.5,GREEN,GREEN
2025-02-27,117680,철강주,3,9582.0,12.5,LIME,1,0.5,0.4,0.25,0.240506,0.120253,12025316,False,40.8013,0,0.5,GREEN,GREEN
2025-02-27,147970,티모멘,4,32599.0,12.0,LIME,2,0.5,0.35,0.1,0.101266,0.050633,5063291,False,19.2882,0,0.5,GREEN,GREEN
2025-02-28,475050,K팝,1,10564.0,16.0,LIME,1,0.6,0.6,0.45,0.455696,0.273418,27341772,False,34.1959,0,0.3,-,GREEN
2025-02-28,371160,항셈테,2,8996.0,14.0,-,3,0.5,0.5,0.3,0.303797,0.151899,15189873,False,32.7381,0,0.3,-,GREEN
2025-02-28,117680,철강주,3,9332.0,11.5,LIME,2,0.3,0.3,0.25,0.240506,0.072152,7215189,False,41.176,0,0.3,-,GREEN
2025-03-04,475050,K팝,1,10594.0,16.0,LIME,1,0.6,0.6,0.45,0.45,0.27,27000000,False,34.1871,0,0.2,-,-
2025-03-04,371160,항셈테,2,8931.0,12.0,-,3,0.35,0.35,0.3,0.3,0.105,10500000,False,32.4554,0,0.2,-,-
2025-03-04,195930,유로스,3,19981.0,11.75,-,1,0.35,0.35,0.25,0.25,0.0875,8750000,False,14.9172,0,0.2,-,-
2025-03-05,475050,K팝,1,10380.0,14.25,-,2,0.5,0.5,0.45,0.463918,0.231959,23195876,False,34.4647,0,0.3,-,-
2025-03-05,449450,방산주,2,32178.0,11.0,-,1,0.35,0.35,0.3,0.278351,0.097423,9742268,False,53.2802,0,0.3,-,-
2025-03-05,117680,철강주,3,9539.0,11.0,LIME,1,0.35,0.35,0.25,0.257732,0.090206,9020618,False,41.3772,0,0.3,-,-
2025-03-06,449450,방산주,1,32712.0,13.25,-,1,0.5,0.5,0.45,0.424084,0.212042,21204188,False,53.268,0,0.4,-,-
2025-03-06,475050,K팝,2,10260.0,12.0,-,3,0.4,0.35,0.3,0.314136,0.125654,12565445,False,34.2694,0,0.4,-,-
2025-03-06,117680,철강주,3,9972.0,11.5,LIME,1,0.4,0.35,0.25,0.26178,0.104712,10471204,False,42.1218,0,0.4,-,-
2025-03-07,449450,방산주,1,33943.0,15.5,-,1,0.6,0.6,0.45,0.424084,0.25445,25445026,False,53.5654,0,0.3,-,-
2025-03-07,371160,항셈테,2,9629.0,12.75,-,1,0.4,0.4,0.3,0.314136,0.125654,12565445,False,33.9812,0,0.3,-,-
2025-03-07,117680,철강주,3,10492.0,13.0,LIME,1,0.5,0.5,0.25,0.26178,0.13089,13089005,False,42.6391,0,0.3,-,-
2025-03-10,449450,방산주,1,34238.0,16.0,-,1,0.6,0.6,0.45,0.424084,0.25445,25445026,False,52.9861,0,0.4,-,-
2025-03-10,371160,항셈테,2,9476.0,14.75,-,1,0.55,0.55,0.3,0.314136,0.172775,17277486,False,34.2441,0,0.4,-,-
2025-03-10,117680,철강주,3,10392.0,15.0,LIME,1,0.6,0.6,0.25,0.26178,0.157068,15706806,False,42.352,0,0.4,-,-
2025-03-11,449450,방산주,1,33679.0,16.0,-,1,0.6,0.6,0.45,0.424084,0.25445,25445026,False,53.2052,0,0.3,-,-
2025-03-11,371160,항셈테,2,9501.0,15.75,-,1,0.6,0.6,0.3,0.314136,0.188482,18848167,False,34.1986,0,0.3,-,-
2025-03-11,117680,철강주,3,10117.0,15.0,LIME,1,0.6,0.6,0.25,0.26178,0.157068,15706806,False,41.2191,0,0.3,-,-
2025-03-12,449450,방산주,1,32153.0,14.5,-,2,0.5,0.5,0.45,0.424084,0.212042,21204188,False,54.0081,0,0.4,-,-
2025-03-12,371160,항셈테,2,9411.0,14.5,-,2,0.5,0.5,0.3,0.314136,0.157068,15706806,False,34.328,0,0.4,-,-
2025-03-12,117680,철강주,3,10545.0,15.25,LIME,1,0.6,0.6,0.25,0.26178,0.157068,15706806,False,41.1924,0,0.4,-,-
2025-03-13,449450,방산주,1,33525.0,14.25,-,1,0.55,0.55,0.45,0.424084,0.233246,23324607,False,54.0842,0,0.3,-,-
2025-03-13,117680,철강주,2,10497.0,15.5,LIME,1,0.6,0.6,0.3,0.314136,0.188482,18848167,False,40.9929,0,0.3,-,-
2025-03-13,371160,항셈테,3,9154.0,11.25,-,3,0.3,0.3,0.25,0.26178,0.078534,7853403,False,34.9397,0,0.3,-,-
2025-03-14,449450,방산주,1,33574.0,13.5,-,1,0.5,0.5,0.45,0.424084,0.212042,21204188,False,52.5406,0,0.4,-,-
2025-03-14,117680,철강주,2,10252.0,14.25,-,2,0.5,0.5,0.3,0.314136,0.157068,15706806,False,39.9874,0,0.4,-,-
2025-03-14,228790,화장품,3,2906.0,13.25,LIME,1,0.5,0.5,0.25,0.26178,0.13089,13089005,False,32.0264,0,0.4,-,-
2025-03-17,449450,방산주,1,35699.0,13.5,-,1,0.5,0.5,0.35,0.313984,0.156992,15699208,False,53.0657,0,0.4,-,-
2025-03-17,228790,화장품,2,2901.0,14.0,LIME,1,0.55,0.55,0.3,0.316623,0.174142,17414248,False,31.9031,0,0.4,-,-
2025-03-17,147970,티모멘,3,33561.0,13.25,-,1,0.5,0.5,0.25,0.263852,0.131926,13192612,False,17.5108,0,0.4,-,-
2025-03-17,117680,철강주,4,10261.0,12.75,-,2,0.4,0.35,0.1,0.105541,0.042216,4221635,False,38.9607,0,0.4,-,-
2025-03-18,449450,방산주,1,35868.0,15.0,-,1,0.6,0.6,0.35,0.313984,0.18839,18839050,False,50.7178,0,0.4,-,-
2025-03-18,147970,티모멘,2,33693.0,15.5,-,1,0.6,0.6,0.3,0.316623,0.189974,18997361,False,15.8922,0,0.4,-,-
2025-03-18,228790,화장품,3,2886.0,12.75,LIME,2,0.4,0.35,0.25,0.263852,0.105541,10554089,False,30.6312,0,0.4,-,-
2025-03-18,117680,철강주,4,10247.0,11.5,LIME,2,0.4,0.3,0.1,0.105541,0.042216,4221635,False,34.9116,0,0.4,-,-
2025-03-19,449450,방산주,1,36177.0,15.25,-,1,0.7,0.6,0.35,0.318182,0.222727,22272727,False,50.3106,0,0.7,GREEN,-
2025-03-19,147970,티모멘,2,33809.0,15.5,-,1,0.7,0.6,0.3,0.320856,0.224599,22459893,False,15.5312,0,0.7,GREEN,-
2025-03-19,371160,항셈테,3,9738.0,12.5,-,1,0.7,0.4,0.25,0.254011,0.177807,17780748,False,34.9346,0,0.7,GREEN,-
2025-03-19,228790,화장품,4,2861.0,11.0,LIME,2,0.7,0.3,0.1,0.106952,0.074866,7486631,False,24.1618,0,0.7,GREEN,-
2025-03-20,449450,방산주,1,34467.0,15.0,-,2,0.7,0.55,0.35,0.31565,0.220955,22095490,False,51.5248,0,0.7,GREEN,GREEN
2025-03-20,478150,우주방,2,15095.0,15.25,LIME,1,0.7,0.6,0.3,0.318302,0.222812,22281167,False,27.1695,0,0.7,GREEN,GREEN
2025-03-20,147970,티모멘,3,33502.0,15.0,-,2,0.7,0.55,0.25,0.265252,0.185676,18567639,False,15.1472,0,0.7,GREEN,GREEN
2025-03-20,371160,항셈테,4,9461.0,11.75,-,3,0.7,0.3,0.1,0.100796,0.070557,7055702,False,35.3595,0,0.7,GREEN,GREEN
2025-03-21,478150,우주방,1,14827.0,15.0,LIME,2,0.7,0.55,0.35,0.333685,0.23358,23357982,False,27.441,1,0.7,GREEN,GREEN
2025-03-21,102970,증권주,2,7942.0,15.5,LIME,1,0.7,0.6,0.3,0.316915,0.221841,22184075,False,17.4491,0,0.7,GREEN,GREEN
2025-03-21,147970,티모멘,3,33282.0,14.0,-,2,0.7,0.5,0.25,0.264096,0.184867,18486729,False,15.2347,0,0.7,GREEN,GREEN
2025-03-21,449450,방산주,4,33036.0,12.0,-,3,0.7,0.35,0.1,0.085303,0.059712,5971213,False,52.428,1,0.7,GREEN,GREEN
2025-03-24,069500,코스피,1,35012.0,15.25,GREEN,1,0.7,0.6,0.33,0.341173,0.238821,23882140,False,17.3542,0,0.7,GREEN,GREEN
2025-03-24,091180,자동차,2,18895.0,15.0,GREEN,1,0.7,0.6,0.27,0.265185,0.185629,18562936,False,20.9343,0,0.7,GREEN,GREEN
2025-03-24,102970,증권주,3,7908.0,15.0,LIME,2,0.7,0.55,0.2,0.206772,0.14474,14474024,False,17.4282,0,0.7,GREEN,GREEN
2025-03-24,147970,티모멘,4,33483.0,12.25,-,2,0.7,0.35,0.1,0.103386,0.07237,7237012,False,15.2378,0,0.7,GREEN,GREEN
2025-03-24,478150,우주방,5,14841.0,13.25,LIME,2,0.7,0.45,0.1,0.083484,0.058439,5843887,False,27.3709,1,0.7,GREEN,GREEN
2025-03-25,091180,자동차,1,19190.0,15.5,GREEN,1,0.6,0.6,0.33,0.323696,0.194218,19421786,False,20.7635,0,0.6,GREEN,GREEN
2025-03-25,069500,코스피,2,34849.0,15.0,GREEN,2,0.6,0.55,0.27,0.278782,0.167269,16726897,False,17.3685,0,0.6,GREEN,GREEN
2025-03-25,325020,케모멘,3,13683.0,14.75,GREEN,1,0.6,0.55,0.2,0.206505,0.123903,12390294,False,13.3172,0,0.6,GREEN,GREEN
2025-03-25,102970,증권주,4,7913.0,14.0,LIME,2,0.6,0.5,0.1,0.103252,0.061951,6195147,False,17.3233,0,0.6,GREEN,GREEN
2025-03-25,478150,우주방,5,14986.0,11.5,LIME,2,0.6,0.3,0.1,0.087765,0.052659,5265875,False,27.3341,0,0.6,GREEN,GREEN
2025-03-26,091180,자동차,1,19287.0,15.75,GREEN,1,0.7,0.6,0.35,0.338422,0.236896,23689567,False,20.7707,0,0.7,GREEN,GREEN
2025-03-26,069500,코스피,2,35143.0,15.0,GREEN,1,0.7,0.6,0.3,0.305344,0.21374,21374045,False,17.2255,0,0.7,GREEN,GREEN
2025-03-26,325020,케모멘,3,13702.0,15.0,GREEN,1,0.7,0.6,0.25,0.254453,0.178117,17811704,False,13.2046,0,0.7,GREEN,GREEN
2025-03-26,102970,증권주,4,8004.0,14.0,LIME,1,0.7,0.55,0.1,0.101781,0.071247,7124681,False,17.1279,0,0.7,GREEN,GREEN
2025-03-27,091180,자동차,1,18809.0,15.0,GREEN,2,0.6,0.55,0.35,0.338422,0.203053,20305343,False,20.0076,0,0.6,GREEN,GREEN
2025-03-27,069500,코스피,2,34712.0,13.5,GREEN,2,0.6,0.45,0.3,0.305344,0.183206,18320610,False,17.255,0,0.6,GREEN,GREEN
2025-03-27,325020,케모멘,3,13601.0,13.75,GREEN,2,0.6,0.45,0.25,0.254453,0.152672,15267175,False,12.7162,0,0.6,GREEN,GREEN
2025-03-27,102970,증권주,4,7913.0,13.0,LIME,2,0.6,0.45,0.1,0.101781,0.061069,6106870,False,16.6426,0,0.6,GREEN,GREEN
2025-03-28,091180,자동차,1,18335.0,12.5,-,3,0.5,0.35,0.45,0.414871,0.207435,20743542,False,20.3993,2,0.5,GREEN,GREEN
2025-03-28,102970,증권주,2,7817.0,12.0,LIME,3,0.5,0.35,0.3,0.342515,0.171257,17125731,False,16.5685,0,0.5,GREEN,GREEN
2025-03-28,325020,케모멘,3,13388.0,12.0,-,3,0.5,0.35,0.25,0.242615,0.121307,12130726,False,12.503,2,0.5,GREEN,GREEN
2025-03-31,411060,금현물,1,21105.0,12.0,LIME,1,0.4,0.4,1.0,1.0,0.4,40000000,False,28.1272,0,0.3,-,GREEN
2025-04-01,411060,금현물,1,21075.0,14.5,LIME,1,0.55,0.55,1.0,1.0,0.55,55000000,False,28.0648,0,0.4,-,-
2025-04-02,411060,금현물,1,20825.0,15.0,LIME,1,0.6,0.6,1.0,1.0,0.6,60000000,False,28.2235,0,0.3,-,-
2025-04-03,411060,금현물,1,20905.0,14.0,LIME,2,0.0,0.0,1.0,1.0,0.0,0,False,28.1639,0,0.0,RED,-
2025-04-04,411060,금현물,1,20310.0,11.0,LIME,3,0.0,0.0,1.0,1.0,0.0,0,False,28.7571,2,0.0,RED,RED
2025-04-15,411060,금현물,1,20855.0,11.0,-,1,0.0,0.0,1.0,1.0,0.0,0,False,29.0313,0,0.0,RED,RED
2025-04-16,411060,금현물,1,21395.0,12.0,LIME,1,0.0,0.0,0.55,0.55,0.0,0,False,29.4011,0,0.0,RED,RED
2025-04-16,228790,화장품,2,2960.0,12.0,LIME,1,0.0,0.0,0.45,0.45,0.0,0,False,31.0398,0,0.0,RED,RED
2025-04-17,228790,화장품,1,3060.0,13.5,LIME,1,0.0,0.0,0.45,0.467532,0.0,0,False,31.6904,0,0.0,RED,RED
2025-04-17,411060,금현물,2,21440.0,12.5,LIME,1,0.0,0.0,0.3,0.311688,0.0,0,False,29.3673,0,0.0,RED,RED
2025-04-17,449450,방산주,3,35798.0,11.0,LIME,1,0.0,0.0,0.25,0.220779,0.0,0,False,59.1306,0,0.0,RED,RED
2025-04-18,411060,금현물,1,21450.0,14.0,LIME,1,0.22,0.22,0.45,0.467532,0.102857,10285714,False,29.321,0,0.2,-,RED
2025-04-18,228790,화장품,2,3045.0,14.25,LIME,1,0.22,0.22,0.3,0.311688,0.068571,6857142,False,31.636,0,0.2,-,RED
2025-04-18,449450,방산주,3,35903.0,12.5,LIME,1,0.2,0.2,0.25,0.220779,0.044156,4415584,False,59.0285,0,0.2,-,RED
2025-04-21,411060,금현물,1,21860.0,15.0,LIME,1,0.6,0.6,0.45,0.467532,0.280519,28051948,False,29.4795,0,0.3,-,-
2025-04-21,228790,화장품,2,3040.0,15.0,LIME,1,0.6,0.6,0.3,0.311688,0.187013,18701298,False,31.5822,0,0.3,-,-
2025-04-21,449450,방산주,3,35774.0,14.0,LIME,1,0.55,0.55,0.25,0.220779,0.121429,12142857,False,59.0831,0,0.3,-,-
2025-04-22,449450,방산주,1,36596.0,15.25,LIME,1,0.6,0.6,0.45,0.410188,0.246113,24611260,False,59.1174,0,0.2,-,-
2025-04-22,411060,금현물,2,22510.0,15.0,LIME,1,0.6,0.6,0.3,0.321716,0.193029,19302949,False,29.9312,0,0.2,-,-
2025-04-22,228790,화장품,3,3020.0,14.25,LIME,2,0.5,0.5,0.25,0.268097,0.134048,13404825,False,30.4953,0,0.2,-,-
2025-04-23,449450,방산주,1,36043.0,15.5,LIME,1,0.6,0.6,0.45,0.416894,0.250136,25013623,False,59.243,0,0.3,-,-
2025-04-23,411060,금현물,2,21390.0,13.5,LIME,2,0.45,0.45,0.3,0.310627,0.139782,13978201,False,31.7642,1,0.3,-,-
2025-04-23,228790,화장품,3,3000.0,13.5,LIME,2,0.45,0.45,0.25,0.27248,0.122616,12261580,False,30.5025,0,0.3,-,-
2025-04-24,449450,방산주,1,36222.0,15.75,LIME,1,0.6,0.6,0.35,0.319035,0.191421,19142091,False,59.1705,0,0.2,-,-
2025-04-24,139230,조선주,2,7150.0,13.0,LIME,1,0.5,0.5,0.3,0.30563,0.152815,15281501,False,44.027,0,0.2,-,-
2025-04-24,411060,금현물,3,21695.0,12.5,LIME,2,0.35,0.35,0.25,0.268097,0.093834,9383378,False,31.8347,0,0.2,-,-
2025-04-24,228790,화장품,4,3050.0,12.75,LIME,1,0.4,0.4,0.1,0.107239,0.042895,4289544,False,30.3892,0,0.2,-,-
2025-04-25,449450,방산주,1,37349.0,16.0,LIME,1,0.6,0.6,0.33,0.305389,0.183234,18323353,False,59.1643,0,0.3,-,-
2025-04-25,139230,조선주,2,7443.0,13.25,LIME,1,0.5,0.5,0.27,0.264562,0.132281,13228089,False,44.4423,0,0.3,-,-
2025-04-25,102970,증권주,3,8171.0,13.5,LIME,1,0.5,0.5,0.2,0.217746,0.108873,10887316,False,22.4334,0,0.3,-,-
2025-04-25,228790,화장품,4,3095.0,12.75,LIME,1,0.4,0.4,0.1,0.108873,0.043549,4354926,False,30.3897,0,0.3,-,-
2025-04-25,411060,금현물,5,21485.0,11.0,LIME,3,0.3,0.3,0.1,0.10343,0.031029,3102885,False,31.9307,1,0.3,-,-
2025-04-28,449450,방산주,1,37285.0,16.0,LIME,1,0.7,0.6,0.33,0.29984,0.209888,20988776,False,59.1398,0,0.7,GREEN,-
2025-04-28,117700,건설주,2,3265.0,14.75,LIME,1,0.7,0.55,0.27,0.288616,0.202031,20203099,False,26.2079,0,0.7,GREEN,-
2025-04-28,228790,화장품,3,3095.0,14.0,LIME,1,0.7,0.55,0.2,0.213789,0.149653,14965259,False,30.3549,0,0.7,GREEN,-
2025-04-28,102970,증권주,4,8215.0,14.0,LIME,1,0.7,0.55,0.1,0.106895,0.074826,7482629,False,22.426,0,0.7,GREEN,-
2025-04-28,139230,조선주,5,7548.0,13.5,LIME,1,0.7,0.5,0.1,0.090861,0.063602,6360235,False,44.4707,0,0.7,GREEN,-
2025-04-29,228790,화장품,1,3175.0,15.25,LIME,1,0.7,0.6,0.33,0.34555,0.241885,24188481,False,30.323,0,0.7,GREEN,GREEN
2025-04-29,117700,건설주,2,3275.0,15.5,LIME,1,0.7,0.6,0.27,0.282723,0.197906,19790575,False,26.1006,0,0.7,GREEN,GREEN
2025-04-29,139230,조선주,3,7548.0,14.25,LIME,1,0.7,0.55,0.2,0.17801,0.124607,12460732,False,43.9178,0,0.7,GREEN,GREEN
2025-04-29,449450,방산주,4,36100.0,14.0,LIME,3,0.7,0.5,0.1,0.089005,0.062304,6230366,False,59.4267,0,0.7,GREEN,GREEN
2025-04-29,102970,증권주,5,8460.0,14.0,LIME,1,0.7,0.55,0.1,0.104712,0.073298,7329842,False,23.0837,0,0.7,GREEN,GREEN
2025-04-30,228790,화장품,1,3130.0,16.0,LIME,1,0.7,0.6,0.33,0.34555,0.241885,24188481,False,30.4454,0,0.7,GREEN,GREEN
2025-04-30,117700,건설주,2,3290.0,16.0,LIME,1,0.7,0.6,0.27,0.282723,0.197906,19790575,False,25.6158,0,0.7,GREEN,GREEN
2025-04-30,139230,조선주,3,7498.0,15.0,LIME,1,0.7,0.6,0.2,0.17801,0.124607,12460732,False,43.4381,0,0.7,GREEN,GREEN
2025-04-30,102970,증권주,4,8820.0,14.5,LIME,1,0.7,0.55,0.1,0.104712,0.073298,7329842,False,24.4486,0,0.7,GREEN,GREEN
2025-04-30,449450,방산주,5,36160.0,12.25,LIME,3,0.7,0.35,0.1,0.089005,0.062304,6230366,False,58.6734,0,0.7,GREEN,GREEN
2025-05-02,228790,화장품,1,3175.0,16.0,LIME,1,0.7,0.6,0.33,0.34555,0.241885,24188481,False,30.5184,0,0.7,GREEN,GREEN
2025-05-02,117700,건설주,2,3260.0,16.0,LIME,1,0.7,0.6,0.27,0.282723,0.197906,19790575,False,25.4471,0,0.7,GREEN,GREEN
2025-05-02,139230,조선주,3,7548.0,15.5,LIME,1,0.7,0.6,0.2,0.17801,0.124607,12460732,False,43.1827,0,0.7,GREEN,GREEN
2025-05-02,102970,증권주,4,8870.0,15.0,LIME,1,0.7,0.6,0.1,0.104712,0.073298,7329842,False,24.3482,0,0.7,GREEN,GREEN
2025-05-02,449450,방산주,5,36705.0,11.0,LIME,2,0.7,0.3,0.1,0.089005,0.062304,6230366,False,58.5826,0,0.7,GREEN,GREEN
2025-05-07,139230,조선주,1,7677.0,16.0,LIME,1,0.7,0.6,0.33,0.29984,0.209888,20988776,False,43.0946,0,0.7,GREEN,GREEN
2025-05-07,228790,화장품,2,3165.0,16.0,LIME,1,0.7,0.6,0.27,0.288616,0.202031,20203099,False,29.6143,0,0.7,GREEN,GREEN
2025-05-07,117700,건설주,3,3330.0,16.0,LIME,1,0.7,0.6,0.2,0.213789,0.149653,14965259,False,25.5144,0,0.7,GREEN,GREEN
2025-05-07,102970,증권주,4,8970.0,15.5,LIME,1,0.7,0.6,0.1,0.106895,0.074826,7482629,False,24.1518,0,0.7,GREEN,GREEN
2025-05-07,449450,방산주,5,38515.0,11.0,LIME,1,0.7,0.35,0.1,0.090861,0.063602,6360235,False,58.8026,0,0.7,GREEN,GREEN
2025-05-08,228790,화장품,1,3405.0,16.0,LIME,1,0.7,0.6,0.33,0.344468,0.241127,24112734,False,32.5785,0,0.7,GREEN,GREEN
2025-05-08,139230,조선주,2,7787.0,16.0,LIME,1,0.7,0.6,0.27,0.253653,0.177557,17755741,False,42.8128,0,0.7,GREEN,GREEN
2025-05-08,102970,증권주,3,9015.0,16.0,LIME,1,0.7,0.6,0.2,0.208768,0.146138,14613778,False,24.0488,0,0.7,GREEN,GREEN
2025-05-08,117700,건설주,4,3345.0,16.0,LIME,1,0.7,0.6,0.1,0.104384,0.073069,7306889,False,25.4709,0,0.7,GREEN,GREEN
2025-05-08,449450,방산주,5,38845.0,13.0,LIME,1,0.7,0.5,0.1,0.088727,0.062109,6210855,False,58.3102,0,0.7,GREEN,GREEN
2025-05-09,228790,화장품,1,3440.0,16.0,LIME,1,0.7,0.6,0.31,0.322917,0.226042,22604166,False,32.5763,0,0.7,GREEN,GREEN
2025-05-09,139230,조선주,2,7812.0,16.0,LIME,1,0.7,0.6,0.25,0.234375,0.164062,16406250,False,42.6823,0,0.7,GREEN,GREEN
2025-05-09,475050,K팝,3,11300.0,16.0,LIME,1,0.7,0.6,0.16,0.166667,0.116667,11666666,False,34.9139,0,0.7,GREEN,GREEN
2025-05-09,102970,증권주,4,9020.0,16.0,LIME,1,0.7,0.6,0.1,0.104167,0.072917,7291666,False,23.9571,0,0.7,GREEN,GREEN
2025-05-09,449450,방산주,5,40120.0,14.75,LIME,1,0.7,0.55,0.1,0.088542,0.061979,6197916,False,58.4639,0,0.7,GREEN,GREEN
2025-05-09,117700,건설주,6,3270.0,14.5,LIME,2,0.7,0.5,0.08,0.083333,0.058333,5833333,False,25.8896,0,0.7,GREEN,GREEN
2025-05-12,228790,화장품,1,3375.0,16.0,LIME,1,0.7,0.6,0.31,0.321327,0.224929,22492873,False,32.6891,0,0.7,GREEN,GREEN
2025-05-12,102970,증권주,2,9360.0,16.0,LIME,1,0.7,0.6,0.25,0.259134,0.181394,18139414,False,24.9186,0,0.7,GREEN,GREEN
2025-05-12,139230,조선주,3,7618.0,15.0,LIME,2,0.7,0.55,0.16,0.149261,0.104483,10448302,False,43.0087,0,0.7,GREEN,GREEN
2025-05-12,449450,방산주,4,37040.0,14.5,-,3,0.7,0.5,0.1,0.0837,0.05859,5859030,False,60.458,1,0.7,GREEN,GREEN
2025-05-12,475050,K팝,5,10905.0,14.5,LIME,2,0.7,0.5,0.1,0.103654,0.072558,7255765,False,35.7189,0,0.7,GREEN,GREEN
2025-05-12,117700,건설주,6,3385.0,14.5,LIME,1,0.7,0.55,0.08,0.082923,0.058046,5804612,False,26.5244,0,0.7,GREEN,GREEN
2025-05-13,228790,화장품,1,3400.0,16.0,LIME,1,0.7,0.6,0.31,0.308668,0.216067,21606749,False,32.5183,0,0.7,GREEN,GREEN
2025-05-13,102970,증권주,2,9565.0,16.0,LIME,1,0.7,0.6,0.25,0.262027,0.183419,18341892,False,25.1809,0,0.7,GREEN,GREEN
2025-05-13,147970,티모멘,3,35289.0,16.0,LIME,1,0.7,0.6,0.16,0.167697,0.117388,11738811,False,21.5186,0,0.7,GREEN,GREEN
2025-05-13,117700,건설주,4,3360.0,14.5,LIME,1,0.7,0.55,0.1,0.104811,0.073368,7336757,False,26.5808,0,0.7,GREEN,GREEN
2025-05-13,139230,조선주,5,7717.0,14.0,LIME,2,0.7,0.5,0.1,0.089089,0.062362,6236243,False,42.9969,0,0.7,GREEN,GREEN
2025-05-13,449450,방산주,6,36885.0,13.0,-,3,0.7,0.45,0.08,0.067708,0.047395,4739545,False,60.4496,1,0.7,GREEN,GREEN
2025-05-14,228790,화장품,1,3480.0,16.0,LIME,1,0.7,0.6,0.31,0.307572,0.2153,21530026,False,32.6603,0,0.7,GREEN,GREEN
2025-05-14,102970,증권주,2,9525.0,16.0,LIME,1,0.7,0.6,0.25,0.261097,0.182768,18276762,False,25.114,0,0.7,GREEN,GREEN
2025-05-14,147970,티모멘,3,35688.0,16.0,LIME,1,0.7,0.6,0.16,0.167102,0.116971,11697127,False,21.3805,0,0.7,GREEN,GREEN
2025-05-14,139230,조선주,4,7907.0,14.0,LIME,1,0.7,0.55,0.1,0.088773,0.062141,6214099,False,42.9954,0,0.7,GREEN,GREEN
2025-05-14,117700,건설주,5,3390.0,14.5,LIME,1,0.7,0.55,0.1,0.104439,0.073107,7310704,False,26.6159,0,0.7,GREEN,GREEN
2025-05-14,449450,방산주,6,37665.0,11.25,-,2,0.7,0.3,0.08,0.071018,0.049713,4971279,False,60.1546,0,0.7,GREEN,GREEN
2025-05-15,228790,화장품,1,3430.0,16.0,LIME,1,0.7,0.6,0.33,0.323696,0.226587,22658750,False,32.8729,0,0.7,GREEN,GREEN
2025-05-15,102970,증권주,2,9540.0,16.0,LIME,1,0.7,0.6,0.27,0.278782,0.195147,19514713,False,25.1186,0,0.7,GREEN,GREEN
2025-05-15,147970,티모멘,3,35708.0,16.0,LIME,1,0.7,0.6,0.2,0.206505,0.144553,14455343,False,21.3635,0,0.7,GREEN,GREEN
2025-05-15,117700,건설주,4,3350.0,15.0,LIME,2,0.7,0.55,0.1,0.103252,0.072277,7227671,False,26.6888,0,0.7,GREEN,GREEN
2025-05-15,139230,조선주,5,7977.0,14.0,LIME,1,0.7,0.55,0.1,0.087765,0.061435,6143520,False,42.9213,0,0.7,GREEN,GREEN
2025-05-16,102970,증권주,1,9640.0,16.0,LIME,1,0.7,0.6,0.31,0.328912,0.230239,23023872,False,25.1479,0,0.7,GREEN,GREEN
2025-05-16,377990,신재생,2,10650.0,15.75,LIME,1,0.7,0.6,0.25,0.225464,0.157825,15782493,False,43.0734,0,0.7,GREEN,GREEN
2025-05-16,147970,티모멘,3,35858.0,16.0,LIME,1,0.7,0.6,0.16,0.169761,0.118833,11883289,False,21.3655,0,0.7,GREEN,GREEN
2025-05-16,139230,조선주,4,8067.0,15.0,LIME,1,0.7,0.6,0.1,0.090186,0.06313,6312997,False,41.7795,0,0.7,GREEN,GREEN
2025-05-16,228790,화장품,5,3420.0,14.5,LIME,2,0.7,0.5,0.1,0.100796,0.070557,7055702,False,32.865,0,0.7,GREEN,GREEN
2025-05-16,117700,건설주,6,3390.0,15.0,LIME,1,0.7,0.6,0.08,0.084881,0.059416,5941644,False,26.7439,0,0.7,GREEN,GREEN
2025-05-19,139230,조선주,1,7992.0,16.0,LIME,1,0.6,0.6,0.31,0.311146,0.186688,18668779,False,41.3036,0,0.6,GREEN,GREEN
2025-05-19,377990,신재생,2,10615.0,16.0,LIME,1,0.6,0.6,0.25,0.237718,0.142631,14263074,False,42.8837,0,0.6,GREEN,GREEN
2025-05-19,434730,원자력,3,23840.0,16.0,LIME,1,0.6,0.6,0.16,0.160592,0.096355,9635499,False,40.0948,0,0.6,GREEN,GREEN
2025-05-19,102970,증권주,4,9465.0,15.0,LIME,2,0.6,0.55,0.1,0.105652,0.063391,6339144,False,25.5161,0,0.6,GREEN,GREEN
2025-05-19,147970,티모멘,5,35269.0,15.0,LIME,2,0.6,0.55,0.1,0.10037,0.060222,6022187,False,21.6683,1,0.6,GREEN,GREEN
2025-05-19,117700,건설주,6,3375.0,14.5,LIME,1,0.6,0.55,0.08,0.084522,0.050713,5071315,False,26.2623,0,0.6,GREEN,GREEN
2025-05-20,139230,조선주,1,8117.0,16.0,LIME,1,0.6,0.6,0.31,0.309511,0.185707,18570677,False,41.2124,0,0.6,GREEN,GREEN
2025-05-20,377990,신재생,2,10845.0,16.0,LIME,1,0.6,0.6,0.25,0.236469,0.141881,14188124,False,43.0296,0,0.6,GREEN,GREEN
2025-05-20,434730,원자력,3,24980.0,16.0,LIME,1,0.6,0.6,0.16,0.159748,0.095849,9584866,False,41.1092,0,0.6,GREEN,GREEN
2025-05-20,102970,증권주,4,9580.0,15.0,LIME,1,0.6,0.6,0.1,0.105097,0.063058,6305832,False,25.4405,0,0.6,GREEN,GREEN
2025-05-20,117700,건설주,5,3415.0,14.5,LIME,1,0.6,0.55,0.1,0.105097,0.063058,6305832,False,26.311,0,0.6,GREEN,GREEN
2025-05-20,147970,티모멘,6,35424.0,14.0,LIME,2,0.6,0.5,0.08,0.084078,0.050447,5044666,False,21.5427,0,0.6,GREEN,GREEN
2025-05-21,139230,조선주,1,8376.0,16.0,LIME,1,0.7,0.6,0.31,0.308054,0.215638,21563807,False,41.6049,0,0.7,GREEN,GREEN
2025-05-21,434730,원자력,2,25485.0,16.0,LIME,1,0.7,0.6,0.25,0.248431,0.173902,17390167,False,41.2141,0,0.7,GREEN,GREEN
2025-05-21,377990,신재생,3,10980.0,16.0,LIME,1,0.7,0.6,0.16,0.150628,0.105439,10543933,False,43.0715,0,0.7,GREEN,GREEN
2025-05-21,102970,증권주,4,9910.0,15.0,LIME,1,0.7,0.6,0.1,0.104603,0.073222,7322175,False,26.0806,0,0.7,GREEN,GREEN
2025-05-21,117700,건설주,5,3480.0,15.5,LIME,1,0.7,0.6,0.1,0.104603,0.073222,7322175,False,26.5206,0,0.7,GREEN,GREEN
2025-05-21,147970,티모멘,6,35778.0,13.75,LIME,1,0.7,0.5,0.08,0.083682,0.058577,5857740,False,21.4899,0,0.7,GREEN,GREEN
2025-05-22,139230,조선주,1,8416.0,16.0,LIME,1,0.6,0.6,0.31,0.294149,0.176489,17648919,False,40.9696,0,0.2,-,GREEN
2025-05-22,434730,원자력,2,25325.0,16.0,LIME,1,0.6,0.6,0.25,0.250395,0.150237,15023721,False,38.7967,0,0.2,-,GREEN
2025-05-22,091170,은행주,3,9095.0,16.0,LIME,1,0.6,0.6,0.16,0.168687,0.101212,10121244,False,21.3093,0,0.2,-,GREEN
2025-05-22,102970,증권주,4,9835.0,15.0,LIME,1,0.6,0.6,0.1,0.10543,0.063258,6325777,False,26.1745,0,0.2,-,GREEN
2025-05-22,117700,건설주,5,3445.0,15.5,LIME,1,0.6,0.6,0.1,0.10543,0.063258,6325777,False,26.0617,0,0.2,-,GREEN
2025-05-22,377990,신재생,6,10545.0,15.0,LIME,2,0.55,0.55,0.08,0.075909,0.04175,4175013,False,42.5208,0,0.2,-,GREEN
2025-05-23,102970,증권주,1,9940.0,16.0,-,1,0.6,0.6,0.31,0.318275,0.190965,19096509,False,26.2035,0,0.3,-,-
2025-05-23,228790,화장품,2,3565.0,16.0,LIME,1,0.6,0.6,0.25,0.256674,0.154004,15400410,False,33.6581,0,0.3,-,-
2025-05-23,139230,조선주,3,8376.0,16.0,LIME,1,0.6,0.6,0.16,0.147844,0.088706,8870636,False,40.9456,0,0.3,-,-
2025-05-23,434730,원자력,4,26490.0,16.0,LIME,1,0.6,0.6,0.1,0.092402,0.055441,5544147,False,39.697,0,0.3,-,-
2025-05-23,117700,건설주,5,3630.0,16.0,LIME,1,0.6,0.6,0.1,0.102669,0.061602,6160164,False,28.0132,0,0.3,-,-
2025-05-23,091170,은행주,6,9189.0,16.0,LIME,1,0.6,0.6,0.08,0.082136,0.049281,4928131,False,21.3668,0,0.3,-,-
2025-05-26,228790,화장품,1,3550.0,16.0,LIME,1,0.6,0.6,0.31,0.321244,0.192746,19274611,False,33.7028,0,0.4,-,-
2025-05-26,139230,조선주,2,8631.0,16.0,LIME,1,0.6,0.6,0.25,0.233161,0.139896,13989637,False,39.8963,0,0.4,-,-
2025-05-26,102970,증권주,3,9970.0,16.0,-,1,0.6,0.6,0.16,0.165803,0.099482,9948186,False,26.192,0,0.4,-,-
2025-05-26,434730,원자력,4,27000.0,16.0,LIME,1,0.6,0.6,0.1,0.093264,0.055959,5595854,False,39.6041,0,0.4,-,-
2025-05-26,117700,건설주,5,3715.0,16.0,LIME,1,0.6,0.6,0.1,0.103627,0.062176,6217616,False,28.0445,0,0.4,-,-
2025-05-26,091170,은행주,6,9371.0,16.0,LIME,1,0.6,0.6,0.08,0.082902,0.049741,4974093,False,21.6562,0,0.4,-,-
2025-05-27,228790,화장품,1,3595.0,16.0,LIME,1,0.6,0.6,0.31,0.321244,0.192746,19274611,False,33.5645,0,0.4,-,-
2025-05-27,434730,원자력,2,27435.0,16.0,LIME,1,0.6,0.6,0.25,0.233161,0.139896,13989637,False,39.6382,0,0.4,-,-
2025-05-27,102970,증권주,3,9930.0,16.0,-,1,0.6,0.6,0.16,0.165803,0.099482,9948186,False,26.1621,0,0.4,-,-
2025-05-27,139230,조선주,4,8816.0,16.0,LIME,1,0.6,0.6,0.1,0.093264,0.055959,5595854,False,40.0474,0,0.4,-,-
2025-05-27,117700,건설주,5,3810.0,16.0,LIME,1,0.6,0.6,0.1,0.103627,0.062176,6217616,False,28.4045,0,0.4,-,-
2025-05-27,091170,은행주,6,9423.0,16.0,LIME,1,0.6,0.6,0.08,0.082902,0.049741,4974093,False,21.665,0,0.4,-,-
2025-05-28,228790,화장품,1,3585.0,16.0,-,1,0.6,0.6,0.31,0.317623,0.190574,19057377,False,33.4299,0,0.4,-,-
2025-05-28,102970,증권주,2,9965.0,16.0,-,1,0.6,0.6,0.25,0.256148,0.153689,15368852,False,26.1357,0,0.4,-,-
2025-05-28,139230,조선주,3,8566.0,16.0,-,1,0.6,0.6,0.16,0.147541,0.088525,8852459,False,40.2251,0,0.4,-,-
2025-05-28,117700,건설주,4,3780.0,16.0,LIME,1,0.6,0.6,0.1,0.102459,0.061475,6147540,False,28.4263,0,0.4,-,-
2025-05-28,091170,은행주,5,9414.0,16.0,LIME,1,0.6,0.6,0.1,0.102459,0.061475,6147540,False,21.6593,0,0.4,-,-
2025-05-28,434730,원자력,6,26460.0,15.0,LIME,2,0.55,0.55,0.08,0.07377,0.040574,4057377,False,39.9532,0,0.4,-,-
2025-05-29,102970,증권주,1,11080.0,16.0,LIME,1,0.7,0.6,0.31,0.321744,0.225221,22522055,False,33.8799,0,0.7,GREEN,-
2025-05-29,139230,조선주,2,8916.0,16.0,-,1,0.7,0.6,0.25,0.246497,0.172548,17254800,False,40.4093,0,0.7,GREEN,-
2025-05-29,449450,방산주,3,41405.0,15.75,LIME,1,0.7,0.6,0.16,0.141152,0.098806,9880643,False,55.4574,0,0.7,GREEN,-
2025-05-29,228790,화장품,4,3595.0,16.0,-,1,0.7,0.6,0.1,0.103788,0.072652,7265179,False,33.4178,0,0.7,GREEN,-
2025-05-29,117700,건설주,5,3970.0,16.0,LIME,1,0.7,0.6,0.1,0.103788,0.072652,7265179,False,29.865,0,0.7,GREEN,-
2025-05-29,091170,은행주,6,9618.0,16.0,LIME,1,0.7,0.6,0.08,0.083031,0.058121,5812143,False,21.9723,0,0.7,GREEN,-
2025-05-30,102970,증권주,1,10840.0,16.0,-,1,0.7,0.6,0.31,0.317786,0.22245,22245002,False,34.3222,0,0.7,GREEN,GREEN
2025-05-30,139230,조선주,2,8911.0,16.0,LIME,1,0.7,0.6,0.25,0.243465,0.170425,17042542,False,40.0832,0,0.7,GREEN,GREEN
2025-05-30,228790,화장품,3,3610.0,16.0,-,1,0.7,0.6,0.16,0.164018,0.114813,11481291,False,32.7362,0,0.7,GREEN,GREEN
2025-05-30,117700,건설주,4,3865.0,16.0,LIME,1,0.7,0.6,0.1,0.102512,0.071758,7175807,False,30.3593,0,0.7,GREEN,GREEN
2025-05-30,091170,은행주,5,9666.0,16.0,LIME,1,0.7,0.6,0.1,0.102512,0.071758,7175807,False,21.9216,0,0.7,GREEN,GREEN
2025-05-30,449450,방산주,6,40775.0,14.75,LIME,2,0.7,0.5,0.08,0.069708,0.048795,4879548,False,55.2069,0,0.7,GREEN,GREEN
2025-06-02,102970,증권주,1,10750.0,16.0,-,1,0.7,0.6,0.31,0.317298,0.222108,22210849,False,34.371,0,0.7,GREEN,GREEN
2025-06-02,228790,화장품,2,3769.0,16.0,LIME,1,0.7,0.6,0.25,0.255885,0.17912,17911975,False,33.5265,0,0.7,GREEN,GREEN
2025-06-02,139230,조선주,3,8950.0,16.0,LIME,1,0.7,0.6,0.16,0.155578,0.108905,10890481,False,39.8934,0,0.7,GREEN,GREEN
2025-06-02,117700,건설주,4,3895.0,16.0,LIME,1,0.7,0.6,0.1,0.102354,0.071648,7164790,False,30.3234,0,0.7,GREEN,GREEN
2025-06-02,449450,방산주,5,41565.0,14.75,LIME,1,0.7,0.55,0.1,0.087001,0.060901,6090071,False,55.2405,0,0.7,GREEN,GREEN
2025-06-02,091170,은행주,6,9469.0,15.0,LIME,2,0.7,0.55,0.08,0.081883,0.057318,5731832,False,22.3735,0,0.7,GREEN,GREEN
2025-06-04,102970,증권주,1,11575.0,16.0,-,1,0.7,0.6,0.31,0.317298,0.222108,22210849,False,36.8598,0,0.7,GREEN,GREEN
2025-06-04,228790,화장품,2,3814.0,16.0,LIME,1,0.7,0.6,0.25,0.255885,0.17912,17911975,False,33.3922,0,0.7,GREEN,GREEN
2025-06-04,139230,조선주,3,9175.0,16.0,LIME,1,0.7,0.6,0.16,0.155578,0.108905,10890481,False,39.233,0,0.7,GREEN,GREEN
2025-06-04,117700,건설주,4,4015.0,16.0,LIME,1,0.7,0.6,0.1,0.102354,0.071648,7164790,False,29.5017,0,0.7,GREEN,GREEN
2025-06-04,449450,방산주,5,42595.0,14.75,LIME,1,0.7,0.55,0.1,0.087001,0.060901,6090071,False,54.5242,0,0.7,GREEN,GREEN
2025-06-04,091170,은행주,6,9951.0,15.0,LIME,1,0.7,0.6,0.08,0.081883,0.057318,5731832,False,23.6425,0,0.7,GREEN,GREEN
2025-06-05,102970,증권주,1,11655.0,16.0,-,1,0.7,0.6,0.31,0.314721,0.220305,22030456,False,36.6072,0,0.7,GREEN,GREEN
2025-06-05,139230,조선주,2,9305.0,16.0,LIME,1,0.7,0.6,0.25,0.253807,0.177665,17766497,False,38.3097,0,0.7,GREEN,GREEN
2025-06-05,228790,화장품,3,3794.0,16.0,LIME,1,0.7,0.6,0.16,0.162437,0.113706,11370558,False,33.4441,0,0.7,GREEN,GREEN
2025-06-05,117700,건설주,4,4065.0,16.0,LIME,1,0.7,0.6,0.1,0.101523,0.071066,7106598,False,29.4462,0,0.7,GREEN,GREEN
2025-06-05,449450,방산주,5,43450.0,14.75,LIME,1,0.7,0.55,0.1,0.086294,0.060406,6040609,False,49.4881,0,0.7,GREEN,GREEN
2025-06-05,091170,은행주,6,9931.0,15.0,LIME,1,0.7,0.6,0.08,0.081218,0.056853,5685279,False,23.488,0,0.7,GREEN,GREEN
2025-06-09,102970,증권주,1,12050.0,16.0,-,1,0.7,0.6,0.31,0.314721,0.220305,22030456,False,36.8557,0,0.7,GREEN,GREEN
2025-06-09,228790,화장품,2,3859.0,16.0,LIME,1,0.7,0.6,0.25,0.253807,0.177665,17766497,False,33.4936,0,0.7,GREEN,GREEN
2025-06-09,139230,조선주,3,9365.0,16.0,LIME,1,0.7,0.6,0.16,0.162437,0.113706,11370558,False,37.7853,0,0.7,GREEN,GREEN
2025-06-09,117700,건설주,4,4070.0,16.0,LIME,1,0.7,0.6,0.1,0.101523,0.071066,7106598,False,28.4288,0,0.7,GREEN,GREEN
2025-06-09,449450,방산주,5,42530.0,16.0,LIME,1,0.7,0.6,0.1,0.086294,0.060406,6040609,False,49.7373,0,0.7,GREEN,GREEN
2025-06-09,091170,은행주,6,10352.0,15.0,LIME,1,0.7,0.6,0.08,0.081218,0.056853,5685279,False,24.3133,0,0.7,GREEN,GREEN
2025-06-10,102970,증권주,1,12030.0,16.0,-,1,0.85,0.6,0.31,0.3125,0.265625,26562500,False,36.6239,0,0.85,LIME,GREEN
2025-06-10,434730,원자력,2,29170.0,16.0,LIME,1,0.85,0.6,0.25,0.252016,0.214214,21421370,False,38.2607,0,0.85,LIME,GREEN
2025-06-10,139230,조선주,3,9689.0,16.0,LIME,1,0.85,0.6,0.16,0.16129,0.137097,13709677,False,38.1044,0,0.85,LIME,GREEN
2025-06-10,228790,화장품,4,3924.0,16.0,LIME,1,0.85,0.6,0.1,0.100806,0.085685,8568548,False,33.2955,0,0.85,LIME,GREEN
2025-06-10,117700,건설주,5,4245.0,16.0,LIME,1,0.85,0.6,0.1,0.100806,0.085685,8568548,False,29.452,0,0.85,LIME,GREEN
2025-06-10,449450,방산주,6,45445.0,16.0,LIME,1,0.85,0.6,0.08,0.072581,0.061694,6169354,False,51.2935,0,0.85,LIME,GREEN
2025-06-11,102970,증권주,1,12410.0,16.0,-,1,0.85,0.6,0.31,0.3125,0.265625,26562500,False,36.8449,0,0.85,LIME,LIME
2025-06-11,434730,원자력,2,29650.0,16.0,LIME,1,0.85,0.6,0.25,0.252016,0.214214,21421370,False,38.1737,0,0.85,LIME,LIME
2025-06-11,139230,조선주,3,9819.0,16.0,LIME,1,0.85,0.6,0.16,0.16129,0.137097,13709677,False,37.8671,0,0.85,LIME,LIME
2025-06-11,228790,화장품,4,4079.0,16.0,LIME,1,0.85,0.6,0.1,0.100806,0.085685,8568548,False,33.7847,0,0.85,LIME,LIME
2025-06-11,117700,건설주,5,4275.0,16.0,LIME,1,0.85,0.6,0.1,0.100806,0.085685,8568548,False,29.4487,0,0.85,LIME,LIME
2025-06-11,449450,방산주,6,45400.0,16.0,LIME,1,0.85,0.6,0.08,0.072581,0.061694,6169354,False,50.8978,0,0.85,LIME,LIME
2025-06-12,102970,증권주,1,12405.0,16.0,-,1,0.85,0.6,0.31,0.313131,0.266162,26616161,False,36.8704,0,0.85,LIME,LIME
2025-06-12,434730,원자력,2,31125.0,16.0,LIME,1,0.85,0.6,0.25,0.252525,0.214646,21464646,False,39.0875,0,0.85,LIME,LIME
2025-06-12,139230,조선주,3,10149.0,16.0,LIME,1,0.85,0.6,0.16,0.161616,0.137374,13737373,False,38.2101,0,0.85,LIME,LIME
2025-06-12,449450,방산주,4,47160.0,16.0,LIME,1,0.85,0.6,0.1,0.090909,0.077273,7727272,False,51.3367,0,0.85,LIME,LIME
2025-06-12,117700,건설주,5,4415.0,16.0,LIME,1,0.85,0.6,0.1,0.10101,0.085859,8585858,False,29.9289,0,0.85,LIME,LIME
2025-06-12,228790,화장품,6,3989.0,16.0,LIME,1,0.85,0.6,0.08,0.080808,0.068687,6868686,False,34.0203,0,0.85,LIME,LIME
2025-06-13,102970,증권주,1,12325.0,16.0,-,1,0.85,0.6,0.31,0.314402,0.267241,26724137,False,36.6953,0,0.85,LIME,LIME
2025-06-13,434730,원자력,2,30900.0,16.0,LIME,1,0.85,0.6,0.25,0.25355,0.215517,21551724,False,38.6105,0,0.85,LIME,LIME
2025-06-13,139230,조선주,3,10218.0,16.0,LIME,1,0.85,0.6,0.16,0.162272,0.137931,13793103,False,37.7669,0,0.85,LIME,LIME
2025-06-13,449450,방산주,4,49060.0,16.0,LIME,1,0.85,0.6,0.1,0.091278,0.077586,7758620,False,51.6014,0,0.85,LIME,LIME
2025-06-13,117700,건설주,5,4355.0,16.0,LIME,1,0.85,0.6,0.1,0.10142,0.086207,8620689,False,29.6581,0,0.85,LIME,LIME
2025-06-13,228790,화장품,6,3859.0,15.0,-,2,0.85,0.55,0.08,0.077079,0.065517,6551724,False,34.8883,1,0.85,LIME,LIME
2025-06-16,102970,증권주,1,12855.0,16.0,-,1,0.85,0.6,0.31,0.313131,0.266162,26616161,False,37.3374,0,0.85,LIME,LIME
2025-06-16,434730,원자력,2,33200.0,16.0,LIME,1,0.85,0.6,0.25,0.252525,0.214646,21464646,False,40.8587,0,0.85,LIME,LIME
2025-06-16,139230,조선주,3,10743.0,16.0,LIME,1,0.85,0.6,0.16,0.161616,0.137374,13737373,False,38.7824,0,0.85,LIME,LIME
2025-06-16,449450,방산주,4,51250.0,16.0,LIME,1,0.85,0.6,0.1,0.090909,0.077273,7727272,False,51.0629,0,0.85,LIME,LIME
2025-06-16,117700,건설주,5,4535.0,16.0,LIME,1,0.85,0.6,0.1,0.10101,0.085859,8585858,False,30.4991,0,0.85,LIME,LIME
2025-06-16,228790,화장품,6,3899.0,13.75,-,2,0.85,0.45,0.08,0.080808,0.068687,6868686,False,34.3618,0,0.85,LIME,LIME
2025-06-17,434730,원자력,1,33250.0,16.0,LIME,1,0.85,0.6,0.31,0.313131,0.266162,26616161,False,40.8356,0,0.85,LIME,LIME
2025-06-17,102970,증권주,2,12895.0,16.0,-,1,0.85,0.6,0.25,0.252525,0.214646,21464646,False,37.3462,0,0.85,LIME,LIME
2025-06-17,139230,조선주,3,10872.0,16.0,LIME,1,0.85,0.6,0.16,0.161616,0.137374,13737373,False,38.7638,0,0.85,LIME,LIME
2025-06-17,449450,방산주,4,51870.0,16.0,LIME,1,0.85,0.6,0.1,0.090909,0.077273,7727272,False,50.5815,0,0.85,LIME,LIME
2025-06-17,117700,건설주,5,4465.0,16.0,LIME,1,0.85,0.6,0.1,0.10101,0.085859,8585858,False,30.6747,0,0.85,LIME,LIME
2025-06-17,228790,화장품,6,3879.0,11.5,-,3,0.85,0.3,0.08,0.080808,0.068687,6868686,False,34.4223,0,0.85,LIME,LIME
2025-06-18,434730,원자력,1,33440.0,16.0,LIME,1,0.85,0.6,0.33,0.333333,0.283333,28333333,False,40.7947,0,0.85,LIME,LIME
2025-06-18,102970,증권주,2,13030.0,16.0,-,1,0.85,0.6,0.27,0.272727,0.231818,23181818,False,37.2395,0,0.85,LIME,LIME
2025-06-18,139230,조선주,3,10912.0,16.0,LIME,1,0.85,0.6,0.2,0.20202,0.171717,17171717,False,38.7297,0,0.85,LIME,LIME
2025-06-18,449450,방산주,4,51780.0,16.0,LIME,1,0.85,0.6,0.1,0.090909,0.077273,7727272,False,50.6009,0,0.85,LIME,LIME
2025-06-18,117700,건설주,5,4435.0,15.0,-,2,0.85,0.55,0.1,0.10101,0.085859,8585858,False,30.7443,0,0.85,LIME,LIME
2025-06-19,434730,원자력,1,34060.0,16.0,LIME,1,0.85,0.6,0.33,0.333333,0.283333,28333333,False,40.782,0,0.85,LIME,LIME
2025-06-19,102970,증권주,2,12895.0,16.0,-,1,0.85,0.6,0.27,0.272727,0.231818,23181818,False,37.3746,0,0.85,LIME,LIME
2025-06-19,139230,조선주,3,10962.0,16.0,LIME,1,0.85,0.6,0.2,0.20202,0.171717,17171717,False,38.6752,0,0.85,LIME,LIME
2025-06-19,449450,방산주,4,53100.0,16.0,LIME,1,0.85,0.6,0.1,0.090909,0.077273,7727272,False,49.4557,0,0.85,LIME,LIME
2025-06-19,117700,건설주,5,4470.0,14.75,-,1,0.85,0.55,0.1,0.10101,0.085859,8585858,False,30.7462,0,0.85,LIME,LIME
2025-06-20,434730,원자력,1,33655.0,16.0,LIME,1,0.85,0.6,0.33,0.333333,0.283333,28333333,False,40.9864,0,0.85,LIME,LIME
2025-06-20,102970,증권주,2,13010.0,16.0,-,1,0.85,0.6,0.27,0.272727,0.231818,23181818,False,37.3725,0,0.85,LIME,LIME
2025-06-20,139230,조선주,3,10897.0,16.0,LIME,1,0.85,0.6,0.2,0.20202,0.171717,17171717,False,38.7204,0,0.85,LIME,LIME
2025-06-20,449450,방산주,4,52880.0,16.0,LIME,1,0.85,0.6,0.1,0.090909,0.077273,7727272,False,49.5027,0,0.85,LIME,LIME
2025-06-20,117700,건설주,5,4370.0,13.5,-,2,0.85,0.45,0.1,0.10101,0.085859,8585858,False,31.1778,0,0.85,LIME,LIME
2025-06-23,434730,원자력,1,34225.0,16.0,LIME,1,0.85,0.6,0.33,0.333333,0.283333,28333333,False,40.9492,0,0.85,LIME,LIME
2025-06-23,102970,증권주,2,13515.0,16.0,-,1,0.85,0.6,0.27,0.272727,0.231818,23181818,False,37.8676,0,0.85,LIME,LIME
2025-06-23,139230,조선주,3,11232.0,16.0,LIME,1,0.85,0.6,0.2,0.20202,0.171717,17171717,False,38.9128,0,0.85,LIME,LIME
2025-06-23,449450,방산주,4,53145.0,16.0,LIME,1,0.85,0.6,0.1,0.090909,0.077273,7727272,False,49.5021,0,0.85,LIME,LIME
2025-06-23,117700,건설주,5,4350.0,11.25,-,3,0.85,0.3,0.1,0.10101,0.085859,8585858,False,30.9927,0,0.85,LIME,LIME
2025-06-24,434730,원자력,1,36065.0,16.0,LIME,1,0.85,0.6,0.33,0.333249,0.283262,28326180,False,41.6339,0,0.85,LIME,LIME
2025-06-24,102970,증권주,2,14475.0,16.0,LIME,1,0.85,0.6,0.27,0.272658,0.23176,23175965,False,39.7868,0,0.85,LIME,LIME
2025-06-24,139230,조선주,3,11422.0,16.0,LIME,1,0.85,0.6,0.2,0.201969,0.171674,17167381,False,38.2188,0,0.85,LIME,LIME
2025-06-24,449450,방산주,4,50415.0,14.0,LIME,3,0.85,0.5,0.1,0.091139,0.077468,7746781,False,49.69,1,0.85,LIME,LIME
2025-06-24,117700,건설주,5,4445.0,11.5,-,1,0.85,0.35,0.1,0.100985,0.085837,8583690,False,31.0304,0,0.85,LIME,LIME
2025-06-25,434730,원자력,1,36940.0,16.0,LIME,1,0.85,0.6,0.31,0.316085,0.268672,26867193,False,41.6783,0,0.85,LIME,LIME
2025-06-25,102970,증권주,2,14645.0,16.0,LIME,1,0.85,0.6,0.25,0.254907,0.216671,21667091,False,39.7679,0,0.85,LIME,LIME
2025-06-25,377990,신재생,3,13130.0,15.75,LIME,1,0.85,0.6,0.16,0.16314,0.138669,13866938,False,43.2767,0,0.85,LIME,LIME
2025-06-25,139230,조선주,4,11017.0,15.0,-,2,0.85,0.55,0.1,0.101963,0.086668,8666836,False,39.2158,0,0.85,LIME,LIME
2025-06-25,449450,방산주,5,48410.0,12.0,-,3,0.85,0.35,0.1,0.082335,0.069985,6998470,False,49.6224,2,0.85,LIME,LIME
2025-06-25,117700,건설주,6,4585.0,11.75,-,1,0.85,0.35,0.08,0.08157,0.069335,6933469,False,31.4404,0,0.85,LIME,LIME
2025-06-26,434730,원자력,1,36725.0,16.0,LIME,1,0.85,0.6,0.33,0.33,0.2805,28050000,False,41.731,0,0.85,LIME,LIME
2025-06-26,102970,증권주,2,14115.0,16.0,LIME,1,0.85,0.6,0.27,0.27,0.2295,22950000,False,40.7359,0,0.85,LIME,LIME
2025-06-26,377990,신재생,3,12995.0,16.0,-,1,0.85,0.6,0.2,0.2,0.17,17000000,False,43.3717,0,0.85,LIME,LIME
2025-06-26,139230,조선주,4,10922.0,13.5,-,2,0.85,0.45,0.1,0.1,0.085,8500000,False,39.3299,0,0.85,LIME,LIME
2025-06-26,117700,건설주,5,4510.0,13.0,-,1,0.85,0.5,0.1,0.1,0.085,8500000,False,31.6069,0,0.85,LIME,LIME
2025-06-27,434730,원자력,1,36545.0,16.0,LIME,1,0.6,0.6,0.31,0.31,0.186,18600000,False,41.8399,0,0.3,-,LIME
2025-06-27,102970,증권주,2,13865.0,15.0,-,2,0.55,0.55,0.25,0.25,0.1375,13750000,False,41.0631,0,0.3,-,LIME
2025-06-27,495050,밸류업,3,12073.0,16.0,GREEN,1,0.6,0.6,0.16,0.16,0.096,9600000,False,25.5684,0,0.3,-,LIME
2025-06-27,377990,신재생,4,13005.0,14.75,-,2,0.5,0.5,0.1,0.1,0.05,5000000,False,43.2976,0,0.3,-,LIME
2025-06-27,117700,건설주,5,4435.0,13.75,-,3,0.45,0.45,0.1,0.1,0.045,4500000,False,31.9374,0,0.3,-,LIME
2025-06-27,139230,조선주,6,10967.0,11.75,-,3,0.3,0.3,0.08,0.08,0.024,2400000,False,38.781,0,0.3,-,LIME
2025-06-30,434730,원자력,1,37490.0,16.0,LIME,1,0.6,0.6,0.31,0.31,0.186,18600000,False,41.7978,0,0.4,-,-
2025-06-30,495050,밸류업,2,12108.0,16.0,GREEN,1,0.6,0.6,0.25,0.25,0.15,15000000,False,25.4993,0,0.4,-,-
2025-06-30,377990,신재생,3,13165.0,14.5,-,1,0.55,0.55,0.16,0.16,0.088,8800000,False,43.2917,0,0.4,-,-
2025-06-30,102970,증권주,4,13885.0,13.75,-,2,0.45,0.45,0.1,0.1,0.045,4500000,False,41.0901,0,0.4,-,-
2025-06-30,117700,건설주,5,4380.0,11.75,-,3,0.4,0.3,0.1,0.1,0.04,4000000,False,32.1514,0,0.4,-,-
2025-06-30,139230,조선주,6,11172.0,11.0,-,1,0.4,0.35,0.08,0.08,0.032,3200000,False,38.7686,0,0.4,-,-
2025-07-01,434730,원자력,1,36380.0,15.0,-,2,0.55,0.55,0.31,0.292147,0.160681,16068062,False,41.4942,0,0.4,-,-
2025-07-01,325020,케모멘,2,15975.0,15.75,-,1,0.6,0.6,0.25,0.26178,0.157068,15706806,False,21.7767,0,0.4,-,-
2025-07-01,147970,티모멘,3,44623.0,14.75,-,1,0.55,0.55,0.16,0.167539,0.092147,9214659,False,22.8067,0,0.4,-,-
2025-07-01,377990,신재생,4,13210.0,13.75,-,1,0.5,0.5,0.1,0.094241,0.04712,4712041,False,42.4701,0,0.4,-,-
2025-07-01,495050,밸류업,5,12108.0,14.75,GREEN,2,0.5,0.5,0.1,0.104712,0.052356,5235602,False,25.2454,0,0.4,-,-
2025-07-01,102970,증권주,6,14005.0,12.0,-,2,0.4,0.35,0.08,0.079581,0.031832,3183246,False,40.8792,0,0.4,-,-
2025-07-02,325020,케모멘,1,16030.0,15.75,-,1,0.6,0.6,0.33,0.349391,0.209635,20963472,False,21.4567,0,0.3,-,-
2025-07-02,377990,신재생,2,13260.0,13.75,-,1,0.5,0.5,0.27,0.242986,0.121493,12149285,False,42.0613,0,0.3,-,-
2025-07-02,147970,티모멘,3,43999.0,14.25,-,1,0.55,0.55,0.2,0.211752,0.116464,11646373,False,22.8794,0,0.3,-,-
2025-07-02,434730,원자력,4,35590.0,13.0,-,3,0.45,0.45,0.1,0.089995,0.040498,4049761,False,41.5971,0,0.3,-,-
2025-07-02,495050,밸류업,5,12073.0,13.0,-,2,0.45,0.45,0.1,0.105876,0.047644,4764425,False,24.715,0,0.3,-,-
2025-07-03,377990,신재생,1,13235.0,15.0,-,1,0.85,0.6,0.33,0.301451,0.256233,25623320,False,40.7845,0,0.85,LIME,-
2025-07-03,325020,케모멘,2,16322.0,15.75,LIME,1,0.85,0.6,0.27,0.290167,0.246642,24664159,False,21.1703,0,0.85,LIME,-
2025-07-03,117680,철강주,3,11907.0,15.0,LIME,1,0.85,0.6,0.2,0.193444,0.164428,16442772,False,31.2859,0,0.85,LIME,-
2025-07-03,147970,티모멘,4,43889.0,14.25,-,2,0.85,0.5,0.1,0.107469,0.091349,9134873,False,22.6454,0,0.85,LIME,-
2025-07-03,495050,밸류업,5,12206.0,13.0,-,1,0.85,0.5,0.1,0.107469,0.091349,9134873,False,23.8953,0,0.85,LIME,-
2025-07-04,117680,철강주,1,11693.0,16.0,-,1,0.6,0.6,0.31,0.308539,0.185123,18512310,False,31.5621,0,0.2,-,LIME
2025-07-04,325020,케모멘,2,16073.0,16.0,LIME,1,0.6,0.6,0.25,0.261917,0.15715,15715034,False,21.4172,0,0.2,-,LIME
2025-07-04,091170,은행주,3,11138.0,14.5,LIME,1,0.55,0.55,0.16,0.167627,0.092195,9219486,False,26.6538,0,0.2,-,LIME
2025-07-04,377990,신재생,4,12885.0,13.25,-,3,0.45,0.45,0.1,0.089052,0.040073,4007333,False,41.2237,0,0.2,-,LIME
2025-07-04,147970,티모멘,5,42308.0,11.25,-,3,0.3,0.3,0.1,0.089052,0.026716,2671555,False,23.82,2,0.2,-,LIME
2025-07-04,495050,밸류업,6,11910.0,11.0,-,3,0.3,0.3,0.08,0.083814,0.025144,2514405,False,24.2125,0,0.2,-,LIME
2025-07-07,117680,철강주,1,11922.0,16.0,LIME,1,0.6,0.6,0.45,0.43734,0.262404,26240409,False,31.3343,0,0.3,-,-
2025-07-07,091170,은행주,2,11312.0,15.25,LIME,1,0.6,0.6,0.3,0.306905,0.184143,18414322,False,26.6619,0,0.3,-,-
2025-07-07,325020,케모멘,3,16087.0,15.0,-,2,0.55,0.55,0.25,0.255754,0.140665,14066496,False,21.3685,0,0.3,-,-
2025-07-08,091170,은행주,1,12135.0,16.0,LIME,1,0.6,0.6,0.35,0.358974,0.215385,21538461,False,29.4473,0,0.4,-,-
2025-07-08,117680,철강주,2,11887.0,16.0,LIME,1,0.6,0.6,0.3,0.307692,0.184615,18461538,False,31.2386,0,0.4,-,-
2025-07-08,449190,나스닥,3,17571.0,15.0,LIME,1,0.6,0.6,0.25,0.230769,0.138462,13846153,False,41.3681,0,0.4,-,-
2025-07-08,325020,케모멘,4,16576.0,15.0,-,1,0.6,0.6,0.1,0.102564,0.061538,6153846,False,21.761,0,0.4,-,-
2025-07-09,091170,은행주,1,12035.0,16.0,LIME,1,0.6,0.6,0.35,0.353535,0.212121,21212121,False,29.5169,0,0.4,-,-
2025-07-09,117680,철강주,2,11932.0,16.0,LIME,1,0.6,0.6,0.3,0.30303,0.181818,18181818,False,31.203,0,0.4,-,-
2025-07-09,325020,케모멘,3,16638.0,15.0,LIME,1,0.6,0.6,0.25,0.252525,0.151515,15151515,False,21.6305,0,0.4,-,-
2025-07-09,449190,나스닥,4,17511.0,14.25,LIME,2,0.5,0.5,0.1,0.090909,0.045455,4545454,False,41.078,0,0.4,-,-
2025-07-10,091170,은행주,1,12086.0,16.0,LIME,1,0.6,0.6,0.35,0.353535,0.212121,21212121,False,27.1633,0,0.4,-,-
2025-07-10,117680,철강주,2,12017.0,16.0,-,1,0.6,0.6,0.3,0.30303,0.181818,18181818,False,27.3427,0,0.4,-,-
2025-07-10,325020,케모멘,3,16673.0,15.0,LIME,1,0.6,0.6,0.25,0.252525,0.151515,15151515,False,19.1657,0,0.4,-,-
2025-07-10,449190,나스닥,4,17611.0,14.5,LIME,1,0.55,0.55,0.1,0.090909,0.05,5000000,False,34.3506,0,0.4,-,-
2025-07-11,091170,은행주,1,12170.0,16.0,LIME,1,0.6,0.6,0.33,0.338462,0.203077,20307692,False,26.6413,0,0.4,-,-
2025-07-11,117680,철강주,2,12262.0,16.0,-,1,0.6,0.6,0.27,0.276923,0.166154,16615384,False,27.4138,0,0.4,-,-
2025-07-11,446770,톱반도,3,31068.0,16.0,LIME,1,0.6,0.6,0.2,0.184615,0.110769,11076923,False,37.5708,0,0.4,-,-
2025-07-11,325020,케모멘,4,16839.0,16.0,LIME,1,0.6,0.6,0.1,0.102564,0.061538,6153846,False,19.1243,0,0.4,-,-
2025-07-11,449190,나스닥,5,17591.0,14.25,LIME,1,0.55,0.55,0.1,0.097436,0.05359,5358974,False,32.0843,0,0.4,-,-
2025-07-14,091170,은행주,1,12456.0,16.0,LIME,1,0.6,0.6,0.31,0.326832,0.196099,19609910,False,26.4962,0,0.4,-,-
2025-07-14,102970,증권주,2,15385.0,15.5,-,1,0.6,0.6,0.25,0.224038,0.134423,13442277,False,41.4229,0,0.4,-,-
2025-07-14,117680,철강주,3,12242.0,16.0,-,1,0.6,0.6,0.16,0.168687,0.101212,10121244,False,27.0727,0,0.4,-,-
2025-07-14,446770,톱반도,4,31039.0,16.0,LIME,1,0.6,0.6,0.1,0.094887,0.056932,5693199,False,36.4759,0,0.4,-,-
2025-07-14,325020,케모멘,5,17224.0,16.0,LIME,1,0.6,0.6,0.1,0.10543,0.063258,6325777,False,18.8419,0,0.4,-,-
2025-07-14,449190,나스닥,6,17491.0,11.25,-,3,0.4,0.3,0.08,0.080127,0.032051,3205060,False,30.653,1,0.4,-,-
2025-07-15,102970,증권주,1,15360.0,16.0,-,1,0.6,0.6,0.31,0.278689,0.167213,16721311,False,40.9846,0,0.4,-,-
2025-07-15,091170,은행주,2,12436.0,16.0,LIME,1,0.6,0.6,0.25,0.26441,0.158646,15864621,False,25.3356,0,0.4,-,-
2025-07-15,228790,화장품,3,4334.0,16.0,-,1,0.6,0.6,0.16,0.160762,0.096457,9645690,False,32.6516,0,0.4,-,-
2025-07-15,117680,철강주,4,12550.0,16.0,-,1,0.6,0.6,0.1,0.105764,0.063458,6345848,False,25.1246,0,0.4,-,-
2025-07-15,446770,톱반도,5,31546.0,16.0,LIME,1,0.6,0.6,0.1,0.105764,0.063458,6345848,False,27.3915,0,0.4,-,-
2025-07-15,325020,케모멘,6,17176.0,16.0,LIME,1,0.6,0.6,0.08,0.084611,0.050767,5076679,False,16.4915,0,0.4,-,-
2025-07-16,117680,철강주,1,12565.0,16.0,-,1,0.6,0.6,0.31,0.317949,0.190769,19076923,False,25.0095,0,0.3,-,-
2025-07-16,446770,톱반도,2,31814.0,16.0,LIME,1,0.6,0.6,0.25,0.25641,0.153846,15384615,False,27.1038,0,0.3,-,-
2025-07-16,069500,코스피,3,42975.0,16.0,-,1,0.6,0.6,0.16,0.164103,0.098462,9846153,False,16.0289,0,0.3,-,-
2025-07-16,102970,증권주,4,14560.0,14.5,-,2,0.5,0.5,0.1,0.087179,0.04359,4358974,False,42.8636,0,0.3,-,-
2025-07-16,228790,화장품,5,4214.0,14.5,-,2,0.5,0.5,0.1,0.092308,0.046154,4615384,False,33.1329,0,0.3,-,-
2025-07-16,325020,케모멘,6,16805.0,15.0,-,2,0.55,0.55,0.08,0.082051,0.045128,4512820,False,16.9055,0,0.3,-,-
2025-07-17,117680,철강주,1,12605.0,16.0,-,1,0.6,0.6,0.31,0.317949,0.190769,19076923,False,25.017,0,0.4,-,-
2025-07-17,446770,톱반도,2,31367.0,16.0,LIME,1,0.6,0.6,0.25,0.25641,0.153846,15384615,False,27.3849,0,0.4,-,-
2025-07-17,069500,코스피,3,43059.0,16.0,-,1,0.6,0.6,0.16,0.164103,0.098462,9846153,False,16.0342,0,0.4,-,-
2025-07-17,228790,화장품,4,4264.0,14.5,-,1,0.55,0.55,0.1,0.092308,0.050769,5076923,False,33.1418,0,0.4,-,-
2025-07-17,102970,증권주,5,14600.0,12.75,-,2,0.4,0.35,0.1,0.087179,0.034872,3487179,False,42.8803,0,0.4,-,-
2025-07-17,325020,케모멘,6,16917.0,13.75,-,2,0.45,0.45,0.08,0.082051,0.036923,3692307,False,16.9086,0,0.4,-,-
2025-07-18,446770,톱반도,1,31661.0,16.0,LIME,1,0.6,0.6,0.31,0.319752,0.191851,19185146,False,27.147,0,0.3,-,-
2025-07-18,117680,철강주,2,12560.0,16.0,-,1,0.6,0.6,0.25,0.257865,0.154719,15471892,False,25.0255,0,0.3,-,-
2025-07-18,487230,전력인,3,16123.0,15.25,LIME,1,0.6,0.6,0.16,0.14853,0.089118,8911810,False,32.698,0,0.3,-,-
2025-07-18,069500,코스피,4,43014.0,14.75,-,2,0.5,0.5,0.1,0.103146,0.051573,5157297,False,16.0369,0,0.3,-,-
2025-07-18,228790,화장품,5,4129.0,12.25,-,3,0.35,0.35,0.1,0.08819,0.030866,3086642,False,33.9782,1,0.3,-,-
2025-07-18,325020,케모멘,6,16815.0,12.0,-,2,0.35,0.35,0.08,0.082517,0.028881,2888086,False,16.8249,0,0.3,-,-
2025-07-21,117680,철강주,1,12850.0,16.0,-,1,0.6,0.6,0.33,0.348101,0.208861,20886075,False,24.7228,0,0.4,-,-
2025-07-21,487230,전력인,2,16381.0,15.5,LIME,1,0.6,0.6,0.27,0.256329,0.153797,15379746,False,32.103,0,0.4,-,-
2025-07-21,377990,신재생,3,14090.0,14.75,-,1,0.55,0.55,0.2,0.189873,0.10443,10443037,False,32.5672,0,0.4,-,-
2025-07-21,446770,톱반도,4,31058.0,14.25,-,3,0.5,0.5,0.1,0.100211,0.050105,5010548,False,25.6258,1,0.4,-,-
2025-07-21,069500,코스피,5,43362.0,14.5,-,1,0.55,0.55,0.1,0.105485,0.058017,5801687,False,15.5286,0,0.4,-,-
2025-07-22,117680,철강주,1,12785.0,16.0,-,1,0.6,0.6,0.31,0.326316,0.195789,19578947,False,24.8283,0,0.3,-,-
2025-07-22,487230,전력인,2,16018.0,15.75,LIME,1,0.6,0.6,0.25,0.236842,0.142105,14210526,False,32.5616,0,0.3,-,-
2025-07-22,449190,나스닥,3,17875.0,16.0,LIME,1,0.6,0.6,0.16,0.168421,0.101053,10105263,False,17.0021,0,0.3,-,-
2025-07-22,377990,신재생,4,13665.0,13.75,-,2,0.45,0.45,0.1,0.094737,0.042632,4263157,False,32.2416,0,0.3,-,-
2025-07-22,446770,톱반도,5,30696.0,12.0,-,3,0.35,0.35,0.1,0.089474,0.031316,3131578,False,25.8563,2,0.3,-,-
2025-07-22,069500,코스피,6,42767.0,12.25,-,3,0.35,0.35,0.08,0.084211,0.029474,2947368,False,15.9265,0,0.3,-,-
2025-07-23,117680,철강주,1,13054.0,16.0,-,1,0.6,0.6,0.35,0.359897,0.215938,21593830,False,24.9589,0,0.4,-,-
2025-07-23,487230,전력인,2,16048.0,15.0,LIME,2,0.55,0.55,0.3,0.293059,0.161183,16118251,False,32.4788,0,0.4,-,-
2025-07-23,377990,신재생,3,13900.0,14.75,-,1,0.55,0.55,0.25,0.244216,0.134319,13431876,False,32.2747,0,0.4,-,-
2025-07-23,449190,나스닥,4,17825.0,15.0,LIME,2,0.55,0.55,0.1,0.102828,0.056555,5655526,False,16.9503,0,0.4,-,-
2025-07-24,117680,철강주,1,12949.0,16.0,-,1,0.6,0.6,0.33,0.33622,0.201732,20173204,False,25.0531,0,0.3,-,-
2025-07-24,377990,신재생,2,14110.0,15.0,LIME,1,0.6,0.6,0.27,0.261335,0.156801,15680081,False,32.2944,0,0.3,-,-
2025-07-24,117460,에너지,3,12050.0,16.0,LIME,1,0.6,0.6,0.2,0.20377,0.122262,12226184,False,26.2711,0,0.3,-,-
2025-07-24,487230,전력인,4,16496.0,15.0,LIME,1,0.6,0.6,0.1,0.096791,0.058074,5807437,False,32.3745,0,0.3,-,-
2025-07-24,449190,나스닥,5,17920.0,15.0,-,1,0.6,0.6,0.1,0.101885,0.061131,6113092,False,16.5996,0,0.3,-,-
2025-07-25,117680,철강주,1,13034.0,16.0,LIME,1,0.6,0.6,0.33,0.33622,0.201732,20173204,False,25.0529,0,0.4,-,-
2025-07-25,377990,신재생,2,14280.0,15.0,LIME,1,0.6,0.6,0.27,0.261335,0.156801,15680081,False,31.9725,0,0.4,-,-
2025-07-25,117460,에너지,3,12140.0,16.0,LIME,1,0.6,0.6,0.2,0.20377,0.122262,12226184,False,26.2458,0,0.4,-,-
2025-07-25,487230,전력인,4,16721.0,15.0,LIME,1,0.6,0.6,0.1,0.096791,0.058074,5807437,False,31.751,0,0.4,-,-
2025-07-25,449190,나스닥,5,17940.0,15.0,-,1,0.6,0.6,0.1,0.101885,0.061131,6113092,False,16.334,0,0.4,-,-
2025-07-28,377990,신재생,1,14590.0,16.0,LIME,1,0.6,0.6,0.33,0.323196,0.193918,19391752,False,31.9142,0,0.4,-,-
2025-07-28,487230,전력인,2,17261.0,15.0,LIME,1,0.6,0.6,0.27,0.264433,0.15866,15865979,False,30.381,0,0.4,-,-
2025-07-28,117460,에너지,3,12135.0,16.0,LIME,1,0.6,0.6,0.2,0.206186,0.123711,12371134,False,25.7786,0,0.4,-,-
2025-07-28,117680,철강주,4,12934.0,14.75,-,2,0.5,0.5,0.1,0.103093,0.051546,5154639,False,24.9639,0,0.4,-,-
2025-07-28,449190,나스닥,5,18073.0,15.0,LIME,1,0.6,0.6,0.1,0.103093,0.061856,6185567,False,14.6377,0,0.4,-,-
2025-07-29,377990,신재생,1,14735.0,16.0,LIME,1,0.6,0.6,0.31,0.306611,0.183967,18396668,False,31.8062,0,0.4,-,-
2025-07-29,487230,전력인,2,17476.0,16.0,LIME,1,0.6,0.6,0.25,0.260281,0.156169,15616866,False,30.3924,0,0.4,-,-
2025-07-29,449450,방산주,3,54550.0,15.5,LIME,1,0.6,0.6,0.16,0.141593,0.084956,8495575,False,42.3753,0,0.4,-,-
2025-07-29,449190,나스닥,4,18064.0,16.0,LIME,1,0.6,0.6,0.1,0.104112,0.062467,6246746,False,14.6492,0,0.4,-,-
2025-07-29,117460,에너지,5,12025.0,15.0,LIME,2,0.55,0.55,0.1,0.104112,0.057262,5726184,False,25.8992,0,0.4,-,-
2025-07-29,117680,철강주,6,12969.0,13.5,-,2,0.45,0.45,0.08,0.08329,0.03748,3748047,False,24.9645,0,0.4,-,-
2025-07-30,487230,전력인,1,17171.0,16.0,LIME,1,0.6,0.6,0.31,0.317949,0.190769,19076923,False,29.0242,0,0.4,-,-
2025-07-30,449450,방산주,2,53695.0,15.75,LIME,1,0.6,0.6,0.25,0.230769,0.138462,13846153,False,42.3206,0,0.4,-,-
2025-07-30,139230,조선주,3,11417.0,15.5,LIME,1,0.6,0.6,0.16,0.164103,0.098462,9846153,False,32.0938,0,0.4,-,-
2025-07-30,377990,신재생,4,14315.0,15.0,-,2,0.55,0.55,0.1,0.102564,0.05641,5641025,False,32.3499,0,0.4,-,-
2025-07-30,449190,나스닥,5,18029.0,16.0,LIME,1,0.6,0.6,0.1,0.102564,0.061538,6153846,False,13.17,0,0.4,-,-
2025-07-30,117460,에너지,6,11980.0,13.75,-,2,0.45,0.45,0.08,0.082051,0.036923,3692307,False,25.7559,0,0.4,-,-
2025-07-31,487230,전력인,1,17596.0,16.0,LIME,1,0.6,0.6,0.31,0.319258,0.191555,19155509,False,29.1701,0,0.3,-,-
2025-07-31,449450,방산주,2,55840.0,16.0,LIME,1,0.6,0.6,0.25,0.23172,0.139032,13903192,False,42.824,0,0.3,-,-
2025-07-31,139230,조선주,3,11761.0,15.75,LIME,1,0.6,0.6,0.16,0.164779,0.098867,9886714,False,32.3963,0,0.3,-,-
2025-07-31,377990,신재생,4,14365.0,14.0,-,2,0.5,0.5,0.1,0.102987,0.051493,5149330,False,32.3279,0,0.3,-,-
2025-07-31,449190,나스닥,5,18254.0,16.0,LIME,1,0.6,0.6,0.1,0.102987,0.061792,6179196,False,13.3035,0,0.3,-,-
2025-07-31,117460,에너지,6,11750.0,11.5,-,3,0.3,0.3,0.08,0.07827,0.023481,2348094,False,26.0251,1,0.3,-,-
2025-08-01,139230,조선주,1,11531.0,16.0,LIME,1,0.6,0.6,0.33,0.34375,0.20625,20625000,False,32.8081,0,0.2,-,-
2025-08-01,487230,전력인,2,17551.0,16.0,LIME,1,0.6,0.6,0.27,0.28125,0.16875,16875000,False,29.2362,0,0.2,-,-
2025-08-01,449450,방산주,3,54360.0,16.0,LIME,1,0.6,0.6,0.2,0.1875,0.1125,11250000,False,42.6434,0,0.2,-,-
2025-08-01,377990,신재생,4,13820.0,11.75,-,3,0.3,0.3,0.1,0.098958,0.029687,2968749,False,33.184,1,0.2,-,-
2025-08-01,449190,나스닥,5,17840.0,13.0,-,3,0.45,0.45,0.1,0.088542,0.039844,3984375,False,14.2634,2,0.2,-,-
2025-08-04,139230,조선주,1,11531.0,15.0,LIME,2,0.55,0.55,0.45,0.463918,0.255155,25515463,False,32.7233,0,0.3,-,-
2025-08-04,449450,방산주,2,54420.0,15.0,LIME,2,0.55,0.55,0.3,0.278351,0.153093,15309278,False,42.6463,0,0.3,-,-
2025-08-04,487230,전력인,3,17251.0,14.5,-,2,0.5,0.5,0.25,0.257732,0.128866,12886597,False,29.3305,0,0.3,-,-
2025-08-05,139230,조선주,1,11811.0,15.0,LIME,1,0.6,0.6,0.45,0.463918,0.278351,27835051,False,32.9038,0,0.4,-,-
2025-08-05,449450,방산주,2,55250.0,14.75,LIME,1,0.55,0.55,0.3,0.278351,0.153093,15309278,False,42.6478,0,0.4,-,-
2025-08-05,487230,전력인,3,17660.0,14.5,-,1,0.55,0.55,0.25,0.257732,0.141753,14175257,False,27.8026,0,0.4,-,-
2025-08-06,139230,조선주,1,11776.0,15.0,LIME,1,0.6,0.6,0.45,0.461538,0.276923,27692307,False,32.9068,0,0.3,-,-
2025-08-06,487230,전력인,2,17411.0,13.5,-,2,0.45,0.45,0.3,0.307692,0.138462,13846153,False,27.4311,0,0.3,-,-
2025-08-06,449450,방산주,3,54400.0,13.5,-,2,0.45,0.45,0.25,0.230769,0.103846,10384615,False,41.9886,0,0.3,-,-
2025-08-07,139230,조선주,1,11746.0,14.5,LIME,1,0.55,0.55,0.35,0.351759,0.193467,19346733,False,32.9276,0,0.4,-,-
2025-08-07,434730,원자력,2,38680.0,14.25,LIME,1,0.55,0.55,0.3,0.301508,0.165829,16582914,False,38.3747,0,0.4,-,-
2025-08-07,487230,전력인,3,17391.0,12.0,-,2,0.4,0.35,0.25,0.251256,0.100503,10050251,False,27.4616,0,0.4,-,-
2025-08-07,449450,방산주,4,54090.0,11.25,-,3,0.4,0.3,0.1,0.095477,0.038191,3819095,False,42.0478,0,0.4,-,-
2025-08-08,434730,원자력,1,37730.0,15.0,LIME,2,0.55,0.55,0.35,0.326425,0.179534,17953367,False,38.7265,0,0.3,-,-
2025-08-08,139230,조선주,2,11676.0,14.25,-,2,0.5,0.5,0.3,0.310881,0.15544,15544041,False,33.0187,0,0.3,-,-
2025-08-08,478150,우주방,3,18098.0,15.0,-,1,0.6,0.6,0.25,0.259067,0.15544,15544041,False,17.9868,0,0.3,-,-
2025-08-08,487230,전력인,4,17281.0,11.25,-,3,0.3,0.3,0.1,0.103627,0.031088,3108808,False,27.5284,0,0.3,-,-
2025-08-11,434730,원자력,1,38000.0,13.75,LIME,2,0.45,0.45,0.45,0.43734,0.196803,19680306,False,38.5475,0,0.4,-,-
2025-08-11,139230,조선주,2,11661.0,13.0,-,2,0.45,0.45,0.3,0.306905,0.138107,13810741,False,32.438,0,0.4,-,-
2025-08-11,478150,우주방,3,18013.0,13.0,-,2,0.45,0.45,0.25,0.255754,0.11509,11508951,False,17.9174,0,0.4,-,-
2025-08-12,241180,니케이,1,23954.0,14.25,LIME,1,0.1,0.0,0.45,0.45,0.045,4500000,False,15.5586,0,0.1,PURPLE,-
2025-08-12,305720,이차전,2,12740.0,12.0,GREEN,1,0.1,0.0,0.3,0.3,0.03,3000000,False,38.0852,0,0.1,PURPLE,-
2025-08-12,475050,K팝,3,13310.0,13.0,LIME,1,0.1,0.0,0.25,0.25,0.025,2500000,False,36.1063,0,0.1,PURPLE,-
2025-08-13,241180,니케이,1,24261.0,16.0,LIME,1,0.1,0.0,0.35,0.367454,0.036745,3674540,False,15.7152,0,0.1,PURPLE,PURPLE
2025-08-13,449190,나스닥,2,18379.0,14.75,-,1,0.1,0.0,0.3,0.314961,0.031496,3149606,False,13.7788,0,0.1,PURPLE,PURPLE
2025-08-13,305720,이차전,3,12865.0,12.25,GREEN,1,0.1,0.0,0.25,0.223097,0.02231,2230971,False,38.0904,0,0.1,PURPLE,PURPLE
2025-08-13,475050,K팝,4,12870.0,13.0,LIME,2,0.1,0.0,0.1,0.094488,0.009449,944881,False,36.2585,0,0.1,PURPLE,PURPLE
2025-08-14,305720,이차전,1,13065.0,14.0,GREEN,1,0.1,0.0,0.35,0.319035,0.031903,3190348,False,37.9745,0,0.1,PURPLE,PURPLE
2025-08-14,241180,니케이,2,24147.0,16.0,LIME,1,0.1,0.0,0.3,0.321716,0.032172,3217158,False,15.333,0,0.1,PURPLE,PURPLE
2025-08-14,449190,나스닥,3,18344.0,15.5,-,1,0.1,0.0,0.25,0.268097,0.02681,2680965,False,13.7977,0,0.1,PURPLE,PURPLE
2025-08-14,475050,K팝,4,13175.0,13.25,LIME,1,0.1,0.0,0.1,0.091153,0.009115,911528,False,36.5071,0,0.1,PURPLE,PURPLE
2025-08-18,241180,니케이,1,24527.0,16.0,LIME,1,0.1,0.0,0.33,0.342679,0.034268,3426791,False,15.5697,0,0.1,PURPLE,PURPLE
2025-08-18,305720,이차전,2,12680.0,12.75,GREEN,2,0.1,0.0,0.27,0.252336,0.025234,2523364,False,37.8573,0,0.1,PURPLE,PURPLE
2025-08-18,091160,반도체,3,37240.0,13.75,LIME,2,0.1,0.0,0.2,0.207684,0.020768,2076843,False,27.8719,0,0.1,PURPLE,PURPLE
2025-08-18,449190,나스닥,4,18269.0,14.75,-,2,0.1,0.0,0.1,0.103842,0.010384,1038421,False,13.8456,0,0.1,PURPLE,PURPLE
2025-08-18,475050,K팝,5,13070.0,12.5,LIME,2,0.1,0.0,0.1,0.093458,0.009346,934579,False,36.5452,0,0.1,PURPLE,PURPLE
2025-08-19,241180,니케이,1,24522.0,16.0,LIME,1,0.1,0.0,0.31,0.326488,0.032649,3264876,False,15.536,0,0.1,PURPLE,PURPLE
2025-08-19,449180,에센피,2,14644.0,15.5,-,1,0.1,0.0,0.25,0.263296,0.02633,2632964,False,10.9815,0,0.1,PURPLE,PURPLE
2025-08-19,305720,이차전,3,12690.0,11.0,GREEN,2,0.1,0.0,0.16,0.143233,0.014323,1432332,False,37.8582,0,0.1,PURPLE,PURPLE
2025-08-19,449190,나스닥,4,18234.0,13.75,-,2,0.1,0.0,0.1,0.105319,0.010532,1053185,False,13.7699,0,0.1,PURPLE,PURPLE
2025-08-19,091160,반도체,5,36885.0,11.75,LIME,3,0.1,0.0,0.1,0.090047,0.009005,900473,False,27.208,1,0.1,PURPLE,PURPLE
2025-08-19,475050,K팝,6,13175.0,11.75,LIME,1,0.1,0.0,0.08,0.071617,0.007162,716166,False,36.3387,0,0.1,PURPLE,PURPLE
2025-08-20,241180,니케이,1,24330.0,15.0,LIME,2,0.1,0.0,0.35,0.375335,0.037534,3753351,False,15.6614,0,0.1,PURPLE,PURPLE
2025-08-20,449180,에센피,2,14535.0,13.75,-,3,0.1,0.0,0.3,0.30563,0.030563,3056300,False,11.0491,1,0.1,PURPLE,PURPLE
2025-08-20,475050,K팝,3,13435.0,12.0,LIME,1,0.1,0.0,0.25,0.227882,0.022788,2278820,False,36.1731,0,0.1,PURPLE,PURPLE
2025-08-20,449190,나스닥,4,17930.0,11.0,-,4,0.1,0.0,0.1,0.091153,0.009115,911528,False,14.2015,2,0.1,PURPLE,PURPLE
2025-08-21,241180,니케이,1,24172.0,13.25,LIME,2,0.1,0.0,0.35,0.365535,0.036554,3655352,False,15.7471,0,0.1,PURPLE,PURPLE
2025-08-21,195930,유로스,2,19881.0,13.75,LIME,1,0.1,0.0,0.3,0.313316,0.031332,3133159,False,14.7314,0,0.1,PURPLE,PURPLE
2025-08-21,475050,K팝,3,13540.0,12.5,LIME,1,0.1,0.0,0.25,0.221932,0.022193,2219321,False,36.1611,0,0.1,PURPLE,PURPLE
2025-08-21,449180,에센피,4,14550.0,12.0,-,3,0.1,0.0,0.1,0.099217,0.009922,992167,False,10.9668,1,0.1,PURPLE,PURPLE
2025-08-22,195930,유로스,1,19792.0,14.5,LIME,1,0.1,0.0,0.45,0.471204,0.04712,4712041,False,14.7237,0,0.1,PURPLE,PURPLE
2025-08-22,475050,K팝,2,13120.0,11.5,LIME,3,0.1,0.0,0.3,0.267016,0.026702,2670157,False,36.762,0,0.1,PURPLE,PURPLE
2025-08-22,241180,니케이,3,23870.0,11.0,LIME,3,0.1,0.0,0.25,0.26178,0.026178,2617801,False,15.9288,0,0.1,PURPLE,PURPLE
2025-08-25,195930,유로스,1,19891.0,15.0,LIME,1,0.85,0.24,0.55,0.589812,0.50134,50134048,False,14.7425,0,0.85,LIME,PURPLE
2025-08-25,475050,K팝,2,13240.0,11.0,LIME,3,0.85,0.2,0.45,0.410188,0.34866,34865951,False,36.3661,0,0.85,LIME,PURPLE
2025-08-26,195930,유로스,1,19667.0,12.0,LIME,3,0.35,0.35,1.0,1.0,0.35,35000000,False,14.9095,0,0.2,-,LIME
2025-08-27,371160,항셈테,1,8806.0,13.0,LIME,1,0.5,0.5,1.0,1.0,0.5,50000000,False,21.9314,0,0.2,-,-
2025-08-28,449180,에센피,1,14719.0,14.0,LIME,1,0.55,0.55,0.45,0.472751,0.260013,26001313,False,11.1064,0,0.3,-,-
2025-08-28,411060,금현물,2,21355.0,14.0,LIME,1,0.55,0.55,0.3,0.315167,0.173342,17334208,False,13.3142,0,0.3,-,-
2025-08-28,371160,항셈테,3,8636.0,11.75,-,3,0.3,0.3,0.25,0.212081,0.063624,6362442,False,22.345,1,0.3,-,-
2025-08-29,411060,금현물,1,21495.0,15.0,LIME,1,0.6,0.6,0.35,0.365535,0.219321,21932114,False,13.2726,0,0.2,-,-
2025-08-29,449180,에센피,2,14768.0,14.5,LIME,1,0.55,0.55,0.3,0.313316,0.172324,17232375,False,10.9533,0,0.2,-,-
2025-08-29,139230,조선주,3,11776.0,11.5,-,1,0.35,0.35,0.25,0.221932,0.077676,7767624,False,33.6932,0,0.2,-,-
2025-08-29,371160,항셈테,4,8746.0,11.0,-,2,0.3,0.3,0.1,0.099217,0.029765,2976501,False,22.0404,0,0.2,-,-
2025-09-01,139230,조선주,1,11731.0,13.0,-,1,0.1,0.0,0.35,0.324251,0.032425,3242506,False,33.7199,0,0.1,PURPLE,-
2025-09-01,091180,자동차,2,20063.0,13.0,LIME,1,0.1,0.0,0.3,0.294278,0.029428,2942779,False,26.479,0,0.1,PURPLE,-
2025-09-01,411060,금현물,3,22045.0,15.0,LIME,1,0.1,0.0,0.25,0.27248,0.027248,2724795,False,14.1056,0,0.1,PURPLE,-
2025-09-01,449180,에센피,4,14654.0,13.0,-,2,0.1,0.0,0.1,0.108992,0.010899,1089918,False,10.6329,0,0.1,PURPLE,-
2025-09-02,139230,조선주,1,11871.0,13.25,LIME,1,0.2,0.2,0.35,0.324251,0.06485,6485013,False,33.7518,0,0.2,-,PURPLE
2025-09-02,091180,자동차,2,20058.0,14.0,LIME,1,0.22,0.22,0.3,0.294278,0.064741,6474114,False,26.3395,0,0.2,-,PURPLE
2025-09-02,411060,금현물,3,22065.0,15.0,LIME,1,0.24,0.24,0.25,0.27248,0.065395,6539509,False,14.0259,0,0.2,-,PURPLE
2025-09-02,449180,에센피,4,14669.0,12.5,-,2,0.2,0.2,0.1,0.108992,0.021798,2179836,False,10.5915,0,0.2,-,PURPLE
2025-09-03,139230,조선주,1,11951.0,14.0,LIME,1,0.55,0.55,0.45,0.424084,0.233246,23324607,False,33.4989,0,0.3,-,-
2025-09-03,091180,자동차,2,20143.0,15.0,LIME,1,0.6,0.6,0.3,0.314136,0.188482,18848167,False,26.3012,0,0.3,-,-
2025-09-03,411060,금현물,3,22355.0,15.0,LIME,1,0.6,0.6,0.25,0.26178,0.157068,15706806,False,14.2339,0,0.3,-,-
2025-09-04,139230,조선주,1,12016.0,14.75,LIME,1,0.55,0.55,0.45,0.424084,0.233246,23324607,False,33.4411,0,0.4,-,-
2025-09-04,091180,자동차,2,20108.0,15.0,LIME,1,0.6,0.6,0.3,0.314136,0.188482,18848167,False,26.043,0,0.4,-,-
2025-09-04,411060,금현물,3,22305.0,15.0,LIME,1,0.6,0.6,0.25,0.26178,0.157068,15706806,False,14.2176,0,0.4,-,-
2025-09-05,139230,조선주,1,12056.0,15.5,LIME,1,0.85,0.6,0.35,0.326425,0.277461,27746113,False,33.4388,0,0.85,LIME,-
2025-09-05,411060,금현물,2,22460.0,15.0,LIME,1,0.85,0.6,0.3,0.310881,0.264249,26424870,False,13.8254,0,0.85,LIME,-
2025-09-05,244580,바이오,3,10020.0,14.75,LIME,1,0.85,0.55,0.25,0.259067,0.220207,22020725,False,24.4263,0,0.85,LIME,-
2025-09-05,091180,자동차,4,20023.0,14.0,LIME,2,0.85,0.5,0.1,0.103627,0.088083,8808290,False,24.8857,0,0.85,LIME,-
2025-09-08,139230,조선주,1,12051.0,16.0,LIME,1,0.85,0.6,0.35,0.326425,0.277461,27746113,False,32.8751,0,0.85,LIME,LIME
2025-09-08,244580,바이오,2,10095.0,15.75,LIME,1,0.85,0.6,0.3,0.310881,0.264249,26424870,False,24.1382,0,0.85,LIME,LIME
2025-09-08,411060,금현물,3,22715.0,15.25,LIME,1,0.85,0.6,0.25,0.259067,0.220207,22020725,False,13.9198,0,0.85,LIME,LIME
2025-09-08,091180,자동차,4,19883.0,12.0,LIME,3,0.85,0.35,0.1,0.103627,0.088083,8808290,False,24.8374,0,0.85,LIME,LIME
2025-09-09,139230,조선주,1,12001.0,15.0,LIME,2,0.85,0.55,0.45,0.424084,0.360471,36047120,False,32.8513,0,0.85,LIME,LIME
2025-09-09,244580,바이오,2,10070.0,16.0,LIME,1,0.85,0.6,0.3,0.314136,0.267016,26701570,False,23.8185,0,0.85,LIME,LIME
2025-09-09,411060,금현물,3,23395.0,15.5,LIME,1,0.85,0.6,0.25,0.26178,0.222513,22251308,False,14.9803,0,0.85,LIME,LIME
2025-09-10,091160,반도체,1,40495.0,15.0,LIME,1,0.85,0.6,0.33,0.347551,0.295419,29541864,False,26.7236,0,0.85,LIME,LIME
2025-09-10,0023A0,양자컴,2,17746.0,14.0,GREEN,1,0.85,0.55,0.27,0.241706,0.20545,20545023,False,38.5748,0,0.85,LIME,LIME
2025-09-10,139230,조선주,3,12235.0,15.0,LIME,1,0.85,0.6,0.2,0.200105,0.17009,17008952,False,32.4427,0,0.85,LIME,LIME
2025-09-10,244580,바이오,4,10105.0,16.0,LIME,1,0.85,0.6,0.1,0.105319,0.089521,8952080,False,23.822,0,0.85,LIME,LIME
2025-09-10,411060,금현물,5,23235.0,15.75,LIME,1,0.85,0.6,0.1,0.105319,0.089521,8952080,False,15.0843,0,0.85,LIME,LIME
2025-09-11,091160,반도체,1,40815.0,15.75,LIME,1,0.85,0.6,0.31,0.324777,0.276061,27606076,False,26.4109,0,0.85,LIME,LIME
2025-09-11,0023A0,양자컴,2,17821.0,15.0,GREEN,1,0.85,0.6,0.25,0.22263,0.189235,18923520,False,37.2089,0,0.85,LIME,LIME
2025-09-11,069500,코스피,3,45306.0,15.75,LIME,1,0.85,0.6,0.16,0.167627,0.142483,14248297,False,17.127,0,0.85,LIME,LIME
2025-09-11,411060,금현물,4,23340.0,16.0,LIME,1,0.85,0.6,0.1,0.104767,0.089052,8905185,False,14.3222,0,0.85,LIME,LIME
2025-09-11,244580,바이오,5,10145.0,16.0,LIME,1,0.85,0.6,0.1,0.104767,0.089052,8905185,False,23.0558,0,0.85,LIME,LIME
2025-09-11,139230,조선주,6,12320.0,15.0,LIME,1,0.85,0.6,0.08,0.075432,0.064117,6411733,False,32.4433,0,0.85,LIME,LIME
2025-09-12,091160,반도체,1,42040.0,16.0,LIME,1,0.85,0.6,0.31,0.318766,0.270951,27095115,False,26.8978,0,0.85,LIME,LIME
2025-09-12,455850,반소부,2,13515.0,16.0,LIME,1,0.85,0.6,0.25,0.244216,0.207584,20758354,False,28.0913,0,0.85,LIME,LIME
2025-09-12,069500,코스피,3,46222.0,16.0,LIME,1,0.85,0.6,0.16,0.164524,0.139846,13984575,False,17.2043,0,0.85,LIME,LIME
2025-09-12,0023A0,양자컴,4,18186.0,15.25,GREEN,1,0.85,0.6,0.1,0.087404,0.074293,7429305,False,37.3433,0,0.85,LIME,LIME
2025-09-12,244580,바이오,5,10335.0,16.0,LIME,1,0.85,0.6,0.1,0.102828,0.087404,8740359,False,23.2628,0,0.85,LIME,LIME
2025-09-12,411060,금현물,6,23430.0,16.0,LIME,1,0.85,0.6,0.08,0.082262,0.069923,6992287,False,14.2154,0,0.85,LIME,LIME
2025-09-15,091160,반도체,1,42805.0,16.0,LIME,1,0.85,0.6,0.31,0.314721,0.267513,26751269,False,27.036,0,0.85,LIME,LIME
2025-09-15,446770,톱반도,2,33805.0,16.0,LIME,1,0.85,0.6,0.25,0.253807,0.215736,21573604,False,22.3687,0,0.85,LIME,LIME
2025-09-15,377990,신재생,3,15550.0,15.75,LIME,1,0.85,0.6,0.16,0.162437,0.138071,13807106,False,28.1137,0,0.85,LIME,LIME
2025-09-15,455850,반소부,4,14030.0,16.0,LIME,1,0.85,0.6,0.1,0.101523,0.086294,8629441,False,28.6221,0,0.85,LIME,LIME
2025-09-15,0023A0,양자컴,5,19465.0,15.5,GREEN,1,0.85,0.6,0.1,0.086294,0.07335,7335025,False,39.4293,0,0.85,LIME,LIME
2025-09-15,069500,코스피,6,46497.0,16.0,LIME,1,0.85,0.6,0.08,0.081218,0.069036,6903553,False,17.217,0,0.85,LIME,LIME
2025-09-16,446770,톱반도,1,34677.0,16.0,LIME,1,0.85,0.6,0.31,0.317623,0.269979,26997950,False,22.8122,0,0.85,LIME,LIME
2025-09-16,091160,반도체,2,44030.0,16.0,LIME,1,0.85,0.6,0.25,0.256148,0.217725,21772540,False,27.4573,0,0.85,LIME,LIME
2025-09-16,0023A0,양자컴,3,19865.0,15.75,GREEN,1,0.85,0.6,0.16,0.139344,0.118443,11844262,False,39.552,0,0.85,LIME,LIME
2025-09-16,377990,신재생,4,15440.0,16.0,LIME,1,0.85,0.6,0.1,0.102459,0.08709,8709016,False,28.18,0,0.85,LIME,LIME
2025-09-16,455850,반소부,5,14240.0,16.0,LIME,1,0.85,0.6,0.1,0.102459,0.08709,8709016,False,28.7156,0,0.85,LIME,LIME
2025-09-16,069500,코스피,6,47254.0,16.0,LIME,1,0.85,0.6,0.08,0.081967,0.069672,6967213,False,17.3936,0,0.85,LIME,LIME
2025-09-17,0023A0,양자컴,1,20145.0,16.0,GREEN,1,0.85,0.6,0.31,0.27635,0.234898,23489774,False,39.5903,0,0.85,LIME,LIME
2025-09-17,091160,반도체,2,43270.0,16.0,LIME,1,0.85,0.6,0.25,0.262192,0.222863,22286313,False,27.7619,0,0.85,LIME,LIME
2025-09-17,455850,반소부,3,14080.0,16.0,LIME,1,0.85,0.6,0.16,0.167803,0.142632,14263240,False,28.7424,0,0.85,LIME,LIME
2025-09-17,446770,톱반도,4,34283.0,16.0,LIME,1,0.85,0.6,0.1,0.104877,0.089145,8914525,False,23.0027,0,0.85,LIME,LIME
2025-09-17,069500,코스피,5,46675.0,16.0,LIME,1,0.85,0.6,0.1,0.104877,0.089145,8914525,False,17.6519,0,0.85,LIME,LIME
2025-09-17,377990,신재생,6,15300.0,15.0,LIME,2,0.85,0.55,0.08,0.083901,0.071316,7131620,False,28.2114,0,0.85,LIME,LIME
2025-09-18,0023A0,양자컴,1,22063.0,16.0,GREEN,1,0.85,0.6,0.31,0.27635,0.234898,23489774,False,43.4621,0,0.85,LIME,LIME
2025-09-18,455850,반소부,2,14540.0,16.0,LIME,1,0.85,0.6,0.25,0.262192,0.222863,22286313,False,29.3393,0,0.85,LIME,LIME
2025-09-18,091160,반도체,3,44950.0,16.0,LIME,1,0.85,0.6,0.16,0.167803,0.142632,14263240,False,28.5537,0,0.85,LIME,LIME
2025-09-18,446770,톱반도,4,34712.0,16.0,LIME,1,0.85,0.6,0.1,0.104877,0.089145,8914525,False,23.068,0,0.85,LIME,LIME
2025-09-18,069500,코스피,5,47493.0,16.0,LIME,1,0.85,0.6,0.1,0.104877,0.089145,8914525,False,17.7588,0,0.85,LIME,LIME
2025-09-18,377990,신재생,6,15350.0,13.75,LIME,2,0.85,0.45,0.08,0.083901,0.071316,7131620,False,28.2088,0,0.85,LIME,LIME
2025-09-19,0023A0,양자컴,1,22698.0,16.0,GREEN,1,0.85,0.6,0.31,0.27635,0.234898,23489774,False,43.5809,0,0.85,LIME,LIME
2025-09-19,455850,반소부,2,14630.0,16.0,LIME,1,0.85,0.6,0.25,0.262192,0.222863,22286313,False,28.5559,0,0.85,LIME,LIME
2025-09-19,091160,반도체,3,45150.0,16.0,LIME,1,0.85,0.6,0.16,0.167803,0.142632,14263240,False,28.3155,0,0.85,LIME,LIME
2025-09-19,446770,톱반도,4,35414.0,16.0,LIME,1,0.85,0.6,0.1,0.104877,0.089145,8914525,False,23.2776,0,0.85,LIME,LIME
2025-09-19,069500,코스피,5,47319.0,16.0,LIME,1,0.85,0.6,0.1,0.104877,0.089145,8914525,False,17.7892,0,0.85,LIME,LIME
2025-09-19,377990,신재생,6,15225.0,12.0,LIME,2,0.85,0.35,0.08,0.083901,0.071316,7131620,False,28.0336,0,0.85,LIME,LIME
2025-09-22,0023A0,양자컴,1,24781.0,16.0,GREEN,1,0.85,0.6,0.33,0.295108,0.250842,25084166,False,46.7394,0,0.85,LIME,LIME
2025-09-22,091160,반도체,2,46265.0,16.0,LIME,1,0.85,0.6,0.27,0.284061,0.241452,24145186,False,27.4118,0,0.85,LIME,LIME
2025-09-22,455850,반소부,3,14850.0,16.0,LIME,1,0.85,0.6,0.2,0.210416,0.178853,17885323,False,28.1514,0,0.85,LIME,LIME
2025-09-22,446770,톱반도,4,35633.0,16.0,LIME,1,0.85,0.6,0.1,0.105208,0.089427,8942661,False,23.0223,0,0.85,LIME,LIME
2025-09-22,069500,코스피,5,47782.0,16.0,LIME,1,0.85,0.6,0.1,0.105208,0.089427,8942661,False,16.7509,0,0.85,LIME,LIME
2025-09-23,0023A0,양자컴,1,23937.0,16.0,GREEN,1,0.85,0.6,0.33,0.295108,0.250842,25084166,False,47.3308,0,0.85,LIME,LIME
2025-09-23,091160,반도체,2,46930.0,16.0,LIME,1,0.85,0.6,0.27,0.284061,0.241452,24145186,False,27.1663,0,0.85,LIME,LIME
2025-09-23,446770,톱반도,3,36505.0,16.0,LIME,1,0.85,0.6,0.2,0.210416,0.178853,17885323,False,22.7214,0,0.85,LIME,LIME
2025-09-23,455850,반소부,4,14880.0,16.0,LIME,1,0.85,0.6,0.1,0.105208,0.089427,8942661,False,27.8846,0,0.85,LIME,LIME
2025-09-23,069500,코스피,5,48166.0,16.0,LIME,1,0.85,0.6,0.1,0.105208,0.089427,8942661,False,16.7902,0,0.85,LIME,LIME
2025-09-24,0023A0,양자컴,1,25456.0,16.0,GREEN,1,0.85,0.6,0.33,0.295108,0.250842,25084166,False,48.1195,0,0.85,LIME,LIME
2025-09-24,091160,반도체,2,47150.0,16.0,LIME,1,0.85,0.6,0.27,0.284061,0.241452,24145186,False,27.1586,0,0.85,LIME,LIME
2025-09-24,455850,반소부,3,14975.0,16.0,LIME,1,0.85,0.6,0.2,0.210416,0.178853,17885323,False,27.5513,0,0.85,LIME,LIME
2025-09-24,446770,톱반도,4,36660.0,16.0,LIME,1,0.85,0.6,0.1,0.105208,0.089427,8942661,False,22.6395,0,0.85,LIME,LIME
2025-09-24,069500,코스피,5,48016.0,16.0,LIME,1,0.85,0.6,0.1,0.105208,0.089427,8942661,False,16.6682,0,0.85,LIME,LIME
2025-09-25,0023A0,양자컴,1,25166.0,16.0,GREEN,1,0.85,0.6,0.33,0.295108,0.250842,25084166,False,48.2804,0,0.85,LIME,LIME
2025-09-25,091160,반도체,2,46600.0,16.0,LIME,1,0.85,0.6,0.27,0.284061,0.241452,24145186,False,27.1051,0,0.85,LIME,LIME
2025-09-25,446770,톱반도,3,36450.0,16.0,LIME,1,0.85,0.6,0.2,0.210416,0.178853,17885323,False,22.6374,0,0.85,LIME,LIME
2025-09-25,069500,코스피,4,48031.0,16.0,LIME,1,0.85,0.6,0.1,0.105208,0.089427,8942661,False,16.5838,0,0.85,LIME,LIME
2025-09-25,455850,반소부,5,14695.0,15.0,LIME,2,0.85,0.55,0.1,0.105208,0.089427,8942661,False,27.5666,0,0.85,LIME,LIME
2025-09-26,0023A0,양자컴,1,25176.0,16.0,GREEN,1,0.6,0.6,0.31,0.281969,0.169181,16918138,False,48.1982,0,0.6,LIME,LIME
2025-09-26,411060,금현물,2,25225.0,16.0,LIME,1,0.6,0.6,0.25,0.267523,0.160514,16051364,False,14.5568,0,0.6,LIME,LIME
2025-09-26,478150,우주방,3,19407.0,16.0,LIME,1,0.6,0.6,0.16,0.171215,0.102729,10272873,False,15.9407,0,0.6,LIME,LIME
2025-09-26,446770,톱반도,4,36012.0,15.0,LIME,2,0.6,0.55,0.1,0.101659,0.060995,6099518,False,22.7576,0,0.6,LIME,LIME
2025-09-26,091160,반도체,5,45090.0,14.0,LIME,3,0.6,0.5,0.1,0.096308,0.057785,5778491,False,28.0546,0,0.6,LIME,LIME
2025-09-26,069500,코스피,6,46880.0,13.75,LIME,3,0.6,0.45,0.08,0.081327,0.048796,4879614,False,17.3876,1,0.6,LIME,LIME
2025-09-29,411060,금현물,1,26150.0,16.0,LIME,1,0.8,0.6,0.31,0.324777,0.259822,25982189,False,15.6823,0,0.8,LIME,LIME
2025-09-29,0023A0,양자컴,2,25151.0,15.75,GREEN,1,0.8,0.6,0.25,0.22263,0.178104,17810371,False,47.8626,0,0.8,LIME,LIME
2025-09-29,371160,항셈테,3,9798.0,16.0,LIME,1,0.8,0.6,0.16,0.167627,0.134102,13410162,False,22.2305,0,0.8,LIME,LIME
2025-09-29,478150,우주방,4,19422.0,16.0,LIME,1,0.8,0.6,0.1,0.104767,0.083814,8381351,False,15.8126,0,0.8,LIME,LIME
2025-09-29,446770,톱반도,5,36252.0,13.75,LIME,2,0.8,0.45,0.1,0.104767,0.083814,8381351,False,22.7167,0,0.8,LIME,LIME
2025-09-29,091160,반도체,6,46020.0,12.25,LIME,2,0.8,0.35,0.08,0.075432,0.060346,6034573,False,28.13,0,0.8,LIME,LIME
2025-09-30,411060,금현물,1,27400.0,16.0,LIME,1,0.6,0.6,0.33,0.336477,0.201886,20188631,False,17.9698,0,0.3,-,LIME
2025-09-30,371160,항셈테,2,9943.0,15.75,LIME,1,0.6,0.6,0.27,0.2753,0.16518,16517970,False,22.2544,0,0.3,-,LIME
2025-09-30,478150,우주방,3,19556.0,16.0,LIME,1,0.6,0.6,0.2,0.203926,0.122355,12235534,False,15.1416,0,0.3,-,LIME
2025-09-30,0023A0,양자컴,4,24037.0,14.5,GREEN,2,0.5,0.5,0.1,0.082335,0.041167,4116747,False,48.9078,1,0.3,-,LIME
2025-09-30,446770,톱반도,5,36490.0,13.0,LIME,1,0.5,0.5,0.1,0.101963,0.050981,5098139,False,22.5702,0,0.3,-,LIME
2025-10-01,411060,금현물,1,26990.0,16.0,LIME,1,0.6,0.6,0.33,0.336477,0.201886,20188631,False,18.3822,0,0.4,-,-
2025-10-01,371160,항셈테,2,10038.0,15.75,LIME,1,0.6,0.6,0.27,0.2753,0.16518,16517970,False,22.0839,0,0.4,-,-
2025-10-01,478150,우주방,3,19865.0,16.0,LIME,1,0.6,0.6,0.2,0.203926,0.122355,12235534,False,15.3574,0,0.4,-,-
2025-10-01,446770,톱반도,4,36869.0,13.0,LIME,1,0.5,0.5,0.1,0.101963,0.050981,5098139,False,22.5744,0,0.4,-,-
2025-10-01,0023A0,양자컴,5,23662.0,12.25,GREEN,3,0.4,0.35,0.1,0.082335,0.032934,3293397,False,47.7713,1,0.4,-,-
2025-10-02,371160,항셈테,1,10366.0,15.75,LIME,1,0.6,0.6,0.33,0.335025,0.201015,20101522,False,22.7187,0,0.4,-,-
2025-10-02,478150,우주방,2,19915.0,16.0,LIME,1,0.6,0.6,0.27,0.274112,0.164467,16446700,False,15.3502,0,0.4,-,-
2025-10-02,411060,금현물,3,26360.0,15.0,-,2,0.55,0.55,0.2,0.203046,0.111675,11167512,False,19.1521,0,0.4,-,-
2025-10-02,446770,톱반도,4,38509.0,14.0,LIME,1,0.55,0.55,0.1,0.101523,0.055838,5583756,False,23.9932,0,0.4,-,-
2025-10-02,0023A0,양자컴,5,24576.0,11.5,GREEN,1,0.4,0.35,0.1,0.086294,0.034518,3451776,False,48.15,0,0.4,-,-
2025-10-10,446770,톱반도,1,40656.0,15.25,LIME,1,0.85,0.6,0.33,0.336735,0.286224,28622448,False,26.0623,0,0.85,LIME,-
2025-10-10,478150,우주방,2,20373.0,16.0,LIME,1,0.85,0.6,0.27,0.27551,0.234184,23418367,False,15.815,0,0.85,LIME,-
2025-10-10,411060,금현물,3,27945.0,15.0,-,1,0.85,0.6,0.2,0.204082,0.173469,17346938,False,22.1057,0,0.85,LIME,-
2025-10-10,371160,항셈테,4,9873.0,14.75,-,2,0.85,0.5,0.1,0.096939,0.082398,8239795,False,24.9953,1,0.85,LIME,-
2025-10-10,0023A0,양자컴,5,31072.0,11.75,GREEN,1,0.85,0.35,0.1,0.086735,0.073724,7372448,False,70.4308,0,0.85,LIME,-
2025-10-13,446770,톱반도,1,40057.0,16.0,LIME,1,0.85,0.6,0.31,0.322749,0.274336,27433628,False,26.3356,0,0.85,LIME,LIME
2025-10-13,091160,반도체,2,52240.0,15.25,LIME,1,0.85,0.6,0.25,0.247267,0.210177,21017699,False,30.0258,0,0.85,LIME,LIME
2025-10-13,478150,우주방,3,20199.0,16.0,LIME,1,0.85,0.6,0.16,0.16658,0.141593,14159292,False,15.8323,0,0.85,LIME,LIME
2025-10-13,411060,금현물,4,29500.0,15.0,-,1,0.85,0.6,0.1,0.104112,0.088496,8849557,False,24.3176,0,0.85,LIME,LIME
2025-10-13,0023A0,양자컴,5,30247.0,13.0,GREEN,1,0.85,0.5,0.1,0.088496,0.075221,7522123,False,70.8262,0,0.85,LIME,LIME
2025-10-13,371160,항셈테,6,9579.0,11.5,-,4,0.85,0.25,0.08,0.070796,0.060177,6017699,False,25.7421,2,0.85,LIME,LIME
2025-10-14,091160,반도체,1,50880.0,16.0,-,1,0.85,0.6,0.33,0.328789,0.27947,27947037,False,30.5362,0,0.85,LIME,LIME
2025-10-14,446770,톱반도,2,40157.0,16.0,LIME,1,0.85,0.6,0.27,0.283167,0.240692,24069218,False,26.3383,0,0.85,LIME,LIME
2025-10-14,0023A0,양자컴,3,32890.0,15.25,GREEN,1,0.85,0.6,0.2,0.178291,0.151547,15154693,False,72.3888,0,0.85,LIME,LIME
2025-10-14,478150,우주방,4,20303.0,16.0,LIME,1,0.85,0.6,0.1,0.104877,0.089145,8914525,False,15.8336,0,0.85,LIME,LIME
2025-10-14,411060,금현물,5,30825.0,15.0,-,1,0.85,0.6,0.1,0.104877,0.089145,8914525,False,25.374,0,0.85,LIME,LIME
2025-10-15,0023A0,양자컴,1,33395.0,16.0,GREEN,1,0.85,0.6,0.33,0.298246,0.253509,25350877,False,72.3597,0,0.85,LIME,LIME
2025-10-15,411060,금현물,2,32015.0,16.0,-,1,0.85,0.6,0.27,0.287081,0.244019,24401913,False,26.1677,0,0.85,LIME,LIME
2025-10-15,091160,반도체,3,52950.0,16.0,-,1,0.85,0.6,0.2,0.20202,0.171717,17171717,False,31.2344,0,0.85,LIME,LIME
2025-10-15,446770,톱반도,4,40556.0,15.75,LIME,1,0.85,0.6,0.1,0.106326,0.090377,9037745,False,26.2355,0,0.85,LIME,LIME
2025-10-15,478150,우주방,5,20333.0,15.75,LIME,1,0.85,0.6,0.1,0.106326,0.090377,9037745,False,15.7763,0,0.85,LIME,LIME
2025-10-16,0023A0,양자컴,1,33085.0,16.0,GREEN,1,0.85,0.6,0.33,0.298246,0.253509,25350877,False,72.4299,0,0.85,LIME,LIME
2025-10-16,411060,금현물,2,30710.0,16.0,-,1,0.85,0.6,0.27,0.287081,0.244019,24401913,False,27.8638,0,0.85,LIME,LIME
2025-10-16,091160,반도체,3,54040.0,16.0,-,1,0.85,0.6,0.2,0.20202,0.171717,17171717,False,31.3691,0,0.85,LIME,LIME
2025-10-16,446770,톱반도,4,41572.0,15.75,LIME,1,0.85,0.6,0.1,0.106326,0.090377,9037745,False,26.5314,0,0.85,LIME,LIME
2025-10-16,478150,우주방,5,19945.0,14.5,-,2,0.85,0.5,0.1,0.106326,0.090377,9037745,False,16.3579,0,0.85,LIME,LIME
2025-10-17,411060,금현물,1,31275.0,16.0,-,1,0.85,0.6,0.31,0.320165,0.27214,27214045,False,27.9662,0,0.85,LIME,LIME
2025-10-17,091160,반도체,2,53890.0,16.0,-,1,0.85,0.6,0.25,0.258198,0.219468,21946811,False,31.3829,0,0.85,LIME,LIME
2025-10-17,455850,반소부,3,16455.0,16.0,LIME,1,0.85,0.6,0.16,0.165247,0.14046,14045959,False,29.5703,0,0.85,LIME,LIME
2025-10-17,446770,톱반도,4,41144.0,15.75,LIME,1,0.85,0.6,0.1,0.103279,0.087787,8778724,False,26.6788,0,0.85,LIME,LIME
2025-10-17,0023A0,양자컴,5,29418.0,14.5,-,2,0.85,0.5,0.1,0.074619,0.063426,6342628,False,76.0651,2,0.85,LIME,LIME
2025-10-17,478150,우주방,6,19741.0,12.25,-,3,0.85,0.35,0.08,0.078492,0.066718,6671830,False,16.4832,1,0.85,LIME,LIME
2025-10-20,091160,반도체,1,55145.0,16.0,-,1,0.85,0.6,0.33,0.336735,0.286224,28622448,False,31.5499,0,0.85,LIME,LIME
2025-10-20,455850,반소부,2,16650.0,16.0,LIME,1,0.85,0.6,0.27,0.27551,0.234184,23418367,False,29.5306,0,0.85,LIME,LIME
2025-10-20,446770,톱반도,3,41881.0,15.75,LIME,1,0.85,0.6,0.2,0.204082,0.173469,17346938,False,26.7089,0,0.85,LIME,LIME
2025-10-20,411060,금현물,4,29570.0,14.75,-,2,0.85,0.5,0.1,0.096939,0.082398,8239795,False,30.5039,1,0.85,LIME,LIME
2025-10-20,0023A0,양자컴,5,31062.0,13.25,-,2,0.85,0.45,0.1,0.086735,0.073724,7372448,False,76.5334,0,0.85,LIME,LIME
2025-10-21,091160,반도체,1,54550.0,16.0,-,1,0.85,0.6,0.31,0.318668,0.270868,27086759,False,31.7308,0,0.85,LIME,LIME
2025-10-21,446770,톱반도,2,42464.0,16.0,LIME,1,0.85,0.6,0.25,0.25699,0.218442,21844161,False,26.7626,0,0.85,LIME,LIME
2025-10-21,139230,조선주,3,13868.0,16.0,LIME,1,0.85,0.6,0.16,0.164474,0.139803,13980263,False,27.2459,0,0.85,LIME,LIME
2025-10-21,455850,반소부,4,16450.0,15.0,LIME,2,0.85,0.55,0.1,0.102796,0.087377,8737664,False,29.681,0,0.85,LIME,LIME
2025-10-21,411060,금현물,5,29425.0,12.5,-,3,0.85,0.35,0.1,0.097656,0.083008,8300781,False,30.5399,1,0.85,LIME,LIME
2025-10-21,0023A0,양자컴,6,29203.0,11.0,-,3,0.85,0.3,0.08,0.059416,0.050504,5050370,False,77.7987,2,0.85,LIME,LIME
2025-10-22,091160,반도체,1,55045.0,16.0,-,1,0.85,0.6,0.35,0.35,0.2975,29750000,False,31.1897,0,0.85,LIME,LIME
2025-10-22,446770,톱반도,2,42151.0,16.0,LIME,1,0.85,0.6,0.3,0.3,0.255,25500000,False,26.6049,0,0.85,LIME,LIME
2025-10-22,139230,조선주,3,14292.0,16.0,LIME,1,0.85,0.6,0.25,0.25,0.2125,21250000,False,27.7327,0,0.85,LIME,LIME
2025-10-22,455850,반소부,4,16645.0,15.0,-,1,0.85,0.6,0.1,0.1,0.085,8500000,False,29.5758,0,0.85,LIME,LIME
2025-10-23,091160,반도체,1,54685.0,15.75,-,1,0.85,0.6,0.33,0.336735,0.286224,28622448,False,31.2297,0,0.85,LIME,LIME
2025-10-23,139230,조선주,2,14397.0,16.0,LIME,1,0.85,0.6,0.27,0.27551,0.234184,23418367,False,27.738,0,0.85,LIME,LIME
2025-10-23,305720,이차전,3,15190.0,16.0,LIME,1,0.85,0.6,0.2,0.183673,0.156122,15612244,False,37.0192,0,0.85,LIME,LIME
2025-10-23,446770,톱반도,4,41647.0,15.0,LIME,2,0.85,0.55,0.1,0.102041,0.086735,8673469,False,26.7985,0,0.85,LIME,LIME
2025-10-23,455850,반소부,5,16555.0,14.25,-,1,0.85,0.55,0.1,0.102041,0.086735,8673469,False,29.5664,0,0.85,LIME,LIME
2025-10-24,091160,반도체,1,56360.0,15.75,LIME,1,0.85,0.6,0.33,0.339157,0.288284,28828365,False,31.5988,0,0.85,LIME,LIME
2025-10-24,305720,이차전,2,16570.0,16.0,LIME,1,0.85,0.6,0.27,0.249743,0.212282,21228160,False,40.4237,0,0.85,LIME,LIME
2025-10-24,139230,조선주,3,14766.0,16.0,LIME,1,0.85,0.6,0.2,0.20555,0.174717,17471736,False,27.442,0,0.85,LIME,LIME
2025-10-24,446770,톱반도,4,42688.0,15.0,LIME,1,0.85,0.6,0.1,0.102775,0.087359,8735868,False,26.673,0,0.85,LIME,LIME
2025-10-24,455850,반소부,5,17045.0,14.25,LIME,1,0.85,0.55,0.1,0.102775,0.087359,8735868,False,29.975,0,0.85,LIME,LIME
2025-10-27,091160,반도체,1,57630.0,15.75,LIME,1,0.85,0.6,0.33,0.336735,0.286224,28622448,False,31.3057,0,0.85,LIME,LIME
2025-10-27,139230,조선주,2,15410.0,16.0,LIME,1,0.85,0.6,0.27,0.27551,0.234184,23418367,False,27.7235,0,0.85,LIME,LIME
2025-10-27,305720,이차전,3,16630.0,16.0,LIME,1,0.85,0.6,0.2,0.183673,0.156122,15612244,False,40.1239,0,0.85,LIME,LIME
2025-10-27,455850,반소부,4,17140.0,15.25,LIME,1,0.85,0.6,0.1,0.102041,0.086735,8673469,False,29.5079,0,0.85,LIME,LIME
2025-10-27,446770,톱반도,5,43839.0,15.0,LIME,1,0.85,0.6,0.1,0.102041,0.086735,8673469,False,26.7991,0,0.85,LIME,LIME
2025-10-28,091160,반도체,1,56375.0,15.75,LIME,1,0.85,0.6,0.33,0.336735,0.286224,28622448,False,31.7636,0,0.85,LIME,LIME
2025-10-28,139230,조선주,2,15575.0,16.0,LIME,1,0.85,0.6,0.27,0.27551,0.234184,23418367,False,27.7041,0,0.85,LIME,LIME
2025-10-28,305720,이차전,3,17100.0,16.0,LIME,1,0.85,0.6,0.2,0.183673,0.156122,15612244,False,40.3182,0,0.85,LIME,LIME
2025-10-28,455850,반소부,4,17080.0,15.25,LIME,1,0.85,0.6,0.1,0.102041,0.086735,8673469,False,29.4149,0,0.85,LIME,LIME
2025-10-28,446770,톱반도,5,44138.0,15.0,LIME,1,0.85,0.6,0.1,0.102041,0.086735,8673469,False,26.3667,0,0.85,LIME,LIME
2025-10-29,091160,반도체,1,57890.0,16.0,LIME,1,0.85,0.6,0.33,0.333333,0.283333,28333333,False,31.8794,0,0.85,LIME,LIME
2025-10-29,446770,톱반도,2,45349.0,16.0,LIME,1,0.85,0.6,0.27,0.272727,0.231818,23181818,False,26.703,0,0.85,LIME,LIME
2025-10-29,455850,반소부,3,17460.0,16.0,LIME,1,0.85,0.6,0.2,0.20202,0.171717,17171717,False,29.5895,0,0.85,LIME,LIME
2025-10-29,139230,조선주,4,15940.0,16.0,LIME,1,0.85,0.6,0.1,0.10101,0.085859,8585858,False,27.8152,0,0.85,LIME,LIME
2025-10-29,305720,이차전,5,17245.0,16.0,LIME,1,0.85,0.6,0.1,0.090909,0.077273,7727272,False,40.1375,0,0.85,LIME,LIME
2025-10-30,091160,반도체,1,58480.0,16.0,LIME,1,0.85,0.6,0.33,0.333333,0.283333,28333333,False,31.74,0,0.85,LIME,LIME
2025-10-30,446770,톱반도,2,45864.0,16.0,LIME,1,0.85,0.6,0.27,0.272727,0.231818,23181818,False,26.7183,0,0.85,LIME,LIME
2025-10-30,455850,반소부,3,17490.0,16.0,LIME,1,0.85,0.6,0.2,0.20202,0.171717,17171717,False,29.5611,0,0.85,LIME,LIME
2025-10-30,139230,조선주,4,16000.0,16.0,LIME,1,0.85,0.6,0.1,0.10101,0.085859,8585858,False,27.732,0,0.85,LIME,LIME
2025-10-30,305720,이차전,5,16500.0,15.0,-,2,0.85,0.55,0.1,0.090909,0.077273,7727272,False,41.3031,0,0.85,LIME,LIME
2025-10-31,091160,반도체,1,58740.0,16.0,LIME,1,0.85,0.6,0.33,0.335025,0.284772,28477157,False,31.4948,0,0.85,LIME,LIME
2025-10-31,446770,톱반도,2,45704.0,16.0,LIME,1,0.85,0.6,0.27,0.274112,0.232995,23299492,False,26.7723,0,0.85,LIME,LIME
2025-10-31,455850,반소부,3,17700.0,16.0,LIME,1,0.85,0.6,0.2,0.203046,0.172589,17258883,False,29.38,0,0.85,LIME,LIME
2025-10-31,139230,조선주,4,15770.0,16.0,LIME,1,0.85,0.6,0.1,0.101523,0.086294,8629441,False,28.0005,0,0.85,LIME,LIME
2025-10-31,305720,이차전,5,16180.0,13.5,-,2,0.85,0.45,0.1,0.086294,0.07335,7335025,False,41.5711,0,0.85,LIME,LIME
2025-11-03,091160,반도체,1,61050.0,16.0,LIME,1,0.85,0.6,0.31,0.315041,0.267785,26778455,False,32.0643,0,0.85,LIME,LIME
2025-11-03,446770,톱반도,2,46703.0,16.0,LIME,1,0.85,0.6,0.25,0.254065,0.215955,21595528,False,26.9322,0,0.85,LIME,LIME
2025-11-03,377990,신재생,3,20810.0,16.0,LIME,1,0.85,0.6,0.16,0.154472,0.131301,13130081,False,34.8758,0,0.85,LIME,LIME
2025-11-03,455850,반소부,4,17820.0,16.0,LIME,1,0.85,0.6,0.1,0.101626,0.086382,8638211,False,29.2513,0,0.85,LIME,LIME
2025-11-03,139230,조선주,5,16160.0,16.0,LIME,1,0.85,0.6,0.1,0.101626,0.086382,8638211,False,28.136,0,0.85,LIME,LIME
2025-11-03,305720,이차전,6,16450.0,11.75,-,2,0.85,0.3,0.08,0.073171,0.062195,6219512,False,41.4736,0,0.85,LIME,LIME
2025-11-04,091160,반도체,1,60095.0,16.0,LIME,1,0.6,0.6,0.33,0.322034,0.19322,19322033,False,32.4031,0,0.3,-,LIME
2025-11-04,455850,반소부,2,18120.0,16.0,LIME,1,0.6,0.6,0.27,0.27735,0.16641,16640986,False,29.3019,0,0.3,-,LIME
2025-11-04,377990,신재생,3,20540.0,16.0,LIME,1,0.6,0.6,0.2,0.195172,0.117103,11710323,False,34.3912,0,0.3,-,LIME
2025-11-04,139230,조선주,4,16000.0,16.0,LIME,1,0.6,0.6,0.1,0.102722,0.061633,6163328,False,28.219,0,0.3,-,LIME
2025-11-04,446770,톱반도,5,45829.0,15.0,-,2,0.55,0.55,0.1,0.102722,0.056497,5649717,False,27.3136,0,0.3,-,LIME
2025-11-05,091160,반도체,1,58170.0,15.0,-,2,0.55,0.55,0.31,0.29295,0.161123,16112274,False,33.3638,1,0.2,-,-
2025-11-05,244580,바이오,2,11480.0,16.0,LIME,1,0.6,0.6,0.25,0.261773,0.157064,15706395,False,26.7122,0,0.2,-,-
2025-11-05,229200,코스닥,3,15635.0,15.75,LIME,1,0.6,0.6,0.16,0.167535,0.100521,10052092,False,22.7619,0,0.2,-,-
2025-11-05,377990,신재생,4,19380.0,14.5,-,2,0.5,0.5,0.1,0.0945,0.04725,4725007,False,36.5883,1,0.2,-,-
2025-11-05,455850,반소부,5,17170.0,14.0,-,3,0.5,0.5,0.1,0.099474,0.049737,4973691,False,31.5196,1,0.2,-,-
2025-11-05,446770,톱반도,6,45140.0,13.5,-,2,0.45,0.45,0.08,0.083767,0.037695,3769534,False,27.4899,0,0.2,-,-
2025-11-06,091160,반도체,1,58910.0,13.75,-,2,0.45,0.45,0.31,0.302703,0.136216,13621646,False,31.4172,0,0.3,-,-
2025-11-06,244580,바이오,2,11315.0,15.0,LIME,2,0.55,0.55,0.25,0.256964,0.14133,14133004,False,25.2652,0,0.3,-,-
2025-11-06,229200,코스닥,3,15620.0,15.0,LIME,2,0.55,0.55,0.16,0.164457,0.090451,9045122,False,20.2995,0,0.3,-,-
2025-11-06,455850,반소부,4,17410.0,12.0,-,3,0.35,0.35,0.1,0.102785,0.035975,3597492,False,29.2884,0,0.3,-,-
2025-11-06,446770,톱반도,5,45574.0,11.75,-,2,0.3,0.3,0.1,0.102785,0.030836,3083564,False,26.5909,0,0.3,-,-
2025-11-06,377990,신재생,6,19165.0,12.25,-,3,0.35,0.35,0.08,0.070305,0.024607,2460684,False,35.69,1,0.3,-,-
2025-11-07,244580,바이오,1,11130.0,13.75,LIME,2,0.45,0.45,0.35,0.365059,0.164276,16427640,False,25.4253,0,0.2,-,-
2025-11-07,091170,은행주,2,12137.0,14.5,LIME,1,0.55,0.55,0.3,0.312907,0.172099,17209908,False,21.3954,0,0.2,-,-
2025-11-07,091160,반도체,3,57350.0,11.5,-,3,0.3,0.3,0.25,0.222947,0.066884,6688396,False,32.167,1,0.2,-,-
2025-11-07,229200,코스닥,4,15185.0,12.75,-,3,0.35,0.35,0.1,0.099087,0.034681,3468057,False,21.0494,1,0.2,-,-
2025-11-10,091170,은행주,1,12517.0,15.25,LIME,1,0.6,0.6,0.55,0.55,0.33,33000000,False,21.5894,0,0.3,-,-
2025-11-10,244580,바이오,2,11175.0,12.5,LIME,2,0.35,0.35,0.45,0.45,0.1575,15749999,False,25.2352,0,0.3,-,-
2025-11-11,091170,은행주,1,12413.0,15.5,LIME,1,0.6,0.6,0.45,0.456853,0.274112,27411167,False,21.6611,0,0.4,-,-
2025-11-11,495050,밸류업,2,16886.0,11.0,-,1,0.4,0.35,0.3,0.28934,0.115736,11573604,False,25.1934,0,0.4,-,-
2025-11-11,325020,케모멘,3,18917.0,13.0,-,1,0.5,0.5,0.25,0.253807,0.126904,12690355,False,17.9095,0,0.4,-,-
2025-11-12,091170,은행주,1,12857.0,15.75,LIME,1,0.6,0.6,0.35,0.358974,0.215385,21538461,False,22.6948,0,0.4,-,-
2025-11-12,495050,밸류업,2,17090.0,12.0,-,1,0.4,0.4,0.3,0.307692,0.123077,12307692,False,25.2227,0,0.4,-,-
2025-11-12,091160,반도체,3,59695.0,11.0,-,1,0.4,0.35,0.25,0.230769,0.092308,9230769,False,32.329,0,0.4,-,-
2025-11-12,325020,케모멘,4,19358.0,13.25,LIME,1,0.5,0.5,0.1,0.102564,0.051282,5128205,False,18.3351,0,0.4,-,-
2025-11-13,495050,밸류업,1,17030.0,14.0,-,1,0.55,0.55,0.35,0.353535,0.194444,19444444,False,25.2234,0,0.4,-,-
2025-11-13,325020,케모멘,2,19542.0,15.5,LIME,1,0.6,0.6,0.3,0.30303,0.181818,18181818,False,18.3625,0,0.4,-,-
2025-11-13,091170,은행주,3,12886.0,16.0,LIME,1,0.6,0.6,0.25,0.252525,0.151515,15151515,False,22.6838,0,0.4,-,-
2025-11-13,091160,반도체,4,59570.0,12.5,-,1,0.4,0.4,0.1,0.090909,0.036364,3636363,False,32.391,0,0.4,-,-
2025-11-14,325020,케모멘,1,18927.0,15.0,LIME,2,0.55,0.55,0.35,0.357143,0.196429,19642857,False,19.5355,0,0.3,-,-
2025-11-14,244580,바이오,2,11865.0,13.75,LIME,1,0.5,0.5,0.3,0.290816,0.145408,14540816,False,27.5682,0,0.3,-,-
2025-11-14,091170,은행주,3,12606.0,15.0,LIME,2,0.55,0.55,0.25,0.255102,0.140306,14030612,False,23.1255,0,0.3,-,-
2025-11-14,495050,밸류업,4,16329.0,12.0,-,3,0.35,0.35,0.1,0.096939,0.033929,3392857,False,26.8609,1,0.3,-,-
2025-11-17,244580,바이오,1,12215.0,16.0,LIME,1,0.6,0.6,0.33,0.31876,0.191256,19125571,False,28.0068,0,0.4,-,-
2025-11-17,453810,인디아,2,14487.0,14.5,-,1,0.55,0.55,0.27,0.27453,0.150991,15099135,False,11.9472,0,0.4,-,-
2025-11-17,229200,코스닥,3,15800.0,13.5,LIME,1,0.5,0.5,0.2,0.203355,0.101678,10167768,False,22.6573,0,0.4,-,-
2025-11-17,325020,케모멘,4,18897.0,13.5,-,2,0.45,0.45,0.1,0.101678,0.045755,4575495,False,19.5499,0,0.4,-,-
2025-11-17,091170,은행주,5,12442.0,13.5,LIME,2,0.45,0.45,0.1,0.101678,0.045755,4575495,False,23.2967,0,0.4,-,-
2025-11-18,244580,바이오,1,11980.0,16.0,LIME,1,0.6,0.6,0.35,0.340153,0.204092,20409207,False,28.2111,0,0.3,-,-
2025-11-18,453810,인디아,2,14557.0,14.75,-,1,0.55,0.55,0.3,0.306905,0.168798,16879795,False,11.9021,0,0.3,-,-
2025-11-18,229200,코스닥,3,15435.0,11.5,LIME,3,0.3,0.3,0.25,0.255754,0.076726,7672634,False,23.0678,0,0.3,-,-
2025-11-18,091170,은행주,4,12107.0,11.25,-,3,0.3,0.3,0.1,0.097187,0.029156,2915601,False,23.9665,1,0.3,-,-
2025-11-19,244580,바이오,1,11720.0,14.5,-,2,0.5,0.5,0.55,0.509537,0.254768,25476839,False,28.6583,0,0.2,-,-
2025-11-19,453810,인디아,2,14612.0,14.5,-,1,0.55,0.55,0.45,0.490463,0.269755,26975476,False,11.9019,0,0.2,-,-
2025-11-20,244580,바이오,1,12050.0,14.25,-,1,0.55,0.55,0.55,0.509537,0.280245,28024523,False,28.6505,0,0.3,-,-
2025-11-20,453810,인디아,2,14722.0,15.5,LIME,1,0.6,0.6,0.45,0.490463,0.294278,29427792,False,11.687,0,0.3,-,-
2025-11-21,453810,인디아,1,14697.0,15.5,LIME,1,0.1,0.0,0.55,0.589812,0.058981,5898123,False,11.6629,0,0.1,PURPLE,-
2025-11-21,244580,바이오,2,11820.0,12.5,-,2,0.1,0.0,0.45,0.410188,0.041019,4101876,False,28.611,0,0.1,PURPLE,-
2025-11-24,453810,인디아,1,14647.0,15.75,LIME,1,0.1,0.0,1.0,1.0,0.1,10000000,False,11.6196,0,0.1,PURPLE,PURPLE
2025-11-25,453810,인디아,1,14557.0,14.25,LIME,3,0.1,0.0,1.0,1.0,0.1,10000000,False,11.6669,0,0.1,PURPLE,PURPLE
2025-11-26,453810,인디아,1,14582.0,12.5,-,2,0.1,0.0,1.0,1.0,0.1,10000000,False,11.1184,0,0.1,PURPLE,PURPLE
2025-12-01,244580,바이오,1,12505.0,12.0,LIME,1,0.1,0.0,0.55,0.55,0.055,5500000,False,30.2735,0,0.1,PURPLE,PURPLE
2025-12-01,091180,자동차,2,22398.0,13.0,LIME,1,0.1,0.0,0.45,0.45,0.045,4500000,False,26.0259,0,0.1,PURPLE,PURPLE
2025-12-02,091180,자동차,1,23197.0,14.75,LIME,1,0.1,0.0,0.45,0.472751,0.047275,4727511,False,26.8185,0,0.1,PURPLE,PURPLE
2025-12-02,244580,바이오,2,12645.0,12.75,LIME,1,0.1,0.0,0.3,0.315167,0.031517,3151674,False,30.2955,0,0.1,PURPLE,PURPLE
2025-12-02,411060,금현물,3,28090.0,12.0,-,1,0.1,0.0,0.25,0.212081,0.021208,2120814,False,36.776,2,0.1,PURPLE,PURPLE
2025-12-03,244580,바이오,1,12635.0,15.5,LIME,1,0.24,0.24,0.35,0.363448,0.087227,8722741,False,30.2484,0,0.2,-,PURPLE
2025-12-03,091180,자동차,2,23666.0,16.0,LIME,1,0.24,0.24,0.3,0.311526,0.074766,7476635,False,27.0236,0,0.2,-,PURPLE
2025-12-03,229200,코스닥,3,16130.0,13.75,LIME,1,0.2,0.2,0.25,0.259605,0.051921,5192107,False,25.9782,0,0.2,-,PURPLE
2025-12-03,411060,금현물,4,28020.0,13.0,-,1,0.2,0.2,0.1,0.065421,0.013084,1308411,False,36.8012,3,0.2,-,PURPLE
2025-12-04,244580,바이오,1,12895.0,16.0,LIME,1,0.85,0.6,0.35,0.385675,0.327824,32782369,False,30.064,0,0.85,LIME,-
2025-12-04,091180,자동차,2,24269.0,16.0,LIME,1,0.85,0.6,0.3,0.330579,0.280992,28099173,False,27.3985,0,0.85,LIME,-
2025-12-04,411060,금현물,3,27990.0,13.5,LIME,2,0.85,0.45,0.25,0.173554,0.147521,14752066,False,36.5652,3,0.85,LIME,-
2025-12-04,229200,코스닥,4,16000.0,13.5,LIME,2,0.85,0.45,0.1,0.110193,0.093664,9366391,False,25.9525,0,0.85,LIME,-
2025-12-05,244580,바이오,1,12700.0,16.0,LIME,1,0.85,0.6,0.35,0.367695,0.312541,31254103,False,29.7709,0,0.85,LIME,LIME
2025-12-05,091180,자동차,2,25442.0,16.0,LIME,1,0.85,0.6,0.3,0.315167,0.267892,26789231,False,28.8372,0,0.85,LIME,LIME
2025-12-05,411060,금현물,3,28155.0,14.0,-,1,0.85,0.55,0.25,0.212081,0.180269,18026920,False,36.5614,2,0.85,LIME,LIME
2025-12-05,229200,코스닥,4,15740.0,12.25,LIME,2,0.85,0.35,0.1,0.105056,0.089297,8929743,False,26.2024,0,0.85,LIME,LIME
2025-12-08,091180,자동차,1,25417.0,16.0,LIME,1,0.85,0.6,0.33,0.337942,0.28725,28725038,False,28.8539,0,0.85,LIME,LIME
2025-12-08,244580,바이오,2,12475.0,14.5,LIME,2,0.85,0.5,0.27,0.276498,0.235023,23502304,False,30.0248,0,0.85,LIME,LIME
2025-12-08,069500,코스피,3,58958.0,13.5,LIME,1,0.85,0.5,0.2,0.204813,0.174091,17409114,False,27.7862,0,0.85,LIME,LIME
2025-12-08,411060,금현물,4,28145.0,13.5,-,1,0.85,0.5,0.1,0.078341,0.06659,6658986,False,36.5259,2,0.85,LIME,LIME
2025-12-08,229200,코스닥,5,15950.0,11.0,LIME,2,0.85,0.3,0.1,0.102407,0.087046,8704557,False,26.2836,0,0.85,LIME,LIME
2025-12-09,091180,자동차,1,25048.0,16.0,LIME,1,0.85,0.6,0.33,0.343929,0.29234,29233976,False,29.0671,0,0.85,LIME,LIME
2025-12-09,469070,ai로봇,2,13075.0,15.0,LIME,1,0.85,0.6,0.27,0.239187,0.203309,20330901,False,46.1033,0,0.85,LIME,LIME
2025-12-09,325020,케모멘,3,19586.0,15.25,LIME,1,0.85,0.6,0.2,0.208442,0.177176,17717561,False,21.0817,0,0.85,LIME,LIME
2025-12-09,069500,코스피,4,58643.0,14.0,LIME,1,0.85,0.55,0.1,0.104221,0.088588,8858780,False,27.8645,0,0.85,LIME,LIME
2025-12-09,244580,바이오,5,12725.0,14.25,LIME,1,0.85,0.55,0.1,0.104221,0.088588,8858780,False,30.1438,0,0.85,LIME,LIME
2025-12-10,469070,ai로봇,1,13120.0,15.0,LIME,1,0.85,0.6,0.31,0.27635,0.234898,23489774,False,46.081,0,0.85,LIME,LIME
2025-12-10,091180,자동차,2,24993.0,14.75,LIME,2,0.85,0.5,0.25,0.262192,0.222863,22286313,False,29.0475,0,0.85,LIME,LIME
2025-12-10,446770,톱반도,3,46503.0,13.5,LIME,1,0.85,0.5,0.16,0.167803,0.142632,14263240,False,31.8935,0,0.85,LIME,LIME
2025-12-10,244580,바이오,4,12875.0,14.0,LIME,1,0.85,0.55,0.1,0.104877,0.089145,8914525,False,30.0675,0,0.85,LIME,LIME
2025-12-10,069500,코스피,5,58618.0,13.5,LIME,1,0.85,0.5,0.1,0.104877,0.089145,8914525,False,27.8853,0,0.85,LIME,LIME
2025-12-10,325020,케모멘,6,19353.0,13.75,LIME,2,0.85,0.45,0.08,0.083901,0.071316,7131620,False,21.2876,0,0.85,LIME,LIME
2025-12-11,469070,ai로봇,1,13210.0,15.0,LIME,1,0.8,0.6,0.31,0.27635,0.22108,22108023,False,46.0634,0,0.8,LIME,LIME
2025-12-11,244580,바이오,2,12980.0,14.0,LIME,1,0.8,0.55,0.25,0.262192,0.209754,20975353,False,30.0709,0,0.8,LIME,LIME
2025-12-11,446770,톱반도,3,46103.0,13.0,LIME,1,0.8,0.5,0.16,0.167803,0.134242,13424226,False,32.0382,0,0.8,LIME,LIME
2025-12-11,091180,자동차,4,24584.0,13.5,LIME,2,0.8,0.45,0.1,0.104877,0.083901,8390141,False,29.2474,0,0.8,LIME,LIME
2025-12-11,069500,코스피,5,58138.0,12.0,LIME,2,0.8,0.35,0.1,0.104877,0.083901,8390141,False,28.0086,0,0.8,LIME,LIME
2025-12-11,325020,케모멘,6,19477.0,11.5,LIME,2,0.8,0.3,0.08,0.083901,0.067121,6712113,False,21.2623,0,0.8,LIME,LIME
2025-12-12,469070,ai로봇,1,13620.0,15.25,LIME,1,0.85,0.6,0.33,0.295108,0.250842,25084166,False,46.3474,0,0.85,LIME,LIME
2025-12-12,244580,바이오,2,12880.0,15.5,LIME,1,0.85,0.6,0.27,0.284061,0.241452,24145186,False,30.1359,0,0.85,LIME,LIME
2025-12-12,446770,톱반도,3,46363.0,13.0,LIME,1,0.85,0.5,0.2,0.210416,0.178853,17885323,False,32.0082,0,0.85,LIME,LIME
2025-12-12,091180,자동차,4,25212.0,12.75,LIME,1,0.85,0.4,0.1,0.105208,0.089427,8942661,False,29.5336,0,0.85,LIME,LIME
2025-12-12,069500,코스피,5,58933.0,12.0,LIME,1,0.85,0.4,0.1,0.105208,0.089427,8942661,False,28.0091,0,0.85,LIME,LIME
2025-12-15,469070,ai로봇,1,13685.0,15.5,LIME,1,0.6,0.6,0.33,0.296668,0.178001,17800105,False,46.3217,0,0.6,LIME,LIME
2025-12-15,244580,바이오,2,12840.0,14.75,LIME,2,0.6,0.5,0.27,0.285563,0.171338,17133791,False,30.1701,0,0.6,LIME,LIME
2025-12-15,117680,철강주,3,13341.0,15.5,LIME,1,0.6,0.6,0.2,0.211528,0.126917,12691697,False,34.0385,0,0.6,LIME,LIME
2025-12-15,446770,톱반도,4,44990.0,11.0,LIME,3,0.6,0.3,0.1,0.100476,0.060286,6028556,False,32.5326,1,0.6,LIME,LIME
2025-12-15,091180,자동차,5,24783.0,11.0,LIME,2,0.6,0.3,0.1,0.105764,0.063458,6345848,False,29.8169,0,0.6,LIME,LIME
2025-12-16,469070,ai로봇,1,13065.0,13.75,LIME,3,0.45,0.45,0.35,0.331579,0.149211,14921052,False,47.4105,0,0.2,-,LIME
2025-12-16,411060,금현물,2,28660.0,13.0,LIME,1,0.5,0.5,0.3,0.315789,0.157895,15789473,False,36.3571,0,0.2,-,LIME
2025-12-16,244580,바이오,3,12665.0,12.75,-,3,0.35,0.35,0.25,0.263158,0.092105,9210526,False,30.3751,0,0.2,-,LIME
2025-12-16,117680,철강주,4,12392.0,13.75,LIME,3,0.45,0.45,0.1,0.089474,0.040263,4026315,False,37.0569,2,0.2,-,LIME
2025-12-17,411060,금현물,1,29035.0,15.0,LIME,1,0.6,0.6,0.35,0.365059,0.219035,21903520,False,36.4073,0,0.2,-,-
2025-12-17,195930,유로스,2,20870.0,13.75,LIME,1,0.5,0.5,0.3,0.312907,0.156454,15645371,False,12.345,0,0.2,-,-
2025-12-17,469070,ai로봇,3,12645.0,12.0,LIME,3,0.35,0.35,0.25,0.222947,0.078031,7803129,False,47.7613,1,0.2,-,-
2025-12-17,117680,철강주,4,12636.0,12.0,-,3,0.35,0.35,0.1,0.099087,0.034681,3468057,False,36.367,1,0.2,-,-
2025-12-18,411060,금현물,1,29030.0,15.0,LIME,1,0.6,0.6,1.0,1.0,0.6,60000000,False,36.3923,0,0.2,-,-
2025-12-19,411060,금현물,1,29000.0,15.0,-,1,0.6,0.6,1.0,1.0,0.6,60000000,False,36.2735,0,0.2,-,-
2025-12-22,411060,금현물,1,29525.0,15.0,-,1,0.6,0.6,1.0,1.0,0.6,60000000,False,36.357,0,0.3,-,-
2025-12-23,411060,금현물,1,30240.0,15.0,LIME,1,0.6,0.6,1.0,1.0,0.6,60000000,False,36.4268,0,0.4,-,-
2025-12-24,411060,금현물,1,30180.0,15.0,LIME,1,0.6,0.6,0.45,0.463918,0.278351,27835051,False,36.3916,0,0.4,-,-
2025-12-24,469070,ai로봇,2,13135.0,11.0,-,2,0.4,0.3,0.3,0.278351,0.11134,11134020,False,48.3022,0,0.4,-,-
2025-12-24,478150,우주방,3,20243.0,13.0,LIME,1,0.5,0.5,0.25,0.257732,0.128866,12886597,False,21.841,0,0.4,-,-
2025-12-26,411060,금현물,1,30040.0,15.0,LIME,1,0.6,0.6,0.35,0.35443,0.212658,21265822,False,36.3094,0,0.4,-,-
2025-12-26,495050,밸류업,2,16996.0,13.0,LIME,1,0.5,0.5,0.3,0.303797,0.151899,15189873,False,30.8819,0,0.4,-,-
2025-12-26,091160,반도체,3,59525.0,11.5,LIME,1,0.4,0.35,0.25,0.240506,0.096203,9620253,False,40.195,0,0.4,-,-
2025-12-26,478150,우주방,4,20005.0,12.5,LIME,2,0.4,0.35,0.1,0.101266,0.040506,4050632,False,21.9916,0,0.4,-,-
2025-12-29,495050,밸류업,1,17560.0,14.75,LIME,1,0.85,0.55,0.35,0.356234,0.302799,30279898,False,31.4446,0,0.85,LIME,-
2025-12-29,411060,금현물,2,29645.0,14.0,LIME,2,0.85,0.5,0.3,0.305344,0.259542,25954198,False,36.2638,0,0.85,LIME,-
2025-12-29,091160,반도체,3,60755.0,12.5,LIME,1,0.85,0.4,0.25,0.24173,0.205471,20547073,False,40.2785,0,0.85,LIME,-
2025-12-29,478150,우주방,4,19780.0,11.5,LIME,3,0.85,0.3,0.1,0.096692,0.082188,8218829,False,22.1061,1,0.85,LIME,-
2025-12-30,495050,밸류업,1,17714.0,15.5,LIME,1,0.85,0.6,0.35,0.359897,0.305913,30591259,False,31.4047,0,0.85,LIME,LIME
2025-12-30,069500,코스피,2,60831.0,14.5,LIME,1,0.85,0.55,0.3,0.308483,0.262211,26221079,False,29.0839,0,0.85,LIME,LIME
2025-12-30,091160,반도체,3,61300.0,12.75,LIME,1,0.85,0.4,0.25,0.244216,0.207584,20758354,False,40.2888,0,0.85,LIME,LIME
2025-12-30,411060,금현물,4,29005.0,12.0,-,3,0.85,0.35,0.1,0.087404,0.074293,7429305,False,36.4999,2,0.85,LIME,LIME
2026-01-02,495050,밸류업,1,18172.0,15.75,LIME,1,0.85,0.6,0.45,0.461538,0.392308,39230769,False,31.6467,0,0.85,LIME,LIME
2026-01-02,069500,코스피,2,62594.0,15.75,LIME,1,0.85,0.6,0.3,0.307692,0.261538,26153846,False,29.5013,0,0.85,LIME,LIME
2026-01-02,091160,반도체,3,65480.0,14.5,LIME,1,0.85,0.55,0.25,0.230769,0.196154,19615384,False,42.1113,0,0.85,LIME,LIME
2026-01-05,069500,코스피,1,64971.0,16.0,LIME,1,0.85,0.6,0.45,0.461538,0.392308,39230769,False,29.6826,0,0.85,LIME,LIME
2026-01-05,495050,밸류업,2,18731.0,16.0,LIME,1,0.85,0.6,0.3,0.307692,0.261538,26153846,False,31.5861,0,0.85,LIME,LIME
2026-01-05,091160,반도체,3,68600.0,15.25,LIME,1,0.85,0.6,0.25,0.230769,0.196154,19615384,False,42.206,0,0.85,LIME,LIME
2026-01-06,091160,반도체,1,70785.0,16.0,LIME,1,0.85,0.6,0.45,0.424084,0.360471,36047120,False,42.4122,0,0.85,LIME,LIME
2026-01-06,069500,코스피,2,66140.0,16.0,LIME,1,0.85,0.6,0.3,0.314136,0.267016,26701570,False,29.7241,0,0.85,LIME,LIME
2026-01-06,495050,밸류업,3,19098.0,16.0,LIME,1,0.85,0.6,0.25,0.26178,0.222513,22251308,False,31.5698,0,0.85,LIME,LIME
2026-01-07,091160,반도체,1,70300.0,16.0,LIME,1,0.85,0.6,0.45,0.424084,0.360471,36047120,False,42.4728,0,0.85,LIME,LIME
2026-01-07,069500,코스피,2,66649.0,16.0,LIME,1,0.85,0.6,0.3,0.314136,0.267016,26701570,False,29.6814,0,0.85,LIME,LIME
2026-01-07,495050,밸류업,3,19403.0,16.0,LIME,1,0.85,0.6,0.25,0.26178,0.222513,22251308,False,31.6083,0,0.85,LIME,LIME
2026-01-08,091160,반도체,1,70160.0,16.0,LIME,1,0.85,0.6,0.45,0.424084,0.360471,36047120,False,42.3438,0,0.85,LIME,LIME
2026-01-08,495050,밸류업,2,19378.0,16.0,LIME,1,0.85,0.6,0.3,0.314136,0.267016,26701570,False,31.6339,0,0.85,LIME,LIME
2026-01-08,069500,코스피,3,66550.0,16.0,LIME,1,0.85,0.6,0.25,0.26178,0.222513,22251308,False,29.6974,0,0.85,LIME,LIME
2026-01-09,495050,밸류업,1,19578.0,16.0,LIME,1,0.85,0.6,0.35,0.353535,0.300505,30050505,False,30.762,0,0.85,LIME,LIME
2026-01-09,069500,코스피,2,67109.0,16.0,LIME,1,0.85,0.6,0.3,0.30303,0.257576,25757575,False,29.2867,0,0.85,LIME,LIME
2026-01-09,446770,톱반도,3,50822.0,16.0,LIME,1,0.85,0.6,0.25,0.252525,0.214646,21464646,False,33.4149,0,0.85,LIME,LIME
2026-01-09,091160,반도체,4,69305.0,14.75,LIME,2,0.85,0.5,0.1,0.090909,0.077273,7727272,False,41.669,0,0.85,LIME,LIME
2026-01-12,495050,밸류업,1,19693.0,16.0,LIME,1,0.85,0.6,0.33,0.333333,0.283333,28333333,False,30.7234,0,0.85,LIME,LIME
2026-01-12,091180,자동차,2,26744.0,16.0,LIME,1,0.85,0.6,0.27,0.272727,0.231818,23181818,False,32.8088,0,0.85,LIME,LIME
2026-01-12,069500,코스피,3,67538.0,16.0,LIME,1,0.85,0.6,0.2,0.20202,0.171717,17171717,False,28.9954,0,0.85,LIME,LIME
2026-01-12,446770,톱반도,4,51791.0,16.0,LIME,1,0.85,0.6,0.1,0.10101,0.085859,8585858,False,31.9051,0,0.85,LIME,LIME
2026-01-12,091160,반도체,5,69120.0,13.5,LIME,2,0.85,0.45,0.1,0.090909,0.077273,7727272,False,40.5927,0,0.85,LIME,LIME
2026-01-13,091180,자동차,1,28560.0,16.0,LIME,1,0.85,0.6,0.33,0.322034,0.273729,27372881,False,35.0285,0,0.85,LIME,LIME
2026-01-13,495050,밸류업,2,19908.0,16.0,LIME,1,0.85,0.6,0.27,0.27735,0.235747,23574730,False,30.3813,0,0.85,LIME,LIME
2026-01-13,069500,코스피,3,68393.0,16.0,LIME,1,0.85,0.6,0.2,0.205444,0.174628,17462763,False,28.8992,0,0.85,LIME,LIME
2026-01-13,446770,톱반도,4,52230.0,16.0,LIME,1,0.85,0.6,0.1,0.102722,0.087314,8731381,False,31.6867,0,0.85,LIME,LIME
2026-01-13,091160,반도체,5,69400.0,11.75,LIME,2,0.85,0.3,0.1,0.09245,0.078582,7858243,False,40.593,0,0.85,LIME,LIME
2026-01-14,091180,자동차,1,29174.0,16.0,LIME,1,0.85,0.6,0.33,0.322034,0.273729,27372881,False,35.079,0,0.85,LIME,LIME
2026-01-14,495050,밸류업,2,20130.0,16.0,LIME,1,0.85,0.6,0.27,0.27735,0.235747,23574730,False,30.0673,0,0.85,LIME,LIME
2026-01-14,069500,코스피,3,68767.0,16.0,LIME,1,0.85,0.6,0.2,0.205444,0.174628,17462763,False,28.733,0,0.85,LIME,LIME
2026-01-14,446770,톱반도,4,52500.0,16.0,LIME,1,0.85,0.6,0.1,0.102722,0.087314,8731381,False,31.6846,0,0.85,LIME,LIME
2026-01-14,091160,반도체,5,70550.0,11.5,LIME,1,0.85,0.35,0.1,0.09245,0.078582,7858243,False,40.168,0,0.85,LIME,LIME
2026-01-15,091180,자동차,1,29828.0,16.0,LIME,1,0.85,0.6,0.31,0.319258,0.27137,27136972,False,35.2176,0,0.85,LIME,LIME
2026-01-15,449450,방산주,2,70130.0,16.0,LIME,1,0.85,0.6,0.25,0.23172,0.196962,19696189,False,46.0742,0,0.85,LIME,LIME
2026-01-15,495050,밸류업,3,20460.0,16.0,LIME,1,0.85,0.6,0.16,0.164779,0.140062,14006179,False,29.6322,0,0.85,LIME,LIME
2026-01-15,069500,코스피,4,69941.0,16.0,LIME,1,0.85,0.6,0.1,0.102987,0.087539,8753861,False,28.4717,0,0.85,LIME,LIME
2026-01-15,446770,톱반도,5,53194.0,16.0,LIME,1,0.85,0.6,0.1,0.102987,0.087539,8753861,False,31.7144,0,0.85,LIME,LIME
2026-01-15,091160,반도체,6,71150.0,12.75,LIME,1,0.85,0.4,0.08,0.07827,0.066529,6652935,False,39.5335,0,0.85,LIME,LIME
2026-01-16,091180,자동차,1,29603.0,16.0,LIME,1,0.85,0.6,0.31,0.321911,0.273624,27362409,False,34.2038,0,0.85,LIME,LIME
2026-01-16,434730,원자력,2,58040.0,16.0,LIME,1,0.85,0.6,0.25,0.233645,0.198598,19859813,False,43.7647,0,0.85,LIME,LIME
2026-01-16,495050,밸류업,3,20585.0,16.0,LIME,1,0.85,0.6,0.16,0.166147,0.141225,14122533,False,29.3164,0,0.85,LIME,LIME
2026-01-16,069500,코스피,4,70680.0,16.0,LIME,1,0.85,0.6,0.1,0.103842,0.088266,8826583,False,28.1711,0,0.85,LIME,LIME
2026-01-16,446770,톱반도,5,53908.0,16.0,LIME,1,0.85,0.6,0.1,0.103842,0.088266,8826583,False,31.4928,0,0.85,LIME,LIME
2026-01-16,449450,방산주,6,68310.0,15.0,LIME,2,0.85,0.55,0.08,0.070613,0.060021,6002076,False,46.4029,0,0.85,LIME,LIME
2026-01-19,469070,ai로봇,1,17215.0,16.0,LIME,1,0.85,0.6,0.31,0.281067,0.238907,23890666,False,52.7488,0,0.85,LIME,LIME
2026-01-19,091180,자동차,2,31988.0,16.0,LIME,1,0.85,0.6,0.25,0.266667,0.226667,22666666,False,37.3022,0,0.85,LIME,LIME
2026-01-19,434730,원자력,3,59295.0,16.0,LIME,1,0.85,0.6,0.16,0.1536,0.13056,13056000,False,43.704,0,0.85,LIME,LIME
2026-01-19,495050,밸류업,4,21014.0,16.0,LIME,1,0.85,0.6,0.1,0.106667,0.090667,9066666,False,29.4565,0,0.85,LIME,LIME
2026-01-19,069500,코스피,5,71704.0,16.0,LIME,1,0.85,0.6,0.1,0.106667,0.090667,9066666,False,28.2325,0,0.85,LIME,LIME
2026-01-19,446770,톱반도,6,54527.0,16.0,LIME,1,0.85,0.6,0.08,0.085333,0.072533,7253333,False,31.3828,0,0.85,LIME,LIME
2026-01-20,469070,ai로봇,1,17345.0,16.0,LIME,1,0.85,0.6,0.31,0.281067,0.238907,23890666,False,51.9237,0,0.85,LIME,LIME
2026-01-20,091180,자동차,2,31739.0,16.0,LIME,1,0.85,0.6,0.25,0.266667,0.226667,22666666,False,37.3551,0,0.85,LIME,LIME
2026-01-20,434730,원자력,3,61175.0,16.0,LIME,1,0.85,0.6,0.16,0.1536,0.13056,13056000,False,43.9328,0,0.85,LIME,LIME
2026-01-20,495050,밸류업,4,20785.0,16.0,LIME,1,0.85,0.6,0.1,0.106667,0.090667,9066666,False,29.315,0,0.85,LIME,LIME
2026-01-20,069500,코스피,5,71115.0,16.0,LIME,1,0.85,0.6,0.1,0.106667,0.090667,9066666,False,28.2269,0,0.85,LIME,LIME
2026-01-20,446770,톱반도,6,53259.0,15.0,LIME,2,0.85,0.55,0.08,0.085333,0.072533,7253333,False,31.7548,0,0.85,LIME,LIME
2026-01-21,091180,자동차,1,34179.0,16.0,LIME,1,0.85,0.6,0.31,0.312633,0.265738,26573779,False,39.8748,0,0.85,LIME,LIME
2026-01-21,469070,ai로봇,2,17875.0,16.0,LIME,1,0.85,0.6,0.25,0.225584,0.191746,19174628,False,51.8876,0,0.85,LIME,LIME
2026-01-21,495050,밸류업,3,21029.0,16.0,LIME,1,0.85,0.6,0.16,0.169851,0.144374,14437367,False,29.3048,0,0.85,LIME,LIME
2026-01-21,434730,원자력,4,60210.0,16.0,LIME,1,0.85,0.6,0.1,0.100849,0.085722,8572186,False,44.1437,0,0.85,LIME,LIME
2026-01-21,069500,코스피,5,71679.0,16.0,LIME,1,0.85,0.6,0.1,0.106157,0.090234,9023354,False,28.2296,0,0.85,LIME,LIME
2026-01-21,446770,톱반도,6,52830.0,14.0,LIME,2,0.85,0.5,0.08,0.084926,0.072187,7218683,False,31.7805,0,0.85,LIME,LIME
2026-01-22,091180,자동차,1,33076.0,16.0,LIME,1,0.85,0.6,0.31,0.312633,0.265738,26573779,False,40.5914,0,0.85,LIME,LIME
2026-01-22,469070,ai로봇,2,17660.0,16.0,LIME,1,0.85,0.6,0.25,0.225584,0.191746,19174628,False,52.0218,0,0.85,LIME,LIME
2026-01-22,495050,밸류업,3,21193.0,16.0,LIME,1,0.85,0.6,0.16,0.169851,0.144374,14437367,False,29.274,0,0.85,LIME,LIME
2026-01-22,069500,코스피,4,72453.0,16.0,LIME,1,0.85,0.6,0.1,0.106157,0.090234,9023354,False,28.2247,0,0.85,LIME,LIME
2026-01-22,434730,원자력,5,59690.0,16.0,LIME,1,0.85,0.6,0.1,0.100849,0.085722,8572186,False,44.236,0,0.85,LIME,LIME
2026-01-22,446770,톱반도,6,53913.0,13.75,LIME,1,0.85,0.5,0.08,0.084926,0.072187,7218683,False,31.8756,0,0.85,LIME,LIME
2026-01-23,495050,밸류업,1,21222.0,16.0,LIME,1,0.85,0.6,0.31,0.31893,0.271091,27109053,False,29.2232,0,0.85,LIME,LIME
2026-01-23,069500,코스피,2,72948.0,16.0,LIME,1,0.85,0.6,0.25,0.257202,0.218621,21862139,False,28.0546,0,0.85,LIME,LIME
2026-01-23,325020,케모멘,3,23177.0,16.0,LIME,1,0.85,0.6,0.16,0.164609,0.139918,13991769,False,21.2807,0,0.85,LIME,LIME
2026-01-23,091180,자동차,4,32343.0,15.0,LIME,2,0.85,0.55,0.1,0.097737,0.083076,8307613,False,40.4181,0,0.85,LIME,LIME
2026-01-23,469070,ai로봇,5,17275.0,15.0,LIME,2,0.85,0.55,0.1,0.087449,0.074331,7433127,False,52.0695,0,0.85,LIME,LIME
2026-01-23,434730,원자력,6,59410.0,14.75,LIME,2,0.85,0.5,0.08,0.074074,0.062963,6296296,False,44.0969,0,0.85,LIME,LIME
2026-01-26,411060,금현물,1,33380.0,16.0,LIME,1,0.85,0.6,0.31,0.322581,0.274194,27419354,False,22.9232,0,0.85,LIME,LIME
2026-01-26,069500,코스피,2,72229.0,16.0,LIME,1,0.85,0.6,0.25,0.260146,0.221124,22112382,False,27.8784,0,0.85,LIME,LIME
2026-01-26,117680,철강주,3,15440.0,16.0,LIME,1,0.85,0.6,0.16,0.141519,0.120291,12029136,False,40.2427,0,0.85,LIME,LIME
2026-01-26,469070,ai로봇,4,18170.0,15.0,LIME,1,0.85,0.6,0.1,0.08845,0.075182,7518210,False,52.8219,0,0.85,LIME,LIME
2026-01-26,495050,밸류업,5,20985.0,14.5,-,2,0.85,0.5,0.1,0.104058,0.08845,8844953,False,29.338,0,0.85,LIME,LIME
2026-01-26,325020,케모멘,6,22994.0,14.75,LIME,2,0.85,0.5,0.08,0.083247,0.07076,7075962,False,21.3559,0,0.85,LIME,LIME
2026-01-27,411060,금현물,1,34205.0,16.0,LIME,1,0.85,0.6,0.31,0.31893,0.271091,27109053,False,22.297,0,0.85,LIME,LIME
2026-01-27,069500,코스피,2,74696.0,16.0,LIME,1,0.85,0.6,0.25,0.257202,0.218621,21862139,False,28.1326,0,0.85,LIME,LIME
2026-01-27,091160,반도체,3,78105.0,15.5,LIME,1,0.85,0.6,0.16,0.156379,0.132922,13292181,False,40.8897,0,0.85,LIME,LIME
2026-01-27,117680,철강주,4,15345.0,16.0,LIME,1,0.85,0.6,0.1,0.097737,0.083076,8307613,False,39.9795,0,0.85,LIME,LIME
2026-01-27,469070,ai로봇,5,18045.0,15.0,LIME,1,0.85,0.6,0.1,0.087449,0.074331,7433127,False,52.9054,0,0.85,LIME,LIME
2026-01-27,495050,밸류업,6,21722.0,14.5,-,1,0.85,0.55,0.08,0.082305,0.069959,6995884,False,29.533,0,0.85,LIME,LIME
2026-01-28,411060,금현물,1,35315.0,16.0,LIME,1,0.85,0.6,0.31,0.3125,0.265625,26562500,False,21.7112,0,0.85,LIME,LIME
2026-01-28,091160,반도체,2,82950.0,15.75,LIME,1,0.85,0.6,0.25,0.252016,0.214214,21421370,False,42.064,0,0.85,LIME,LIME
2026-01-28,229200,코스닥,3,20320.0,16.0,LIME,1,0.85,0.6,0.16,0.16129,0.137097,13709677,False,39.154,0,0.85,LIME,LIME
2026-01-28,069500,코스피,4,76095.0,16.0,LIME,1,0.85,0.6,0.1,0.100806,0.085685,8568548,False,28.1154,0,0.85,LIME,LIME
2026-01-28,117680,철강주,5,15505.0,16.0,LIME,1,0.85,0.6,0.1,0.100806,0.085685,8568548,False,39.9014,0,0.85,LIME,LIME
2026-01-28,469070,ai로봇,6,18695.0,15.0,LIME,1,0.85,0.6,0.08,0.072581,0.061694,6169354,False,53.1911,0,0.85,LIME,LIME
2026-01-29,469070,ai로봇,1,18985.0,16.0,LIME,1,0.85,0.6,0.31,0.287926,0.244737,24473684,False,53.158,0,0.85,LIME,LIME
2026-01-29,091160,반도체,2,84845.0,16.0,LIME,1,0.85,0.6,0.25,0.257998,0.219298,21929824,False,41.9923,0,0.85,LIME,LIME
2026-01-29,411060,금현물,3,37890.0,16.0,LIME,1,0.85,0.6,0.16,0.165119,0.140351,14035087,False,25.5342,0,0.85,LIME,LIME
2026-01-29,117680,철강주,4,16010.0,16.0,LIME,1,0.85,0.6,0.1,0.103199,0.087719,8771929,False,40.1422,0,0.85,LIME,LIME
2026-01-29,229200,코스닥,5,20915.0,16.0,LIME,1,0.85,0.6,0.1,0.103199,0.087719,8771929,False,39.396,0,0.85,LIME,LIME
2026-01-29,069500,코스피,6,77035.0,16.0,LIME,1,0.85,0.6,0.08,0.082559,0.070175,7017543,False,27.9708,0,0.85,LIME,LIME
2026-01-30,091160,반도체,1,88200.0,16.0,LIME,1,0.85,0.6,0.31,0.3125,0.265625,26562500,False,42.5064,0,0.85,LIME,LIME
2026-01-30,117680,철강주,2,15680.0,16.0,LIME,1,0.85,0.6,0.25,0.252016,0.214214,21421370,False,39.9821,0,0.85,LIME,LIME
2026-01-30,411060,금현물,3,35440.0,16.0,LIME,1,0.85,0.6,0.16,0.16129,0.137097,13709677,False,29.0524,0,0.85,LIME,LIME
2026-01-30,229200,코스닥,4,20500.0,16.0,LIME,1,0.85,0.6,0.1,0.100806,0.085685,8568548,False,39.647,0,0.85,LIME,LIME
2026-01-30,069500,코스피,5,77305.0,16.0,LIME,1,0.85,0.6,0.1,0.100806,0.085685,8568548,False,27.9708,0,0.85,LIME,LIME
2026-01-30,469070,ai로봇,6,18435.0,15.0,LIME,2,0.85,0.55,0.08,0.072581,0.061694,6169354,False,53.5532,0,0.85,LIME,LIME
2026-02-02,091160,반도체,1,81250.0,15.0,-,2,0.55,0.55,0.31,0.319423,0.175683,17568263,False,45.8318,0,0.3,-,LIME
2026-02-02,102970,증권주,2,20410.0,15.0,LIME,2,0.55,0.55,0.25,0.244719,0.134596,13459556,False,46.1576,0,0.3,-,LIME
2026-02-02,495050,밸류업,3,21642.0,14.5,-,3,0.5,0.5,0.16,0.15662,0.07831,7831014,False,32.2002,1,0.3,-,LIME
2026-02-02,229200,코스닥,4,19295.0,15.0,-,2,0.55,0.55,0.1,0.10304,0.056672,5667181,False,41.6378,0,0.3,-,LIME
2026-02-02,069500,코스피,5,72700.0,14.5,-,3,0.5,0.5,0.1,0.097888,0.048944,4894384,False,30.7537,1,0.3,-,LIME
2026-02-02,117680,철강주,6,14550.0,14.0,-,3,0.5,0.5,0.08,0.07831,0.039155,3915507,False,42.1969,1,0.3,-,LIME
2026-02-03,091160,반도체,1,88780.0,15.0,-,1,0.6,0.6,0.31,0.302984,0.18179,18179012,False,48.5879,0,0.4,-,-
2026-02-03,102970,증권주,2,23050.0,15.0,LIME,1,0.6,0.6,0.25,0.244342,0.146605,14660493,False,52.4445,0,0.4,-,-
2026-02-03,495050,밸류업,3,23198.0,14.5,-,1,0.55,0.55,0.16,0.164609,0.090535,9053497,False,34.2302,0,0.4,-,-
2026-02-03,069500,코스피,4,78290.0,14.5,-,1,0.55,0.55,0.1,0.102881,0.056584,5658436,False,33.6493,0,0.4,-,-
2026-02-03,229200,코스닥,5,20145.0,13.75,-,2,0.45,0.45,0.1,0.102881,0.046296,4629629,False,42.2239,0,0.4,-,-
2026-02-03,117680,철강주,6,15250.0,12.25,-,2,0.4,0.35,0.08,0.082305,0.032922,3292181,False,43.1081,0,0.4,-,-
2026-02-04,091160,반도체,1,88800.0,15.0,-,1,0.6,0.6,0.31,0.302984,0.18179,18179012,False,48.3983,0,0.4,-,-
2026-02-04,102970,증권주,2,23065.0,15.0,LIME,1,0.6,0.6,0.25,0.244342,0.146605,14660493,False,51.1484,0,0.4,-,-
2026-02-04,495050,밸류업,3,23433.0,14.5,-,1,0.55,0.55,0.16,0.164609,0.090535,9053497,False,33.6023,0,0.4,-,-
2026-02-04,069500,코스피,4,79385.0,14.5,-,1,0.55,0.55,0.1,0.102881,0.056584,5658436,False,33.0624,0,0.4,-,-
2026-02-04,117680,철강주,5,15650.0,12.0,-,1,0.4,0.4,0.1,0.102881,0.041152,4115226,False,43.1726,0,0.4,-,-
2026-02-04,229200,코스닥,6,20040.0,12.0,-,2,0.4,0.35,0.08,0.082305,0.032922,3292181,False,42.0701,0,0.4,-,-
2026-02-05,102970,증권주,1,22445.0,15.0,LIME,1,0.6,0.6,0.33,0.301451,0.18087,18087049,False,51.3414,0,0.3,-,-
2026-02-05,117700,건설주,2,5550.0,14.5,LIME,1,0.55,0.55,0.27,0.290167,0.159592,15959161,False,35.7234,0,0.3,-,-
2026-02-05,091160,반도체,3,84000.0,13.5,-,2,0.45,0.45,0.2,0.193444,0.08705,8704997,False,49.306,0,0.3,-,-
2026-02-05,495050,밸류업,4,22489.0,13.0,-,2,0.45,0.45,0.1,0.107469,0.048361,4836109,False,34.1654,0,0.3,-,-
2026-02-05,069500,코스피,5,76010.0,13.0,-,2,0.45,0.45,0.1,0.107469,0.048361,4836109,False,33.7853,0,0.3,-,-
2026-02-06,117700,건설주,1,5490.0,16.0,LIME,1,0.6,0.6,0.31,0.319588,0.191753,19175257,False,35.868,0,0.2,-,-
2026-02-06,325020,케모멘,2,23910.0,16.0,-,1,0.6,0.6,0.25,0.257732,0.154639,15463917,False,24.2999,0,0.2,-,-
2026-02-06,091170,은행주,3,14840.0,16.0,LIME,1,0.6,0.6,0.16,0.164948,0.098969,9896907,False,25.3047,0,0.2,-,-
2026-02-06,102970,증권주,4,21780.0,14.5,-,2,0.5,0.5,0.1,0.087629,0.043814,4381443,False,51.85,0,0.2,-,-
2026-02-06,091160,반도체,5,84420.0,13.0,-,2,0.45,0.45,0.1,0.087629,0.039433,3943298,False,49.2894,0,0.2,-,-
2026-02-06,495050,밸류업,6,22231.0,12.5,-,3,0.35,0.35,0.08,0.082474,0.028866,2886597,False,34.1941,0,0.2,-,-
2026-02-09,117700,건설주,1,5690.0,16.0,LIME,1,0.6,0.6,0.31,0.322581,0.193548,19354838,False,35.987,0,0.3,-,-
2026-02-09,325020,케모멘,2,24485.0,15.75,-,1,0.6,0.6,0.25,0.260146,0.156087,15608740,False,24.2103,0,0.3,-,-
2026-02-09,102970,증권주,3,23300.0,14.5,-,1,0.55,0.55,0.16,0.141519,0.077836,7783558,False,52.749,0,0.3,-,-
2026-02-09,091170,은행주,4,15323.0,16.0,LIME,1,0.6,0.6,0.1,0.104058,0.062435,6243496,False,25.7811,0,0.3,-,-
2026-02-09,091160,반도체,5,88570.0,12.75,-,1,0.4,0.4,0.1,0.08845,0.03538,3537981,False,49.5716,0,0.3,-,-
2026-02-09,495050,밸류업,6,23163.0,12.25,-,1,0.4,0.4,0.08,0.083247,0.033299,3329864,False,34.5883,0,0.3,-,-
2026-02-10,117700,건설주,1,5760.0,16.0,LIME,1,0.6,0.6,0.31,0.319588,0.191753,19175257,False,35.9091,0,0.4,-,-
2026-02-10,325020,케모멘,2,24985.0,15.75,-,1,0.6,0.6,0.25,0.257732,0.154639,15463917,False,23.7124,0,0.4,-,-
2026-02-10,091170,은행주,3,15799.0,16.0,LIME,1,0.6,0.6,0.16,0.164948,0.098969,9896907,False,25.7705,0,0.4,-,-
2026-02-10,102970,증권주,4,23880.0,14.5,-,1,0.55,0.55,0.1,0.087629,0.048196,4819587,False,51.5969,0,0.4,-,-
2026-02-10,091160,반도체,5,86705.0,12.0,-,1,0.4,0.4,0.1,0.087629,0.035052,3505154,False,49.7529,0,0.4,-,-
2026-02-10,495050,밸류업,6,23278.0,12.0,-,1,0.4,0.4,0.08,0.082474,0.03299,3298969,False,34.1343,0,0.4,-,-
2026-02-11,117700,건설주,1,5835.0,16.0,LIME,1,0.6,0.6,0.31,0.318602,0.191161,19116135,False,35.9083,0,0.4,-,-
2026-02-11,091170,은행주,2,16426.0,16.0,LIME,1,0.6,0.6,0.25,0.256937,0.154162,15416238,False,26.6251,0,0.4,-,-
2026-02-11,325020,케모멘,3,25620.0,15.75,-,1,0.6,0.6,0.16,0.16444,0.098664,9866392,False,24.0407,0,0.4,-,-
2026-02-11,102970,증권주,4,23660.0,14.5,-,1,0.55,0.55,0.1,0.087359,0.048047,4804727,False,51.2025,0,0.4,-,-
2026-02-11,495050,밸류업,5,23453.0,13.5,-,1,0.5,0.5,0.1,0.102775,0.051387,5138746,False,34.1365,0,0.4,-,-
2026-02-11,091160,반도체,6,85825.0,11.25,-,3,0.4,0.3,0.08,0.069887,0.027955,2795477,False,49.8249,0,0.4,-,-
2026-02-12,102970,증권주,1,24595.0,16.0,-,1,0.6,0.6,0.31,0.279873,0.167924,16792352,False,50.8552,0,0.4,-,-
2026-02-12,117700,건설주,2,5855.0,16.0,LIME,1,0.6,0.6,0.25,0.265534,0.15932,15932023,False,35.8783,0,0.4,-,-
2026-02-12,495050,밸류업,3,24216.0,15.5,-,1,0.6,0.6,0.16,0.169942,0.101965,10196494,False,34.5405,0,0.4,-,-
2026-02-12,091170,은행주,4,17141.0,16.0,LIME,1,0.6,0.6,0.1,0.106213,0.063728,6372809,False,27.0365,0,0.4,-,-
2026-02-12,325020,케모멘,5,26260.0,15.75,-,1,0.6,0.6,0.1,0.106213,0.063728,6372809,False,24.0948,0,0.4,-,-
2026-02-12,091160,반도체,6,89400.0,12.75,-,1,0.4,0.4,0.08,0.072225,0.02889,2889006,False,50.2977,0,0.4,-,-
2026-02-13,102970,증권주,1,26615.0,16.0,LIME,1,0.6,0.6,0.31,0.279873,0.167924,16792352,False,53.0177,0,0.3,-,-
2026-02-13,117700,건설주,2,5820.0,16.0,LIME,1,0.6,0.6,0.25,0.265534,0.15932,15932023,False,35.9092,0,0.3,-,-
2026-02-13,495050,밸류업,3,24246.0,15.75,-,1,0.6,0.6,0.16,0.169942,0.101965,10196494,False,34.5016,0,0.3,-,-
2026-02-13,325020,케모멘,4,26320.0,16.0,-,1,0.6,0.6,0.1,0.106213,0.063728,6372809,False,24.0828,0,0.3,-,-
2026-02-13,091170,은행주,5,16908.0,16.0,LIME,1,0.6,0.6,0.1,0.106213,0.063728,6372809,False,27.2798,0,0.3,-,-
2026-02-13,091160,반도체,6,88745.0,13.0,-,1,0.5,0.5,0.08,0.072225,0.036113,3611258,False,50.3467,0,0.3,-,-
2026-02-19,102970,증권주,1,30065.0,16.0,LIME,1,0.6,0.6,0.31,0.279873,0.167924,16792352,False,57.2467,0,0.4,-,-
2026-02-19,117700,건설주,2,6090.0,16.0,LIME,1,0.6,0.6,0.25,0.265534,0.15932,15932023,False,36.2908,0,0.4,-,-
2026-02-19,495050,밸류업,3,24821.0,16.0,-,1,0.6,0.6,0.16,0.169942,0.101965,10196494,False,33.328,0,0.4,-,-
2026-02-19,325020,케모멘,4,26725.0,16.0,-,1,0.6,0.6,0.1,0.106213,0.063728,6372809,False,23.0099,0,0.4,-,-
2026-02-19,091170,은행주,5,16903.0,16.0,LIME,1,0.6,0.6,0.1,0.106213,0.063728,6372809,False,26.7755,0,0.4,-,-
2026-02-19,091160,반도체,6,91585.0,13.75,-,1,0.5,0.5,0.08,0.072225,0.036113,3611258,False,48.8166,0,0.4,-,-
2026-02-20,102970,증권주,1,30505.0,16.0,LIME,1,0.6,0.6,0.31,0.283791,0.170275,17027463,False,57.0963,0,0.4,-,-
2026-02-20,091160,반도체,2,92945.0,16.0,-,1,0.6,0.6,0.25,0.242326,0.145396,14539579,False,48.2238,0,0.4,-,-
2026-02-20,117700,건설주,3,6235.0,16.0,LIME,1,0.6,0.6,0.16,0.172321,0.103393,10339256,False,36.4339,0,0.4,-,-
2026-02-20,495050,밸류업,4,25529.0,16.0,-,1,0.6,0.6,0.1,0.107701,0.06462,6462035,False,33.3857,0,0.4,-,-
2026-02-20,325020,케모멘,5,27320.0,16.0,-,1,0.6,0.6,0.1,0.107701,0.06462,6462035,False,23.2011,0,0.4,-,-
2026-02-20,091170,은행주,6,17390.0,16.0,LIME,1,0.6,0.6,0.08,0.08616,0.051696,5169628,False,26.9504,0,0.4,-,-
2026-02-23,102970,증권주,1,29310.0,16.0,-,1,0.6,0.6,0.31,0.283791,0.170275,17027463,False,56.5425,0,0.4,-,-
2026-02-23,091160,반도체,2,92385.0,16.0,-,1,0.6,0.6,0.25,0.242326,0.145396,14539579,False,47.0885,0,0.4,-,-
2026-02-23,117700,건설주,3,6270.0,16.0,-,1,0.6,0.6,0.16,0.172321,0.103393,10339256,False,35.401,0,0.4,-,-
2026-02-23,495050,밸류업,4,25674.0,16.0,-,1,0.6,0.6,0.1,0.107701,0.06462,6462035,False,32.1524,0,0.4,-,-
2026-02-23,325020,케모멘,5,27265.0,16.0,-,1,0.6,0.6,0.1,0.107701,0.06462,6462035,False,22.5536,0,0.4,-,-
2026-02-23,091170,은행주,6,17117.0,16.0,LIME,1,0.6,0.6,0.08,0.08616,0.051696,5169628,False,26.4915,0,0.4,-,-
2026-02-24,091160,반도체,1,95695.0,16.0,-,1,0.6,0.6,0.31,0.292453,0.175472,17547169,False,47.1499,0,0.4,-,-
2026-02-24,117700,건설주,2,6505.0,16.0,LIME,1,0.6,0.6,0.25,0.262055,0.157233,15723270,False,35.8531,0,0.4,-,-
2026-02-24,495050,밸류업,3,26154.0,16.0,-,1,0.6,0.6,0.16,0.167715,0.100629,10062893,False,32.1034,0,0.4,-,-
2026-02-24,102970,증권주,4,28650.0,15.0,-,2,0.55,0.55,0.1,0.089099,0.049004,4900419,False,56.9463,0,0.4,-,-
2026-02-24,325020,케모멘,5,27455.0,16.0,-,1,0.6,0.6,0.1,0.104822,0.062893,6289308,False,22.476,0,0.4,-,-
2026-02-24,091170,은행주,6,16729.0,14.5,LIME,2,0.5,0.5,0.08,0.083857,0.041929,4192872,False,27.0898,0,0.4,-,-
2026-02-25,117700,건설주,1,6825.0,16.0,LIME,1,0.85,0.6,0.31,0.322917,0.274479,27447916,False,36.6995,0,0.85,LIME,-
2026-02-25,091160,반도체,2,96215.0,16.0,LIME,1,0.85,0.6,0.25,0.234375,0.199219,19921875,False,47.0961,0,0.85,LIME,-
2026-02-25,495050,밸류업,3,26692.0,16.0,LIME,1,0.85,0.6,0.16,0.166667,0.141667,14166666,False,32.176,0,0.85,LIME,-
2026-02-25,325020,케모멘,4,28235.0,16.0,LIME,1,0.85,0.6,0.1,0.104167,0.088542,8854166,False,22.8644,0,0.85,LIME,-
2026-02-25,102970,증권주,5,29540.0,13.75,-,2,0.85,0.45,0.1,0.088542,0.07526,7526041,False,57.0698,0,0.85,LIME,-
2026-02-25,091170,은행주,6,16784.0,12.75,LIME,2,0.85,0.35,0.08,0.083333,0.070833,7083333,False,27.083,0,0.85,LIME,-
2026-02-26,091160,반도체,1,105185.0,16.0,LIME,1,0.85,0.6,0.33,0.311975,0.265179,26517857,False,47.2634,0,0.85,LIME,LIME
2026-02-26,117700,건설주,2,7005.0,16.0,LIME,1,0.85,0.6,0.27,0.283613,0.241071,24107142,False,36.2815,0,0.85,LIME,LIME
2026-02-26,495050,밸류업,3,28050.0,16.0,LIME,1,0.85,0.6,0.2,0.210084,0.178571,17857142,False,31.5656,0,0.85,LIME,LIME
2026-02-26,325020,케모멘,4,28960.0,16.0,LIME,1,0.85,0.6,0.1,0.105042,0.089286,8928571,False,22.5725,0,0.85,LIME,LIME
2026-02-26,102970,증권주,5,29890.0,13.0,-,1,0.85,0.5,0.1,0.089286,0.075893,7589285,False,56.0829,0,0.85,LIME,LIME
2026-02-27,091160,반도체,1,105400.0,16.0,LIME,1,0.85,0.6,0.33,0.311975,0.265179,26517857,False,47.3007,0,0.85,LIME,LIME
2026-02-27,117700,건설주,2,6955.0,16.0,LIME,1,0.85,0.6,0.27,0.283613,0.241071,24107142,False,36.3751,0,0.85,LIME,LIME
2026-02-27,495050,밸류업,3,27700.0,16.0,LIME,1,0.85,0.6,0.2,0.210084,0.178571,17857142,False,31.7772,0,0.85,LIME,LIME
2026-02-27,325020,케모멘,4,28820.0,16.0,LIME,1,0.85,0.6,0.1,0.105042,0.089286,8928571,False,22.5659,0,0.85,LIME,LIME
2026-02-27,102970,증권주,5,29185.0,11.25,-,2,0.85,0.3,0.1,0.089286,0.075893,7589285,False,56.5378,0,0.85,LIME,LIME
2026-03-03,091160,반도체,1,97715.0,15.0,-,2,0.55,0.55,0.33,0.322826,0.177554,17755434,False,50.2041,0,0.3,-,LIME
2026-03-03,455850,반소부,2,25635.0,15.75,LIME,1,0.6,0.6,0.27,0.26413,0.158478,15847826,False,51.8417,0,0.3,-,LIME
2026-03-03,117700,건설주,3,6500.0,15.0,-,2,0.55,0.55,0.2,0.206522,0.113587,11358695,False,39.3473,1,0.3,-,LIME
2026-03-03,495050,밸류업,4,25739.0,14.5,-,3,0.5,0.5,0.1,0.103261,0.05163,5163043,False,35.5579,1,0.3,-,LIME
2026-03-03,325020,케모멘,5,26935.0,14.0,-,3,0.5,0.5,0.1,0.103261,0.05163,5163043,False,26.8567,1,0.3,-,LIME
2026-03-04,455850,반소부,1,22830.0,12.5,-,4,0.1,0.0,0.45,0.526154,0.052615,5261538,False,56.791,1,0.1,PURPLE,-
2026-03-04,091160,반도체,2,84900.0,11.5,-,4,0.1,0.0,0.3,0.258462,0.025846,2584615,True,57.5544,3,0.1,PURPLE,-
2026-03-04,117700,건설주,3,5580.0,11.25,-,4,0.1,0.0,0.25,0.215385,0.021538,2153846,True,49.0935,3,0.1,PURPLE,-
2026-03-05,449450,방산주,1,76400.0,12.25,-,1,0.2,0.2,0.45,0.45,0.09,9000000,False,69.9871,0,0.2,-,PURPLE
2026-03-05,455850,반소부,2,27670.0,12.5,-,1,0.2,0.2,0.3,0.3,0.06,6000000,False,70.2613,0,0.2,-,PURPLE
2026-03-05,091160,반도체,3,100585.0,11.25,-,1,0.2,0.2,0.25,0.25,0.05,5000000,False,67.5686,0,0.2,-,PURPLE
2026-03-06,455850,반소부,1,28560.0,12.5,LIME,1,0.4,0.4,0.45,0.45,0.18,18000000,False,70.4209,0,0.2,-,-
2026-03-06,449450,방산주,2,80155.0,12.25,-,1,0.4,0.4,0.3,0.3,0.12,11999999,False,70.3029,0,0.2,-,-
2026-03-06,478150,우주방,3,22960.0,14.0,LIME,2,0.5,0.5,0.25,0.25,0.125,12500000,False,32.0383,0,0.2,-,-
2026-03-09,449450,방산주,1,77755.0,12.0,-,1,0.1,0.0,0.45,0.45,0.045,4500000,False,70.362,0,0.1,PURPLE,-
2026-03-09,455850,반소부,2,26325.0,12.0,LIME,1,0.1,0.0,0.3,0.3,0.03,3000000,False,72.5279,0,0.1,PURPLE,-
2026-03-09,478150,우주방,3,22700.0,11.5,-,3,0.1,0.0,0.25,0.25,0.025,2500000,False,32.1741,0,0.1,PURPLE,-
2026-03-10,455850,반소부,1,27190.0,15.5,LIME,1,0.1,0.0,0.45,0.45,0.045,4500000,False,72.6679,0,0.1,PURPLE,PURPLE
2026-03-10,449450,방산주,2,76350.0,14.75,-,1,0.1,0.0,0.3,0.3,0.03,3000000,False,70.5403,0,0.1,PURPLE,PURPLE
2026-03-10,091160,반도체,3,99220.0,12.0,-,1,0.1,0.0,0.25,0.25,0.025,2500000,False,71.25,0,0.1,PURPLE,PURPLE
2026-03-11,455850,반소부,1,26220.0,14.25,LIME,2,0.1,0.0,0.45,0.45,0.045,4500000,False,73.1897,0,0.1,PURPLE,PURPLE
2026-03-11,449450,방산주,2,75735.0,13.5,-,2,0.1,0.0,0.3,0.3,0.03,3000000,False,70.4932,0,0.1,PURPLE,PURPLE
2026-03-11,091160,반도체,3,98400.0,11.0,-,2,0.1,0.0,0.25,0.25,0.025,2500000,False,71.3412,0,0.1,PURPLE,PURPLE
2026-03-12,449450,방산주,1,76890.0,12.5,-,2,0.1,0.0,0.45,0.467532,0.046753,4675324,False,70.4242,0,0.1,PURPLE,PURPLE
2026-03-12,455850,반소부,2,26325.0,12.0,-,3,0.1,0.0,0.3,0.311688,0.031169,3116883,False,72.8316,0,0.1,PURPLE,PURPLE
2026-03-12,411060,금현물,3,33945.0,12.0,LIME,1,0.1,0.0,0.25,0.220779,0.022078,2207792,False,42.8791,2,0.1,PURPLE,PURPLE
2026-03-13,449450,방산주,1,76050.0,11.0,-,2,0.1,0.0,0.45,0.454787,0.045479,4547872,False,70.4518,0,0.1,PURPLE,PURPLE
2026-03-13,377990,신재생,2,25455.0,11.0,-,1,0.1,0.0,0.3,0.319149,0.031915,3191489,False,62.3381,0,0.1,PURPLE,PURPLE
2026-03-13,411060,금현물,3,33950.0,12.0,LIME,2,0.1,0.0,0.25,0.226064,0.022606,2260638,False,42.8811,2,0.1,PURPLE,PURPLE
2026-03-17,117700,건설주,1,6645.0,11.0,-,1,0.1,0.0,0.55,0.55,0.055,5500000,False,54.1471,0,0.1,PURPLE,PURPLE
2026-03-17,377990,신재생,2,25100.0,11.5,-,1,0.1,0.0,0.45,0.45,0.045,4500000,False,62.7585,0,0.1,PURPLE,PURPLE
2026-03-18,117700,건설주,1,7095.0,12.75,-,1,0.2,0.2,0.45,0.456853,0.091371,9137055,False,55.3488,0,0.2,-,PURPLE
2026-03-18,091160,반도체,2,105100.0,11.0,-,1,0.2,0.2,0.3,0.28934,0.057868,5786802,False,71.8211,0,0.2,-,PURPLE
2026-03-18,377990,신재생,3,26750.0,11.75,-,1,0.2,0.2,0.25,0.253807,0.050761,5076142,False,63.8688,0,0.2,-,PURPLE
2026-03-19,091160,반도체,1,103420.0,14.0,-,1,0.55,0.55,0.45,0.43734,0.240537,24053708,False,71.8994,0,0.2,-,-
2026-03-19,117700,건설주,2,7095.0,14.0,-,1,0.55,0.55,0.3,0.306905,0.168798,16879795,False,55.2636,0,0.2,-,-
2026-03-19,377990,신재생,3,27135.0,13.0,-,1,0.5,0.5,0.25,0.255754,0.127877,12787723,False,63.886,0,0.2,-,-
2026-03-20,117700,건설주,1,7630.0,15.25,-,1,0.6,0.6,0.45,0.456853,0.274112,27411167,False,56.5781,0,0.2,-,-
2026-03-20,091160,반도체,2,103865.0,15.0,-,1,0.6,0.6,0.3,0.28934,0.173604,17360406,False,71.8729,0,0.2,-,-
2026-03-20,377990,신재생,3,28150.0,15.25,-,1,0.6,0.6,0.25,0.253807,0.152284,15228426,False,64.1288,0,0.2,-,-
2026-03-23,117700,건설주,1,7240.0,16.0,-,1,0.6,0.6,0.45,0.468445,0.281067,28106701,False,57.2199,0,0.2,-,-
2026-03-23,377990,신재생,2,26250.0,15.0,-,2,0.55,0.55,0.3,0.296682,0.163175,16317501,False,65.6494,1,0.2,-,-
2026-03-23,091160,반도체,3,97505.0,12.5,-,4,0.3,0.3,0.25,0.234873,0.070462,7046193,False,73.0068,1,0.2,-,-
2026-03-24,117700,건설주,1,6950.0,15.0,-,2,0.55,0.55,0.45,0.462725,0.254499,25449871,False,57.6269,0,0.2,-,-
2026-03-24,377990,신재생,2,25900.0,13.5,-,3,0.45,0.45,0.3,0.293059,0.131877,13187660,False,65.5591,1,0.2,-,-
2026-03-24,091160,반도체,3,100125.0,11.0,-,3,0.3,0.3,0.25,0.244216,0.073265,7326478,False,72.5423,0,0.2,-,-
2026-03-25,117700,건설주,1,7150.0,13.75,-,2,0.45,0.45,0.55,0.55,0.2475,24750000,False,57.72,0,0.3,-,-
2026-03-25,377990,신재생,2,26845.0,12.25,-,2,0.35,0.35,0.45,0.45,0.1575,15749999,False,65.8231,0,0.3,-,-
2026-03-26,117700,건설주,1,6965.0,11.5,-,3,0.1,0.0,1.0,1.0,0.1,10000000,False,57.9545,0,0.1,PURPLE,-
2026-04-06,305720,이차전,1,17450.0,13.0,LIME,1,0.2,0.2,1.0,1.0,0.2,20000000,False,64.1659,0,0.2,-,PURPLE
2026-04-07,305720,이차전,1,17535.0,13.75,LIME,1,0.1,0.0,1.0,1.0,0.1,10000000,False,63.8799,0,0.1,PURPLE,-
2026-04-08,117700,건설주,1,8920.0,13.75,LIME,1,0.85,0.2,0.55,0.55,0.4675,46750000,False,72.178,0,0.85,LIME,PURPLE
2026-04-08,305720,이차전,2,17955.0,14.0,LIME,1,0.85,0.22,0.45,0.45,0.3825,38250000,False,63.8497,0,0.85,LIME,PURPLE
2026-04-09,117700,건설주,1,8720.0,15.5,LIME,1,0.85,0.6,0.45,0.45,0.3825,38250000,False,72.5196,0,0.85,LIME,LIME
2026-04-09,305720,이차전,2,18180.0,14.5,LIME,1,0.85,0.55,0.3,0.3,0.255,25500000,False,63.8473,0,0.85,LIME,LIME
2026-04-09,449450,방산주,3,78000.0,12.5,LIME,1,0.85,0.4,0.25,0.25,0.2125,21250000,False,75.5843,0,0.85,LIME,LIME
2026-04-10,117700,건설주,1,8775.0,15.75,LIME,1,0.85,0.6,0.45,0.45,0.3825,38250000,False,72.2927,0,0.85,LIME,LIME
2026-04-10,305720,이차전,2,18120.0,14.5,LIME,1,0.85,0.55,0.3,0.3,0.255,25500000,False,63.7182,0,0.85,LIME,LIME
2026-04-10,449450,방산주,3,79200.0,14.0,LIME,1,0.85,0.55,0.25,0.25,0.2125,21250000,False,75.5748,0,0.85,LIME,LIME
2026-04-13,117700,건설주,1,8625.0,15.75,LIME,1,0.85,0.6,0.33,0.334516,0.284339,28433857,False,72.3877,0,0.85,LIME,LIME
2026-04-13,102970,증권주,2,27665.0,12.75,LIME,1,0.85,0.4,0.27,0.26001,0.221009,22100861,False,83.1332,0,0.85,LIME,LIME
2026-04-13,091160,반도체,3,103055.0,12.5,LIME,1,0.85,0.4,0.2,0.202737,0.172326,17232640,False,79.1886,0,0.85,LIME,LIME
2026-04-13,449450,방산주,4,78990.0,14.5,LIME,1,0.85,0.55,0.1,0.101368,0.086163,8616320,False,74.9813,0,0.85,LIME,LIME
2026-04-13,305720,이차전,5,17690.0,13.5,LIME,2,0.85,0.45,0.1,0.101368,0.086163,8616320,False,63.9247,0,0.85,LIME,LIME
2026-04-14,117700,건설주,1,8740.0,14.5,LIME,2,0.85,0.5,0.33,0.334516,0.284339,28433857,False,72.3646,0,0.85,LIME,LIME
2026-04-14,102970,증권주,2,29230.0,13.5,LIME,1,0.85,0.5,0.27,0.26001,0.221009,22100861,False,83.6461,0,0.85,LIME,LIME
2026-04-14,091160,반도체,3,105605.0,13.5,LIME,1,0.85,0.5,0.2,0.202737,0.172326,17232640,False,79.1632,0,0.85,LIME,LIME
2026-04-14,449450,방산주,4,79330.0,15.0,LIME,1,0.85,0.6,0.1,0.101368,0.086163,8616320,False,73.7354,0,0.85,LIME,LIME
2026-04-14,305720,이차전,5,17695.0,12.5,LIME,2,0.85,0.35,0.1,0.101368,0.086163,8616320,False,63.8683,0,0.85,LIME,LIME
2026-04-15,117700,건설주,1,9160.0,14.5,LIME,1,0.85,0.55,0.31,0.311558,0.264824,26482412,False,72.1975,0,0.85,LIME,LIME
2026-04-15,487230,전력인,2,23025.0,15.5,LIME,1,0.85,0.6,0.25,0.251256,0.213568,21356783,False,43.9169,0,0.85,LIME,LIME
2026-04-15,091160,반도체,3,108650.0,14.5,LIME,1,0.85,0.55,0.16,0.160804,0.136683,13668341,False,79.2427,0,0.85,LIME,LIME
2026-04-15,102970,증권주,4,28945.0,14.0,LIME,1,0.85,0.55,0.1,0.095477,0.081156,8115577,False,83.7469,0,0.85,LIME,LIME
2026-04-15,449450,방산주,5,78495.0,14.0,LIME,2,0.85,0.5,0.1,0.100503,0.085427,8542713,False,73.6329,0,0.85,LIME,LIME
2026-04-15,305720,이차전,6,17945.0,12.5,LIME,1,0.85,0.4,0.08,0.080402,0.068342,6834170,False,63.4967,0,0.85,LIME,LIME
2026-04-16,091160,반도체,1,110620.0,15.25,LIME,1,0.85,0.6,0.31,0.311558,0.264824,26482412,False,79.2612,0,0.85,LIME,LIME
2026-04-16,487230,전력인,2,23175.0,16.0,LIME,1,0.85,0.6,0.25,0.251256,0.213568,21356783,False,43.5419,0,0.85,LIME,LIME
2026-04-16,377990,신재생,3,29880.0,15.0,LIME,1,0.85,0.6,0.16,0.160804,0.136683,13668341,False,69.4126,0,0.85,LIME,LIME
2026-04-16,117700,건설주,4,9145.0,14.5,LIME,1,0.85,0.55,0.1,0.100503,0.085427,8542713,False,72.2525,0,0.85,LIME,LIME
2026-04-16,102970,증권주,5,29090.0,14.5,LIME,1,0.85,0.55,0.1,0.095477,0.081156,8115577,False,83.7539,0,0.85,LIME,LIME
2026-04-16,449450,방산주,6,79150.0,14.0,LIME,1,0.85,0.55,0.08,0.080402,0.068342,6834170,False,73.1106,0,0.85,LIME,LIME
2026-04-17,091160,반도체,1,110400.0,16.0,LIME,1,0.85,0.6,0.31,0.300664,0.255564,25556406,False,79.2726,0,0.85,LIME,LIME
2026-04-17,377990,신재생,2,29510.0,15.75,LIME,1,0.85,0.6,0.25,0.255232,0.216947,21694742,False,69.3952,0,0.85,LIME,LIME
2026-04-17,147970,티모멘,3,79630.0,16.0,LIME,1,0.85,0.6,0.16,0.163349,0.138846,13884635,False,63.1761,0,0.85,LIME,LIME
2026-04-17,102970,증권주,4,29040.0,15.0,LIME,1,0.85,0.6,0.1,0.096988,0.08244,8244002,False,83.7119,0,0.85,LIME,LIME
2026-04-17,487230,전력인,5,22845.0,16.0,LIME,1,0.85,0.6,0.1,0.102093,0.086779,8677896,False,43.6623,0,0.85,LIME,LIME
2026-04-17,117700,건설주,6,9045.0,14.75,LIME,1,0.85,0.55,0.08,0.081674,0.069423,6942317,False,72.3201,0,0.85,LIME,LIME
2026-04-20,091160,반도체,1,,,,,,,,,,,,,,,,
2026-04-20,377990,신재생,2,,,,,,,,,,,,,,,,
2026-04-20,495050,밸류업,3,,,,,,,,,,,,,,,,
2026-04-21,091160,반도체,1,,,,,,,,,,,,,,,,
2026-04-21,377990,신재생,2,,,,,,,,,,,,,,,,
2026-04-21,147970,티모멘,3,,,,,,,,,,,,,,,,
2026-04-22,091160,반도체,1,,,,,,,,,,,,,,,,
2026-04-22,377990,신재생,2,,,,,,,,,,,,,,,,
2026-04-22,147970,티모멘,3,,,,,,,,,,,,,,,,
2026-04-23,091160,반도체,1,,,,,,,,,,,,,,,,
2026-04-23,377990,신재생,2,,,,,,,,,,,,,,,,
2026-04-23,455850,반소부,3,,,,,,,,,,,,,,,,
2026-04-24,117700,건설주,1,,,,,,,,,,,,,,,,
2026-04-24,377990,신재생,2,,,,,,,,,,,,,,,,
2026-04-24,091160,반도체,3,,,,,,,,,,,,,,,,
2026-04-27,117700,건설주,1,,,,,,,,,,,,,,,,
2026-04-27,377990,신재생,2,,,,,,,,,,,,,,,,
2026-04-27,091160,반도체,3,,,,,,,,,,,,,,,,
2026-04-28,117700,건설주,1,,,,,,,,,,,,,,,,
2026-04-28,377990,신재생,2,,,,,,,,,,,,,,,,
2026-04-28,091160,반도체,3,,,,,,,,,,,,,,,,
2026-04-29,117700,건설주,1,,,,,,,,,,,,,,,,
2026-04-29,377990,신재생,2,,,,,,,,,,,,,,,,
2026-04-29,091160,반도체,3,,,,,,,,,,,,,,,,
2026-04-30,377990,신재생,1,,,,,,,,,,,,,,,,
2026-04-30,147970,티모멘,2,,,,,,,,,,,,,,,,
2026-04-30,091160,반도체,3,,,,,,,,,,,,,,,,
2026-05-01,377990,신재생,1,,,,,,,,,,,,,,,,
2026-05-01,147970,티모멘,2,,,,,,,,,,,,,,,,
2026-05-01,091160,반도체,3,,,,,,,,,,,,,,,,
2026-05-04,377990,신재생,1,,,,,,,,,,,,,,,,
2026-05-04,091160,반도체,2,,,,,,,,,,,,,,,,
2026-05-04,147970,티모멘,3,,,,,,,,,,,,,,,,
2026-05-05,377990,신재생,1,,,,,,,,,,,,,,,,
2026-05-05,091160,반도체,2,,,,,,,,,,,,,,,,
2026-05-05,147970,티모멘,3,,,,,,,,,,,,,,,,
2026-05-06,377990,신재생,1,,,,,,,,,,,,,,,,
2026-05-06,091160,반도체,2,,,,,,,,,,,,,,,,
2026-05-06,147970,티모멘,3,,,,,,,,,,,,,,,,
2026-05-07,377990,신재생,1,,,,,,,,,,,,,,,,
2026-05-07,091160,반도체,2,,,,,,,,,,,,,,,,
2026-05-07,434730,원자력,3,,,,,,,,,,,,,,,,
2026-05-08,377990,신재생,1,,,,,,,,,,,,,,,,
2026-05-08,091160,반도체,2,,,,,,,,,,,,,,,,
2026-05-08,147970,티모멘,3,,,,,,,,,,,,,,,,
2026-05-11,091160,반도체,1,,,,,,,,,,,,,,,,
2026-05-11,495050,밸류업,2,,,,,,,,,,,,,,,,
2026-05-11,069500,코스피,3,,,,,,,,,,,,,,,,
2026-05-12,091160,반도체,1,,,,,,,,,,,,,,,,
2026-05-12,495050,밸류업,2,,,,,,,,,,,,,,,,
2026-05-12,069500,코스피,3,,,,,,,,,,,,,,,,
2026-05-13,091160,반도체,1,,,,,,,,,,,,,,,,
2026-05-13,495050,밸류업,2,,,,,,,,,,,,,,,,
2026-05-13,069500,코스피,3,,,,,,,,,,,,,,,,
2026-05-14,091160,반도체,1,,,,,,,,,,,,,,,,
2026-05-14,495050,밸류업,2,,,,,,,,,,,,,,,,
2026-05-14,069500,코스피,3,,,,,,,,,,,,,,,,
2026-05-15,091160,반도체,1,,,,,,,,,,,,,,,,
2026-05-15,495050,밸류업,2,,,,,,,,,,,,,,,,
2026-05-15,446770,톱반도,3,,,,,,,,,,,,,,,,
2026-05-18,495050,밸류업,1,,,,,,,,,,,,,,,,
2026-05-18,091160,반도체,2,,,,,,,,,,,,,,,,
2026-05-18,069500,코스피,3,,,,,,,,,,,,,,,,
2026-05-19,0048K0,중로봇,1,,,,,,,,,,,,,,,,
2026-05-19,0038A0,미로봇,2,,,,,,,,,,,,,,,,
2026-05-19,449180,에센피,3,,,,,,,,,,,,,,,,
2026-05-20,0048K0,중로봇,1,,,,,,,,,,,,,,,,
2026-05-22,0048K0,중로봇,1,,,,,,,,,,,,,,,,
2026-05-22,478150,우주방,2,,,,,,,,,,,,,,,,
2026-05-22,449180,에센피,3,,,,,,,,,,,,,,,,
2026-05-25,0048K0,중로봇,1,,,,,,,,,,,,,,,,
2026-05-25,478150,우주방,2,,,,,,,,,,,,,,,,
2026-05-25,449180,에센피,3,,,,,,,,,,,,,,,,
2026-05-26,091160,반도체,1,,,,,,,,,,,,,,,,
2026-05-26,495050,밸류업,2,,,,,,,,,,,,,,,,
2026-05-26,446770,톱반도,3,,,,,,,,,,,,,,,,
2026-05-27,091160,반도체,1,,,,,,,,,,,,,,,,
2026-05-27,446770,톱반도,2,,,,,,,,,,,,,,,,
2026-05-27,495050,밸류업,3,,,,,,,,,,,,,,,,
2026-05-28,0023A0,양자컴,1,,,,,,,,,,,,,,,,
2026-05-28,091160,반도체,2,,,,,,,,,,,,,,,,
2026-05-28,446770,톱반도,3,,,,,,,,,,,,,,,,
2026-05-29,0023A0,양자컴,1,,,,,,,,,,,,,,,,
2026-05-29,069500,코스피,2,,,,,,,,,,,,,,,,
2026-05-29,446770,톱반도,3,,,,,,,,,,,,,,,,
2026-06-01,069500,코스피,1,,,,,,,,,,,,,,,,
2026-06-01,495050,밸류업,2,,,,,,,,,,,,,,,,
2026-06-01,0023A0,양자컴,3,,,,,,,,,,,,,,,,
2026-06-02,069500,코스피,1,,,,,,,,,,,,,,,,
2026-06-02,495050,밸류업,2,,,,,,,,,,,,,,,,
2026-06-02,0023A0,양자컴,3,,,,,,,,,,,,,,,,
2026-06-03,069500,코스피,1,,,,,,,,,,,,,,,,
2026-06-03,495050,밸류업,2,,,,,,,,,,,,,,,,
2026-06-03,0023A0,양자컴,3,,,,,,,,,,,,,,,,
2026-06-04,069500,코스피,1,,,,,,,,,,,,,,,,
2026-06-04,446770,톱반도,2,,,,,,,,,,,,,,,,
2026-06-04,091160,반도체,3,,,,,,,,,,,,,,,,
2026-06-05,446770,톱반도,1,,,,,,,,,,,,,,,,
2026-06-05,069500,코스피,2,,,,,,,,,,,,,,,,
2026-06-05,0023A0,양자컴,3,,,,,,,,,,,,,,,,
2026-06-08,446770,톱반도,1,,,,,,,,,,,,,,,,
2026-06-08,241180,니케이,2,,,,,,,,,,,,,,,,
2026-06-08,0038A0,미로봇,3,,,,,,,,,,,,,,,,
2026-06-16,091160,반도체,1,,,,,,,,,,,,,,,,
2026-06-16,446770,톱반도,2,,,,,,,,,,,,,,,,
2026-06-16,241180,니케이,3,,,,,,,,,,,,,,,,
2026-06-17,091160,반도체,1,,,,,,,,,,,,,,,,
2026-06-17,446770,톱반도,2,,,,,,,,,,,,,,,,
2026-06-17,495050,밸류업,3,,,,,,,,,,,,,,,,
2026-06-18,091160,반도체,1,,,,,,,,,,,,,,,,
2026-06-18,446770,톱반도,2,,,,,,,,,,,,,,,,
2026-06-18,069500,코스피,3,,,,,,,,,,,,,,,,
2026-06-19,091160,반도체,1,,,,,,,,,,,,,,,,
2026-06-19,446770,톱반도,2,,,,,,,,,,,,,,,,
2026-06-19,069500,코스피,3,,,,,,,,,,,,,,,,
2026-06-22,091160,반도체,1,,,,,,,,,,,,,,,,
2026-06-22,446770,톱반도,2,,,,,,,,,,,,,,,,
2026-06-22,069500,코스피,3,,,,,,,,,,,,,,,,
2026-06-23,446770,톱반도,1,,,,,,,,,,,,,,,,
2026-06-23,091160,반도체,2,,,,,,,,,,,,,,,,
2026-06-23,069500,코스피,3,,,,,,,,,,,,,,,,
2026-06-24,446770,톱반도,1,,,,,,,,,,,,,,,,
2026-06-24,069500,코스피,2,,,,,,,,,,,,,,,,
2026-06-24,091160,반도체,3,,,,,,,,,,,,,,,,
2026-06-25,446770,톱반도,1,,,,,,,,,,,,,,,,
2026-06-25,487230,전력인,2,,,,,,,,,,,,,,,,
2026-06-25,241180,니케이,3,,,,,,,,,,,,,,,,
2026-06-26,487230,전력인,1,,,,,,,,,,,,,,,,
2026-06-26,446770,톱반도,2,,,,,,,,,,,,,,,,
2026-06-29,487230,전력인,1,,,,,,,,,,,,,,,,
2026-07-01,487230,전력인,1,,,,,,,,,,,,,,,,
2026-07-02,453810,인디아,1,,,,,,,,,,,,,,,,
2026-07-03,195930,유로스,1,,,,,,,,,,,,,,,,
2026-07-03,228790,화장품,2,,,,,,,,,,,,,,,,
2026-07-06,195930,유로스,1,,,,,,,,,,,,,,,,
2026-07-06,228790,화장품,2,,,,,,,,,,,,,,,,
2026-07-07,195930,유로스,1,,,,,,,,,,,,,,,,
2026-07-07,228790,화장품,2,,,,,,,,,,,,,,,,
2026-07-07,449180,에센피,3,,,,,,,,,,,,,,,,
2026-07-08,195930,유로스,1,,,,,,,,,,,,,,,,
2026-07-08,449180,에센피,2,,,,,,,,,,,,,,,,
2026-07-08,228790,화장품,3,,,,,,,,,,,,,,,,
2026-07-09,449180,에센피,1,,,,,,,,,,,,,,,,
2026-07-10,449180,에센피,1,,,,,,,,,,,,,,,,
2026-07-10,091170,은행주,2,,,,,,,,,,,,,,,,
2026-07-13,449180,에센피,1,,,,,,,,,,,,,,,,
2026-07-13,091170,은행주,2,,,,,,,,,,,,,,,,
2026-07-14,449180,에센피,1,,,,,,,,,,,,,,,,
2026-07-14,091170,은행주,2,,,,,,,,,,,,,,,,
2026-07-15,449180,에센피,1,,,,,,,,,,,,,,,,
2026-07-15,091170,은행주,2,,,,,,,,,,,,,,,,
2026-07-16,449180,에센피,1,,,,,,,,,,,,,,,,
2026-07-16,091170,은행주,2,,,,,,,,,,,,,,,,
2026-07-17,449180,에센피,1,,,,,,,,,,,,,,,,
2026-07-17,091170,은행주,2,,,,,,,,,,,,,,,,
2026-07-20,091170,은행주,1,,,,,,,,,,,,,,,,
2026-08-05,195930,유로스,1,,,,,,,,,,,,,,,,
2026-08-06,195930,유로스,1,,,,,,,,,,,,,,,,
2026-08-06,228790,화장품,2,,,,,,,,,,,,,,,,
2026-08-06,449180,에센피,3,,,,,,,,,,,,,,,,
2026-08-07,195930,유로스,1,,,,,,,,,,,,,,,,
2026-08-07,228790,화장품,2,,,,,,,,,,,,,,,,
2026-08-07,449180,에센피,3,,,,,,,,,,,,,,,,
