date,ticker,industry,rank,close,sco,trend,위치,mtype,raw_mult,base_w,alloc_pct,k_mult,us_mult,kospi_trend,nasdaq_trend
2022-01-03,VNM,VNM,1,19.954519271850582,16.0,LIME,1,NASDAQ,1.0,0.33,0.33,0.4,1.0,-,LIME
2022-01-03,XLP,XLP,2,68.92493438720703,16.0,LIME,1,NASDAQ,1.0,0.27,0.27,0.4,1.0,-,LIME
2022-01-03,091160,반도체,3,38778.0,15.0,LIME,1,KOSPI,0.6,0.2,0.12,0.4,1.0,-,LIME
2022-01-03,VYM,VYM,4,99.53386688232422,16.0,LIME,1,NASDAQ,1.0,0.1,0.1,0.4,1.0,-,LIME
2022-01-03,VTV,VTV,5,133.3211212158203,16.0,LIME,1,NASDAQ,1.0,0.1,0.1,0.4,1.0,-,LIME
2022-01-04,XLP,XLP,1,69.3897933959961,16.0,LIME,1,NASDAQ,1.0,0.33,0.33,0.4,1.0,-,LIME
2022-01-04,VNM,VNM,2,20.19844055175781,16.0,LIME,1,NASDAQ,1.0,0.27,0.27,0.4,1.0,-,LIME
2022-01-04,VYM,VYM,3,100.75328063964844,16.0,LIME,1,NASDAQ,1.0,0.2,0.2,0.4,1.0,-,LIME
2022-01-04,VTV,VTV,4,134.84642028808594,16.0,LIME,1,NASDAQ,1.0,0.1,0.1,0.4,1.0,-,LIME
2022-01-04,091160,반도체,5,38481.0,15.0,LIME,1,KOSPI,0.6,0.1,0.06,0.4,1.0,-,LIME
2022-01-05,XLP,XLP,1,69.32722473144531,16.0,LIME,1,NASDAQ,0.24,0.31,0.0744,0.0,0.1,RED,PURPLE
2022-01-05,VNM,VNM,2,20.160913467407227,16.0,LIME,1,NASDAQ,0.24,0.25,0.06,0.0,0.1,RED,PURPLE
2022-01-05,VYM,VYM,3,100.37332153320312,16.0,LIME,1,NASDAQ,0.24,0.16,0.0384,0.0,0.1,RED,PURPLE
2022-01-05,VTV,VTV,4,134.00704956054688,16.0,LIME,1,NASDAQ,0.24,0.1,0.024,0.0,0.1,RED,PURPLE
2022-01-05,SCHD,SCHD,5,23.20878791809082,15.75,LIME,1,NASDAQ,0.24,0.1,0.024,0.0,0.1,RED,PURPLE
2022-01-05,091160,반도체,6,37396.0,13.25,-,3,KOSPI,0.2,0.08,0.016,0.0,0.1,RED,PURPLE
2022-01-06,VNM,VNM,1,20.067094802856445,16.0,LIME,1,NASDAQ,0.24,0.33,0.0792,0.0,0.1,RED,PURPLE
2022-01-06,VYM,VYM,2,100.75328063964844,16.0,LIME,1,NASDAQ,0.24,0.27,0.0648,0.0,0.1,RED,PURPLE
2022-01-06,VTV,VTV,3,134.24171447753906,16.0,LIME,1,NASDAQ,0.24,0.2,0.048,0.0,0.1,RED,PURPLE
2022-01-06,SCHD,SCHD,4,23.277326583862305,15.75,LIME,1,NASDAQ,0.24,0.1,0.024,0.0,0.1,RED,PURPLE
2022-01-06,XLP,XLP,5,69.13948822021484,15.0,LIME,2,NASDAQ,0.22,0.1,0.022,0.0,0.1,RED,PURPLE
2022-01-07,VYM,VYM,1,101.22162628173828,16.0,LIME,1,NASDAQ,0.24,0.31,0.0744,0.0,0.1,RED,PURPLE
2022-01-07,VTV,VTV,2,134.85543823242188,16.0,LIME,1,NASDAQ,0.24,0.25,0.06,0.0,0.1,RED,PURPLE
2022-01-07,SCHD,SCHD,3,23.31730461120605,15.75,LIME,1,NASDAQ,0.24,0.16,0.0384,0.0,0.1,RED,PURPLE
2022-01-07,EWU,EWU,4,29.13338088989257,16.0,LIME,1,NASDAQ,0.24,0.1,0.024,0.0,0.1,RED,PURPLE
2022-01-07,XLI,XLI,5,99.68096923828124,15.75,LIME,1,NASDAQ,0.24,0.1,0.024,0.0,0.1,RED,PURPLE
2022-01-07,XLP,XLP,6,69.21102142333984,14.75,LIME,1,NASDAQ,0.22,0.08,0.0176,0.0,0.1,RED,PURPLE
2022-01-10,VYM,VYM,1,101.12442779541016,16.0,LIME,1,NASDAQ,0.24,0.31,0.0744,0.0,0.1,RED,PURPLE
2022-01-10,VTV,VTV,2,134.73809814453125,16.0,LIME,1,NASDAQ,0.24,0.25,0.06,0.0,0.1,RED,PURPLE
2022-01-10,SCHD,SCHD,3,23.31730461120605,15.5,LIME,1,NASDAQ,0.24,0.16,0.0384,0.0,0.1,RED,PURPLE
2022-01-10,EWU,EWU,4,29.04764938354492,16.0,LIME,1,NASDAQ,0.24,0.1,0.024,0.0,0.1,RED,PURPLE
2022-01-10,XLE,XLE,5,26.320859909057617,14.0,LIME,1,FIXED,1.0,0.1,0.1,0.0,0.1,RED,PURPLE
2022-01-10,XLI,XLI,6,98.55770874023438,14.0,LIME,3,NASDAQ,0.2,0.08,0.016,0.0,0.1,RED,PURPLE
2022-01-11,VYM,VYM,1,101.61927795410156,16.0,LIME,1,NASDAQ,0.24,0.31,0.0744,0.0,0.1,RED,PURPLE
2022-01-11,VTV,VTV,2,135.65866088867188,16.0,LIME,1,NASDAQ,0.24,0.25,0.06,0.0,0.1,RED,PURPLE
2022-01-11,SCHD,SCHD,3,23.400121688842773,15.5,LIME,1,NASDAQ,0.24,0.16,0.0384,0.0,0.1,RED,PURPLE
2022-01-11,EWU,EWU,4,29.330575942993164,16.0,LIME,1,NASDAQ,0.24,0.1,0.024,0.0,0.1,RED,PURPLE
2022-01-11,XLE,XLE,5,27.216157913208008,14.5,LIME,1,FIXED,1.0,0.1,0.1,0.0,0.1,RED,PURPLE
2022-01-11,XLI,XLI,6,99.14739990234376,12.25,LIME,2,NASDAQ,0.2,0.08,0.016,0.0,0.1,RED,PURPLE
2022-01-12,VYM,VYM,1,101.62810516357422,16.0,LIME,1,NASDAQ,0.24,0.31,0.0744,0.0,0.1,RED,PURPLE
2022-01-12,VTV,VTV,2,135.6767120361328,16.0,LIME,1,NASDAQ,0.24,0.25,0.06,0.0,0.1,RED,PURPLE
2022-01-12,SCHD,SCHD,3,23.38869857788086,15.5,LIME,1,NASDAQ,0.24,0.16,0.0384,0.0,0.1,RED,PURPLE
2022-01-12,EWU,EWU,4,29.60493469238281,16.0,LIME,1,NASDAQ,0.24,0.1,0.024,0.0,0.1,RED,PURPLE
2022-01-12,XLE,XLE,5,27.26780891418457,15.0,LIME,1,FIXED,1.0,0.1,0.1,0.0,0.1,RED,PURPLE
2022-01-12,XLI,XLI,6,99.46568298339844,12.0,LIME,1,NASDAQ,0.2,0.08,0.016,0.0,0.1,RED,PURPLE
2022-01-13,VYM,VYM,1,101.4867172241211,16.0,LIME,1,NASDAQ,0.24,0.31,0.0744,0.0,0.1,RED,PURPLE
2022-01-13,VTV,VTV,2,135.39697265625,16.0,LIME,1,NASDAQ,0.24,0.25,0.06,0.0,0.1,RED,PURPLE
2022-01-13,SCHD,SCHD,3,23.35728073120117,15.75,LIME,1,NASDAQ,0.24,0.16,0.0384,0.0,0.1,RED,PURPLE
2022-01-13,XLE,XLE,4,27.13007354736328,15.5,LIME,1,FIXED,1.0,0.1,0.1,0.0,0.1,RED,PURPLE
2022-01-13,EWU,EWU,5,29.57063865661621,16.0,LIME,1,NASDAQ,0.24,0.1,0.024,0.0,0.1,RED,PURPLE
2022-01-13,XLI,XLI,6,99.68096923828124,11.5,LIME,1,NASDAQ,0.2,0.08,0.016,0.0,0.1,RED,PURPLE
2022-01-14,XLE,XLE,1,27.7671127319336,16.0,LIME,1,FIXED,1.0,0.31,0.31,0.0,0.1,RED,PURPLE
2022-01-14,EWU,EWU,2,29.64780044555664,16.0,LIME,1,NASDAQ,0.24,0.25,0.06,0.0,0.1,RED,PURPLE
2022-01-14,091170,은행주,3,6362.0,16.0,LIME,1,KOSPI,0.24,0.16,0.0384,0.0,0.1,RED,PURPLE
2022-01-14,VYM,VYM,4,101.30998992919922,15.0,LIME,2,NASDAQ,0.22,0.1,0.022,0.0,0.1,RED,PURPLE
2022-01-14,VTV,VTV,5,135.20742797851562,15.0,LIME,2,NASDAQ,0.22,0.1,0.022,0.0,0.1,RED,PURPLE
2022-01-14,SCHD,SCHD,6,23.334442138671875,14.75,LIME,2,NASDAQ,0.2,0.08,0.016,0.0,0.1,RED,PURPLE
2022-01-17,091170,은행주,1,6248.0,15.0,LIME,2,KOSPI,0.22,0.55,0.121,0.0,0.4,RED,-
2022-01-17,325020,케모멘,2,11586.0,11.5,-,3,KOSPI,0.2,0.45,0.09,0.0,0.4,RED,-
2022-01-18,XLE,XLE,1,27.87902069091797,16.0,LIME,1,FIXED,1.0,0.31,0.31,0.0,0.1,RED,PURPLE
2022-01-18,EWU,EWU,2,29.49348258972168,15.0,LIME,2,NASDAQ,0.22,0.25,0.055,0.0,0.1,RED,PURPLE
2022-01-18,KSA,KSA,3,40.04074096679688,15.0,LIME,1,NASDAQ,0.24,0.16,0.0384,0.0,0.1,RED,PURPLE
2022-01-18,PDBC,PDBC,4,11.588271141052246,14.75,LIME,1,FIXED,1.0,0.1,0.1,0.0,0.1,RED,PURPLE
2022-01-18,PICK,PICK,5,38.12521362304688,13.25,LIME,2,FIXED,1.0,0.1,0.1,0.0,0.1,RED,PURPLE
2022-01-18,091170,은행주,6,6256.0,13.25,LIME,2,KOSPI,0.2,0.08,0.016,0.0,0.1,RED,PURPLE
2022-01-19,XLE,XLE,1,27.676721572875977,16.0,LIME,1,FIXED,1.0,0.31,0.31,0.0,0.1,RED,PURPLE
2022-01-19,KSA,KSA,2,40.418399810791016,15.5,LIME,1,NASDAQ,0.24,0.25,0.06,0.0,0.1,RED,PURPLE
2022-01-19,PDBC,PDBC,3,11.635029792785645,15.5,LIME,1,FIXED,1.0,0.16,0.16,0.0,0.1,RED,PURPLE
2022-01-19,EWU,EWU,4,29.64780044555664,15.0,LIME,1,NASDAQ,0.24,0.1,0.024,0.0,0.1,RED,PURPLE
2022-01-19,PICK,PICK,5,38.690086364746094,12.5,LIME,2,FIXED,1.0,0.1,0.1,0.0,0.1,RED,PURPLE
2022-01-19,091170,은행주,6,6304.0,11.5,LIME,2,KOSPI,0.2,0.08,0.016,0.0,0.1,RED,PURPLE
2022-01-20,KSA,KSA,1,40.55327987670898,16.0,LIME,1,NASDAQ,0.24,0.31,0.0744,0.0,0.0,RED,RED
2022-01-20,PDBC,PDBC,2,11.588271141052246,15.75,LIME,1,FIXED,1.0,0.25,0.25,0.0,0.0,RED,RED
2022-01-20,XLE,XLE,3,27.42276191711425,15.0,LIME,2,FIXED,1.0,0.16,0.16,0.0,0.0,RED,RED
2022-01-20,DBA,DBA,4,17.878185272216797,14.5,LIME,1,FIXED,1.0,0.1,0.1,0.0,0.0,RED,RED
2022-01-20,EWU,EWU,5,29.33915328979492,13.0,LIME,3,NASDAQ,0.2,0.1,0.02,0.0,0.0,RED,RED
2022-01-20,PICK,PICK,6,38.293827056884766,11.25,LIME,2,FIXED,1.0,0.08,0.08,0.0,0.0,RED,RED
2022-01-21,PDBC,PDBC,1,11.60385799407959,16.0,LIME,1,FIXED,1.0,0.33,0.33,0.0,0.0,RED,RED
2022-01-21,DBA,DBA,2,17.781118392944336,15.0,LIME,1,FIXED,1.0,0.27,0.27,0.0,0.0,RED,RED
2022-01-21,KSA,KSA,3,40.17561721801758,15.0,LIME,2,NASDAQ,0.22,0.2,0.044,0.0,0.0,RED,RED
2022-01-21,GLD,GLD,4,171.08999633789062,14.0,LIME,1,FIXED,1.0,0.1,0.1,0.0,0.0,RED,RED
2022-01-21,XLE,XLE,5,26.88042259216309,12.75,LIME,3,FIXED,1.0,0.1,0.1,0.0,0.0,RED,RED
2022-01-24,GLD,GLD,1,172.02999877929688,15.0,LIME,1,FIXED,1.0,0.33,0.33,0.0,0.0,RED,RED
2022-01-24,PDBC,PDBC,2,11.564892768859863,14.75,LIME,2,FIXED,1.0,0.27,0.27,0.0,0.0,RED,RED
2022-01-24,DBA,DBA,3,17.7546443939209,14.0,LIME,2,FIXED,1.0,0.2,0.2,0.0,0.0,RED,RED
2022-01-24,KSA,KSA,4,39.29441833496094,13.0,LIME,3,NASDAQ,0.2,0.1,0.02,0.0,0.0,RED,RED
2022-01-24,EZA,EZA,5,39.89360809326172,11.75,-,3,NASDAQ,0.2,0.1,0.02,0.0,0.0,RED,RED
2022-01-25,GLD,GLD,1,172.5800018310547,15.0,LIME,1,FIXED,1.0,0.33,0.33,0.0,0.0,RED,RED
2022-01-25,PDBC,PDBC,2,11.673995018005373,14.75,LIME,1,FIXED,1.0,0.27,0.27,0.0,0.0,RED,RED
2022-01-25,DBA,DBA,3,17.825241088867188,13.0,LIME,2,FIXED,1.0,0.2,0.2,0.0,0.0,RED,RED
2022-01-25,KSA,KSA,4,40.085697174072266,11.75,LIME,2,NASDAQ,0.2,0.1,0.02,0.0,0.0,RED,RED
2022-01-25,EWH,EWH,5,20.564775466918945,11.0,GREEN,1,NASDAQ,0.2,0.1,0.02,0.0,0.0,RED,RED
2022-01-26,PDBC,PDBC,1,11.720752716064451,14.75,LIME,1,FIXED,1.0,0.35,0.35,0.0,0.0,RED,RED
2022-01-26,DBA,DBA,2,17.798765182495117,11.5,LIME,2,FIXED,1.0,0.3,0.3,0.0,0.0,RED,RED
2022-01-26,GLD,GLD,3,169.7899932861328,11.5,-,4,FIXED,1.0,0.25,0.25,0.0,0.0,RED,RED
2022-01-26,KSA,KSA,4,40.0317497253418,11.0,LIME,1,NASDAQ,0.2,0.1,0.02,0.0,0.0,RED,RED
2022-01-27,PDBC,PDBC,1,11.775303840637209,14.75,LIME,1,FIXED,1.0,0.55,0.55,0.0,0.0,RED,RED
2022-01-27,XLE,XLE,2,28.36971664428711,12.75,LIME,1,FIXED,1.0,0.45,0.45,0.0,0.0,RED,RED
2022-01-28,PDBC,PDBC,1,11.798684120178224,16.0,LIME,1,FIXED,1.0,0.35,0.35,0.0,0.1,RED,PURPLE
2022-01-28,XLE,XLE,2,28.249191284179688,15.0,LIME,1,FIXED,1.0,0.3,0.3,0.0,0.1,RED,PURPLE
2022-01-28,EWZ,EWZ,3,22.902612686157227,12.0,GREEN,1,NASDAQ,0.2,0.25,0.05,0.0,0.1,RED,PURPLE
2022-01-28,KSA,KSA,4,40.21158981323242,12.0,LIME,1,NASDAQ,0.2,0.1,0.02,0.0,0.1,RED,PURPLE
2022-01-31,PDBC,PDBC,1,11.81427001953125,16.0,LIME,1,FIXED,1.0,0.35,0.35,0.4,0.4,-,-
2022-01-31,XLE,XLE,2,28.374021530151367,15.5,LIME,1,FIXED,1.0,0.3,0.3,0.4,0.4,-,-
2022-01-31,KSA,KSA,3,40.939918518066406,13.25,LIME,1,NASDAQ,0.5,0.25,0.125,0.4,0.4,-,-
2022-01-31,EWZ,EWZ,4,23.24817276000977,12.0,GREEN,1,NASDAQ,0.4,0.1,0.04,0.4,0.4,-,-
2022-02-01,XLE,XLE,1,29.385534286499023,16.0,LIME,1,FIXED,1.0,0.33,0.33,0.4,0.4,-,-
2022-02-01,PDBC,PDBC,2,11.876614570617676,16.0,LIME,1,FIXED,1.0,0.27,0.27,0.4,0.4,-,-
2022-02-01,KSA,KSA,3,40.63420104980469,14.0,LIME,1,NASDAQ,0.55,0.2,0.11,0.4,0.4,-,-
2022-02-01,EWZ,EWZ,4,23.645198822021484,12.0,GREEN,1,NASDAQ,0.4,0.1,0.04,0.4,0.4,-,-
2022-02-01,DBA,DBA,5,18.06349754333496,11.25,LIME,1,FIXED,1.0,0.1,0.1,0.4,0.4,-,-
2022-02-02,XLE,XLE,1,29.48022651672364,16.0,LIME,1,FIXED,1.0,0.33,0.33,0.4,0.4,-,-
2022-02-02,PDBC,PDBC,2,11.946751594543455,16.0,LIME,1,FIXED,1.0,0.27,0.27,0.4,0.4,-,-
2022-02-02,DBA,DBA,3,18.01937484741211,14.5,LIME,1,FIXED,1.0,0.2,0.2,0.4,0.4,-,-
2022-02-02,KSA,KSA,4,40.274532318115234,13.25,LIME,2,NASDAQ,0.45,0.1,0.045,0.4,0.4,-,-
2022-02-02,EWZ,EWZ,5,23.48344993591309,12.0,GREEN,1,NASDAQ,0.4,0.1,0.04,0.4,0.4,-,-
2022-02-03,XLE,XLE,1,29.2004451751709,16.0,LIME,1,FIXED,1.0,0.31,0.31,0.0,0.4,RED,-
2022-02-03,PDBC,PDBC,2,11.938959121704102,16.0,LIME,1,FIXED,1.0,0.25,0.25,0.0,0.4,RED,-
2022-02-03,DBA,DBA,3,18.04585075378418,14.75,LIME,1,FIXED,1.0,0.16,0.16,0.0,0.4,RED,-
2022-02-03,EZA,EZA,4,41.2392578125,13.5,LIME,1,NASDAQ,0.5,0.1,0.05,0.0,0.4,RED,-
2022-02-03,GREK,GREK,5,25.187549591064453,13.25,-,1,NASDAQ,0.5,0.1,0.05,0.0,0.4,RED,-
2022-02-03,EWZ,EWZ,6,23.299638748168945,11.25,GREEN,2,NASDAQ,0.4,0.08,0.032,0.0,0.4,RED,-
2022-02-04,XLE,XLE,1,29.656700134277344,16.0,LIME,1,FIXED,1.0,0.31,0.31,0.0,0.4,RED,-
2022-02-04,PDBC,PDBC,2,12.040268898010254,16.0,LIME,1,FIXED,1.0,0.25,0.25,0.0,0.4,RED,-
2022-02-04,DBA,DBA,3,18.16939163208008,15.5,LIME,1,FIXED,1.0,0.16,0.16,0.0,0.4,RED,-
2022-02-04,GREK,GREK,4,25.41461753845215,14.75,-,1,NASDAQ,0.55,0.1,0.055,0.0,0.4,RED,-
2022-02-04,EWU,EWU,5,29.279130935668945,12.25,-,2,NASDAQ,0.4,0.1,0.04,0.0,0.4,RED,-
2022-02-04,EZA,EZA,6,40.95207595825195,12.0,LIME,2,NASDAQ,0.4,0.08,0.032,0.0,0.4,RED,-
2022-02-07,XLE,XLE,1,30.03548240661621,16.0,LIME,1,FIXED,1.0,0.31,0.31,0.0,0.4,RED,-
2022-02-07,PDBC,PDBC,2,12.063648223876951,16.0,LIME,1,FIXED,1.0,0.25,0.25,0.0,0.4,RED,-
2022-02-07,DBA,DBA,3,18.248809814453125,16.0,LIME,1,FIXED,1.0,0.16,0.16,0.0,0.4,RED,-
2022-02-07,GREK,GREK,4,25.248682022094727,15.0,-,1,NASDAQ,0.6,0.1,0.06,0.0,0.4,RED,-
2022-02-07,EWU,EWU,5,29.442039489746094,13.25,-,1,NASDAQ,0.5,0.1,0.05,0.0,0.4,RED,-
2022-02-07,EZA,EZA,6,40.85362243652344,11.0,LIME,2,NASDAQ,0.4,0.08,0.032,0.0,0.4,RED,-
2022-02-08,DBA,DBA,1,18.381175994873047,16.0,LIME,1,FIXED,1.0,0.31,0.31,0.0,0.4,RED,-
2022-02-08,XLE,XLE,2,29.38983154296875,15.0,-,2,FIXED,1.0,0.25,0.25,0.0,0.4,RED,-
2022-02-08,PDBC,PDBC,3,11.977925300598145,15.0,LIME,2,FIXED,1.0,0.16,0.16,0.0,0.4,RED,-
2022-02-08,GREK,GREK,4,25.56309127807617,15.0,LIME,1,NASDAQ,0.6,0.1,0.06,0.0,0.4,RED,-
2022-02-08,EWU,EWU,5,29.57063865661621,13.0,-,1,NASDAQ,0.5,0.1,0.05,0.0,0.4,RED,-
2022-02-08,EZA,EZA,6,42.00234222412109,11.25,LIME,1,NASDAQ,0.4,0.08,0.032,0.0,0.4,RED,-
2022-02-09,DBA,DBA,1,18.69002723693848,16.0,LIME,1,FIXED,1.0,0.31,0.31,0.4,0.4,-,-
2022-02-09,XLE,XLE,2,29.635177612304688,15.0,-,1,FIXED,1.0,0.25,0.25,0.4,0.4,-,-
2022-02-09,GREK,GREK,3,26.008501052856445,15.0,LIME,1,NASDAQ,0.6,0.16,0.096,0.4,0.4,-,-
2022-02-09,PDBC,PDBC,4,12.087027549743652,15.0,LIME,1,FIXED,1.0,0.1,0.1,0.4,0.4,-,-
2022-02-09,THD,THD,5,70.9380874633789,14.25,GREEN,1,NASDAQ,0.55,0.1,0.055,0.4,0.4,-,-
2022-02-09,EWU,EWU,6,29.802125930786133,13.5,LIME,1,NASDAQ,0.5,0.08,0.04,0.4,0.4,-,-
2022-02-10,DBA,DBA,1,18.55766487121582,16.0,LIME,1,FIXED,1.0,0.31,0.31,0.4,0.4,-,-
2022-02-10,GREK,GREK,2,25.81636047363281,15.0,LIME,1,NASDAQ,0.6,0.25,0.15,0.4,0.4,-,-
2022-02-10,EWU,EWU,3,29.682098388671875,14.5,LIME,1,NASDAQ,0.55,0.16,0.088,0.4,0.4,-,-
2022-02-10,THD,THD,4,70.37149047851562,14.75,LIME,1,NASDAQ,0.55,0.1,0.055,0.4,0.4,-,-
2022-02-10,PICK,PICK,5,39.55005645751953,14.0,LIME,1,FIXED,1.0,0.1,0.1,0.4,0.4,-,-
2022-02-10,XLE,XLE,6,29.450096130371094,13.75,-,2,FIXED,1.0,0.08,0.08,0.4,0.4,-,-
2022-02-11,DBA,DBA,1,18.61943244934082,16.0,LIME,1,FIXED,1.0,0.31,0.31,0.4,0.0,-,RED
2022-02-11,EZA,EZA,2,41.994140625,15.0,LIME,1,NASDAQ,0.24,0.25,0.06,0.4,0.0,-,RED
2022-02-11,PICK,PICK,3,39.29712677001953,14.75,LIME,1,FIXED,1.0,0.16,0.16,0.4,0.0,-,RED
2022-02-11,GMOM,GMOM,4,27.6527156829834,15.25,LIME,1,NASDAQ,0.24,0.1,0.024,0.4,0.0,-,RED
2022-02-11,GREK,GREK,5,25.61549186706543,14.25,LIME,2,NASDAQ,0.2,0.1,0.02,0.4,0.0,-,RED
2022-02-11,XLE,XLE,6,30.306655883789062,13.75,LIME,1,FIXED,1.0,0.08,0.08,0.4,0.0,-,RED
2022-02-14,PDBC,PDBC,1,12.274060249328612,15.0,LIME,1,FIXED,1.0,0.31,0.31,0.4,0.0,-,RED
2022-02-14,EZA,EZA,2,42.42081069946289,15.0,LIME,1,NASDAQ,0.24,0.25,0.06,0.4,0.0,-,RED
2022-02-14,091170,은행주,3,6483.0,15.0,LIME,1,KOSPI,0.6,0.16,0.096,0.4,0.0,-,RED
2022-02-14,DBA,DBA,4,18.548837661743164,14.75,LIME,2,FIXED,1.0,0.1,0.1,0.4,0.0,-,RED
2022-02-14,PICK,PICK,5,39.1622314453125,14.25,LIME,2,FIXED,1.0,0.1,0.1,0.4,0.0,-,RED
2022-02-14,GMOM,GMOM,6,27.44417762756348,13.75,LIME,2,NASDAQ,0.2,0.08,0.016,0.4,0.0,-,RED
2022-02-15,EZA,EZA,1,42.67516708374024,15.25,LIME,1,NASDAQ,0.24,0.31,0.0744,0.4,0.0,-,RED
2022-02-15,091170,은행주,2,6457.0,14.5,LIME,2,KOSPI,0.5,0.25,0.125,0.4,0.0,-,RED
2022-02-15,PDBC,PDBC,3,12.07923412322998,14.0,-,2,FIXED,1.0,0.16,0.16,0.4,0.0,-,RED
2022-02-15,THD,THD,4,71.60205078125,14.0,LIME,1,NASDAQ,0.22,0.1,0.022,0.4,0.0,-,RED
2022-02-15,PICK,PICK,5,39.3055534362793,13.5,LIME,2,FIXED,1.0,0.1,0.1,0.4,0.0,-,RED
2022-02-15,DBA,DBA,6,18.478242874145508,13.5,LIME,2,FIXED,1.0,0.08,0.08,0.4,0.0,-,RED
2022-02-16,EZA,EZA,1,43.8074836730957,15.5,LIME,1,NASDAQ,0.24,0.31,0.0744,0.4,0.0,-,RED
2022-02-16,091170,은행주,2,6537.0,14.75,LIME,1,KOSPI,0.55,0.25,0.1375,0.4,0.0,-,RED
2022-02-16,GLD,GLD,3,174.86000061035156,15.25,LIME,1,FIXED,1.0,0.16,0.16,0.4,0.0,-,RED
2022-02-16,PDBC,PDBC,4,12.087027549743652,14.0,-,2,FIXED,1.0,0.1,0.1,0.4,0.0,-,RED
2022-02-16,THD,THD,5,71.96501159667969,14.0,LIME,1,NASDAQ,0.22,0.1,0.022,0.4,0.0,-,RED
2022-02-16,PICK,PICK,6,39.7945556640625,13.5,LIME,1,FIXED,1.0,0.08,0.08,0.4,0.0,-,RED
2022-02-17,EZA,EZA,1,43.31517791748047,15.75,LIME,1,NASDAQ,0.24,0.31,0.0744,0.4,0.0,-,RED
2022-02-17,GLD,GLD,2,177.25,16.0,LIME,1,FIXED,1.0,0.25,0.25,0.4,0.0,-,RED
2022-02-17,091170,은행주,3,6662.0,14.75,LIME,1,KOSPI,0.55,0.16,0.088,0.4,0.0,-,RED
2022-02-17,THD,THD,4,72.0269775390625,14.75,LIME,1,NASDAQ,0.22,0.1,0.022,0.4,0.0,-,RED
2022-02-17,PDBC,PDBC,5,12.188337326049805,13.75,-,1,FIXED,1.0,0.1,0.1,0.4,0.0,-,RED
2022-02-17,PICK,PICK,6,39.06105422973633,12.0,LIME,2,FIXED,1.0,0.08,0.08,0.4,0.0,-,RED
2022-02-18,KSA,KSA,1,41.047828674316406,15.75,LIME,1,NASDAQ,0.24,0.31,0.0744,0.4,0.0,-,RED
2022-02-18,GLD,GLD,2,177.1199951171875,16.0,LIME,1,FIXED,1.0,0.25,0.25,0.4,0.0,-,RED
2022-02-18,EZA,EZA,3,42.88850021362305,15.0,LIME,2,NASDAQ,0.22,0.16,0.0352,0.4,0.0,-,RED
2022-02-18,THD,THD,4,71.85879516601562,15.0,LIME,1,NASDAQ,0.24,0.1,0.024,0.4,0.0,-,RED
2022-02-18,091170,은행주,5,6621.0,14.75,LIME,1,KOSPI,0.55,0.1,0.055,0.4,0.0,-,RED
2022-02-18,PDBC,PDBC,6,12.235095024108888,13.5,-,1,FIXED,1.0,0.08,0.08,0.4,0.0,-,RED
2022-02-21,091170,은행주,1,6577.0,15.75,LIME,1,KOSPI,0.6,1.0,0.6,0.4,0.4,-,-
2022-02-22,GLD,GLD,1,177.49000549316406,16.0,LIME,1,FIXED,1.0,0.33,0.33,0.4,0.0,-,RED
2022-02-22,KSA,KSA,2,41.1197624206543,15.75,LIME,1,NASDAQ,0.24,0.27,0.0648,0.4,0.0,-,RED
2022-02-22,EPHE,EPHE,3,30.50523567199707,15.0,LIME,1,NASDAQ,0.24,0.2,0.048,0.4,0.0,-,RED
2022-02-22,PDBC,PDBC,4,12.398748397827148,14.5,-,1,FIXED,1.0,0.1,0.1,0.4,0.0,-,RED
2022-02-22,091170,은행주,5,6502.0,14.25,LIME,3,KOSPI,0.5,0.1,0.05,0.4,0.0,-,RED
2022-02-23,GLD,GLD,1,178.2899932861328,16.0,LIME,1,FIXED,1.0,0.31,0.31,0.0,0.0,RED,RED
2022-02-23,PDBC,PDBC,2,12.515645027160645,15.5,LIME,1,FIXED,1.0,0.25,0.25,0.0,0.0,RED,RED
2022-02-23,DBA,DBA,3,18.88416290283203,15.0,LIME,1,FIXED,1.0,0.16,0.16,0.0,0.0,RED,RED
2022-02-23,KSA,KSA,4,41.16472244262695,14.5,LIME,2,NASDAQ,0.2,0.1,0.02,0.0,0.0,RED,RED
2022-02-23,EPHE,EPHE,5,30.14515686035156,14.0,-,2,NASDAQ,0.2,0.1,0.02,0.0,0.0,RED,RED
2022-02-23,091170,은행주,6,6483.0,12.0,LIME,3,KOSPI,0.2,0.08,0.016,0.0,0.0,RED,RED
2022-02-24,PDBC,PDBC,1,12.60136890411377,15.75,LIME,1,FIXED,1.0,0.33,0.33,0.0,0.0,RED,RED
2022-02-24,DBA,DBA,2,18.787097930908203,15.25,LIME,1,FIXED,1.0,0.27,0.27,0.0,0.0,RED,RED
2022-02-24,GLD,GLD,3,177.13999938964844,15.0,LIME,2,FIXED,1.0,0.2,0.2,0.0,0.0,RED,RED
2022-02-24,SLV,SLV,4,22.309999465942383,13.0,GREEN,1,FIXED,1.0,0.1,0.1,0.0,0.0,RED,RED
2022-02-24,KSA,KSA,5,40.73311233520508,12.25,-,3,NASDAQ,0.2,0.1,0.02,0.0,0.0,RED,RED
2022-02-25,PDBC,PDBC,1,12.383163452148438,15.0,-,2,FIXED,1.0,0.33,0.33,0.0,0.4,RED,-
2022-02-25,GLD,GLD,2,176.5500030517578,13.5,LIME,2,FIXED,1.0,0.27,0.27,0.0,0.4,RED,-
2022-02-25,SLV,SLV,3,22.39999961853028,13.5,GREEN,1,FIXED,1.0,0.2,0.2,0.0,0.4,RED,-
2022-02-25,EIDO,EIDO,4,21.381023406982425,13.0,LIME,1,NASDAQ,0.5,0.1,0.05,0.0,0.4,RED,-
2022-02-25,DBA,DBA,5,18.25763511657715,12.5,-,4,FIXED,1.0,0.1,0.1,0.0,0.4,RED,-
2022-02-28,PDBC,PDBC,1,12.609161376953123,15.0,-,1,FIXED,1.0,0.35,0.35,0.0,0.4,RED,-
2022-02-28,EIDO,EIDO,2,21.198057174682617,14.0,LIME,1,NASDAQ,0.55,0.3,0.165,0.0,0.4,RED,-
2022-02-28,GLD,GLD,3,178.3800048828125,13.5,LIME,1,FIXED,1.0,0.25,0.25,0.0,0.4,RED,-
2022-02-28,SLV,SLV,4,22.6200008392334,13.5,GREEN,1,FIXED,1.0,0.1,0.1,0.0,0.4,RED,-
2022-03-01,PDBC,PDBC,1,13.13129711151123,15.0,LIME,1,FIXED,1.0,0.33,0.33,0.4,0.4,-,-
2022-03-01,EIDO,EIDO,2,21.241619110107425,14.5,LIME,1,NASDAQ,0.55,0.27,0.1485,0.4,0.4,-,-
2022-03-01,SLV,SLV,3,23.540000915527344,13.75,GREEN,1,FIXED,1.0,0.2,0.2,0.4,0.4,-,-
2022-03-01,GLD,GLD,4,181.6199951171875,13.5,LIME,1,FIXED,1.0,0.1,0.1,0.4,0.4,-,-
2022-03-01,PICK,PICK,5,40.42688751220703,12.25,LIME,1,FIXED,1.0,0.1,0.1,0.4,0.4,-,-
2022-03-02,PICK,PICK,1,41.91918182373047,15.5,LIME,1,FIXED,1.0,0.31,0.31,0.0,0.4,RED,-
2022-03-02,PDBC,PDBC,2,13.53653621673584,15.0,LIME,1,FIXED,1.0,0.25,0.25,0.0,0.4,RED,-
2022-03-02,XLE,XLE,3,31.38703727722168,14.25,LIME,1,FIXED,1.0,0.16,0.16,0.0,0.4,RED,-
2022-03-02,ITA,ITA,4,107.58099365234376,14.5,LIME,1,NASDAQ,0.55,0.1,0.055,0.0,0.4,RED,-
2022-03-02,KSA,KSA,5,42.09987258911133,14.25,LIME,1,NASDAQ,0.55,0.1,0.055,0.0,0.4,RED,-
2022-03-02,GLD,GLD,6,179.72999572753906,14.5,LIME,1,FIXED,1.0,0.08,0.08,0.0,0.4,RED,-
2022-03-03,PDBC,PDBC,1,13.731361389160156,16.0,LIME,1,FIXED,1.0,0.31,0.31,0.4,0.4,-,-
2022-03-03,PICK,PICK,2,42.13839340209961,16.0,LIME,1,FIXED,1.0,0.25,0.25,0.4,0.4,-,-
2022-03-03,KSA,KSA,3,42.1538200378418,16.0,LIME,1,NASDAQ,0.6,0.16,0.096,0.4,0.4,-,-
2022-03-03,GLD,GLD,4,180.8000030517578,16.0,LIME,1,FIXED,1.0,0.1,0.1,0.4,0.4,-,-
2022-03-03,XLE,XLE,5,31.47312355041504,15.0,LIME,1,FIXED,1.0,0.1,0.1,0.4,0.4,-,-
2022-03-03,ITA,ITA,6,105.95098876953124,14.0,LIME,2,NASDAQ,0.5,0.08,0.04,0.4,0.4,-,-
2022-03-04,PDBC,PDBC,1,14.308048248291016,16.0,LIME,1,FIXED,1.0,0.31,0.31,0.4,0.0,-,RED
2022-03-04,PICK,PICK,2,41.986629486083984,16.0,LIME,1,FIXED,1.0,0.25,0.25,0.4,0.0,-,RED
2022-03-04,GLD,GLD,3,183.67999267578125,16.0,LIME,1,FIXED,1.0,0.16,0.16,0.4,0.0,-,RED
2022-03-04,XLE,XLE,4,32.38134002685547,15.5,LIME,1,FIXED,1.0,0.1,0.1,0.4,0.0,-,RED
2022-03-04,DBA,DBA,5,19.272436141967773,15.5,-,1,FIXED,1.0,0.1,0.1,0.4,0.0,-,RED
2022-03-04,KSA,KSA,6,42.00096893310547,15.0,LIME,2,NASDAQ,0.22,0.08,0.0176,0.4,0.0,-,RED
2022-03-07,PDBC,PDBC,1,14.604182243347168,16.0,LIME,1,FIXED,1.0,0.31,0.31,0.0,0.0,RED,RED
2022-03-07,XLE,XLE,2,32.859100341796875,16.0,LIME,1,FIXED,1.0,0.25,0.25,0.0,0.0,RED,RED
2022-03-07,GLD,GLD,3,186.41000366210932,16.0,LIME,1,FIXED,1.0,0.16,0.16,0.0,0.0,RED,RED
2022-03-07,GMOM,GMOM,4,28.79697036743164,16.0,LIME,1,NASDAQ,0.24,0.1,0.024,0.0,0.0,RED,RED
2022-03-07,DBA,DBA,5,19.616588592529297,15.5,LIME,1,FIXED,1.0,0.1,0.1,0.0,0.0,RED,RED
2022-03-07,PICK,PICK,6,41.151954650878906,15.0,LIME,2,FIXED,1.0,0.08,0.08,0.0,0.0,RED,RED
2022-03-08,PDBC,PDBC,1,14.853560447692873,16.0,LIME,1,FIXED,1.0,0.31,0.31,0.0,0.0,RED,RED
2022-03-08,XLE,XLE,2,33.375633239746094,16.0,LIME,1,FIXED,1.0,0.25,0.25,0.0,0.0,RED,RED
2022-03-08,GLD,GLD,3,191.509994506836,16.0,LIME,1,FIXED,1.0,0.16,0.16,0.0,0.0,RED,RED
2022-03-08,DBA,DBA,4,19.59011459350586,16.0,LIME,1,FIXED,1.0,0.1,0.1,0.0,0.0,RED,RED
2022-03-08,GMOM,GMOM,5,29.09639549255371,16.0,LIME,1,NASDAQ,0.24,0.1,0.024,0.0,0.0,RED,RED
2022-03-08,PICK,PICK,6,40.08121490478516,12.75,-,3,FIXED,1.0,0.08,0.08,0.0,0.0,RED,RED
2022-03-09,GLD,GLD,1,185.82000732421875,16.0,LIME,1,FIXED,1.0,0.31,0.31,0.4,0.1,-,PURPLE
2022-03-09,SLV,SLV,2,23.799999237060547,15.25,GREEN,1,FIXED,1.0,0.25,0.25,0.4,0.1,-,PURPLE
2022-03-09,XLE,XLE,3,32.355506896972656,15.0,LIME,2,FIXED,1.0,0.16,0.16,0.4,0.1,-,PURPLE
2022-03-09,PDBC,PDBC,4,13.684603691101074,15.0,-,2,FIXED,1.0,0.1,0.1,0.4,0.1,-,PURPLE
2022-03-09,DBA,DBA,5,19.290084838867188,15.0,-,2,FIXED,1.0,0.1,0.1,0.4,0.1,-,PURPLE
2022-03-09,GMOM,GMOM,6,28.383468627929688,14.5,LIME,2,NASDAQ,0.2,0.08,0.016,0.4,0.1,-,PURPLE
2022-03-10,SLV,SLV,1,24.01000022888184,15.5,GREEN,1,FIXED,1.0,0.31,0.31,0.0,0.0,RED,RED
2022-03-10,XLE,XLE,2,33.34550094604492,15.0,LIME,1,FIXED,1.0,0.25,0.25,0.0,0.0,RED,RED
2022-03-10,GLD,GLD,3,186.3999938964844,15.0,LIME,2,FIXED,1.0,0.16,0.16,0.0,0.0,RED,RED
2022-03-10,KSA,KSA,4,42.11785507202149,13.5,LIME,2,NASDAQ,0.2,0.1,0.02,0.0,0.0,RED,RED
2022-03-10,GMOM,GMOM,5,28.588438034057617,13.5,LIME,2,NASDAQ,0.2,0.1,0.02,0.0,0.0,RED,RED
2022-03-10,PDBC,PDBC,6,13.505363464355469,13.0,-,3,FIXED,1.0,0.08,0.08,0.0,0.0,RED,RED
2022-03-11,XLE,XLE,1,33.0786247253418,14.75,LIME,1,FIXED,1.0,0.31,0.31,0.0,0.0,RED,RED
2022-03-11,SLV,SLV,2,23.8700008392334,14.5,GREEN,2,FIXED,1.0,0.25,0.25,0.0,0.0,RED,RED
2022-03-11,GLD,GLD,3,185.08999633789065,13.75,LIME,2,FIXED,1.0,0.16,0.16,0.0,0.0,RED,RED
2022-03-11,DBA,DBA,4,19.272436141967773,12.0,-,2,FIXED,1.0,0.1,0.1,0.0,0.0,RED,RED
2022-03-11,GMOM,GMOM,5,28.485952377319336,11.75,LIME,2,NASDAQ,0.2,0.1,0.02,0.0,0.0,RED,RED
2022-03-11,KSA,KSA,6,41.920040130615234,11.25,LIME,3,NASDAQ,0.2,0.08,0.016,0.0,0.0,RED,RED
2022-03-14,EIDO,EIDO,1,21.485578536987305,13.75,LIME,1,NASDAQ,0.2,0.35,0.07,0.0,0.0,RED,RED
2022-03-14,XLE,XLE,2,32.08864212036133,12.5,LIME,3,FIXED,1.0,0.3,0.3,0.0,0.0,RED,RED
2022-03-14,SLV,SLV,3,23.15999984741211,12.5,-,3,FIXED,1.0,0.25,0.25,0.0,0.0,RED,RED
2022-03-14,GLD,GLD,4,182.3000030517578,11.5,-,3,FIXED,1.0,0.1,0.1,0.0,0.0,RED,RED
2022-03-15,EIDO,EIDO,1,21.52042579650879,14.0,LIME,1,NASDAQ,0.22,1.0,0.22,0.0,0.1,RED,PURPLE
2022-03-16,EIDO,EIDO,1,22.025766372680664,14.5,LIME,1,NASDAQ,0.55,0.55,0.3025,0.0,0.4,RED,-
2022-03-16,XLU,XLU,2,31.264907836914062,11.0,LIME,1,NASDAQ,0.4,0.45,0.18,0.0,0.4,RED,-
2022-03-17,EIDO,EIDO,1,21.415876388549805,14.5,LIME,2,NASDAQ,0.5,0.55,0.275,0.8,0.4,GREEN,-
2022-03-17,XLU,XLU,2,31.39679336547852,12.0,LIME,1,NASDAQ,0.4,0.45,0.18,0.8,0.4,GREEN,-
2022-03-18,EIDO,EIDO,1,21.29389762878418,13.25,-,3,NASDAQ,1.0,0.35,0.35,0.4,1.0,-,LIME
2022-03-18,EWA,EWA,2,21.97540855407715,12.25,GREEN,1,NASDAQ,1.0,0.3,0.3,0.4,1.0,-,LIME
2022-03-18,EZA,EZA,3,44.81671905517578,11.0,LIME,1,NASDAQ,1.0,0.25,0.25,0.4,1.0,-,LIME
2022-03-18,XLU,XLU,4,31.12862777709961,11.0,LIME,3,NASDAQ,1.0,0.1,0.1,0.4,1.0,-,LIME
2022-03-21,EZA,EZA,1,44.73467254638672,14.75,LIME,1,NASDAQ,1.0,0.31,0.31,0.4,1.0,-,LIME
2022-03-21,EWC,EWC,2,36.99282455444336,14.25,LIME,1,NASDAQ,1.0,0.25,0.25,0.4,1.0,-,LIME
2022-03-21,KSA,KSA,3,42.58543395996094,13.5,-,1,NASDAQ,1.0,0.16,0.16,0.4,1.0,-,LIME
2022-03-21,EWA,EWA,4,21.97540855407715,14.0,GREEN,1,NASDAQ,1.0,0.1,0.1,0.4,1.0,-,LIME
2022-03-21,EWW,EWW,5,45.64948654174805,12.25,LIME,1,NASDAQ,1.0,0.1,0.1,0.4,1.0,-,LIME
2022-03-21,EIDO,EIDO,6,21.302608489990234,11.25,-,3,NASDAQ,1.0,0.08,0.08,0.4,1.0,-,LIME
2022-03-22,EZA,EZA,1,45.17774963378906,15.0,LIME,1,NASDAQ,1.0,0.31,0.31,0.4,1.0,-,LIME
2022-03-22,EWC,EWC,2,37.149227142333984,15.0,LIME,1,NASDAQ,1.0,0.25,0.25,0.4,1.0,-,LIME
2022-03-22,EWW,EWW,3,46.42780685424805,14.25,LIME,1,NASDAQ,1.0,0.16,0.16,0.4,1.0,-,LIME
2022-03-22,XAR,XAR,4,123.3782730102539,14.0,GREEN,1,NASDAQ,1.0,0.1,0.1,0.4,1.0,-,LIME
2022-03-22,EWA,EWA,5,22.22347640991211,14.25,GREEN,1,NASDAQ,1.0,0.1,0.1,0.4,1.0,-,LIME
2022-03-22,KSA,KSA,6,42.747291564941406,13.0,-,1,NASDAQ,1.0,0.08,0.08,0.4,1.0,-,LIME
2022-03-23,EWZ,EWZ,1,26.821422576904297,15.5,GREEN,1,NASDAQ,1.0,0.31,0.31,0.4,1.0,-,LIME
2022-03-23,EWC,EWC,2,36.85482406616211,15.5,LIME,1,NASDAQ,1.0,0.25,0.25,0.4,1.0,-,LIME
2022-03-23,EZA,EZA,3,45.12031555175781,14.75,LIME,1,NASDAQ,1.0,0.16,0.16,0.4,1.0,-,LIME
2022-03-23,EWW,EWW,4,46.13921356201172,15.0,LIME,1,NASDAQ,1.0,0.1,0.1,0.4,1.0,-,LIME
2022-03-23,XAR,XAR,5,122.15572357177734,14.5,GREEN,1,NASDAQ,1.0,0.1,0.1,0.4,1.0,-,LIME
2022-03-23,EWA,EWA,6,22.24058532714844,14.5,GREEN,1,NASDAQ,1.0,0.08,0.08,0.4,1.0,-,LIME
2022-03-24,EWZ,EWZ,1,27.29932403564453,16.0,GREEN,1,NASDAQ,1.0,0.31,0.31,0.8,1.0,GREEN,LIME
2022-03-24,EWC,EWC,2,36.974422454833984,16.0,LIME,1,NASDAQ,1.0,0.25,0.25,0.8,1.0,GREEN,LIME
2022-03-24,EWW,EWW,3,46.88254928588867,15.5,LIME,1,NASDAQ,1.0,0.16,0.16,0.8,1.0,GREEN,LIME
2022-03-24,EZA,EZA,4,45.85877990722656,14.75,LIME,1,NASDAQ,1.0,0.1,0.1,0.8,1.0,GREEN,LIME
2022-03-24,ITA,ITA,5,108.72081756591795,14.75,LIME,1,NASDAQ,1.0,0.1,0.1,0.8,1.0,GREEN,LIME
2022-03-24,XAR,XAR,6,124.16068267822266,14.75,GREEN,1,NASDAQ,1.0,0.08,0.08,0.8,1.0,GREEN,LIME
2022-03-25,EWZ,EWZ,1,27.7110538482666,16.0,GREEN,1,NASDAQ,1.0,0.31,0.31,0.8,1.0,GREEN,LIME
2022-03-25,EWW,EWW,2,46.85631561279297,16.0,LIME,1,NASDAQ,1.0,0.25,0.25,0.8,1.0,GREEN,LIME
2022-03-25,EWC,EWC,3,37.34242248535156,16.0,LIME,1,NASDAQ,1.0,0.16,0.16,0.8,1.0,GREEN,LIME
2022-03-25,ITA,ITA,4,109.09750366210938,15.5,LIME,1,NASDAQ,1.0,0.1,0.1,0.8,1.0,GREEN,LIME
2022-03-25,PICK,PICK,5,43.63911437988281,15.0,LIME,1,FIXED,1.0,0.1,0.1,0.8,1.0,GREEN,LIME
2022-03-25,EZA,EZA,6,45.35826110839844,15.0,LIME,1,NASDAQ,1.0,0.08,0.08,0.8,1.0,GREEN,LIME
2022-03-28,EWZ,EWZ,1,27.497840881347656,16.0,GREEN,1,NASDAQ,1.0,0.31,0.31,0.8,1.0,GREEN,LIME
2022-03-28,KSA,KSA,2,42.93611907958984,15.75,-,1,NASDAQ,1.0,0.25,0.25,0.8,1.0,GREEN,LIME
2022-03-28,EWW,EWW,3,46.91753387451172,16.0,LIME,1,NASDAQ,1.0,0.16,0.16,0.8,1.0,GREEN,LIME
2022-03-28,PICK,PICK,4,43.15011215209961,15.5,LIME,1,FIXED,1.0,0.1,0.1,0.8,1.0,GREEN,LIME
2022-03-28,EWC,EWC,5,37.140018463134766,16.0,LIME,1,NASDAQ,1.0,0.1,0.1,0.8,1.0,GREEN,LIME
2022-03-28,EZA,EZA,6,45.16954803466797,14.25,LIME,2,NASDAQ,1.0,0.08,0.08,0.8,1.0,GREEN,LIME
2022-03-29,EWZ,EWZ,1,27.836048126220703,16.0,GREEN,1,NASDAQ,1.0,0.31,0.31,0.8,1.0,GREEN,LIME
2022-03-29,KSA,KSA,2,43.565547943115234,16.0,LIME,1,NASDAQ,1.0,0.25,0.25,0.8,1.0,GREEN,LIME
2022-03-29,EWW,EWW,3,47.69584655761719,16.0,LIME,1,NASDAQ,1.0,0.16,0.16,0.8,1.0,GREEN,LIME
2022-03-29,EWC,EWC,4,37.34242248535156,16.0,LIME,1,NASDAQ,1.0,0.1,0.1,0.8,1.0,GREEN,LIME
2022-03-29,XLU,XLU,5,32.717369079589844,16.0,LIME,1,NASDAQ,1.0,0.1,0.1,0.8,1.0,GREEN,LIME
2022-03-29,PICK,PICK,6,42.84659957885742,15.0,LIME,2,FIXED,1.0,0.08,0.08,0.8,1.0,GREEN,LIME
2022-03-30,EWZ,EWZ,1,27.747821807861328,16.0,GREEN,1,NASDAQ,1.0,0.31,0.31,0.8,1.0,GREEN,LIME
2022-03-30,EWW,EWW,2,47.704586029052734,16.0,LIME,1,NASDAQ,1.0,0.25,0.25,0.8,1.0,GREEN,LIME
2022-03-30,EWC,EWC,3,37.40682220458984,16.0,LIME,1,NASDAQ,1.0,0.16,0.16,0.8,1.0,GREEN,LIME
2022-03-30,XLU,XLU,4,32.98731994628906,16.0,LIME,1,NASDAQ,1.0,0.1,0.1,0.8,1.0,GREEN,LIME
2022-03-30,KSA,KSA,5,42.83720779418945,15.0,-,2,NASDAQ,1.0,0.1,0.1,0.8,1.0,GREEN,LIME
2022-03-30,PICK,PICK,6,43.41147613525391,14.75,LIME,1,FIXED,1.0,0.08,0.08,0.8,1.0,GREEN,LIME
2022-03-31,EWZ,EWZ,1,27.79928970336914,16.0,GREEN,1,NASDAQ,1.0,0.31,0.31,0.8,1.0,GREEN,LIME
2022-03-31,EWW,EWW,2,48.0718879699707,16.0,LIME,1,NASDAQ,1.0,0.25,0.25,0.8,1.0,GREEN,LIME
2022-03-31,XLU,XLU,3,32.95191955566406,16.0,LIME,1,NASDAQ,1.0,0.16,0.16,0.8,1.0,GREEN,LIME
2022-03-31,EWC,EWC,4,36.99282455444336,14.5,LIME,3,NASDAQ,1.0,0.1,0.1,0.8,1.0,GREEN,LIME
2022-03-31,EWA,EWA,5,22.60841178894043,14.25,LIME,2,NASDAQ,1.0,0.1,0.1,0.8,1.0,GREEN,LIME
2022-03-31,PICK,PICK,6,43.183837890625,13.0,LIME,2,FIXED,1.0,0.08,0.08,0.8,1.0,GREEN,LIME
2022-04-01,EWZ,EWZ,1,28.777149200439453,16.0,GREEN,1,NASDAQ,1.0,0.31,0.31,0.8,1.0,GREEN,LIME
2022-04-01,EWW,EWW,2,48.41294097900391,16.0,LIME,1,NASDAQ,1.0,0.25,0.25,0.8,1.0,GREEN,LIME
2022-04-01,XLU,XLU,3,33.412166595458984,16.0,LIME,1,NASDAQ,1.0,0.16,0.16,0.8,1.0,GREEN,LIME
2022-04-01,EZA,EZA,4,46.34288787841797,14.25,LIME,1,NASDAQ,1.0,0.1,0.1,0.8,1.0,GREEN,LIME
2022-04-01,REMX,REMX,5,115.1559600830078,14.5,LIME,1,FIXED,1.0,0.1,0.1,0.8,1.0,GREEN,LIME
2022-04-01,EWA,EWA,6,22.83081817626953,14.25,LIME,1,NASDAQ,1.0,0.08,0.08,0.8,1.0,GREEN,LIME
2022-04-04,EWZ,EWZ,1,29.05653953552246,16.0,GREEN,1,NASDAQ,1.0,0.31,0.31,0.8,1.0,GREEN,LIME
2022-04-04,EWW,EWW,2,48.15933227539063,16.0,LIME,1,NASDAQ,1.0,0.25,0.25,0.8,1.0,GREEN,LIME
2022-04-04,XLU,XLU,3,33.15549087524414,16.0,LIME,1,NASDAQ,1.0,0.16,0.16,0.8,1.0,GREEN,LIME
2022-04-04,REMX,REMX,4,120.28218841552734,14.75,LIME,1,FIXED,1.0,0.1,0.1,0.8,1.0,GREEN,LIME
2022-04-04,EZA,EZA,5,46.08031845092773,14.5,LIME,1,NASDAQ,1.0,0.1,0.1,0.8,1.0,GREEN,LIME
2022-04-04,EWA,EWA,6,22.993343353271484,14.25,LIME,1,NASDAQ,1.0,0.08,0.08,0.8,1.0,GREEN,LIME
2022-04-05,XLU,XLU,1,33.363487243652344,16.0,LIME,1,NASDAQ,1.0,0.31,0.31,0.8,1.0,GREEN,LIME
2022-04-05,UNG,UNG,2,84.23999786376953,15.25,LIME,1,FIXED,1.0,0.25,0.25,0.8,1.0,GREEN,LIME
2022-04-05,EWZ,EWZ,3,28.174257278442383,15.0,LIME,2,NASDAQ,1.0,0.16,0.16,0.8,1.0,GREEN,LIME
2022-04-05,EWA,EWA,4,22.87358665466309,14.25,LIME,1,NASDAQ,1.0,0.1,0.1,0.8,1.0,GREEN,LIME
2022-04-05,REMX,REMX,5,113.88147735595705,14.25,LIME,2,FIXED,1.0,0.1,0.1,0.8,1.0,GREEN,LIME
2022-04-05,EWW,EWW,6,47.346038818359375,14.0,LIME,3,NASDAQ,1.0,0.08,0.08,0.8,1.0,GREEN,LIME
2022-04-06,XLU,XLU,1,34.02730178833008,16.0,LIME,1,NASDAQ,0.6,0.31,0.186,0.4,0.4,-,-
2022-04-06,UNG,UNG,2,84.91999816894531,15.5,LIME,1,FIXED,1.0,0.25,0.25,0.4,0.4,-,-
2022-04-06,KSA,KSA,3,43.45764923095703,14.0,-,1,NASDAQ,0.55,0.16,0.088,0.4,0.4,-,-
2022-04-06,EWM,EWM,4,22.56524658203125,14.5,LIME,1,NASDAQ,0.55,0.1,0.055,0.4,0.4,-,-
2022-04-06,TUR,TUR,5,19.017702102661133,13.75,GREEN,1,NASDAQ,0.5,0.1,0.05,0.4,0.4,-,-
2022-04-06,EWZ,EWZ,6,27.696352005004883,13.0,LIME,3,NASDAQ,0.45,0.08,0.036,0.4,0.4,-,-
2022-04-07,UNG,UNG,1,89.4800033569336,15.75,LIME,1,FIXED,1.0,0.33,0.33,0.4,0.4,-,-
2022-04-07,XLU,XLU,2,33.94321823120117,16.0,LIME,1,NASDAQ,0.6,0.27,0.162,0.4,0.4,-,-
2022-04-07,KSA,KSA,3,43.79034423828125,14.25,-,1,NASDAQ,0.55,0.2,0.11,0.4,0.4,-,-
2022-04-07,TUR,TUR,4,19.18646812438965,14.0,GREEN,1,NASDAQ,0.55,0.1,0.055,0.4,0.4,-,-
2022-04-07,EWM,EWM,5,22.56524658203125,14.0,LIME,2,NASDAQ,0.5,0.1,0.05,0.4,0.4,-,-
2022-04-08,UNG,UNG,1,88.36000061035156,16.0,LIME,1,FIXED,1.0,0.31,0.31,0.4,0.4,-,-
2022-04-08,XLU,XLU,2,34.05827713012695,16.0,LIME,1,NASDAQ,0.6,0.25,0.15,0.4,0.4,-,-
2022-04-08,KSA,KSA,3,43.92522048950195,14.5,LIME,1,NASDAQ,0.55,0.16,0.088,0.4,0.4,-,-
2022-04-08,TUR,TUR,4,19.57730484008789,14.0,GREEN,1,NASDAQ,0.55,0.1,0.055,0.4,0.4,-,-
2022-04-08,XLP,XLP,5,70.69239044189453,14.25,LIME,1,NASDAQ,0.55,0.1,0.055,0.4,0.4,-,-
2022-04-08,EWM,EWM,6,22.47798538208008,11.0,-,3,NASDAQ,0.4,0.08,0.032,0.4,0.4,-,-
2022-04-11,UNG,UNG,1,93.1999969482422,16.0,LIME,1,FIXED,1.0,0.33,0.33,0.4,0.4,-,-
2022-04-11,KSA,KSA,2,44.914329528808594,15.75,LIME,1,NASDAQ,0.6,0.27,0.162,0.4,0.4,-,-
2022-04-11,XLU,XLU,3,33.5936164855957,15.0,LIME,2,NASDAQ,0.55,0.2,0.11,0.4,0.4,-,-
2022-04-11,XLP,XLP,4,70.40501403808594,15.0,LIME,1,NASDAQ,0.6,0.1,0.06,0.4,0.4,-,-
2022-04-11,TUR,TUR,5,20.172439575195312,14.0,GREEN,1,NASDAQ,0.55,0.1,0.055,0.4,0.4,-,-
2022-04-12,UNG,UNG,1,93.5999984741211,16.0,LIME,1,FIXED,1.0,0.31,0.31,0.4,0.4,-,-
2022-04-12,KSA,KSA,2,45.12113952636719,16.0,LIME,1,NASDAQ,0.6,0.25,0.15,0.4,0.4,-,-
2022-04-12,XLP,XLP,3,70.42296600341797,15.5,LIME,1,NASDAQ,0.6,0.16,0.096,0.4,0.4,-,-
2022-04-12,DBA,DBA,4,20.040157318115234,14.25,LIME,1,FIXED,1.0,0.1,0.1,0.4,0.4,-,-
2022-04-12,TUR,TUR,5,20.38562393188477,14.0,GREEN,1,NASDAQ,0.55,0.1,0.055,0.4,0.4,-,-
2022-04-12,XLU,XLU,6,33.721954345703125,14.0,LIME,2,NASDAQ,0.5,0.08,0.04,0.4,0.4,-,-
2022-04-13,UNG,UNG,1,98.4800033569336,16.0,LIME,1,FIXED,1.0,0.31,0.31,0.4,0.4,-,-
2022-04-13,DBA,DBA,2,20.0136833190918,16.0,LIME,1,FIXED,1.0,0.25,0.25,0.4,0.4,-,-
2022-04-13,KSA,KSA,3,45.05820083618164,16.0,LIME,1,NASDAQ,0.6,0.16,0.096,0.4,0.4,-,-
2022-04-13,XLP,XLP,4,70.81809997558594,16.0,LIME,1,NASDAQ,0.6,0.1,0.06,0.4,0.4,-,-
2022-04-13,XLE,XLE,5,34.5857048034668,14.5,LIME,1,FIXED,1.0,0.1,0.1,0.4,0.4,-,-
2022-04-13,TUR,TUR,6,20.55439186096192,14.0,LIME,1,NASDAQ,0.55,0.08,0.044,0.4,0.4,-,-
2022-04-14,UNG,UNG,1,102.4000015258789,16.0,LIME,1,FIXED,1.0,0.31,0.31,0.0,0.0,RED,RED
2022-04-14,DBA,DBA,2,19.916616439819336,16.0,LIME,1,FIXED,1.0,0.25,0.25,0.0,0.0,RED,RED
2022-04-14,KSA,KSA,3,45.05820083618164,16.0,LIME,1,NASDAQ,0.24,0.16,0.0384,0.0,0.0,RED,RED
2022-04-14,XLP,XLP,4,70.80014038085938,16.0,LIME,1,NASDAQ,0.24,0.1,0.024,0.0,0.0,RED,RED
2022-04-14,GMOM,GMOM,5,29.822355270385746,15.0,LIME,1,NASDAQ,0.24,0.1,0.024,0.0,0.0,RED,RED
2022-04-14,XLE,XLE,6,34.69868469238281,14.5,LIME,1,FIXED,1.0,0.08,0.08,0.0,0.0,RED,RED
2022-04-15,117680,철강주,1,8609.0,14.5,GREEN,1,KOSPI,0.22,0.55,0.121,0.0,0.4,RED,-
2022-04-15,147970,티모멘,2,23535.0,11.0,-,1,KOSPI,0.2,0.45,0.09,0.0,0.4,RED,-
2022-04-18,UNG,UNG,1,108.5199966430664,16.0,LIME,1,FIXED,1.0,0.31,0.31,0.0,0.0,RED,RED
2022-04-18,XLE,XLE,2,35.20710754394531,16.0,LIME,1,FIXED,1.0,0.25,0.25,0.0,0.0,RED,RED
2022-04-18,KSA,KSA,3,45.87646484375,16.0,LIME,1,NASDAQ,0.24,0.16,0.0384,0.0,0.0,RED,RED
2022-04-18,DBA,DBA,4,20.154874801635746,16.0,LIME,1,FIXED,1.0,0.1,0.1,0.0,0.0,RED,RED
2022-04-18,GMOM,GMOM,5,29.984281539916992,15.75,LIME,1,NASDAQ,0.24,0.1,0.024,0.0,0.0,RED,RED
2022-04-18,117680,철강주,6,8632.0,15.0,GREEN,1,KOSPI,0.24,0.08,0.0192,0.0,0.0,RED,RED
2022-04-19,XLE,XLE,1,34.92030715942383,16.0,LIME,1,FIXED,1.0,0.31,0.31,0.0,0.0,RED,RED
2022-04-19,UNG,UNG,2,99.95999908447266,15.0,LIME,2,FIXED,1.0,0.25,0.25,0.0,0.0,RED,RED
2022-04-19,117680,철강주,3,8852.0,15.25,GREEN,1,KOSPI,0.24,0.16,0.0384,0.0,0.0,RED,RED
2022-04-19,DBA,DBA,4,19.960739135742188,15.0,LIME,2,FIXED,1.0,0.1,0.1,0.0,0.0,RED,RED
2022-04-19,KSA,KSA,5,45.13912582397461,15.0,-,2,NASDAQ,0.22,0.1,0.022,0.0,0.0,RED,RED
2022-04-19,GMOM,GMOM,6,29.741384506225582,14.75,LIME,2,NASDAQ,0.2,0.08,0.016,0.0,0.0,RED,RED
2022-04-20,XLE,XLE,1,35.055015563964844,16.0,LIME,1,FIXED,1.0,0.31,0.31,0.0,0.0,RED,RED
2022-04-20,117680,철강주,2,9030.0,15.5,GREEN,1,KOSPI,0.24,0.25,0.06,0.0,0.0,RED,RED
2022-04-20,147970,티모멘,3,23751.0,16.0,LIME,1,KOSPI,0.24,0.16,0.0384,0.0,0.0,RED,RED
2022-04-20,TUR,TUR,4,21.09623336791992,14.75,LIME,1,NASDAQ,0.22,0.1,0.022,0.0,0.0,RED,RED
2022-04-20,KSA,KSA,5,45.45384216308594,15.0,-,1,NASDAQ,0.24,0.1,0.024,0.0,0.0,RED,RED
2022-04-20,GMOM,GMOM,6,30.146215438842773,14.75,LIME,1,NASDAQ,0.22,0.08,0.0176,0.0,0.0,RED,RED
2022-04-21,117680,철강주,1,9076.0,15.75,GREEN,1,KOSPI,0.24,0.31,0.0744,0.0,0.0,RED,RED
2022-04-21,TUR,TUR,2,20.954111099243164,15.0,LIME,1,NASDAQ,0.24,0.25,0.06,0.0,0.0,RED,RED
2022-04-21,147970,티모멘,3,23718.0,16.0,LIME,1,KOSPI,0.24,0.16,0.0384,0.0,0.0,RED,RED
2022-04-21,XLE,XLE,4,33.94257354736328,13.75,-,3,FIXED,1.0,0.1,0.1,0.0,0.0,RED,RED
2022-04-21,XLP,XLP,5,72.29084777832031,14.5,LIME,1,NASDAQ,0.22,0.1,0.022,0.0,0.0,RED,RED
2022-04-21,GMOM,GMOM,6,29.624435424804688,13.25,LIME,2,NASDAQ,0.2,0.08,0.016,0.0,0.0,RED,RED
2022-04-22,117680,철강주,1,9026.0,16.0,GREEN,1,KOSPI,0.24,0.33,0.0792,0.0,0.0,RED,RED
2022-04-22,147970,티모멘,2,23854.0,16.0,LIME,1,KOSPI,0.24,0.27,0.0648,0.0,0.0,RED,RED
2022-04-22,XLP,XLP,3,71.15933227539062,15.0,-,2,NASDAQ,0.22,0.2,0.044,0.0,0.0,RED,RED
2022-04-22,TUR,TUR,4,20.225736618041992,13.25,-,3,NASDAQ,0.2,0.1,0.02,0.0,0.0,RED,RED
2022-04-22,JETS,JETS,5,22.168426513671875,13.5,GREEN,1,NASDAQ,0.2,0.1,0.02,0.0,0.0,RED,RED
2022-04-25,117680,철강주,1,8793.0,15.0,GREEN,2,KOSPI,0.22,0.33,0.0726,0.0,0.0,RED,RED
2022-04-25,147970,티모멘,2,23489.0,14.5,-,3,KOSPI,0.2,0.27,0.054,0.0,0.0,RED,RED
2022-04-25,XLP,XLP,3,71.47364807128906,13.75,-,2,NASDAQ,0.2,0.2,0.04,0.0,0.0,RED,RED
2022-04-25,JETS,JETS,4,22.069238662719727,12.5,GREEN,2,NASDAQ,0.2,0.1,0.02,0.0,0.0,RED,RED
2022-04-25,TUR,TUR,5,20.563276290893555,11.25,-,3,NASDAQ,0.2,0.1,0.02,0.0,0.0,RED,RED
2022-04-26,117680,철강주,1,8595.0,12.75,-,3,KOSPI,0.2,0.45,0.09,0.0,0.0,RED,RED
2022-04-26,147970,티모멘,2,23381.0,12.0,-,4,KOSPI,0.2,0.3,0.06,0.0,0.0,RED,RED
2022-04-26,EIDO,EIDO,3,21.877647399902344,11.0,LIME,1,NASDAQ,0.2,0.25,0.05,0.0,0.0,RED,RED
2022-04-27,EIDO,EIDO,1,21.982202529907227,11.5,LIME,1,NASDAQ,0.2,1.0,0.2,0.0,0.0,RED,RED
2022-04-28,EIDO,EIDO,1,22.025766372680664,14.75,LIME,1,NASDAQ,0.22,1.0,0.22,0.0,0.0,RED,RED
2022-04-29,EIDO,EIDO,1,21.97348976135254,15.5,LIME,1,NASDAQ,0.24,1.0,0.24,0.4,0.0,-,RED
2022-05-02,EIDO,EIDO,1,21.903785705566406,14.75,LIME,2,NASDAQ,0.2,0.55,0.11,0.4,0.0,-,RED
2022-05-02,KSA,KSA,2,45.59770965576172,12.0,-,1,NASDAQ,0.2,0.45,0.09,0.4,0.0,-,RED
2022-05-03,EIDO,EIDO,1,22.008338928222656,14.75,LIME,1,NASDAQ,0.22,0.55,0.121,0.4,0.0,-,RED
2022-05-03,KSA,KSA,2,45.390892028808594,12.0,-,2,NASDAQ,0.2,0.45,0.09,0.4,0.0,-,RED
2022-05-04,EIDO,EIDO,1,22.278430938720703,14.75,LIME,1,NASDAQ,0.55,0.55,0.3025,0.4,0.4,-,-
2022-05-04,UNG,UNG,2,116.04000091552734,12.75,-,1,FIXED,1.0,0.45,0.45,0.4,0.4,-,-
2022-05-05,UNG,UNG,1,120.4000015258789,14.5,-,1,FIXED,1.0,0.45,0.45,0.4,0.0,-,RED
2022-05-05,EIDO,EIDO,2,21.9560604095459,13.25,LIME,2,NASDAQ,0.2,0.3,0.06,0.4,0.0,-,RED
2022-05-05,PDBC,PDBC,3,14.931492805480955,12.0,-,1,FIXED,1.0,0.25,0.25,0.4,0.0,-,RED
2022-05-06,UNG,UNG,1,110.72000122070312,14.75,-,2,FIXED,1.0,0.35,0.35,0.0,0.0,RED,RED
2022-05-06,PDBC,PDBC,2,14.97045612335205,13.0,-,1,FIXED,1.0,0.3,0.3,0.0,0.0,RED,RED
2022-05-06,XLE,XLE,3,36.03274917602539,12.0,LIME,1,FIXED,1.0,0.25,0.25,0.0,0.0,RED,RED
2022-05-06,EIDO,EIDO,4,21.816659927368164,12.25,LIME,3,NASDAQ,0.2,0.1,0.02,0.0,0.0,RED,RED
2022-05-09,UNG,UNG,1,97.23999786376952,12.5,-,4,FIXED,1.0,0.55,0.55,0.0,0.0,RED,RED
2022-05-09,PDBC,PDBC,2,14.315842628479004,12.5,-,4,FIXED,1.0,0.45,0.45,0.0,0.0,RED,RED
2022-05-17,UNG,UNG,1,113.76000213623048,11.0,-,1,FIXED,1.0,1.0,1.0,0.0,0.4,RED,-
2022-05-18,XLE,XLE,1,35.511287689208984,13.0,LIME,1,FIXED,1.0,0.55,0.55,0.0,0.0,RED,RED
2022-05-18,UNG,UNG,2,113.95999908447266,11.5,-,1,FIXED,1.0,0.45,0.45,0.0,0.0,RED,RED
2022-05-19,XLE,XLE,1,35.38092803955078,13.25,LIME,2,FIXED,1.0,0.55,0.55,0.0,0.0,RED,RED
2022-05-19,UNG,UNG,2,111.91999816894533,12.0,-,1,FIXED,1.0,0.45,0.45,0.0,0.0,RED,RED
2022-05-20,XLE,XLE,1,35.53302383422852,11.75,LIME,2,FIXED,1.0,0.55,0.55,0.4,0.0,-,RED
2022-05-20,UNG,UNG,2,110.91999816894533,11.5,-,2,FIXED,1.0,0.45,0.45,0.4,0.0,-,RED
2022-05-23,UNG,UNG,1,120.27999877929688,12.0,-,1,FIXED,1.0,0.55,0.55,0.4,0.0,-,RED
2022-05-23,XLE,XLE,2,36.47163772583008,11.75,LIME,1,FIXED,1.0,0.45,0.45,0.4,0.0,-,RED
2022-05-24,UNG,UNG,1,120.4800033569336,13.25,-,1,FIXED,1.0,0.55,0.55,0.4,0.0,-,RED
2022-05-24,XLE,XLE,2,36.61069869995117,12.75,LIME,1,FIXED,1.0,0.45,0.45,0.4,0.0,-,RED
2022-05-25,UNG,UNG,1,122.12000274658205,14.5,-,1,FIXED,1.0,0.45,0.45,0.4,0.4,-,-
2022-05-25,XLE,XLE,2,37.366817474365234,13.75,LIME,1,FIXED,1.0,0.3,0.3,0.4,0.4,-,-
2022-05-25,PDBC,PDBC,3,14.947078704833984,11.0,-,1,FIXED,1.0,0.25,0.25,0.4,0.4,-,-
2022-05-26,XLE,XLE,1,37.779632568359375,16.0,LIME,1,FIXED,1.0,0.33,0.33,0.4,0.4,-,-
2022-05-26,UNG,UNG,2,118.91999816894533,15.75,-,1,FIXED,1.0,0.27,0.27,0.4,0.4,-,-
2022-05-26,PDBC,PDBC,3,15.126317024230955,13.75,-,1,FIXED,1.0,0.2,0.2,0.4,0.4,-,-
2022-05-26,EWZ,EWZ,4,26.10089111328125,12.25,GREEN,1,NASDAQ,0.4,0.1,0.04,0.4,0.4,-,-
2022-05-26,EWP,EWP,5,23.31082534790039,11.75,GREEN,1,NASDAQ,0.4,0.1,0.04,0.4,0.4,-,-
2022-05-27,XLE,XLE,1,38.47056579589844,16.0,LIME,1,FIXED,1.0,0.31,0.31,0.4,0.4,-,-
2022-05-27,UNG,UNG,2,118.31999969482422,15.0,-,2,FIXED,1.0,0.25,0.25,0.4,0.4,-,-
2022-05-27,PDBC,PDBC,3,15.328936576843262,14.5,LIME,1,FIXED,1.0,0.16,0.16,0.4,0.4,-,-
2022-05-27,EWP,EWP,4,23.42561149597168,12.75,GREEN,1,NASDAQ,0.4,0.1,0.04,0.4,0.4,-,-
2022-05-27,XLU,XLU,5,33.35464096069336,12.5,LIME,1,NASDAQ,0.4,0.1,0.04,0.4,0.4,-,-
2022-05-27,EWZ,EWZ,6,26.26264381408692,12.5,-,1,NASDAQ,0.4,0.08,0.032,0.4,0.4,-,-
2022-05-30,377990,신재생,1,9465.0,12.25,GREEN,1,KOSPI,0.4,1.0,0.4,0.4,0.4,-,-
2022-05-31,XLE,XLE,1,37.892616271972656,16.0,LIME,1,FIXED,1.0,0.33,0.33,0.8,0.4,GREEN,-
2022-05-31,PDBC,PDBC,2,15.204248428344728,15.75,LIME,1,FIXED,1.0,0.27,0.27,0.8,0.4,GREEN,-
2022-05-31,377990,신재생,3,9790.0,13.25,GREEN,1,KOSPI,0.8,0.2,0.16,0.8,0.4,GREEN,-
2022-05-31,EWP,EWP,4,23.178375244140625,13.0,GREEN,1,NASDAQ,0.5,0.1,0.05,0.8,0.4,GREEN,-
2022-05-31,EWW,EWW,5,45.53579711914063,12.75,LIME,1,NASDAQ,0.4,0.1,0.04,0.8,0.4,GREEN,-
2022-06-01,XLE,XLE,1,38.509674072265625,16.0,LIME,1,FIXED,1.0,0.33,0.33,0.4,0.4,-,-
2022-06-01,PDBC,PDBC,2,15.30555820465088,16.0,LIME,1,FIXED,1.0,0.27,0.27,0.4,0.4,-,-
2022-06-01,EWW,EWW,3,45.16851043701172,12.5,LIME,2,NASDAQ,0.4,0.2,0.08,0.4,0.4,-,-
2022-06-01,EWP,EWP,4,22.78986167907715,12.0,GREEN,2,NASDAQ,0.4,0.1,0.04,0.4,0.4,-,-
2022-06-01,EWZ,EWZ,5,25.806793212890625,12.5,-,2,NASDAQ,0.4,0.1,0.04,0.4,0.4,-,-
2022-06-02,XLE,XLE,1,38.387996673583984,16.0,LIME,1,FIXED,1.0,0.31,0.31,0.8,0.4,GREEN,-
2022-06-02,PDBC,PDBC,2,15.625073432922363,16.0,LIME,1,FIXED,1.0,0.25,0.25,0.8,0.4,GREEN,-
2022-06-02,377990,신재생,3,9760.0,14.0,GREEN,1,KOSPI,0.8,0.16,0.128,0.8,0.4,GREEN,-
2022-06-02,EWZ,EWZ,4,26.130300521850582,12.5,-,1,NASDAQ,0.4,0.1,0.04,0.8,0.4,GREEN,-
2022-06-02,EWP,EWP,5,23.116565704345703,11.5,GREEN,2,NASDAQ,0.4,0.1,0.04,0.8,0.4,GREEN,-
2022-06-02,EWW,EWW,6,45.03732681274414,11.0,LIME,3,NASDAQ,0.4,0.08,0.032,0.8,0.4,GREEN,-
2022-06-03,XLE,XLE,1,38.896427154541016,16.0,LIME,1,FIXED,1.0,0.31,0.31,0.8,0.4,GREEN,-
2022-06-03,PDBC,PDBC,2,15.773140907287598,16.0,LIME,1,FIXED,1.0,0.25,0.25,0.8,0.4,GREEN,-
2022-06-03,377990,신재생,3,9943.0,14.75,GREEN,1,KOSPI,0.8,0.16,0.128,0.8,0.4,GREEN,-
2022-06-03,117460,에너지,4,17116.0,12.0,GREEN,1,KOSPI,0.8,0.1,0.08,0.8,0.4,GREEN,-
2022-06-03,GMOM,GMOM,5,29.201610565185547,13.0,LIME,1,NASDAQ,0.5,0.1,0.05,0.8,0.4,GREEN,-
2022-06-03,EWZ,EWZ,6,25.909730911254883,11.5,-,2,NASDAQ,0.4,0.08,0.032,0.8,0.4,GREEN,-
2022-06-06,XLE,XLE,1,38.85297775268555,16.0,LIME,1,FIXED,1.0,0.33,0.33,0.4,0.4,-,-
2022-06-06,PDBC,PDBC,2,15.85107135772705,16.0,LIME,1,FIXED,1.0,0.27,0.27,0.4,0.4,-,-
2022-06-06,GMOM,GMOM,3,29.38153839111328,13.0,LIME,1,NASDAQ,0.5,0.2,0.1,0.4,0.4,-,-
2022-06-06,XLU,XLU,4,33.049278259277344,11.5,LIME,1,NASDAQ,0.4,0.1,0.04,0.4,0.4,-,-
2022-06-06,GREK,GREK,5,23.35350608825684,11.5,GREEN,1,NASDAQ,0.4,0.1,0.04,0.4,0.4,-,-
2022-06-07,XLE,XLE,1,40.01321792602539,16.0,LIME,1,FIXED,1.0,0.31,0.31,0.0,0.8,RED,GREEN
2022-06-07,PDBC,PDBC,2,15.952380180358888,16.0,LIME,1,FIXED,1.0,0.25,0.25,0.0,0.8,RED,GREEN
2022-06-07,377990,신재생,3,9879.0,15.5,GREEN,1,KOSPI,0.24,0.16,0.0384,0.0,0.8,RED,GREEN
2022-06-07,GMOM,GMOM,4,29.75037956237793,13.0,LIME,1,NASDAQ,0.8,0.1,0.08,0.0,0.8,RED,GREEN
2022-06-07,117460,에너지,5,16964.0,12.0,GREEN,1,KOSPI,0.2,0.1,0.02,0.0,0.8,RED,GREEN
2022-06-07,XLU,XLU,6,33.2484245300293,12.0,LIME,1,NASDAQ,0.8,0.08,0.064,0.0,0.8,RED,GREEN
2022-06-08,XLE,XLE,1,40.10011291503906,16.0,LIME,1,FIXED,1.0,0.31,0.31,0.0,0.8,RED,GREEN
2022-06-08,PDBC,PDBC,2,16.10045051574707,16.0,LIME,1,FIXED,1.0,0.25,0.25,0.0,0.8,RED,GREEN
2022-06-08,377990,신재생,3,9805.0,15.0,GREEN,2,KOSPI,0.22,0.16,0.0352,0.0,0.8,RED,GREEN
2022-06-08,GMOM,GMOM,4,29.597450256347656,13.0,LIME,1,NASDAQ,0.8,0.1,0.08,0.0,0.8,RED,GREEN
2022-06-08,QMOM,QMOM,5,47.35036087036133,12.5,GREEN,1,NASDAQ,0.8,0.1,0.08,0.0,0.8,RED,GREEN
2022-06-08,117460,에너지,6,17121.0,12.0,GREEN,1,KOSPI,0.2,0.08,0.016,0.0,0.8,RED,GREEN
2022-06-09,PDBC,PDBC,1,16.123828887939453,16.0,LIME,1,FIXED,1.0,0.31,0.31,0.4,0.8,-,GREEN
2022-06-09,XLE,XLE,2,39.21364974975586,15.0,LIME,2,FIXED,1.0,0.25,0.25,0.4,0.8,-,GREEN
2022-06-09,377990,신재생,3,9702.0,13.25,GREEN,2,KOSPI,0.45,0.16,0.072,0.4,0.8,-,GREEN
2022-06-09,GMOM,GMOM,4,29.34555435180664,12.5,LIME,2,NASDAQ,0.8,0.1,0.08,0.4,0.8,-,GREEN
2022-06-09,117460,에너지,5,17286.0,12.0,GREEN,1,KOSPI,0.4,0.1,0.04,0.4,0.8,-,GREEN
2022-06-09,QMOM,QMOM,6,46.28126525878906,11.5,GREEN,3,NASDAQ,0.8,0.08,0.064,0.4,0.8,-,GREEN
2022-06-10,PDBC,PDBC,1,15.960174560546877,15.0,LIME,2,FIXED,1.0,0.33,0.33,0.0,0.0,RED,RED
2022-06-10,XLE,XLE,2,38.548789978027344,13.0,LIME,3,FIXED,1.0,0.27,0.27,0.0,0.0,RED,RED
2022-06-10,117460,에너지,3,17241.0,12.0,GREEN,1,KOSPI,0.2,0.2,0.04,0.0,0.0,RED,RED
2022-06-10,377990,신재생,4,9667.0,11.5,GREEN,2,KOSPI,0.2,0.1,0.02,0.0,0.0,RED,RED
2022-06-10,GMOM,GMOM,5,28.94972038269043,11.0,LIME,3,NASDAQ,0.2,0.1,0.02,0.0,0.0,RED,RED
2022-06-13,PDBC,PDBC,1,15.76534938812256,13.0,LIME,3,FIXED,1.0,1.0,1.0,0.0,0.0,RED,RED
2022-06-22,411060,금현물,1,11010.0,11.0,GREEN,2,FIXED,1.0,1.0,1.0,0.0,0.0,RED,RED
2022-06-23,411060,금현물,1,11075.0,11.0,GREEN,1,FIXED,1.0,1.0,1.0,0.0,0.0,RED,RED
2022-06-24,411060,금현물,1,11040.0,11.0,GREEN,1,FIXED,1.0,1.0,1.0,0.0,0.4,RED,-
2022-06-28,371160,항셈테,1,7152.0,12.5,GREEN,1,NASDAQ,0.4,1.0,0.4,0.0,0.4,RED,-
2022-06-29,371160,항셈테,1,6984.0,12.5,GREEN,1,NASDAQ,0.4,0.55,0.22,0.0,0.4,RED,-
2022-06-29,FXI,FXI,2,30.87309837341309,12.0,GREEN,1,NASDAQ,0.4,0.45,0.18,0.0,0.4,RED,-
2022-06-30,371160,항셈테,1,6849.0,11.75,-,2,NASDAQ,0.2,0.55,0.11,0.0,0.0,RED,RED
2022-06-30,FXI,FXI,2,30.845808029174805,11.25,GREEN,2,NASDAQ,0.2,0.45,0.09,0.0,0.0,RED,RED
2022-07-20,244580,바이오,1,9762.0,11.0,GREEN,1,KOSPI,0.8,1.0,0.8,0.8,0.8,GREEN,GREEN
2022-07-21,UNG,UNG,1,108.08000183105467,11.25,LIME,1,FIXED,1.0,1.0,1.0,0.8,0.8,GREEN,GREEN
2022-07-22,UNG,UNG,1,113.1999969482422,12.0,LIME,1,FIXED,1.0,0.55,0.55,0.8,0.8,GREEN,GREEN
2022-07-22,ICLN,ICLN,2,18.531293869018555,11.25,GREEN,1,NASDAQ,0.8,0.45,0.36,0.8,0.8,GREEN,GREEN
2022-07-25,UNG,UNG,1,118.83999633789062,12.75,LIME,1,FIXED,1.0,0.55,0.55,0.8,0.8,GREEN,GREEN
2022-07-25,ICLN,ICLN,2,18.76887321472168,11.5,GREEN,1,NASDAQ,0.8,0.45,0.36,0.8,0.8,GREEN,GREEN
2022-07-26,UNG,UNG,1,120.4800033569336,13.0,LIME,1,FIXED,1.0,0.55,0.55,0.8,0.8,GREEN,GREEN
2022-07-26,091180,자동차,2,17225.0,11.25,GREEN,1,KOSPI,0.8,0.45,0.36,0.8,0.8,GREEN,GREEN
2022-07-27,UNG,UNG,1,118.95999908447266,13.0,LIME,1,FIXED,1.0,0.55,0.55,0.8,0.8,GREEN,GREEN
2022-07-27,091180,자동차,2,17240.0,11.75,GREEN,1,KOSPI,0.8,0.45,0.36,0.8,0.8,GREEN,GREEN
2022-07-28,XLV,XLV,1,124.86097717285156,13.0,LIME,1,NASDAQ,0.8,0.33,0.264,0.8,0.8,GREEN,GREEN
2022-07-28,UNG,UNG,2,113.36000061035156,12.5,LIME,2,FIXED,1.0,0.27,0.27,0.8,0.8,GREEN,GREEN
2022-07-28,091180,자동차,3,17208.0,13.0,GREEN,1,KOSPI,0.8,0.2,0.16,0.8,0.8,GREEN,GREEN
2022-07-28,TAN,TAN,4,82.39582061767578,11.5,GREEN,1,NASDAQ,0.8,0.1,0.08,0.8,0.8,GREEN,GREEN
2022-07-28,ICLN,ICLN,5,20.707534790039062,11.25,GREEN,1,NASDAQ,0.8,0.1,0.08,0.8,0.8,GREEN,GREEN
2022-07-29,XLV,XLV,1,124.44739532470705,13.75,LIME,1,NASDAQ,0.8,0.31,0.248,0.8,0.8,GREEN,GREEN
2022-07-29,TAN,TAN,2,85.07009887695312,13.25,GREEN,1,NASDAQ,0.8,0.25,0.2,0.8,0.8,GREEN,GREEN
2022-07-29,091180,자동차,3,17359.0,13.0,GREEN,1,KOSPI,0.8,0.16,0.128,0.8,0.8,GREEN,GREEN
2022-07-29,UNG,UNG,4,114.4800033569336,12.0,LIME,2,FIXED,1.0,0.1,0.1,0.8,0.8,GREEN,GREEN
2022-07-29,XLU,XLU,5,32.98810958862305,11.75,LIME,1,NASDAQ,0.8,0.1,0.08,0.8,0.8,GREEN,GREEN
2022-07-29,ICLN,ICLN,6,21.18269729614257,11.5,GREEN,1,NASDAQ,0.8,0.08,0.064,0.8,0.8,GREEN,GREEN
2022-08-01,TAN,TAN,1,82.86307525634766,15.5,GREEN,1,NASDAQ,0.8,0.31,0.248,0.8,0.8,GREEN,GREEN
2022-08-01,ICLN,ICLN,2,20.91660499572754,14.5,GREEN,1,NASDAQ,0.8,0.25,0.2,0.8,0.8,GREEN,GREEN
2022-08-01,XLV,XLV,3,123.52625274658205,13.25,LIME,2,NASDAQ,0.8,0.16,0.128,0.8,0.8,GREEN,GREEN
2022-08-01,XLU,XLU,4,33.0238037109375,12.75,LIME,1,NASDAQ,0.8,0.1,0.08,0.8,0.8,GREEN,GREEN
2022-08-01,091180,자동차,5,17295.0,13.0,GREEN,1,KOSPI,0.8,0.1,0.08,0.8,0.8,GREEN,GREEN
2022-08-01,UNG,UNG,6,114.0,11.0,LIME,2,FIXED,1.0,0.08,0.08,0.8,0.8,GREEN,GREEN
2022-08-02,TAN,TAN,1,83.67828369140625,16.0,GREEN,1,NASDAQ,0.8,0.31,0.248,0.8,0.8,GREEN,GREEN
2022-08-02,ICLN,ICLN,2,21.18269729614257,14.75,GREEN,1,NASDAQ,0.8,0.25,0.2,0.8,0.8,GREEN,GREEN
2022-08-02,091180,자동차,3,17300.0,13.25,GREEN,1,KOSPI,0.8,0.16,0.128,0.8,0.8,GREEN,GREEN
2022-08-02,XLU,XLU,4,32.95689010620117,13.0,LIME,1,NASDAQ,0.8,0.1,0.08,0.8,0.8,GREEN,GREEN
2022-08-02,XLP,XLP,5,67.69462585449219,13.25,GREEN,1,NASDAQ,0.8,0.1,0.08,0.8,0.8,GREEN,GREEN
2022-08-02,XLV,XLV,6,123.0844955444336,11.5,LIME,3,NASDAQ,0.8,0.08,0.064,0.8,0.8,GREEN,GREEN
2022-08-03,TAN,TAN,1,81.29230499267578,14.75,GREEN,2,NASDAQ,0.8,0.31,0.248,0.8,0.8,GREEN,GREEN
2022-08-03,ICLN,ICLN,2,20.73604393005371,14.25,GREEN,2,NASDAQ,0.8,0.25,0.2,0.8,0.8,GREEN,GREEN
2022-08-03,091180,자동차,3,17547.0,13.75,GREEN,1,KOSPI,0.8,0.16,0.128,0.8,0.8,GREEN,GREEN
2022-08-03,XLU,XLU,4,33.162086486816406,13.25,LIME,1,NASDAQ,0.8,0.1,0.08,0.8,0.8,GREEN,GREEN
2022-08-03,ITA,ITA,5,101.81397247314452,13.75,GREEN,1,NASDAQ,0.8,0.1,0.08,0.8,0.8,GREEN,GREEN
2022-08-03,XLP,XLP,6,68.13795471191406,13.25,GREEN,1,NASDAQ,0.8,0.08,0.064,0.8,0.8,GREEN,GREEN
2022-08-04,ICLN,ICLN,1,21.13517951965332,14.25,GREEN,1,NASDAQ,0.8,0.31,0.248,0.8,0.8,GREEN,GREEN
2022-08-04,091180,자동차,2,17584.0,14.25,GREEN,1,KOSPI,0.8,0.25,0.2,0.8,0.8,GREEN,GREEN
2022-08-04,TAN,TAN,3,82.97242736816406,13.5,GREEN,2,NASDAQ,0.8,0.16,0.128,0.8,0.8,GREEN,GREEN
2022-08-04,XLU,XLU,4,33.23345184326172,13.5,LIME,1,NASDAQ,0.8,0.1,0.08,0.8,0.8,GREEN,GREEN
2022-08-04,377990,신재생,5,9165.0,12.5,GREEN,2,KOSPI,0.8,0.1,0.08,0.8,0.8,GREEN,GREEN
2022-08-04,ITA,ITA,6,101.10699462890624,13.25,GREEN,2,NASDAQ,0.8,0.08,0.064,0.8,0.8,GREEN,GREEN
2022-08-05,ICLN,ICLN,1,21.29673385620117,14.25,GREEN,1,NASDAQ,0.8,0.31,0.248,0.8,0.8,GREEN,GREEN
2022-08-05,LIT,LIT,2,73.32544708251953,13.0,GREEN,1,NASDAQ,0.8,0.25,0.2,0.8,0.8,GREEN,GREEN
2022-08-05,091180,자동차,3,17423.0,14.0,GREEN,2,KOSPI,0.8,0.16,0.128,0.8,0.8,GREEN,GREEN
2022-08-05,TAN,TAN,4,84.27477264404297,12.75,GREEN,1,NASDAQ,0.8,0.1,0.08,0.8,0.8,GREEN,GREEN
2022-08-05,XLU,XLU,5,33.11301803588867,13.75,LIME,1,NASDAQ,0.8,0.1,0.08,0.8,0.8,GREEN,GREEN
2022-08-05,377990,신재생,6,9422.0,12.5,GREEN,1,KOSPI,0.8,0.08,0.064,0.8,0.8,GREEN,GREEN
2022-08-08,ICLN,ICLN,1,21.391765594482425,14.25,GREEN,1,NASDAQ,0.8,0.31,0.248,0.8,0.8,GREEN,GREEN
2022-08-08,LIT,LIT,2,74.31046295166016,13.75,GREEN,1,NASDAQ,0.8,0.25,0.2,0.8,0.8,GREEN,GREEN
2022-08-08,IBB,IBB,3,130.5937042236328,13.5,GREEN,1,NASDAQ,0.8,0.16,0.128,0.8,0.8,GREEN,GREEN
2022-08-08,XLU,XLU,4,33.162086486816406,14.0,LIME,1,NASDAQ,0.8,0.1,0.08,0.8,0.8,GREEN,GREEN
2022-08-08,091180,자동차,5,17528.0,14.5,GREEN,1,KOSPI,0.8,0.1,0.08,0.8,0.8,GREEN,GREEN
2022-08-08,TAN,TAN,6,84.87127685546875,12.5,GREEN,1,NASDAQ,0.8,0.08,0.064,0.8,0.8,GREEN,GREEN
2022-08-09,ICLN,ICLN,1,21.46779060363769,15.0,GREEN,1,NASDAQ,0.8,0.31,0.248,0.8,0.8,GREEN,GREEN
2022-08-09,LIT,LIT,2,74.33943176269531,14.5,GREEN,1,NASDAQ,0.8,0.25,0.2,0.8,0.8,GREEN,GREEN
2022-08-09,TAN,TAN,3,85.34847259521484,13.75,GREEN,1,NASDAQ,0.8,0.16,0.128,0.8,0.8,GREEN,GREEN
2022-08-09,091180,자동차,4,17575.0,14.5,GREEN,1,KOSPI,0.8,0.1,0.08,0.8,0.8,GREEN,GREEN
2022-08-09,IBB,IBB,5,128.49676513671875,13.25,GREEN,2,NASDAQ,0.8,0.1,0.08,0.8,0.8,GREEN,GREEN
2022-08-09,XLU,XLU,6,33.5323371887207,14.0,LIME,1,NASDAQ,0.8,0.08,0.064,0.8,0.8,GREEN,GREEN
2022-08-10,TAN,TAN,1,89.60346221923828,15.0,GREEN,1,NASDAQ,0.8,0.31,0.248,0.8,0.8,GREEN,GREEN
2022-08-10,ICLN,ICLN,2,22.43711853027344,15.0,GREEN,1,NASDAQ,0.8,0.25,0.2,0.8,0.8,GREEN,GREEN
2022-08-10,LIT,LIT,3,76.09700775146484,15.0,GREEN,1,NASDAQ,0.8,0.16,0.128,0.8,0.8,GREEN,GREEN
2022-08-10,XBI,XBI,4,93.24964904785156,13.5,GREEN,1,NASDAQ,0.8,0.1,0.08,0.8,0.8,GREEN,GREEN
2022-08-10,IBB,IBB,5,131.5926971435547,13.25,GREEN,1,NASDAQ,0.8,0.1,0.08,0.8,0.8,GREEN,GREEN
2022-08-10,XLU,XLU,6,33.679542541503906,14.0,LIME,1,NASDAQ,0.8,0.08,0.064,0.8,0.8,GREEN,GREEN
2022-08-11,TAN,TAN,1,87.41632080078125,15.75,GREEN,1,NASDAQ,0.8,0.31,0.248,0.8,0.8,GREEN,GREEN
2022-08-11,ICLN,ICLN,2,22.123516082763672,15.25,GREEN,1,NASDAQ,0.8,0.25,0.2,0.8,0.8,GREEN,GREEN
2022-08-11,LIT,LIT,3,76.54122924804688,15.0,GREEN,1,NASDAQ,0.8,0.16,0.128,0.8,0.8,GREEN,GREEN
2022-08-11,377990,신재생,4,10199.0,13.25,GREEN,1,KOSPI,0.8,0.1,0.08,0.8,0.8,GREEN,GREEN
2022-08-11,XLU,XLU,5,33.67508316040039,14.0,LIME,1,NASDAQ,0.8,0.1,0.08,0.8,0.8,GREEN,GREEN
2022-08-11,XBI,XBI,6,90.29550170898438,12.75,GREEN,2,NASDAQ,0.8,0.08,0.064,0.8,0.8,GREEN,GREEN
2022-08-12,TAN,TAN,1,88.55960083007812,16.0,GREEN,1,NASDAQ,0.8,0.31,0.248,0.8,0.8,GREEN,GREEN
2022-08-12,ICLN,ICLN,2,22.38010025024414,15.5,GREEN,1,NASDAQ,0.8,0.25,0.2,0.8,0.8,GREEN,GREEN
2022-08-12,LIT,LIT,3,78.05738067626953,15.25,GREEN,1,NASDAQ,0.8,0.16,0.128,0.8,0.8,GREEN,GREEN
2022-08-12,377990,신재생,4,10199.0,14.0,GREEN,1,KOSPI,0.8,0.1,0.08,0.8,0.8,GREEN,GREEN
2022-08-12,XLU,XLU,5,34.22377014160156,14.25,LIME,1,NASDAQ,0.8,0.1,0.08,0.8,0.8,GREEN,GREEN
2022-08-12,XBI,XBI,6,93.27947998046876,12.75,GREEN,1,NASDAQ,0.8,0.08,0.064,0.8,0.8,GREEN,GREEN
2022-08-15,TAN,TAN,1,88.37071228027344,15.75,GREEN,1,NASDAQ,0.8,0.31,0.248,0.4,0.8,-,GREEN
2022-08-15,ICLN,ICLN,2,22.351593017578125,15.5,GREEN,1,NASDAQ,0.8,0.25,0.2,0.4,0.8,-,GREEN
2022-08-15,LIT,LIT,3,78.98444366455078,15.5,GREEN,1,NASDAQ,0.8,0.16,0.128,0.4,0.8,-,GREEN
2022-08-15,XLU,XLU,4,34.5092658996582,14.5,LIME,1,NASDAQ,0.8,0.1,0.08,0.4,0.8,-,GREEN
2022-08-15,ITA,ITA,5,105.11641693115234,14.0,GREEN,1,NASDAQ,0.8,0.1,0.08,0.4,0.8,-,GREEN
2022-08-15,XBI,XBI,6,94.39351654052734,13.25,GREEN,1,NASDAQ,0.8,0.08,0.064,0.4,0.8,-,GREEN
2022-08-16,LIT,LIT,1,78.1249771118164,15.75,GREEN,1,NASDAQ,0.8,0.31,0.248,0.8,0.8,GREEN,GREEN
2022-08-16,377990,신재생,2,10287.0,14.75,GREEN,1,KOSPI,0.8,0.25,0.2,0.8,0.8,GREEN,GREEN
2022-08-16,TAN,TAN,3,87.13795471191406,14.5,GREEN,2,NASDAQ,0.8,0.16,0.128,0.8,0.8,GREEN,GREEN
2022-08-16,ICLN,ICLN,4,22.06649398803711,14.5,GREEN,2,NASDAQ,0.8,0.1,0.08,0.8,0.8,GREEN,GREEN
2022-08-16,UNG,UNG,5,129.0800018310547,14.75,-,1,FIXED,1.0,0.1,0.1,0.8,0.8,GREEN,GREEN
2022-08-16,XLU,XLU,6,34.60740661621094,14.75,LIME,1,NASDAQ,0.8,0.08,0.064,0.8,0.8,GREEN,GREEN
2022-08-17,377990,신재생,1,10204.0,15.5,GREEN,1,KOSPI,0.8,0.31,0.248,0.8,0.8,GREEN,GREEN
2022-08-17,UNG,UNG,2,127.5199966430664,15.5,LIME,1,FIXED,1.0,0.25,0.25,0.8,0.8,GREEN,GREEN
2022-08-17,LIT,LIT,3,77.55521392822266,15.0,GREEN,2,NASDAQ,0.8,0.16,0.128,0.8,0.8,GREEN,GREEN
2022-08-17,XLU,XLU,4,34.549407958984375,15.0,LIME,1,NASDAQ,0.8,0.1,0.08,0.8,0.8,GREEN,GREEN
2022-08-17,ITA,ITA,5,104.59344482421876,14.0,GREEN,1,NASDAQ,0.8,0.1,0.08,0.8,0.8,GREEN,GREEN
2022-08-17,ICLN,ICLN,6,21.98096466064453,12.75,GREEN,2,NASDAQ,0.8,0.08,0.064,0.8,0.8,GREEN,GREEN
2022-08-18,377990,신재생,1,10247.0,16.0,GREEN,1,KOSPI,0.8,0.31,0.248,0.8,0.8,GREEN,GREEN
2022-08-18,UNG,UNG,2,127.04000091552734,15.75,LIME,1,FIXED,1.0,0.25,0.25,0.8,0.8,GREEN,GREEN
2022-08-18,XLU,XLU,3,34.67877578735352,15.0,LIME,1,NASDAQ,0.8,0.16,0.128,0.8,0.8,GREEN,GREEN
2022-08-18,ITA,ITA,4,104.81620025634766,14.0,LIME,1,NASDAQ,0.8,0.1,0.08,0.8,0.8,GREEN,GREEN
2022-08-18,XLI,XLI,5,94.45231628417967,14.0,GREEN,1,NASDAQ,0.8,0.1,0.08,0.8,0.8,GREEN,GREEN
2022-08-18,LIT,LIT,6,76.90818786621094,13.75,GREEN,2,NASDAQ,0.8,0.08,0.064,0.8,0.8,GREEN,GREEN
2022-08-19,UNG,UNG,1,128.1999969482422,15.75,LIME,1,FIXED,1.0,0.31,0.31,0.4,0.4,-,-
2022-08-19,XLU,XLU,2,34.66093444824219,15.0,LIME,1,NASDAQ,0.6,0.25,0.15,0.4,0.4,-,-
2022-08-19,377990,신재생,3,10115.0,14.25,GREEN,2,KOSPI,0.5,0.16,0.08,0.4,0.4,-,-
2022-08-19,TUR,TUR,4,19.80659294128418,14.0,LIME,1,NASDAQ,0.55,0.1,0.055,0.4,0.4,-,-
2022-08-19,XLP,XLP,5,69.58560180664062,14.0,LIME,1,NASDAQ,0.55,0.1,0.055,0.4,0.4,-,-
2022-08-19,XLI,XLI,6,93.23546600341795,12.75,-,2,NASDAQ,0.4,0.08,0.032,0.4,0.4,-,-
2022-08-22,UNG,UNG,1,135.16000366210938,15.75,LIME,1,FIXED,1.0,0.31,0.31,0.4,0.4,-,-
2022-08-22,TUR,TUR,2,20.180992126464844,14.0,LIME,1,NASDAQ,0.55,0.25,0.1375,0.4,0.4,-,-
2022-08-22,QMOM,QMOM,3,46.71770858764648,14.0,GREEN,1,NASDAQ,0.55,0.16,0.088,0.4,0.4,-,-
2022-08-22,241180,니케이,4,15955.0,13.25,-,2,NASDAQ,0.45,0.1,0.045,0.4,0.4,-,-
2022-08-22,XLU,XLU,5,34.18809127807617,13.25,-,3,NASDAQ,0.45,0.1,0.045,0.4,0.4,-,-
2022-08-22,377990,신재생,6,9973.0,12.0,-,3,KOSPI,0.4,0.08,0.032,0.4,0.4,-,-
2022-08-23,TUR,TUR,1,20.610179901123047,14.0,LIME,1,NASDAQ,0.55,0.31,0.1705,0.0,0.4,RED,-
2022-08-23,UNG,UNG,2,128.0399932861328,14.25,LIME,2,FIXED,1.0,0.25,0.25,0.0,0.4,RED,-
2022-08-23,QMOM,QMOM,3,47.4537353515625,14.0,GREEN,1,NASDAQ,0.55,0.16,0.088,0.0,0.4,RED,-
2022-08-23,139230,조선주,4,3324.0,12.25,GREEN,1,KOSPI,0.2,0.1,0.02,0.0,0.4,RED,-
2022-08-23,377990,신재생,5,10257.0,11.25,-,1,KOSPI,0.2,0.1,0.02,0.0,0.4,RED,-
2022-08-23,XLU,XLU,6,33.98288345336914,11.25,-,3,NASDAQ,0.4,0.08,0.032,0.0,0.4,RED,-
2022-08-24,TUR,TUR,1,20.180992126464844,14.0,LIME,1,NASDAQ,0.55,0.33,0.1815,0.0,0.4,RED,-
2022-08-24,QMOM,QMOM,2,47.79350662231445,14.0,GREEN,1,NASDAQ,0.55,0.27,0.1485,0.0,0.4,RED,-
2022-08-24,139230,조선주,3,3418.0,12.5,GREEN,1,KOSPI,0.2,0.2,0.04,0.0,0.4,RED,-
2022-08-24,UNG,UNG,4,127.44000244140624,12.75,LIME,2,FIXED,1.0,0.1,0.1,0.0,0.4,RED,-
2022-08-24,377990,신재생,5,10587.0,11.25,GREEN,1,KOSPI,0.2,0.1,0.02,0.0,0.4,RED,-
2022-08-25,TUR,TUR,1,20.555389404296875,14.0,LIME,1,NASDAQ,0.55,0.33,0.1815,0.0,0.4,RED,-
2022-08-25,139230,조선주,2,3428.0,13.5,GREEN,1,KOSPI,0.2,0.27,0.054,0.0,0.4,RED,-
2022-08-25,QMOM,QMOM,3,48.145729064941406,14.0,GREEN,1,NASDAQ,0.55,0.2,0.11,0.0,0.4,RED,-
2022-08-25,377990,신재생,4,10562.0,13.0,GREEN,1,KOSPI,0.2,0.1,0.02,0.0,0.4,RED,-
2022-08-25,UNG,UNG,5,129.1999969482422,11.75,LIME,2,FIXED,1.0,0.1,0.1,0.0,0.4,RED,-
2022-08-26,377990,신재생,1,10696.0,15.25,LIME,1,KOSPI,0.24,0.35,0.084,0.0,0.0,RED,RED
2022-08-26,139230,조선주,2,3418.0,15.0,GREEN,1,KOSPI,0.24,0.3,0.072,0.0,0.0,RED,RED
2022-08-26,TUR,TUR,3,20.36362266540528,13.25,-,2,NASDAQ,0.2,0.25,0.05,0.0,0.0,RED,RED
2022-08-26,QMOM,QMOM,4,47.30154800415039,13.25,GREEN,2,NASDAQ,0.2,0.1,0.02,0.0,0.0,RED,RED
2022-08-29,377990,신재생,1,10657.0,16.0,LIME,1,KOSPI,0.24,0.33,0.0792,0.0,0.0,RED,RED
2022-08-29,139230,조선주,2,3373.0,14.25,GREEN,2,KOSPI,0.2,0.27,0.054,0.0,0.0,RED,RED
2022-08-29,TUR,TUR,3,20.70149612426757,13.25,-,1,NASDAQ,0.2,0.2,0.04,0.0,0.0,RED,RED
2022-08-29,QMOM,QMOM,4,47.50541305541992,12.5,GREEN,2,NASDAQ,0.2,0.1,0.02,0.0,0.0,RED,RED
2022-08-29,XLE,XLE,5,36.95094680786133,11.0,LIME,1,FIXED,1.0,0.1,0.1,0.0,0.0,RED,RED
2022-08-30,377990,신재생,1,10632.0,16.0,LIME,1,KOSPI,0.24,0.45,0.108,0.0,0.0,RED,RED
2022-08-30,139230,조선주,2,3329.0,13.25,-,2,KOSPI,0.2,0.3,0.06,0.0,0.0,RED,RED
2022-08-30,TUR,TUR,3,20.537124633789062,12.75,-,1,NASDAQ,0.2,0.25,0.05,0.0,0.0,RED,RED
2022-08-31,377990,신재생,1,10528.0,14.25,-,2,KOSPI,0.2,0.45,0.09,0.0,0.0,RED,RED
2022-08-31,TUR,TUR,2,20.537124633789062,12.0,-,2,NASDAQ,0.2,0.3,0.06,0.0,0.0,RED,RED
2022-08-31,139230,조선주,3,3305.0,11.25,-,3,KOSPI,0.2,0.25,0.05,0.0,0.0,RED,RED
2022-09-01,TUR,TUR,1,20.41841506958008,11.5,-,2,NASDAQ,0.2,0.55,0.11,0.0,0.0,RED,RED
2022-09-01,377990,신재생,2,10174.0,11.0,-,3,KOSPI,0.2,0.45,0.09,0.0,0.0,RED,RED
2022-09-02,TUR,TUR,1,20.90239143371582,11.5,-,1,NASDAQ,0.2,1.0,0.2,0.0,0.0,RED,RED
2022-09-06,TUR,TUR,1,21.90687561035156,12.25,-,1,NASDAQ,0.2,0.55,0.11,0.0,0.0,RED,RED
2022-09-06,EIDO,EIDO,2,21.31441116333008,11.0,-,1,NASDAQ,0.2,0.45,0.09,0.0,0.0,RED,RED
2022-09-07,TUR,TUR,1,22.19908905029297,13.25,-,1,NASDAQ,0.2,0.45,0.09,0.0,0.0,RED,RED
2022-09-07,091180,자동차,2,17732.0,12.25,GREEN,1,KOSPI,0.2,0.3,0.06,0.0,0.0,RED,RED
2022-09-07,EIDO,EIDO,3,21.24374771118164,12.75,-,1,NASDAQ,0.2,0.25,0.05,0.0,0.0,RED,RED
2022-09-08,TUR,TUR,1,22.208221435546875,14.75,LIME,1,NASDAQ,0.22,0.45,0.099,0.0,0.0,RED,RED
2022-09-08,091180,자동차,2,17805.0,14.0,GREEN,1,KOSPI,0.22,0.3,0.066,0.0,0.0,RED,RED
2022-09-08,EIDO,EIDO,3,21.393911361694336,13.0,LIME,1,NASDAQ,0.2,0.25,0.05,0.0,0.0,RED,RED
2022-09-09,TUR,TUR,1,22.88396644592285,15.0,LIME,1,NASDAQ,0.24,0.55,0.132,0.4,0.0,-,RED
2022-09-09,EIDO,EIDO,2,21.52640724182129,13.25,LIME,1,NASDAQ,0.2,0.45,0.09,0.4,0.0,-,RED
2022-09-12,TUR,TUR,1,24.034557342529297,15.0,LIME,1,NASDAQ,0.6,0.35,0.21,0.4,0.4,-,-
2022-09-12,XLU,XLU,2,34.848289489746094,13.25,-,1,NASDAQ,0.5,0.3,0.15,0.4,0.4,-,-
2022-09-12,INDA,INDA,3,44.017459869384766,12.5,GREEN,1,NASDAQ,0.4,0.25,0.1,0.4,0.4,-,-
2022-09-12,EIDO,EIDO,4,21.72073745727539,13.5,LIME,1,NASDAQ,0.5,0.1,0.05,0.4,0.4,-,-
2022-09-13,091180,자동차,1,17663.0,14.0,GREEN,2,KOSPI,0.5,0.33,0.165,0.4,0.4,-,-
2022-09-13,EIDO,EIDO,2,21.491079330444336,14.0,LIME,1,NASDAQ,0.55,0.27,0.1485,0.4,0.4,-,-
2022-09-13,TUR,TUR,3,21.4868221282959,13.25,-,3,NASDAQ,0.45,0.2,0.09,0.4,0.4,-,-
2022-09-13,XLU,XLU,4,33.920433044433594,11.5,-,3,NASDAQ,0.4,0.1,0.04,0.4,0.4,-,-
2022-09-13,411060,금현물,5,10935.0,11.25,GREEN,1,FIXED,1.0,0.1,0.1,0.4,0.4,-,-
2022-09-14,EIDO,EIDO,1,21.79140281677246,14.0,LIME,1,NASDAQ,0.55,0.35,0.1925,0.0,0.4,RED,-
2022-09-14,TUR,TUR,2,22.564355850219727,12.5,-,2,NASDAQ,0.4,0.3,0.12,0.0,0.4,RED,-
2022-09-14,091180,자동차,3,17493.0,12.5,GREEN,2,KOSPI,0.2,0.25,0.05,0.0,0.4,RED,-
2022-09-14,411060,금현물,4,10910.0,12.75,GREEN,1,FIXED,1.0,0.1,0.1,0.0,0.4,RED,-
2022-09-15,EIDO,EIDO,1,21.86206817626953,14.0,LIME,1,NASDAQ,0.55,0.55,0.3025,0.0,0.4,RED,-
2022-09-15,411060,금현물,2,10885.0,12.75,GREEN,2,FIXED,1.0,0.45,0.45,0.0,0.4,RED,-
2022-09-16,EIDO,EIDO,1,21.438077926635746,12.25,LIME,3,NASDAQ,0.2,1.0,0.2,0.4,0.0,-,RED
2022-09-19,EIDO,EIDO,1,21.7384033203125,12.25,LIME,1,NASDAQ,0.2,1.0,0.2,0.0,0.0,RED,RED
2022-10-05,411060,금현물,1,11225.0,11.25,GREEN,1,FIXED,1.0,1.0,1.0,0.0,0.4,RED,-
2022-10-06,411060,금현물,1,11150.0,13.25,GREEN,1,FIXED,1.0,0.45,0.45,0.0,0.4,RED,-
2022-10-06,TUR,TUR,2,22.52783203125,12.75,LIME,1,NASDAQ,0.4,0.3,0.12,0.0,0.4,RED,-
2022-10-06,SLV,SLV,3,19.040000915527344,11.25,GREEN,1,FIXED,1.0,0.25,0.25,0.0,0.4,RED,-
2022-10-07,411060,금현물,1,11155.0,14.0,GREEN,1,FIXED,1.0,0.45,0.45,0.0,0.4,RED,-
2022-10-07,TUR,TUR,2,22.50043487548828,12.0,LIME,1,NASDAQ,0.4,0.3,0.12,0.0,0.4,RED,-
2022-10-07,XLE,XLE,3,36.33657836914063,12.0,LIME,1,FIXED,1.0,0.25,0.25,0.0,0.4,RED,-
2022-10-10,TUR,TUR,1,22.75612068176269,11.5,LIME,1,NASDAQ,0.2,1.0,0.2,0.4,0.0,-,RED
2022-10-11,411060,금현물,1,11025.0,13.25,GREEN,2,FIXED,1.0,0.55,0.55,0.0,0.0,RED,RED
2022-10-11,TUR,TUR,2,22.48217391967773,11.0,LIME,2,NASDAQ,0.2,0.45,0.09,0.0,0.0,RED,RED
2022-10-12,411060,금현물,1,10980.0,11.0,GREEN,3,FIXED,1.0,1.0,1.0,0.0,0.0,RED,RED
2022-10-14,TUR,TUR,1,22.719594955444336,11.5,LIME,1,NASDAQ,0.2,1.0,0.2,0.4,0.0,-,RED
2022-10-17,TUR,TUR,1,24.564191818237305,12.75,LIME,1,NASDAQ,0.4,1.0,0.4,0.4,0.4,-,-
2022-10-18,TUR,TUR,1,24.637245178222656,15.5,LIME,1,NASDAQ,0.6,0.55,0.33,0.4,0.4,-,-
2022-10-18,XLE,XLE,2,36.42097854614258,11.5,LIME,1,FIXED,1.0,0.45,0.45,0.4,0.4,-,-
2022-10-19,TUR,TUR,1,24.64637565612793,15.75,LIME,1,NASDAQ,0.6,0.55,0.33,0.4,0.4,-,-
2022-10-19,XLE,XLE,2,37.49597930908203,12.0,LIME,1,FIXED,1.0,0.45,0.45,0.4,0.4,-,-
2022-10-20,TUR,TUR,1,24.61898231506348,16.0,LIME,1,NASDAQ,0.6,0.45,0.27,0.4,0.4,-,-
2022-10-20,XLE,XLE,2,37.531517028808594,14.0,LIME,1,FIXED,1.0,0.3,0.3,0.4,0.4,-,-
2022-10-20,QMOM,QMOM,3,46.04677200317383,12.5,GREEN,1,NASDAQ,0.4,0.25,0.1,0.4,0.4,-,-
2022-10-21,TUR,TUR,1,24.83814239501953,16.0,LIME,1,NASDAQ,0.6,0.35,0.21,0.0,0.4,RED,-
2022-10-21,XLE,XLE,2,38.61539077758789,14.5,LIME,1,FIXED,1.0,0.3,0.3,0.0,0.4,RED,-
2022-10-21,QMOM,QMOM,3,46.86223220825195,12.5,GREEN,1,NASDAQ,0.4,0.25,0.1,0.0,0.4,RED,-
2022-10-21,EWZ,EWZ,4,26.23753929138184,11.5,LIME,1,NASDAQ,0.4,0.1,0.04,0.0,0.4,RED,-
2022-10-24,TUR,TUR,1,25.23993492126465,16.0,LIME,1,NASDAQ,0.8,0.35,0.28,0.4,0.8,-,GREEN
2022-10-24,XLE,XLE,2,38.79751205444336,15.0,LIME,1,FIXED,1.0,0.3,0.3,0.4,0.8,-,GREEN
2022-10-24,QMOM,QMOM,3,47.20392227172852,12.5,GREEN,1,NASDAQ,0.8,0.25,0.2,0.4,0.8,-,GREEN
2022-10-24,EWZ,EWZ,4,24.613563537597656,11.0,LIME,2,NASDAQ,0.8,0.1,0.08,0.4,0.8,-,GREEN
2022-10-25,TUR,TUR,1,25.11209487915039,16.0,LIME,1,NASDAQ,0.8,0.35,0.28,0.4,0.8,-,GREEN
2022-10-25,XLE,XLE,2,38.83749771118164,15.0,LIME,1,FIXED,1.0,0.3,0.3,0.4,0.8,-,GREEN
2022-10-25,QMOM,QMOM,3,48.07585525512695,13.0,GREEN,1,NASDAQ,0.8,0.25,0.2,0.4,0.8,-,GREEN
2022-10-25,KSA,KSA,4,40.025516510009766,11.0,LIME,1,NASDAQ,0.8,0.1,0.08,0.4,0.8,-,GREEN
2022-10-26,TUR,TUR,1,24.99338150024414,16.0,LIME,1,NASDAQ,0.8,0.33,0.264,0.8,0.8,GREEN,GREEN
2022-10-26,XLE,XLE,2,39.36610794067383,15.0,LIME,1,FIXED,1.0,0.27,0.27,0.8,0.8,GREEN,GREEN
2022-10-26,QMOM,QMOM,3,48.33236312866211,14.25,GREEN,1,NASDAQ,0.8,0.2,0.16,0.8,0.8,GREEN,GREEN
2022-10-26,EWW,EWW,4,43.88166427612305,12.5,GREEN,1,NASDAQ,0.8,0.1,0.08,0.8,0.8,GREEN,GREEN
2022-10-26,ITA,ITA,5,100.21424102783205,12.5,GREEN,1,NASDAQ,0.8,0.1,0.08,0.8,0.8,GREEN,GREEN
2022-10-27,XLE,XLE,1,39.508262634277344,15.0,LIME,1,FIXED,1.0,0.31,0.31,0.8,0.8,GREEN,GREEN
2022-10-27,QMOM,QMOM,2,48.35245895385742,15.0,GREEN,1,NASDAQ,0.8,0.25,0.2,0.8,0.8,GREEN,GREEN
2022-10-27,TUR,TUR,3,24.427217483520508,13.75,LIME,3,NASDAQ,0.8,0.16,0.128,0.8,0.8,GREEN,GREEN
2022-10-27,EWW,EWW,4,43.73073959350586,13.25,GREEN,1,NASDAQ,0.8,0.1,0.08,0.8,0.8,GREEN,GREEN
2022-10-27,305720,이차전,5,21123.0,12.25,GREEN,1,KOSPI,0.8,0.1,0.08,0.8,0.8,GREEN,GREEN
2022-10-27,ITA,ITA,6,101.90618896484376,12.5,GREEN,1,NASDAQ,0.8,0.08,0.064,0.8,0.8,GREEN,GREEN
2022-10-28,QMOM,QMOM,1,48.72477722167969,15.75,GREEN,1,NASDAQ,0.8,0.31,0.248,0.8,0.8,GREEN,GREEN
2022-10-28,XLE,XLE,2,39.64595413208008,15.0,LIME,1,FIXED,1.0,0.25,0.25,0.8,0.8,GREEN,GREEN
2022-10-28,305720,이차전,3,21227.0,13.5,GREEN,1,KOSPI,0.8,0.16,0.128,0.8,0.8,GREEN,GREEN
2022-10-28,EWW,EWW,4,44.1923828125,13.5,GREEN,1,NASDAQ,0.8,0.1,0.08,0.8,0.8,GREEN,GREEN
2022-10-28,IBB,IBB,5,128.44635009765625,13.0,GREEN,1,NASDAQ,0.8,0.1,0.08,0.8,0.8,GREEN,GREEN
2022-10-28,ITA,ITA,6,104.60942840576172,12.5,GREEN,1,NASDAQ,0.8,0.08,0.064,0.8,0.8,GREEN,GREEN
2022-10-31,QMOM,QMOM,1,48.92672729492188,16.0,LIME,1,NASDAQ,0.8,0.31,0.248,0.8,0.8,GREEN,GREEN
2022-10-31,XLE,XLE,2,39.9791259765625,15.0,LIME,1,FIXED,1.0,0.25,0.25,0.8,0.8,GREEN,GREEN
2022-10-31,305720,이차전,3,21385.0,13.75,GREEN,1,KOSPI,0.8,0.16,0.128,0.8,0.8,GREEN,GREEN
2022-10-31,EWW,EWW,4,44.89370346069336,13.75,GREEN,1,NASDAQ,0.8,0.1,0.08,0.8,0.8,GREEN,GREEN
2022-10-31,ITA,ITA,5,104.24964904785156,13.0,GREEN,1,NASDAQ,0.8,0.1,0.08,0.8,0.8,GREEN,GREEN
2022-10-31,IBB,IBB,6,127.36671447753906,12.25,GREEN,1,NASDAQ,0.8,0.08,0.064,0.8,0.8,GREEN,GREEN
2022-11-01,QMOM,QMOM,1,49.10954284667969,16.0,LIME,1,NASDAQ,0.8,0.31,0.248,0.8,0.8,GREEN,GREEN
2022-11-01,XLE,XLE,2,40.36558532714844,15.25,LIME,1,FIXED,1.0,0.25,0.25,0.8,0.8,GREEN,GREEN
2022-11-01,305720,이차전,3,22029.0,14.0,GREEN,1,KOSPI,0.8,0.16,0.128,0.8,0.8,GREEN,GREEN
2022-11-01,EWW,EWW,4,45.79921722412109,14.0,GREEN,1,NASDAQ,0.8,0.1,0.08,0.8,0.8,GREEN,GREEN
2022-11-01,ITA,ITA,5,104.37603759765624,13.0,GREEN,1,NASDAQ,0.8,0.1,0.08,0.8,0.8,GREEN,GREEN
2022-11-01,IBB,IBB,6,128.5157012939453,12.25,GREEN,1,NASDAQ,0.8,0.08,0.064,0.8,0.8,GREEN,GREEN
2022-11-02,XLE,XLE,1,39.392765045166016,14.5,LIME,2,FIXED,1.0,0.31,0.31,0.8,0.0,GREEN,RED
2022-11-02,305720,이차전,2,21538.0,14.5,GREEN,1,KOSPI,0.8,0.25,0.2,0.8,0.0,GREEN,RED
2022-11-02,EWW,EWW,3,45.0268669128418,14.0,GREEN,1,NASDAQ,0.22,0.16,0.0352,0.8,0.0,GREEN,RED
2022-11-02,QMOM,QMOM,4,47.79829025268555,14.0,-,3,NASDAQ,0.2,0.1,0.02,0.8,0.0,GREEN,RED
2022-11-02,ITA,ITA,5,102.8688507080078,12.5,GREEN,2,NASDAQ,0.2,0.1,0.02,0.8,0.0,GREEN,RED
2022-11-02,IBB,IBB,6,126.36634063720705,11.75,GREEN,2,NASDAQ,0.2,0.08,0.016,0.8,0.0,GREEN,RED
2022-11-03,305720,이차전,1,22128.0,15.0,GREEN,1,KOSPI,0.8,0.31,0.248,0.8,0.0,GREEN,RED
2022-11-03,XLE,XLE,2,40.12126922607422,14.75,LIME,1,FIXED,1.0,0.25,0.25,0.8,0.0,GREEN,RED
2022-11-03,EWW,EWW,3,45.568397521972656,14.0,GREEN,1,NASDAQ,0.22,0.16,0.0352,0.8,0.0,GREEN,RED
2022-11-03,TUR,TUR,4,25.38604164123535,13.25,LIME,1,NASDAQ,0.2,0.1,0.02,0.8,0.0,GREEN,RED
2022-11-03,QMOM,QMOM,5,48.28641891479492,12.5,-,2,NASDAQ,0.2,0.1,0.02,0.8,0.0,GREEN,RED
2022-11-03,ITA,ITA,6,103.59813690185548,12.0,GREEN,2,NASDAQ,0.2,0.08,0.016,0.8,0.0,GREEN,RED
2022-11-04,305720,이차전,1,21870.0,15.5,GREEN,1,KOSPI,0.8,0.31,0.248,0.8,0.0,GREEN,RED
2022-11-04,XLE,XLE,2,40.609901428222656,15.0,LIME,1,FIXED,1.0,0.25,0.25,0.8,0.0,GREEN,RED
2022-11-04,TUR,TUR,3,26.15310287475586,14.5,LIME,1,NASDAQ,0.22,0.16,0.0352,0.8,0.0,GREEN,RED
2022-11-04,EWW,EWW,4,46.89114761352539,14.25,LIME,1,NASDAQ,0.22,0.1,0.022,0.8,0.0,GREEN,RED
2022-11-04,QMOM,QMOM,5,48.65586471557617,11.75,-,1,NASDAQ,0.2,0.1,0.02,0.8,0.0,GREEN,RED
2022-11-04,ITA,ITA,6,104.21074676513672,12.0,LIME,1,NASDAQ,0.2,0.08,0.016,0.8,0.0,GREEN,RED
2022-11-07,305720,이차전,1,21960.0,16.0,GREEN,1,KOSPI,0.8,0.31,0.248,0.8,0.0,GREEN,RED
2022-11-07,TUR,TUR,2,27.111928939819336,15.25,LIME,1,NASDAQ,0.24,0.25,0.06,0.8,0.0,GREEN,RED
2022-11-07,XLE,XLE,3,41.30731964111328,15.0,LIME,1,FIXED,1.0,0.16,0.16,0.8,0.0,GREEN,RED
2022-11-07,EWW,EWW,4,46.56268310546875,14.5,LIME,1,NASDAQ,0.22,0.1,0.022,0.8,0.0,GREEN,RED
2022-11-07,ITA,ITA,5,105.66932678222656,12.75,LIME,1,NASDAQ,0.2,0.1,0.02,0.8,0.0,GREEN,RED
2022-11-07,QMOM,QMOM,6,49.20429229736328,11.75,LIME,1,NASDAQ,0.2,0.08,0.016,0.8,0.0,GREEN,RED
2022-11-08,TUR,TUR,1,27.38587760925293,16.0,LIME,1,NASDAQ,0.24,0.31,0.0744,0.8,0.0,GREEN,RED
2022-11-08,XLE,XLE,2,41.347293853759766,16.0,LIME,1,FIXED,1.0,0.25,0.25,0.8,0.0,GREEN,RED
2022-11-08,EWW,EWW,3,46.43839645385742,14.75,LIME,1,NASDAQ,0.22,0.16,0.0352,0.8,0.0,GREEN,RED
2022-11-08,305720,이차전,4,21860.0,14.25,GREEN,2,KOSPI,0.8,0.1,0.08,0.8,0.0,GREEN,RED
2022-11-08,ITA,ITA,5,106.53475952148438,14.0,LIME,1,NASDAQ,0.22,0.1,0.022,0.8,0.0,GREEN,RED
2022-11-08,QMOM,QMOM,6,49.128684997558594,13.25,LIME,1,NASDAQ,0.2,0.08,0.016,0.8,0.0,GREEN,RED
2022-11-09,TUR,TUR,1,26.837980270385746,16.0,LIME,1,NASDAQ,0.24,0.31,0.0744,0.8,0.0,GREEN,RED
2022-11-09,ITA,ITA,2,105.8054656982422,15.25,LIME,1,NASDAQ,0.24,0.25,0.06,0.8,0.0,GREEN,RED
2022-11-09,305720,이차전,3,22104.0,14.0,GREEN,1,KOSPI,0.8,0.16,0.128,0.8,0.0,GREEN,RED
2022-11-09,EWW,EWW,4,46.05665969848633,14.0,LIME,2,NASDAQ,0.2,0.1,0.02,0.8,0.0,GREEN,RED
2022-11-09,GREK,GREK,5,21.75917625427246,13.75,GREEN,1,NASDAQ,0.2,0.1,0.02,0.8,0.0,GREEN,RED
2022-11-09,XLE,XLE,6,39.32612991333008,13.0,-,3,FIXED,1.0,0.08,0.08,0.8,0.0,GREEN,RED
2022-11-10,TUR,TUR,1,27.878990173339844,16.0,LIME,1,NASDAQ,0.8,0.31,0.248,0.8,0.8,GREEN,GREEN
2022-11-10,ITA,ITA,2,109.44219970703124,16.0,LIME,1,NASDAQ,0.8,0.25,0.2,0.8,0.8,GREEN,GREEN
2022-11-10,EWW,EWW,3,47.16635894775391,14.0,LIME,1,NASDAQ,0.8,0.16,0.128,0.8,0.8,GREEN,GREEN
2022-11-10,GREK,GREK,4,22.547237396240234,14.0,GREEN,1,NASDAQ,0.8,0.1,0.08,0.8,0.8,GREEN,GREEN
2022-11-10,305720,이차전,5,21999.0,13.25,LIME,1,KOSPI,0.8,0.1,0.08,0.8,0.8,GREEN,GREEN
2022-11-10,XLE,XLE,6,40.20122909545898,11.5,-,3,FIXED,1.0,0.08,0.08,0.8,0.8,GREEN,GREEN
2022-11-11,TUR,TUR,1,27.431535720825195,16.0,LIME,1,NASDAQ,0.8,0.31,0.248,0.8,0.8,GREEN,GREEN
2022-11-11,ITA,ITA,2,105.72766876220705,15.0,-,2,NASDAQ,0.8,0.25,0.2,0.8,0.8,GREEN,GREEN
2022-11-11,EWW,EWW,3,47.59247589111328,14.25,LIME,1,NASDAQ,0.8,0.16,0.128,0.8,0.8,GREEN,GREEN
2022-11-11,GREK,GREK,4,22.7398738861084,14.0,GREEN,1,NASDAQ,0.8,0.1,0.08,0.8,0.8,GREEN,GREEN
2022-11-11,195930,유로스,5,13469.0,14.0,GREEN,1,NASDAQ,0.8,0.1,0.08,0.8,0.8,GREEN,GREEN
2022-11-11,305720,이차전,6,22524.0,13.25,LIME,1,KOSPI,0.8,0.08,0.064,0.8,0.8,GREEN,GREEN
2022-11-14,TUR,TUR,1,27.97030258178711,16.0,LIME,1,NASDAQ,0.8,0.31,0.248,0.8,0.8,GREEN,GREEN
2022-11-14,305720,이차전,2,22797.0,15.0,LIME,1,KOSPI,0.8,0.25,0.2,0.8,0.8,GREEN,GREEN
2022-11-14,EWW,EWW,3,47.56584167480469,14.5,LIME,1,NASDAQ,0.8,0.16,0.128,0.8,0.8,GREEN,GREEN
2022-11-14,IBB,IBB,4,133.39881896972656,14.5,LIME,1,NASDAQ,0.8,0.1,0.08,0.8,0.8,GREEN,GREEN
2022-11-14,195930,유로스,5,13449.0,14.5,GREEN,1,NASDAQ,0.8,0.1,0.08,0.8,0.8,GREEN,GREEN
2022-11-14,GREK,GREK,6,22.520967483520508,14.0,GREEN,1,NASDAQ,0.8,0.08,0.064,0.8,0.8,GREEN,GREEN
2022-11-15,TUR,TUR,1,28.426889419555664,16.0,LIME,1,NASDAQ,0.8,0.31,0.248,0.8,0.8,GREEN,GREEN
2022-11-15,EWW,EWW,2,47.583595275878906,15.75,LIME,1,NASDAQ,0.8,0.25,0.2,0.8,0.8,GREEN,GREEN
2022-11-15,IBB,IBB,3,133.82470703125,15.5,LIME,1,NASDAQ,0.8,0.16,0.128,0.8,0.8,GREEN,GREEN
2022-11-15,305720,이차전,4,22564.0,15.25,LIME,1,KOSPI,0.8,0.1,0.08,0.8,0.8,GREEN,GREEN
2022-11-15,XLE,XLE,5,41.79151153564453,14.5,-,1,FIXED,1.0,0.1,0.1,0.8,0.8,GREEN,GREEN
2022-11-15,195930,유로스,6,13539.0,14.75,GREEN,1,NASDAQ,0.8,0.08,0.064,0.8,0.8,GREEN,GREEN
2022-11-16,TUR,TUR,1,28.19859504699707,16.0,LIME,1,NASDAQ,0.8,0.31,0.248,0.8,0.8,GREEN,GREEN
2022-11-16,EWW,EWW,2,47.63686752319336,16.0,LIME,1,NASDAQ,0.8,0.25,0.2,0.8,0.8,GREEN,GREEN
2022-11-16,XLE,XLE,3,40.93862915039063,15.0,-,2,FIXED,1.0,0.16,0.16,0.8,0.8,GREEN,GREEN
2022-11-16,305720,이차전,4,22232.0,15.0,-,2,KOSPI,0.8,0.1,0.08,0.8,0.8,GREEN,GREEN
2022-11-16,IBB,IBB,5,132.9332733154297,14.75,LIME,2,NASDAQ,0.8,0.1,0.08,0.8,0.8,GREEN,GREEN
2022-11-16,195930,유로스,6,13544.0,15.0,GREEN,1,NASDAQ,0.8,0.08,0.064,0.8,0.8,GREEN,GREEN
2022-11-17,EWW,EWW,1,47.33502578735352,15.0,-,2,NASDAQ,0.8,0.31,0.248,0.8,0.8,GREEN,GREEN
2022-11-17,TUR,TUR,2,27.203243255615234,14.0,-,3,NASDAQ,0.8,0.25,0.2,0.8,0.8,GREEN,GREEN
2022-11-17,XLE,XLE,3,41.02745819091797,14.0,-,2,FIXED,1.0,0.16,0.16,0.8,0.8,GREEN,GREEN
2022-11-17,FEZ,FEZ,4,35.29506301879883,14.0,GREEN,1,NASDAQ,0.8,0.1,0.08,0.8,0.8,GREEN,GREEN
2022-11-17,195930,유로스,5,13444.0,14.25,GREEN,2,NASDAQ,0.8,0.1,0.08,0.8,0.8,GREEN,GREEN
2022-11-17,IBB,IBB,6,132.01211547851562,13.5,LIME,2,NASDAQ,0.8,0.08,0.064,0.8,0.8,GREEN,GREEN
2022-11-18,FEZ,FEZ,1,35.46821212768555,14.0,GREEN,1,NASDAQ,0.8,0.31,0.248,0.8,0.8,GREEN,GREEN
2022-11-18,195930,유로스,2,13534.0,14.25,GREEN,1,NASDAQ,0.8,0.25,0.2,0.8,0.8,GREEN,GREEN
2022-11-18,EWW,EWW,3,47.36166000366211,13.5,-,2,NASDAQ,0.8,0.16,0.128,0.8,0.8,GREEN,GREEN
2022-11-18,EWQ,EWQ,4,30.031068801879883,13.0,GREEN,1,NASDAQ,0.8,0.1,0.08,0.8,0.8,GREEN,GREEN
2022-11-18,EWS,EWS,5,16.22295570373535,13.25,GREEN,1,NASDAQ,0.8,0.1,0.08,0.8,0.8,GREEN,GREEN
2022-11-18,TUR,TUR,6,27.57764434814453,12.25,-,3,NASDAQ,0.8,0.08,0.064,0.8,0.8,GREEN,GREEN
2022-11-21,195930,유로스,1,13583.0,14.25,GREEN,1,NASDAQ,0.8,0.31,0.248,0.4,0.8,-,GREEN
2022-11-21,FEZ,FEZ,2,35.140140533447266,13.25,GREEN,2,NASDAQ,0.8,0.25,0.2,0.4,0.8,-,GREEN
2022-11-21,XLP,XLP,3,68.65404510498047,13.25,GREEN,1,NASDAQ,0.8,0.16,0.128,0.4,0.8,-,GREEN
2022-11-21,TUR,TUR,4,28.07988548278809,12.0,-,1,NASDAQ,0.8,0.1,0.08,0.4,0.8,-,GREEN
2022-11-21,EWQ,EWQ,5,29.811662673950195,12.25,GREEN,2,NASDAQ,0.8,0.1,0.08,0.4,0.8,-,GREEN
2022-11-21,EWS,EWS,6,15.951016426086426,12.75,GREEN,2,NASDAQ,0.8,0.08,0.064,0.4,0.8,-,GREEN
2022-11-22,195930,유로스,1,13613.0,14.25,GREEN,1,NASDAQ,0.8,0.31,0.248,0.4,0.8,-,GREEN
2022-11-22,FEZ,FEZ,2,35.577571868896484,13.25,GREEN,1,NASDAQ,0.8,0.25,0.2,0.4,0.8,-,GREEN
2022-11-22,VYM,VYM,3,101.24015045166016,13.5,LIME,1,NASDAQ,0.8,0.16,0.128,0.4,0.8,-,GREEN
2022-11-22,XLV,XLV,4,128.15196228027344,13.0,LIME,1,NASDAQ,0.8,0.1,0.08,0.4,0.8,-,GREEN
2022-11-22,SCHD,SCHD,5,22.93253898620605,13.0,LIME,1,NASDAQ,0.8,0.1,0.08,0.4,0.8,-,GREEN
2022-11-22,XLP,XLP,6,69.15489196777344,13.25,GREEN,1,NASDAQ,0.8,0.08,0.064,0.4,0.8,-,GREEN
2022-11-23,195930,유로스,1,13663.0,15.0,GREEN,1,NASDAQ,0.8,0.31,0.248,0.4,0.8,-,GREEN
2022-11-23,VYM,VYM,2,101.28530883789062,15.0,LIME,1,NASDAQ,0.8,0.25,0.2,0.4,0.8,-,GREEN
2022-11-23,TUR,TUR,3,29.67792701721192,14.0,LIME,1,NASDAQ,0.8,0.16,0.128,0.4,0.8,-,GREEN
2022-11-23,XLV,XLV,4,128.66152954101562,14.5,LIME,1,NASDAQ,0.8,0.1,0.08,0.4,0.8,-,GREEN
2022-11-23,XLF,XLF,5,33.907257080078125,14.5,GREEN,1,NASDAQ,0.8,0.1,0.08,0.4,0.8,-,GREEN
2022-11-23,SCHD,SCHD,6,22.92374992370605,14.5,LIME,1,NASDAQ,0.8,0.08,0.064,0.4,0.8,-,GREEN
2022-11-24,195930,유로스,1,13678.0,15.0,GREEN,1,NASDAQ,0.6,0.55,0.33,0.4,0.4,-,-
2022-11-24,241180,니케이,2,15592.0,13.0,GREEN,1,NASDAQ,0.5,0.45,0.225,0.4,0.4,-,-
2022-11-25,TUR,TUR,1,30.591094970703125,15.75,LIME,1,NASDAQ,0.8,0.31,0.248,0.4,0.8,-,GREEN
2022-11-25,XLF,XLF,2,34.020301818847656,15.5,GREEN,1,NASDAQ,0.8,0.25,0.2,0.4,0.8,-,GREEN
2022-11-25,XLV,XLV,3,129.4259490966797,14.75,LIME,1,NASDAQ,0.8,0.16,0.128,0.4,0.8,-,GREEN
2022-11-25,VYM,VYM,4,101.6104965209961,15.0,LIME,1,NASDAQ,0.8,0.1,0.08,0.4,0.8,-,GREEN
2022-11-25,XLI,XLI,5,96.01339721679688,14.75,LIME,1,NASDAQ,0.8,0.1,0.08,0.4,0.8,-,GREEN
2022-11-25,195930,유로스,6,13733.0,15.0,GREEN,1,NASDAQ,0.8,0.08,0.064,0.4,0.8,-,GREEN
2022-11-28,TUR,TUR,1,30.44498634338379,16.0,LIME,1,NASDAQ,0.8,0.31,0.248,0.4,0.8,-,GREEN
2022-11-28,195930,유로스,2,13688.0,15.25,GREEN,1,NASDAQ,0.8,0.25,0.2,0.4,0.8,-,GREEN
2022-11-28,XLV,XLV,3,128.45391845703125,15.0,LIME,1,NASDAQ,0.8,0.16,0.128,0.4,0.8,-,GREEN
2022-11-28,FEZ,FEZ,4,35.47732925415039,14.0,GREEN,2,NASDAQ,0.8,0.1,0.08,0.4,0.8,-,GREEN
2022-11-28,EWW,EWW,5,47.4149284362793,13.5,-,3,NASDAQ,0.8,0.1,0.08,0.4,0.8,-,GREEN
2022-11-28,VYM,VYM,6,100.22846221923828,14.25,-,2,NASDAQ,0.8,0.08,0.064,0.4,0.8,-,GREEN
2022-11-29,TUR,TUR,1,30.837650299072266,16.0,LIME,1,NASDAQ,0.8,0.31,0.248,0.4,0.8,-,GREEN
2022-11-29,195930,유로스,2,13673.0,14.5,GREEN,2,NASDAQ,0.8,0.25,0.2,0.4,0.8,-,GREEN
2022-11-29,FEZ,FEZ,3,35.677818298339844,13.5,GREEN,2,NASDAQ,0.8,0.16,0.128,0.4,0.8,-,GREEN
2022-11-29,XLV,XLV,4,128.1331024169922,14.25,-,2,NASDAQ,0.8,0.1,0.08,0.4,0.8,-,GREEN
2022-11-29,SCHD,SCHD,5,22.71577835083008,13.5,-,2,NASDAQ,0.8,0.1,0.08,0.4,0.8,-,GREEN
2022-11-29,VYM,VYM,6,100.44525146484376,13.5,-,2,NASDAQ,0.8,0.08,0.064,0.4,0.8,-,GREEN
2022-11-30,TUR,TUR,1,31.32163047790528,16.0,LIME,1,NASDAQ,0.8,0.31,0.248,0.4,0.8,-,GREEN
2022-11-30,XLV,XLV,2,131.1906280517578,14.5,LIME,1,NASDAQ,0.8,0.25,0.2,0.4,0.8,-,GREEN
2022-11-30,195930,유로스,3,13693.0,14.5,GREEN,1,NASDAQ,0.8,0.16,0.128,0.4,0.8,-,GREEN
2022-11-30,FEZ,FEZ,4,36.49799346923828,13.5,GREEN,1,NASDAQ,0.8,0.1,0.08,0.4,0.8,-,GREEN
2022-11-30,VYM,VYM,5,102.20664978027344,13.75,-,1,NASDAQ,0.8,0.1,0.08,0.4,0.8,-,GREEN
2022-11-30,SCHD,SCHD,6,23.120006561279297,13.5,LIME,1,NASDAQ,0.8,0.08,0.064,0.4,0.8,-,GREEN
2022-12-01,TUR,TUR,1,31.275968551635746,16.0,LIME,1,NASDAQ,0.8,0.31,0.248,0.4,0.8,-,GREEN
2022-12-01,195930,유로스,2,13963.0,14.75,GREEN,1,NASDAQ,0.8,0.25,0.2,0.4,0.8,-,GREEN
2022-12-01,XLV,XLV,3,131.56809997558594,14.75,LIME,1,NASDAQ,0.8,0.16,0.128,0.4,0.8,-,GREEN
2022-12-01,FEZ,FEZ,4,36.68025588989258,13.5,GREEN,1,NASDAQ,0.8,0.1,0.08,0.4,0.8,-,GREEN
2022-12-01,VYM,VYM,5,102.11634063720705,14.0,-,1,NASDAQ,0.8,0.1,0.08,0.4,0.8,-,GREEN
2022-12-01,SCHD,SCHD,6,23.1580810546875,13.5,LIME,1,NASDAQ,0.8,0.08,0.064,0.4,0.8,-,GREEN
2022-12-02,TUR,TUR,1,30.700672149658203,15.0,LIME,2,NASDAQ,0.55,0.31,0.1705,0.4,0.4,-,-
2022-12-02,PICK,PICK,2,38.35259246826172,14.5,GREEN,1,FIXED,1.0,0.25,0.25,0.4,0.4,-,-
2022-12-02,EWI,EWI,3,24.7696590423584,14.5,GREEN,1,NASDAQ,0.55,0.16,0.088,0.4,0.4,-,-
2022-12-02,195930,유로스,4,13828.0,14.75,-,1,NASDAQ,0.55,0.1,0.055,0.4,0.4,-,-
2022-12-02,XLV,XLV,5,131.9078369140625,15.0,LIME,1,NASDAQ,0.6,0.1,0.06,0.4,0.4,-,-
2022-12-02,FEZ,FEZ,6,36.71670913696289,14.25,GREEN,1,NASDAQ,0.55,0.08,0.044,0.4,0.4,-,-
2022-12-05,195930,유로스,1,13823.0,15.75,-,1,NASDAQ,0.6,0.31,0.186,0.4,0.4,-,-
2022-12-05,ITA,ITA,2,109.8214111328125,15.5,LIME,1,NASDAQ,0.6,0.25,0.15,0.4,0.4,-,-
2022-12-05,PICK,PICK,3,37.81796646118164,15.0,GREEN,1,FIXED,1.0,0.16,0.16,0.4,0.4,-,-
2022-12-05,SLV,SLV,4,20.440000534057617,14.75,GREEN,2,FIXED,1.0,0.1,0.1,0.4,0.4,-,-
2022-12-05,EWI,EWI,5,24.503889083862305,14.75,GREEN,2,NASDAQ,0.5,0.1,0.05,0.4,0.4,-,-
2022-12-05,FEZ,FEZ,6,36.2245979309082,14.25,GREEN,2,NASDAQ,0.5,0.08,0.04,0.4,0.4,-,-
2022-12-06,195930,유로스,1,13748.0,14.25,-,3,NASDAQ,0.5,0.31,0.155,0.0,0.4,RED,-
2022-12-06,SLV,SLV,2,20.440000534057617,14.0,GREEN,2,FIXED,1.0,0.25,0.25,0.0,0.4,RED,-
2022-12-06,PICK,PICK,3,37.66021728515625,14.0,GREEN,2,FIXED,1.0,0.16,0.16,0.0,0.4,RED,-
2022-12-06,ITA,ITA,4,107.7988510131836,14.25,-,3,NASDAQ,0.5,0.1,0.05,0.0,0.4,RED,-
2022-12-06,EWQ,EWQ,5,30.75327682495117,13.5,-,2,NASDAQ,0.45,0.1,0.045,0.0,0.4,RED,-
2022-12-06,EWI,EWI,6,24.238121032714844,13.25,-,3,NASDAQ,0.45,0.08,0.036,0.0,0.4,RED,-
2022-12-07,SLV,SLV,1,20.920000076293945,13.75,GREEN,1,FIXED,1.0,0.31,0.31,0.0,0.4,RED,-
2022-12-07,LQD,LQD,2,95.22373962402344,14.0,GREEN,1,FIXED,1.0,0.25,0.25,0.0,0.4,RED,-
2022-12-07,195930,유로스,3,13698.0,12.5,-,3,NASDAQ,0.4,0.16,0.064,0.0,0.4,RED,-
2022-12-07,PICK,PICK,4,37.64268493652344,12.5,-,2,FIXED,1.0,0.1,0.1,0.0,0.4,RED,-
2022-12-07,BND,BND,5,65.53993225097656,14.0,GREEN,1,FIXED,1.0,0.1,0.1,0.0,0.4,RED,-
2022-12-07,EWQ,EWQ,6,30.75327682495117,12.0,-,2,NASDAQ,0.4,0.08,0.032,0.0,0.4,RED,-
2022-12-08,SLV,SLV,1,21.209999084472656,13.5,GREEN,1,FIXED,1.0,0.31,0.31,0.0,0.4,RED,-
2022-12-08,PICK,PICK,2,38.13348007202149,12.5,-,1,FIXED,1.0,0.25,0.25,0.0,0.4,RED,-
2022-12-08,LQD,LQD,3,94.92082214355467,14.0,GREEN,1,FIXED,1.0,0.16,0.16,0.0,0.4,RED,-
2022-12-08,ENZL,ENZL,4,45.88702774047852,12.5,GREEN,1,NASDAQ,0.4,0.1,0.04,0.0,0.4,RED,-
2022-12-08,AGG,AGG,5,88.12898254394531,14.0,GREEN,1,FIXED,1.0,0.1,0.1,0.0,0.4,RED,-
2022-12-08,BND,BND,6,65.35342407226562,14.0,GREEN,1,FIXED,1.0,0.08,0.08,0.0,0.4,RED,-
2022-12-09,SLV,SLV,1,21.559999465942383,14.5,GREEN,1,FIXED,1.0,0.31,0.31,0.0,0.4,RED,-
2022-12-09,PICK,PICK,2,37.82673263549805,12.0,-,1,FIXED,1.0,0.25,0.25,0.0,0.4,RED,-
2022-12-09,228790,화장품,3,2274.0,13.0,GREEN,1,KOSPI,0.2,0.16,0.032,0.0,0.4,RED,-
2022-12-09,EWH,EWH,4,18.263259887695312,12.25,GREEN,1,NASDAQ,0.4,0.1,0.04,0.0,0.4,RED,-
2022-12-09,ENZL,ENZL,5,45.84080123901367,12.0,GREEN,1,NASDAQ,0.4,0.1,0.04,0.0,0.4,RED,-
2022-12-09,LQD,LQD,6,94.2112045288086,12.75,-,2,FIXED,1.0,0.08,0.08,0.0,0.4,RED,-
2022-12-12,SLV,SLV,1,21.459999084472656,15.5,GREEN,1,FIXED,1.0,0.31,0.31,0.0,0.4,RED,-
2022-12-12,GREK,GREK,2,23.414098739624023,12.0,-,1,NASDAQ,0.4,0.25,0.1,0.0,0.4,RED,-
2022-12-12,EWH,EWH,3,18.28048515319824,12.75,GREEN,1,NASDAQ,0.4,0.16,0.064,0.0,0.4,RED,-
2022-12-12,228790,화장품,4,2219.0,13.0,GREEN,1,KOSPI,0.2,0.1,0.02,0.0,0.4,RED,-
2022-12-12,PICK,PICK,5,37.68650436401367,11.0,-,3,FIXED,1.0,0.1,0.1,0.0,0.4,RED,-
2022-12-12,ENZL,ENZL,6,45.572662353515625,12.0,GREEN,2,NASDAQ,0.4,0.08,0.032,0.0,0.4,RED,-
2022-12-13,SLV,SLV,1,21.82999992370605,15.75,GREEN,1,FIXED,1.0,0.31,0.31,0.0,0.4,RED,-
2022-12-13,EWH,EWH,2,18.726612091064453,14.0,GREEN,1,NASDAQ,0.55,0.25,0.1375,0.0,0.4,RED,-
2022-12-13,TUR,TUR,3,32.450965881347656,12.5,LIME,1,NASDAQ,0.4,0.16,0.064,0.0,0.4,RED,-
2022-12-13,GREK,GREK,4,23.46663856506348,12.5,-,1,NASDAQ,0.4,0.1,0.04,0.0,0.4,RED,-
2022-12-13,XLV,XLV,5,132.002197265625,13.25,-,1,NASDAQ,0.5,0.1,0.05,0.0,0.4,RED,-
2022-12-13,PICK,PICK,6,37.95161819458008,12.0,-,1,FIXED,1.0,0.08,0.08,0.0,0.4,RED,-
2022-12-14,SLV,SLV,1,21.989999771118164,16.0,GREEN,1,FIXED,1.0,0.31,0.31,0.0,0.4,RED,-
2022-12-14,TUR,TUR,2,31.44145965576172,14.75,LIME,1,NASDAQ,0.55,0.25,0.1375,0.0,0.4,RED,-
2022-12-14,GREK,GREK,3,23.755592346191406,13.75,-,1,NASDAQ,0.5,0.16,0.08,0.0,0.4,RED,-
2022-12-14,EZU,EZU,4,37.64889907836914,13.5,-,1,NASDAQ,0.5,0.1,0.05,0.0,0.4,RED,-
2022-12-14,VGK,VGK,5,51.8105354309082,13.5,-,1,NASDAQ,0.5,0.1,0.05,0.0,0.4,RED,-
2022-12-14,XLV,XLV,6,132.20977783203125,13.5,-,1,NASDAQ,0.5,0.08,0.04,0.0,0.4,RED,-
2022-12-15,TUR,TUR,1,32.05634689331055,15.5,LIME,1,NASDAQ,0.6,0.31,0.186,0.0,0.4,RED,-
2022-12-15,GREK,GREK,2,23.676788330078125,15.5,-,1,NASDAQ,0.6,0.25,0.15,0.0,0.4,RED,-
2022-12-15,SLV,SLV,3,21.239999771118164,15.0,-,2,FIXED,1.0,0.16,0.16,0.0,0.4,RED,-
2022-12-15,XLV,XLV,4,129.78451538085938,12.25,-,4,NASDAQ,0.4,0.1,0.04,0.0,0.4,RED,-
2022-12-15,EWH,EWH,5,18.316286087036133,12.75,GREEN,2,NASDAQ,0.4,0.1,0.04,0.0,0.4,RED,-
2022-12-15,EZU,EZU,6,36.536712646484375,11.0,-,4,NASDAQ,0.4,0.08,0.032,0.0,0.4,RED,-
2022-12-16,TUR,TUR,1,32.14811325073242,15.75,-,1,NASDAQ,0.6,0.31,0.186,0.0,0.4,RED,-
2022-12-16,GREK,GREK,2,23.47539520263672,14.75,-,2,NASDAQ,0.5,0.25,0.125,0.0,0.4,RED,-
2022-12-16,SLV,SLV,3,21.3700008392334,13.5,-,2,FIXED,1.0,0.16,0.16,0.0,0.4,RED,-
2022-12-16,AGG,AGG,4,88.30257415771484,14.0,-,1,FIXED,1.0,0.1,0.1,0.0,0.4,RED,-
2022-12-16,BND,BND,5,65.44223022460938,14.0,-,1,FIXED,1.0,0.1,0.1,0.0,0.4,RED,-
2022-12-16,EWH,EWH,6,18.263898849487305,11.5,GREEN,2,NASDAQ,0.4,0.08,0.032,0.0,0.4,RED,-
2022-12-19,TUR,TUR,1,33.387054443359375,15.75,-,1,NASDAQ,0.6,0.33,0.198,0.0,0.4,RED,-
2022-12-19,GREK,GREK,2,23.44036865234375,13.75,-,2,NASDAQ,0.45,0.27,0.1215,0.0,0.4,RED,-
2022-12-19,SLV,SLV,3,21.1200008392334,11.25,-,3,FIXED,1.0,0.2,0.2,0.0,0.4,RED,-
2022-12-19,AGG,AGG,4,87.76040649414062,12.75,-,3,FIXED,1.0,0.1,0.1,0.0,0.4,RED,-
2022-12-19,BND,BND,5,65.05148315429688,12.75,-,3,FIXED,1.0,0.1,0.1,0.0,0.4,RED,-
2022-12-20,TUR,TUR,1,33.73579025268555,15.75,-,1,NASDAQ,0.6,0.45,0.27,0.0,0.4,RED,-
2022-12-20,GREK,GREK,2,23.62424659729004,13.5,-,1,NASDAQ,0.5,0.3,0.15,0.0,0.4,RED,-
2022-12-20,SLV,SLV,3,22.229999542236328,11.25,GREEN,1,FIXED,1.0,0.25,0.25,0.0,0.4,RED,-
2022-12-21,TUR,TUR,1,33.79085922241211,15.75,-,1,NASDAQ,0.6,0.45,0.27,0.0,0.4,RED,-
2022-12-21,GREK,GREK,2,23.88693618774414,13.5,-,1,NASDAQ,0.5,0.3,0.15,0.0,0.4,RED,-
2022-12-21,SLV,SLV,3,22.06999969482422,11.75,GREEN,1,FIXED,1.0,0.25,0.25,0.0,0.4,RED,-
2022-12-22,TUR,TUR,1,33.726619720458984,16.0,LIME,1,NASDAQ,0.6,0.35,0.21,0.0,0.4,RED,-
2022-12-22,GREK,GREK,2,23.641759872436523,14.0,-,1,NASDAQ,0.55,0.3,0.165,0.0,0.4,RED,-
2022-12-22,SLV,SLV,3,21.690000534057617,12.25,GREEN,2,FIXED,1.0,0.25,0.25,0.0,0.4,RED,-
2022-12-22,GLD,GLD,4,166.75999450683594,11.5,-,3,FIXED,1.0,0.1,0.1,0.0,0.4,RED,-
2022-12-23,TUR,TUR,1,33.84592056274414,16.0,LIME,1,NASDAQ,0.6,0.35,0.21,0.0,0.4,RED,-
2022-12-23,GREK,GREK,2,23.799375534057617,15.25,LIME,1,NASDAQ,0.6,0.3,0.18,0.0,0.4,RED,-
2022-12-23,SLV,SLV,3,21.850000381469727,14.25,GREEN,1,FIXED,1.0,0.25,0.25,0.0,0.4,RED,-
2022-12-23,GLD,GLD,4,167.25999450683594,11.5,-,3,FIXED,1.0,0.1,0.1,0.0,0.4,RED,-
2022-12-26,102970,증권주,1,5307.0,11.0,-,1,KOSPI,0.2,1.0,0.2,0.0,0.4,RED,-
2022-12-27,GREK,GREK,1,23.76434898376465,15.25,LIME,1,NASDAQ,0.6,0.33,0.198,0.0,0.4,RED,-
2022-12-27,TUR,TUR,2,33.662376403808594,15.0,LIME,2,NASDAQ,0.55,0.27,0.1485,0.0,0.4,RED,-
2022-12-27,SLV,SLV,3,22.11000061035156,14.0,GREEN,1,FIXED,1.0,0.2,0.2,0.0,0.4,RED,-
2022-12-27,EWP,EWP,4,21.967493057250977,13.0,-,1,NASDAQ,0.5,0.1,0.05,0.0,0.4,RED,-
2022-12-27,102970,증권주,5,5326.0,13.0,GREEN,1,KOSPI,0.2,0.1,0.02,0.0,0.4,RED,-
2022-12-28,TUR,TUR,1,32.88230514526367,13.0,LIME,3,NASDAQ,0.45,0.33,0.1485,0.0,0.4,RED,-
2022-12-28,GREK,GREK,2,23.55419921875,13.0,-,3,NASDAQ,0.45,0.27,0.1215,0.0,0.4,RED,-
2022-12-28,SLV,SLV,3,21.600000381469727,11.25,-,3,FIXED,1.0,0.2,0.2,0.0,0.4,RED,-
2022-12-28,EWP,EWP,4,21.840147018432617,11.0,-,4,NASDAQ,0.4,0.1,0.04,0.0,0.4,RED,-
2022-12-28,DBA,DBA,5,17.956600189208984,12.75,GREEN,1,FIXED,1.0,0.1,0.1,0.0,0.4,RED,-
2022-12-29,TUR,TUR,1,34.121238708496094,13.0,LIME,1,NASDAQ,0.5,0.31,0.155,0.0,0.4,RED,-
2022-12-29,GREK,GREK,2,23.86873435974121,12.75,-,1,NASDAQ,0.4,0.25,0.1,0.0,0.4,RED,-
2022-12-29,228790,화장품,3,2293.0,12.0,-,1,KOSPI,0.2,0.16,0.032,0.0,0.4,RED,-
2022-12-29,THD,THD,4,68.71868133544922,11.25,GREEN,1,NASDAQ,0.4,0.1,0.04,0.0,0.4,RED,-
2022-12-29,EWH,EWH,5,18.63057518005371,11.25,-,1,NASDAQ,0.4,0.1,0.04,0.0,0.4,RED,-
2022-12-29,DBA,DBA,6,17.8679256439209,12.5,GREEN,2,FIXED,1.0,0.08,0.08,0.0,0.4,RED,-
2022-12-30,THD,THD,1,68.22866821289062,14.5,GREEN,1,NASDAQ,0.22,0.31,0.0682,0.4,0.0,-,RED
2022-12-30,TUR,TUR,2,33.95604705810547,13.0,LIME,1,NASDAQ,0.2,0.25,0.05,0.4,0.0,-,RED
2022-12-30,GREK,GREK,3,23.94062805175781,12.75,LIME,1,NASDAQ,0.2,0.16,0.032,0.4,0.0,-,RED
2022-12-30,GLD,GLD,4,169.63999938964844,13.75,-,1,FIXED,1.0,0.1,0.1,0.4,0.0,-,RED
2022-12-30,EWM,EWM,5,20.52996635437012,12.0,-,1,NASDAQ,0.2,0.1,0.02,0.4,0.0,-,RED
2022-12-30,DBA,DBA,6,17.8679256439209,12.0,GREEN,2,FIXED,1.0,0.08,0.08,0.4,0.0,-,RED
2023-01-02,228790,화장품,1,2239.0,14.25,-,2,KOSPI,0.2,1.0,0.2,0.0,0.4,RED,-
2023-01-03,THD,THD,1,69.04533386230469,15.0,GREEN,1,NASDAQ,0.6,0.33,0.198,0.0,0.4,RED,-
2023-01-03,TUR,TUR,2,34.65352249145508,14.0,LIME,1,NASDAQ,0.55,0.27,0.1485,0.0,0.4,RED,-
2023-01-03,GREK,GREK,3,24.102388381958008,13.0,LIME,1,NASDAQ,0.5,0.2,0.1,0.0,0.4,RED,-
2023-01-03,228790,화장품,4,2234.0,12.75,-,3,KOSPI,0.2,0.1,0.02,0.0,0.4,RED,-
2023-01-03,GLD,GLD,5,171.05999755859375,14.0,GREEN,1,FIXED,1.0,0.1,0.1,0.0,0.4,RED,-
2023-01-04,TUR,TUR,1,34.3598518371582,16.0,-,1,NASDAQ,0.6,0.33,0.198,0.0,0.4,RED,-
2023-01-04,GREK,GREK,2,24.29111099243164,15.25,LIME,1,NASDAQ,0.6,0.27,0.162,0.0,0.4,RED,-
2023-01-04,THD,THD,3,70.63331604003906,15.5,GREEN,1,NASDAQ,0.6,0.2,0.12,0.0,0.4,RED,-
2023-01-04,GLD,GLD,4,172.6699981689453,15.75,GREEN,1,FIXED,1.0,0.1,0.1,0.0,0.4,RED,-
2023-01-04,EWH,EWH,5,19.36392402648925,13.0,-,1,NASDAQ,0.5,0.1,0.05,0.0,0.4,RED,-
2023-01-05,GREK,GREK,1,24.246177673339844,16.0,LIME,1,NASDAQ,0.6,0.31,0.186,0.4,0.4,-,-
2023-01-05,THD,THD,2,69.48998260498047,16.0,GREEN,1,NASDAQ,0.6,0.25,0.15,0.4,0.4,-,-
2023-01-05,EWP,EWP,3,22.64971351623535,14.0,LIME,1,NASDAQ,0.55,0.16,0.088,0.4,0.4,-,-
2023-01-05,GLD,GLD,4,170.52000427246094,15.0,GREEN,2,FIXED,1.0,0.1,0.1,0.4,0.4,-,-
2023-01-05,TUR,TUR,5,31.65254592895508,12.5,-,4,NASDAQ,0.4,0.1,0.04,0.4,0.4,-,-
2023-01-05,EWH,EWH,6,19.18931770324707,13.25,-,1,NASDAQ,0.5,0.08,0.04,0.4,0.4,-,-
2023-01-06,GREK,GREK,1,25.0190372467041,16.0,LIME,1,NASDAQ,0.6,0.31,0.186,0.4,0.4,-,-
2023-01-06,EWP,EWP,2,23.177295684814453,15.75,LIME,1,NASDAQ,0.6,0.25,0.15,0.4,0.4,-,-
2023-01-06,THD,THD,3,71.18684387207031,16.0,LIME,1,NASDAQ,0.6,0.16,0.096,0.4,0.4,-,-
2023-01-06,EZA,EZA,4,38.47572326660156,15.75,GREEN,1,NASDAQ,0.6,0.1,0.06,0.4,0.4,-,-
2023-01-06,EWI,EWI,5,25.5796012878418,14.25,LIME,1,NASDAQ,0.55,0.1,0.055,0.4,0.4,-,-
2023-01-06,EWH,EWH,6,19.26789283752441,14.75,LIME,1,NASDAQ,0.55,0.08,0.044,0.4,0.4,-,-
2023-01-09,EWI,EWI,1,25.77747344970703,16.0,LIME,1,NASDAQ,0.6,0.31,0.186,0.8,0.4,GREEN,-
2023-01-09,EWP,EWP,2,23.21368408203125,16.0,LIME,1,NASDAQ,0.6,0.25,0.15,0.8,0.4,GREEN,-
2023-01-09,GREK,GREK,3,25.0190372467041,16.0,LIME,1,NASDAQ,0.6,0.16,0.096,0.8,0.4,GREEN,-
2023-01-09,THD,THD,4,72.07611846923828,16.0,LIME,1,NASDAQ,0.6,0.1,0.06,0.8,0.4,GREEN,-
2023-01-09,EZA,EZA,5,38.93538665771485,16.0,GREEN,1,NASDAQ,0.6,0.1,0.06,0.8,0.4,GREEN,-
2023-01-09,EWH,EWH,6,19.171855926513672,14.75,LIME,1,NASDAQ,0.55,0.08,0.044,0.8,0.4,GREEN,-
2023-01-10,EWI,EWI,1,26.02031707763672,16.0,LIME,1,NASDAQ,0.6,0.31,0.186,0.8,0.4,GREEN,-
2023-01-10,EWP,EWP,2,23.504762649536133,16.0,LIME,1,NASDAQ,0.6,0.25,0.15,0.8,0.4,GREEN,-
2023-01-10,GREK,GREK,3,25.297622680664062,16.0,LIME,1,NASDAQ,0.6,0.16,0.096,0.8,0.4,GREEN,-
2023-01-10,EZA,EZA,4,39.071590423583984,16.0,GREEN,1,NASDAQ,0.6,0.1,0.06,0.8,0.4,GREEN,-
2023-01-10,EWG,EWG,5,25.214704513549805,15.5,GREEN,1,NASDAQ,0.6,0.1,0.06,0.8,0.4,GREEN,-
2023-01-10,THD,THD,6,72.17593383789062,16.0,LIME,1,NASDAQ,0.6,0.08,0.048,0.8,0.4,GREEN,-
2023-01-11,EWI,EWI,1,26.227184295654297,16.0,LIME,1,NASDAQ,0.6,0.31,0.186,0.8,0.4,GREEN,-
2023-01-11,EWG,EWG,2,25.52311134338379,16.0,GREEN,1,NASDAQ,0.6,0.25,0.15,0.8,0.4,GREEN,-
2023-01-11,FEZ,FEZ,3,38.78747177124024,16.0,LIME,1,NASDAQ,0.6,0.16,0.096,0.8,0.4,GREEN,-
2023-01-11,EZU,EZU,4,39.59753036499024,16.0,LIME,1,NASDAQ,0.6,0.1,0.06,0.8,0.4,GREEN,-
2023-01-11,EWP,EWP,5,23.55024528503418,16.0,LIME,1,NASDAQ,0.6,0.1,0.06,0.8,0.4,GREEN,-
2023-01-11,EZA,EZA,6,39.437618255615234,16.0,GREEN,1,NASDAQ,0.6,0.08,0.048,0.8,0.4,GREEN,-
2023-01-12,EWI,EWI,1,26.658906936645508,16.0,LIME,1,NASDAQ,0.6,0.31,0.186,0.8,0.4,GREEN,-
2023-01-12,EWG,EWG,2,25.953014373779297,16.0,GREEN,1,NASDAQ,0.6,0.25,0.15,0.8,0.4,GREEN,-
2023-01-12,PICK,PICK,3,41.34866714477539,16.0,GREEN,1,FIXED,1.0,0.16,0.16,0.8,0.4,GREEN,-
2023-01-12,FEZ,FEZ,4,39.32745361328125,16.0,LIME,1,NASDAQ,0.6,0.1,0.06,0.8,0.4,GREEN,-
2023-01-12,EZU,EZU,5,40.17659759521485,16.0,LIME,1,NASDAQ,0.6,0.1,0.06,0.8,0.4,GREEN,-
2023-01-12,EWP,EWP,6,23.968673706054688,16.0,LIME,1,NASDAQ,0.6,0.08,0.048,0.8,0.4,GREEN,-
2023-01-13,PICK,PICK,1,41.573333740234375,16.0,GREEN,1,FIXED,1.0,0.31,0.31,0.8,0.4,GREEN,-
2023-01-13,FEZ,FEZ,2,39.583717346191406,16.0,LIME,1,NASDAQ,0.6,0.25,0.15,0.8,0.4,GREEN,-
2023-01-13,EWI,EWI,3,26.64092063903809,16.0,LIME,1,NASDAQ,0.6,0.16,0.096,0.8,0.4,GREEN,-
2023-01-13,EWG,EWG,4,25.97170639038086,16.0,GREEN,1,NASDAQ,0.6,0.1,0.06,0.8,0.4,GREEN,-
2023-01-13,EZU,EZU,5,40.36962127685547,16.0,LIME,1,NASDAQ,0.6,0.1,0.06,0.8,0.4,GREEN,-
2023-01-13,EWP,EWP,6,24.150598526000977,16.0,LIME,1,NASDAQ,0.6,0.08,0.048,0.8,0.4,GREEN,-
2023-01-16,195930,유로스,1,14552.0,16.0,LIME,1,NASDAQ,0.8,0.33,0.264,0.8,0.8,GREEN,GREEN
2023-01-16,228790,화장품,2,2392.0,14.5,GREEN,1,KOSPI,0.8,0.27,0.216,0.8,0.8,GREEN,GREEN
2023-01-16,102970,증권주,3,5728.0,14.75,GREEN,1,KOSPI,0.8,0.2,0.16,0.8,0.8,GREEN,GREEN
2023-01-16,091170,은행주,4,6293.0,14.0,GREEN,1,KOSPI,0.8,0.1,0.08,0.8,0.8,GREEN,GREEN
2023-01-16,325020,케모멘,5,10772.0,13.75,GREEN,1,KOSPI,0.8,0.1,0.08,0.8,0.8,GREEN,GREEN
2023-01-17,FEZ,FEZ,1,39.50135040283203,16.0,LIME,1,NASDAQ,0.8,0.31,0.248,0.8,0.8,GREEN,GREEN
2023-01-17,EWG,EWG,2,25.990398406982425,16.0,GREEN,1,NASDAQ,0.8,0.25,0.2,0.8,0.8,GREEN,GREEN
2023-01-17,EWI,EWI,3,26.622934341430664,16.0,LIME,1,NASDAQ,0.8,0.16,0.128,0.8,0.8,GREEN,GREEN
2023-01-17,EZU,EZU,4,40.29609298706055,16.0,LIME,1,NASDAQ,0.8,0.1,0.08,0.8,0.8,GREEN,GREEN
2023-01-17,GREK,GREK,5,26.061494827270508,16.0,LIME,1,NASDAQ,0.8,0.1,0.08,0.8,0.8,GREEN,GREEN
2023-01-17,091170,은행주,6,6216.0,15.0,GREEN,1,KOSPI,0.8,0.08,0.064,0.8,0.8,GREEN,GREEN
2023-01-18,EWG,EWG,1,25.88759422302246,16.0,GREEN,1,NASDAQ,0.8,0.31,0.248,0.8,0.8,GREEN,GREEN
2023-01-18,EWP,EWP,2,23.97776985168457,16.0,LIME,1,NASDAQ,0.8,0.25,0.2,0.8,0.8,GREEN,GREEN
2023-01-18,EWQ,EWQ,3,33.38872528076172,16.0,LIME,1,NASDAQ,0.8,0.16,0.128,0.8,0.8,GREEN,GREEN
2023-01-18,GREK,GREK,4,25.800880432128903,16.0,LIME,1,NASDAQ,0.8,0.1,0.08,0.8,0.8,GREEN,GREEN
2023-01-18,VGK,VGK,5,54.37763977050781,16.0,GREEN,1,NASDAQ,0.8,0.1,0.08,0.8,0.8,GREEN,GREEN
2023-01-18,FEZ,FEZ,6,39.25423812866211,15.0,LIME,2,NASDAQ,0.8,0.08,0.064,0.8,0.8,GREEN,GREEN
2023-01-19,228790,화장품,1,2470.0,16.0,GREEN,1,KOSPI,0.8,0.31,0.248,0.8,0.8,GREEN,GREEN
2023-01-19,102970,증권주,2,5768.0,16.0,GREEN,1,KOSPI,0.8,0.25,0.2,0.8,0.8,GREEN,GREEN
2023-01-19,EPHE,EPHE,3,27.212665557861328,16.0,GREEN,1,NASDAQ,0.8,0.16,0.128,0.8,0.8,GREEN,GREEN
2023-01-19,ENZL,ENZL,4,47.34918975830078,16.0,GREEN,1,NASDAQ,0.8,0.1,0.08,0.8,0.8,GREEN,GREEN
2023-01-19,EWU,EWU,5,28.962520599365234,16.0,GREEN,1,NASDAQ,0.8,0.1,0.08,0.8,0.8,GREEN,GREEN
2023-01-19,EWG,EWG,6,25.71002578735352,15.0,GREEN,2,NASDAQ,0.8,0.08,0.064,0.8,0.8,GREEN,GREEN
2023-01-20,228790,화장품,1,2466.0,16.0,GREEN,1,KOSPI,0.8,0.31,0.248,0.8,0.8,GREEN,GREEN
2023-01-20,102970,증권주,2,5745.0,16.0,GREEN,1,KOSPI,0.8,0.25,0.2,0.8,0.8,GREEN,GREEN
2023-01-20,EPHE,EPHE,3,27.41910552978516,16.0,GREEN,1,NASDAQ,0.8,0.16,0.128,0.8,0.8,GREEN,GREEN
2023-01-20,ENZL,ENZL,4,48.29691696166992,16.0,GREEN,1,NASDAQ,0.8,0.1,0.08,0.8,0.8,GREEN,GREEN
2023-01-20,EWU,EWU,5,29.0245361328125,16.0,GREEN,1,NASDAQ,0.8,0.1,0.08,0.8,0.8,GREEN,GREEN
2023-01-20,EWG,EWG,6,25.953014373779297,14.75,GREEN,1,NASDAQ,0.8,0.08,0.064,0.8,0.8,GREEN,GREEN
2023-01-23,ENZL,ENZL,1,48.20400238037109,16.0,GREEN,1,NASDAQ,0.8,0.31,0.248,0.4,0.8,-,GREEN
2023-01-23,EPHE,EPHE,2,27.297119140625,16.0,GREEN,1,NASDAQ,0.8,0.25,0.2,0.4,0.8,-,GREEN
2023-01-23,EWA,EWA,3,22.06706047058105,16.0,LIME,1,NASDAQ,0.8,0.16,0.128,0.4,0.8,-,GREEN
2023-01-23,EWG,EWG,4,26.04647254943848,14.75,GREEN,1,NASDAQ,0.8,0.1,0.08,0.4,0.8,-,GREEN
2023-01-23,GREK,GREK,5,26.60968589782715,15.0,LIME,1,NASDAQ,0.8,0.1,0.08,0.4,0.8,-,GREEN
2023-01-23,EWU,EWU,6,29.0245361328125,16.0,GREEN,1,NASDAQ,0.8,0.08,0.064,0.4,0.8,-,GREEN
2023-01-24,EWY,EWY,1,59.30743408203125,15.75,GREEN,1,KOSPI,0.6,0.31,0.186,0.4,0.8,-,GREEN
2023-01-24,ENZL,ENZL,2,48.21329879760742,16.0,GREEN,1,NASDAQ,0.8,0.25,0.2,0.4,0.8,-,GREEN
2023-01-24,EEM,EEM,3,39.05949020385742,15.75,GREEN,1,NASDAQ,0.8,0.16,0.128,0.4,0.8,-,GREEN
2023-01-24,IEMG,IEMG,4,47.15553283691406,15.75,GREEN,1,NASDAQ,0.8,0.1,0.08,0.4,0.8,-,GREEN
2023-01-24,EWA,EWA,5,22.12998390197754,16.0,LIME,1,NASDAQ,0.8,0.1,0.08,0.4,0.8,-,GREEN
2023-01-24,GREK,GREK,6,26.42096710205078,15.0,LIME,1,NASDAQ,0.8,0.08,0.064,0.4,0.8,-,GREEN
2023-01-25,228790,화장품,1,2437.0,16.0,GREEN,1,KOSPI,0.8,0.31,0.248,0.8,0.8,GREEN,GREEN
2023-01-25,PICK,PICK,2,42.2563362121582,16.0,GREEN,1,FIXED,1.0,0.25,0.25,0.8,0.8,GREEN,GREEN
2023-01-25,EWY,EWY,3,59.44707107543945,16.0,GREEN,1,KOSPI,0.8,0.16,0.128,0.8,0.8,GREEN,GREEN
2023-01-25,FXI,FXI,4,30.523345947265625,15.5,GREEN,1,NASDAQ,0.8,0.1,0.08,0.8,0.8,GREEN,GREEN
2023-01-25,102970,증권주,5,5798.0,16.0,GREEN,1,KOSPI,0.8,0.1,0.08,0.8,0.8,GREEN,GREEN
2023-01-25,GREK,GREK,6,26.43893814086914,16.0,LIME,1,NASDAQ,0.8,0.08,0.064,0.8,0.8,GREEN,GREEN
2023-01-26,PICK,PICK,1,42.822509765625,16.0,GREEN,1,FIXED,1.0,0.31,0.31,0.8,0.8,GREEN,GREEN
2023-01-26,FXI,FXI,2,30.922771453857425,15.75,LIME,1,NASDAQ,0.8,0.25,0.2,0.8,0.8,GREEN,GREEN
2023-01-26,FEZ,FEZ,3,39.98641204833984,16.0,LIME,1,NASDAQ,0.8,0.16,0.128,0.8,0.8,GREEN,GREEN
2023-01-26,EWH,EWH,4,19.7131404876709,15.75,LIME,1,NASDAQ,0.8,0.1,0.08,0.8,0.8,GREEN,GREEN
2023-01-26,EWY,EWY,5,60.59206771850586,16.0,GREEN,1,KOSPI,0.8,0.1,0.08,0.8,0.8,GREEN,GREEN
2023-01-26,GREK,GREK,6,26.79840660095215,16.0,LIME,1,NASDAQ,0.8,0.08,0.064,0.8,0.8,GREEN,GREEN
2023-01-27,FXI,FXI,1,30.86703491210937,16.0,LIME,1,NASDAQ,0.8,0.31,0.248,0.8,0.8,GREEN,GREEN
2023-01-27,EWY,EWY,2,60.88996124267578,16.0,GREEN,1,KOSPI,0.8,0.25,0.2,0.8,0.8,GREEN,GREEN
2023-01-27,GREK,GREK,3,26.92422103881836,16.0,LIME,1,NASDAQ,0.8,0.16,0.128,0.8,0.8,GREEN,GREEN
2023-01-27,EWT,EWT,4,37.3340072631836,16.0,GREEN,1,NASDAQ,0.8,0.1,0.08,0.8,0.8,GREEN,GREEN
2023-01-27,EWG,EWG,5,26.15861892700196,16.0,LIME,1,NASDAQ,0.8,0.1,0.08,0.8,0.8,GREEN,GREEN
2023-01-27,PICK,PICK,6,42.15748596191406,15.0,GREEN,2,FIXED,1.0,0.08,0.08,0.8,0.8,GREEN,GREEN
2023-01-30,GREK,GREK,1,26.98712921142578,16.0,LIME,1,NASDAQ,0.8,0.31,0.248,0.8,0.8,GREEN,GREEN
2023-01-30,EWT,EWT,2,36.90620422363281,15.0,GREEN,2,NASDAQ,0.8,0.25,0.2,0.8,0.8,GREEN,GREEN
2023-01-30,EWI,EWI,3,26.73086166381836,15.0,-,2,NASDAQ,0.8,0.16,0.128,0.8,0.8,GREEN,GREEN
2023-01-30,EWY,EWY,4,59.54947280883789,15.0,-,2,KOSPI,0.8,0.1,0.08,0.8,0.8,GREEN,GREEN
2023-01-30,EWQ,EWQ,5,33.61811065673828,15.0,LIME,2,NASDAQ,0.8,0.1,0.08,0.8,0.8,GREEN,GREEN
2023-01-30,EWG,EWG,6,26.02778053283692,14.5,-,2,NASDAQ,0.8,0.08,0.064,0.8,0.8,GREEN,GREEN
2023-01-31,GREK,GREK,1,27.33761215209961,16.0,LIME,1,NASDAQ,0.8,0.31,0.248,0.4,0.8,-,GREEN
2023-01-31,EWI,EWI,2,27.225542068481445,15.0,LIME,1,NASDAQ,0.8,0.25,0.2,0.4,0.8,-,GREEN
2023-01-31,BOTZ,BOTZ,3,23.5593490600586,15.25,GREEN,1,NASDAQ,0.8,0.16,0.128,0.4,0.8,-,GREEN
2023-01-31,EWG,EWG,4,26.20534896850586,14.5,LIME,1,NASDAQ,0.8,0.1,0.08,0.4,0.8,-,GREEN
2023-01-31,EWQ,EWQ,5,33.91171646118164,14.75,LIME,1,NASDAQ,0.8,0.1,0.08,0.4,0.8,-,GREEN
2023-01-31,EWT,EWT,6,36.86507034301758,13.25,GREEN,2,NASDAQ,0.8,0.08,0.064,0.4,0.8,-,GREEN
2023-02-01,GREK,GREK,1,27.68809127807617,16.0,LIME,1,NASDAQ,0.8,0.31,0.248,0.4,0.8,-,GREEN
2023-02-01,BOTZ,BOTZ,2,24.331466674804688,15.5,GREEN,1,NASDAQ,0.8,0.25,0.2,0.4,0.8,-,GREEN
2023-02-01,EWI,EWI,3,27.558330535888672,15.0,LIME,1,NASDAQ,0.8,0.16,0.128,0.4,0.8,-,GREEN
2023-02-01,EWG,EWG,4,26.65394401550293,14.5,LIME,1,NASDAQ,0.8,0.1,0.08,0.4,0.8,-,GREEN
2023-02-01,EWQ,EWQ,5,34.27872467041016,14.75,LIME,1,NASDAQ,0.8,0.1,0.08,0.4,0.8,-,GREEN
2023-02-01,EWT,EWT,6,37.63018035888672,13.25,GREEN,1,NASDAQ,0.8,0.08,0.064,0.4,0.8,-,GREEN
2023-02-02,GREK,GREK,1,27.463422775268555,16.0,LIME,1,NASDAQ,0.8,0.31,0.248,0.4,0.8,-,GREEN
2023-02-02,BOTZ,BOTZ,2,24.697725296020508,15.75,GREEN,1,NASDAQ,0.8,0.25,0.2,0.4,0.8,-,GREEN
2023-02-02,EWI,EWI,3,27.54933738708496,15.0,LIME,1,NASDAQ,0.8,0.16,0.128,0.4,0.8,-,GREEN
2023-02-02,EWG,EWG,4,26.98104286193848,14.5,LIME,1,NASDAQ,0.8,0.1,0.08,0.4,0.8,-,GREEN
2023-02-02,EWQ,EWQ,5,34.315425872802734,14.75,LIME,1,NASDAQ,0.8,0.1,0.08,0.4,0.8,-,GREEN
2023-02-02,EWT,EWT,6,37.75357818603516,13.25,GREEN,1,NASDAQ,0.8,0.08,0.064,0.4,0.8,-,GREEN
2023-02-03,EWG,EWG,1,26.56048393249512,16.0,-,1,NASDAQ,0.8,0.31,0.248,0.4,0.8,-,GREEN
2023-02-03,BOTZ,BOTZ,2,24.301767349243164,16.0,GREEN,1,NASDAQ,0.8,0.25,0.2,0.4,0.8,-,GREEN
2023-02-03,EWP,EWP,3,24.796436309814453,15.75,-,1,NASDAQ,0.8,0.16,0.128,0.4,0.8,-,GREEN
2023-02-03,FEZ,FEZ,4,40.11455154418945,15.75,-,1,NASDAQ,0.8,0.1,0.08,0.4,0.8,-,GREEN
2023-02-03,EZU,EZU,5,41.09575653076172,15.75,-,1,NASDAQ,0.8,0.1,0.08,0.4,0.8,-,GREEN
2023-02-03,EWQ,EWQ,6,34.08604431152344,15.75,LIME,1,NASDAQ,0.8,0.08,0.064,0.4,0.8,-,GREEN
2023-02-06,SMH,SMH,1,120.74909210205078,15.0,-,2,NASDAQ,0.8,0.31,0.248,0.4,0.8,-,GREEN
2023-02-06,SOXX,SOXX,2,136.49977111816406,15.0,-,2,NASDAQ,0.8,0.25,0.2,0.4,0.8,-,GREEN
2023-02-06,BOTZ,BOTZ,3,23.935508728027344,15.0,-,2,NASDAQ,0.8,0.16,0.128,0.4,0.8,-,GREEN
2023-02-06,EWG,EWG,4,26.24272918701172,14.5,-,3,NASDAQ,0.8,0.1,0.08,0.4,0.8,-,GREEN
2023-02-06,EWP,EWP,5,24.559932708740234,14.5,-,3,NASDAQ,0.8,0.1,0.08,0.4,0.8,-,GREEN
2023-02-06,FEZ,FEZ,6,39.62032699584961,14.5,-,3,NASDAQ,0.8,0.08,0.064,0.4,0.8,-,GREEN
2023-02-07,SMH,SMH,1,124.37467956542967,14.75,-,1,NASDAQ,0.8,0.31,0.248,0.4,0.8,-,GREEN
2023-02-07,SOXX,SOXX,2,140.840576171875,14.75,-,1,NASDAQ,0.8,0.25,0.2,0.4,0.8,-,GREEN
2023-02-07,BOTZ,BOTZ,3,24.4106559753418,14.75,-,1,NASDAQ,0.8,0.16,0.128,0.4,0.8,-,GREEN
2023-02-07,195930,유로스,4,14676.0,15.75,-,1,NASDAQ,0.8,0.1,0.08,0.4,0.8,-,GREEN
2023-02-07,JETS,JETS,5,20.43264389038086,14.75,-,2,NASDAQ,0.8,0.1,0.08,0.4,0.8,-,GREEN
2023-02-07,EWP,EWP,6,24.76004981994629,13.25,-,2,NASDAQ,0.8,0.08,0.064,0.4,0.8,-,GREEN
2023-02-08,195930,유로스,1,14816.0,16.0,-,1,NASDAQ,0.8,0.31,0.248,0.4,0.8,-,GREEN
2023-02-08,GREK,GREK,2,27.91275978088379,13.75,-,1,NASDAQ,0.8,0.25,0.2,0.4,0.8,-,GREEN
2023-02-08,SMH,SMH,3,121.93788146972656,13.0,-,2,NASDAQ,0.8,0.16,0.128,0.4,0.8,-,GREEN
2023-02-08,SOXX,SOXX,4,137.81211853027344,13.0,-,2,NASDAQ,0.8,0.1,0.08,0.4,0.8,-,GREEN
2023-02-08,BOTZ,BOTZ,5,24.03449821472168,13.0,-,2,NASDAQ,0.8,0.1,0.08,0.4,0.8,-,GREEN
2023-02-08,JETS,JETS,6,20.392967224121094,13.5,-,2,NASDAQ,0.8,0.08,0.064,0.4,0.8,-,GREEN
2023-02-09,GREK,GREK,1,28.218307495117188,14.75,-,1,NASDAQ,0.8,0.33,0.264,0.4,0.8,-,GREEN
2023-02-09,195930,유로스,2,14721.0,16.0,-,1,NASDAQ,0.8,0.27,0.216,0.4,0.8,-,GREEN
2023-02-09,ITA,ITA,3,111.22727966308594,14.25,LIME,3,NASDAQ,0.8,0.2,0.16,0.4,0.8,-,GREEN
2023-02-09,SMH,SMH,4,122.42129516601562,11.25,-,2,NASDAQ,0.8,0.1,0.08,0.4,0.8,-,GREEN
2023-02-09,SOXX,SOXX,5,138.16380310058594,11.25,-,2,NASDAQ,0.8,0.1,0.08,0.4,0.8,-,GREEN
2023-02-10,GREK,GREK,1,28.06553649902344,16.0,-,1,NASDAQ,0.8,0.33,0.264,0.4,0.8,-,GREEN
2023-02-10,195930,유로스,2,14696.0,15.0,-,2,NASDAQ,0.8,0.27,0.216,0.4,0.8,-,GREEN
2023-02-10,228790,화장품,3,2484.0,13.5,-,1,KOSPI,0.5,0.2,0.1,0.4,0.8,-,GREEN
2023-02-10,ITA,ITA,4,112.63052368164062,14.5,LIME,1,NASDAQ,0.8,0.1,0.08,0.4,0.8,-,GREEN
2023-02-10,EWI,EWI,5,27.234539031982425,11.5,-,2,NASDAQ,0.8,0.1,0.08,0.4,0.8,-,GREEN
2023-02-13,GREK,GREK,1,28.97319602966309,16.0,LIME,1,NASDAQ,0.8,0.31,0.248,0.4,0.8,-,GREEN
2023-02-13,228790,화장품,2,2442.0,13.25,-,3,KOSPI,0.45,0.25,0.1125,0.4,0.8,-,GREEN
2023-02-13,ITA,ITA,3,113.37114715576172,14.5,LIME,1,NASDAQ,0.8,0.16,0.128,0.4,0.8,-,GREEN
2023-02-13,102970,증권주,4,5798.0,12.75,-,2,KOSPI,0.4,0.1,0.04,0.4,0.8,-,GREEN
2023-02-13,EWI,EWI,5,27.51335906982422,11.5,-,1,NASDAQ,0.8,0.1,0.08,0.4,0.8,-,GREEN
2023-02-13,195930,유로스,6,14562.0,12.75,-,3,NASDAQ,0.8,0.08,0.064,0.4,0.8,-,GREEN
2023-02-14,GREK,GREK,1,28.91927528381348,16.0,LIME,1,NASDAQ,0.8,0.31,0.248,0.4,0.8,-,GREEN
2023-02-14,228790,화장품,2,2461.0,13.5,-,2,KOSPI,0.45,0.25,0.1125,0.4,0.8,-,GREEN
2023-02-14,EWI,EWI,3,27.66626167297364,13.25,-,1,NASDAQ,0.8,0.16,0.128,0.4,0.8,-,GREEN
2023-02-14,ITA,ITA,4,114.20921325683594,14.5,LIME,1,NASDAQ,0.8,0.1,0.08,0.4,0.8,-,GREEN
2023-02-14,102970,증권주,5,5839.0,12.5,-,1,KOSPI,0.4,0.1,0.04,0.4,0.8,-,GREEN
2023-02-14,195930,유로스,6,14771.0,12.5,-,1,NASDAQ,0.8,0.08,0.064,0.4,0.8,-,GREEN
2023-02-15,GREK,GREK,1,28.685619354248047,16.0,-,1,NASDAQ,0.6,0.31,0.186,0.4,0.4,-,-
2023-02-15,ITA,ITA,2,114.57950592041016,16.0,LIME,1,NASDAQ,0.6,0.25,0.15,0.4,0.4,-,-
2023-02-15,EWI,EWI,3,27.51335906982422,13.5,-,1,NASDAQ,0.5,0.16,0.08,0.4,0.4,-,-
2023-02-15,PTF,PTF,4,43.24858093261719,13.0,LIME,1,NASDAQ,0.5,0.1,0.05,0.4,0.4,-,-
2023-02-15,XLK,XLK,5,70.4123306274414,12.5,GREEN,1,NASDAQ,0.4,0.1,0.04,0.4,0.4,-,-
2023-02-15,195930,유로스,6,14736.0,11.75,-,1,NASDAQ,0.4,0.08,0.032,0.4,0.4,-,-
2023-02-16,GREK,GREK,1,28.59575080871582,14.75,-,2,NASDAQ,0.5,0.31,0.155,0.4,0.4,-,-
2023-02-16,EWI,EWI,2,27.64827537536621,14.75,-,1,NASDAQ,0.55,0.25,0.1375,0.4,0.4,-,-
2023-02-16,ITA,ITA,3,113.36141204833984,15.0,LIME,2,NASDAQ,0.55,0.16,0.088,0.4,0.4,-,-
2023-02-16,PTF,PTF,4,42.58076858520508,14.5,LIME,1,NASDAQ,0.55,0.1,0.055,0.4,0.4,-,-
2023-02-16,EWP,EWP,5,24.88739776611328,12.5,-,1,NASDAQ,0.4,0.1,0.04,0.4,0.4,-,-
2023-02-16,195930,유로스,6,14996.0,12.75,LIME,1,NASDAQ,0.4,0.08,0.032,0.4,0.4,-,-
2023-02-17,EWI,EWI,1,27.711231231689453,15.0,-,1,NASDAQ,0.6,0.31,0.186,0.4,0.4,-,-
2023-02-17,GREK,GREK,2,28.865352630615234,14.5,-,1,NASDAQ,0.55,0.25,0.1375,0.4,0.4,-,-
2023-02-17,195930,유로스,3,14871.0,15.0,-,1,NASDAQ,0.6,0.16,0.096,0.4,0.4,-,-
2023-02-17,XAR,XAR,4,118.66905975341795,14.0,LIME,1,NASDAQ,0.55,0.1,0.055,0.4,0.4,-,-
2023-02-17,EWP,EWP,5,25.023839950561523,13.0,-,1,NASDAQ,0.5,0.1,0.05,0.4,0.4,-,-
2023-02-17,ITA,ITA,6,113.8389129638672,14.0,LIME,2,NASDAQ,0.5,0.08,0.04,0.4,0.4,-,-
2023-02-20,195930,유로스,1,14901.0,15.25,-,1,NASDAQ,0.6,0.33,0.198,0.4,0.4,-,-
2023-02-20,117680,철강주,2,8312.0,14.25,LIME,1,KOSPI,0.55,0.27,0.1485,0.4,0.4,-,-
2023-02-20,229200,코스닥,3,11353.0,12.5,GREEN,1,KOSPI,0.4,0.2,0.08,0.4,0.4,-,-
2023-02-20,091180,자동차,4,16372.0,11.25,GREEN,1,KOSPI,0.4,0.1,0.04,0.4,0.4,-,-
2023-02-20,117460,에너지,5,15611.0,12.5,-,1,KOSPI,0.4,0.1,0.04,0.4,0.4,-,-
2023-02-21,GREK,GREK,1,29.269752502441406,14.5,-,1,NASDAQ,0.55,0.31,0.1705,0.4,0.4,-,-
2023-02-21,117680,철강주,2,8555.0,15.0,LIME,1,KOSPI,0.6,0.25,0.15,0.4,0.4,-,-
2023-02-21,229200,코스닥,3,11422.0,14.75,GREEN,1,KOSPI,0.55,0.16,0.088,0.4,0.4,-,-
2023-02-21,195930,유로스,4,14841.0,14.75,-,2,NASDAQ,0.5,0.1,0.05,0.4,0.4,-,-
2023-02-21,117460,에너지,5,15999.0,15.25,GREEN,1,KOSPI,0.6,0.1,0.06,0.4,0.4,-,-
2023-02-21,091180,자동차,6,16477.0,12.5,GREEN,1,KOSPI,0.4,0.08,0.032,0.4,0.4,-,-
2023-02-22,117680,철강주,1,8409.0,15.5,LIME,1,KOSPI,0.24,0.31,0.0744,0.0,0.4,RED,-
2023-02-22,229200,코스닥,2,11106.0,14.25,-,2,KOSPI,0.2,0.25,0.05,0.0,0.4,RED,-
2023-02-22,GREK,GREK,3,28.50588607788086,12.5,-,3,NASDAQ,0.4,0.16,0.064,0.0,0.4,RED,-
2023-02-22,DBA,DBA,4,18.24922561645508,14.0,GREEN,1,FIXED,1.0,0.1,0.1,0.0,0.4,RED,-
2023-02-22,117460,에너지,5,15616.0,14.5,GREEN,2,KOSPI,0.2,0.1,0.02,0.0,0.4,RED,-
2023-02-22,091180,자동차,6,16178.0,11.75,GREEN,2,KOSPI,0.2,0.08,0.016,0.0,0.4,RED,-
2023-02-23,117680,철강주,1,8293.0,15.0,LIME,2,KOSPI,0.22,0.31,0.0682,0.0,0.4,RED,-
2023-02-23,GREK,GREK,2,28.892314910888672,13.75,-,1,NASDAQ,0.5,0.25,0.125,0.0,0.4,RED,-
2023-02-23,229200,코스닥,3,11170.0,13.25,-,2,KOSPI,0.2,0.16,0.032,0.0,0.4,RED,-
2023-02-23,DBA,DBA,4,18.231491088867188,14.0,GREEN,1,FIXED,1.0,0.1,0.1,0.0,0.4,RED,-
2023-02-23,091180,자동차,5,16390.0,11.25,-,1,KOSPI,0.2,0.1,0.02,0.0,0.4,RED,-
2023-02-23,117460,에너지,6,15582.0,11.75,-,3,KOSPI,0.2,0.08,0.016,0.0,0.4,RED,-
2023-02-24,117680,철강주,1,8095.0,13.75,LIME,2,KOSPI,0.2,0.33,0.066,0.0,0.4,RED,-
2023-02-24,GREK,GREK,2,28.59575080871582,12.25,-,3,NASDAQ,0.4,0.27,0.108,0.0,0.4,RED,-
2023-02-24,229200,코스닥,3,11046.0,11.25,-,3,KOSPI,0.2,0.2,0.04,0.0,0.4,RED,-
2023-02-24,DBA,DBA,4,17.96546745300293,12.25,-,3,FIXED,1.0,0.1,0.1,0.0,0.4,RED,-
2023-02-24,139230,조선주,5,2985.0,12.0,GREEN,2,KOSPI,0.2,0.1,0.02,0.0,0.4,RED,-
2023-02-27,GREK,GREK,1,29.16191673278809,12.0,-,1,NASDAQ,0.2,0.55,0.11,0.0,0.1,RED,PURPLE
2023-02-27,117680,철강주,2,8141.0,12.0,LIME,2,KOSPI,0.2,0.45,0.09,0.0,0.1,RED,PURPLE
2023-02-28,GREK,GREK,1,29.26077079772949,13.25,-,1,NASDAQ,0.2,1.0,0.2,0.0,0.1,RED,PURPLE
2023-03-01,GREK,GREK,1,29.440502166748047,13.25,-,1,NASDAQ,0.2,1.0,0.2,0.4,0.0,-,RED
2023-03-02,GREK,GREK,1,29.233806610107425,15.0,-,1,NASDAQ,0.24,0.35,0.084,0.0,0.1,RED,PURPLE
2023-03-02,TUR,TUR,2,32.79052734375,13.0,LIME,1,NASDAQ,0.2,0.3,0.06,0.0,0.1,RED,PURPLE
2023-03-02,411060,금현물,3,11030.0,12.0,LIME,1,FIXED,1.0,0.25,0.25,0.0,0.1,RED,PURPLE
2023-03-02,305720,이차전,4,23000.0,11.5,-,1,KOSPI,0.2,0.1,0.02,0.0,0.1,RED,PURPLE
2023-03-03,305720,이차전,1,24199.0,14.75,-,1,KOSPI,0.22,0.33,0.0726,0.0,0.1,RED,PURPLE
2023-03-03,GREK,GREK,2,29.215835571289062,14.25,-,2,NASDAQ,0.2,0.27,0.054,0.0,0.1,RED,PURPLE
2023-03-03,EWW,EWW,3,54.63737106323242,13.25,LIME,1,NASDAQ,0.2,0.2,0.04,0.0,0.1,RED,PURPLE
2023-03-03,411060,금현물,4,11060.0,14.0,LIME,1,FIXED,1.0,0.1,0.1,0.0,0.1,RED,PURPLE
2023-03-03,TUR,TUR,5,32.36837387084961,12.5,LIME,2,NASDAQ,0.2,0.1,0.02,0.0,0.1,RED,PURPLE
2023-03-06,305720,이차전,1,25859.0,15.5,LIME,1,KOSPI,0.24,0.31,0.0744,0.0,0.1,RED,PURPLE
2023-03-06,EWW,EWW,2,54.17534255981445,14.5,LIME,1,NASDAQ,0.22,0.25,0.055,0.0,0.1,RED,PURPLE
2023-03-06,229200,코스닥,3,11764.0,13.5,GREEN,1,KOSPI,0.2,0.16,0.032,0.0,0.1,RED,PURPLE
2023-03-06,117460,에너지,4,16494.0,13.5,LIME,1,KOSPI,0.2,0.1,0.02,0.0,0.1,RED,PURPLE
2023-03-06,TUR,TUR,5,33.77250671386719,12.5,LIME,1,NASDAQ,0.2,0.1,0.02,0.0,0.1,RED,PURPLE
2023-03-06,GREK,GREK,6,28.110471725463867,11.25,-,4,NASDAQ,0.2,0.08,0.016,0.0,0.1,RED,PURPLE
2023-03-07,305720,이차전,1,26126.0,16.0,LIME,1,KOSPI,0.24,0.31,0.0744,0.0,0.1,RED,PURPLE
2023-03-07,117460,에너지,2,16561.0,15.25,LIME,1,KOSPI,0.24,0.25,0.06,0.0,0.1,RED,PURPLE
2023-03-07,229200,코스닥,3,11749.0,14.75,GREEN,1,KOSPI,0.22,0.16,0.0352,0.0,0.1,RED,PURPLE
2023-03-07,EWW,EWW,4,52.99761581420898,14.0,LIME,2,NASDAQ,0.2,0.1,0.02,0.0,0.1,RED,PURPLE
2023-03-07,ITA,ITA,5,113.59529113769533,13.25,LIME,2,NASDAQ,0.2,0.1,0.02,0.0,0.1,RED,PURPLE
2023-03-07,TUR,TUR,6,33.267757415771484,12.5,LIME,1,NASDAQ,0.2,0.08,0.016,0.0,0.1,RED,PURPLE
2023-03-08,305720,이차전,1,25884.0,16.0,LIME,1,KOSPI,0.24,0.31,0.0744,0.0,0.1,RED,PURPLE
2023-03-08,229200,코스닥,2,11764.0,16.0,GREEN,1,KOSPI,0.24,0.25,0.06,0.0,0.1,RED,PURPLE
2023-03-08,117460,에너지,3,16309.0,16.0,LIME,1,KOSPI,0.24,0.16,0.0384,0.0,0.1,RED,PURPLE
2023-03-08,EWW,EWW,4,53.822025299072266,14.75,LIME,1,NASDAQ,0.22,0.1,0.022,0.0,0.1,RED,PURPLE
2023-03-08,EWP,EWP,5,25.087514877319336,13.0,LIME,2,NASDAQ,0.2,0.1,0.02,0.0,0.1,RED,PURPLE
2023-03-08,TUR,TUR,6,34.112064361572266,12.5,LIME,1,NASDAQ,0.2,0.08,0.016,0.0,0.1,RED,PURPLE
2023-03-09,305720,이차전,1,25022.0,15.0,-,2,KOSPI,0.22,0.31,0.0682,0.0,0.1,RED,PURPLE
2023-03-09,229200,코스닥,2,11656.0,15.0,GREEN,2,KOSPI,0.22,0.25,0.055,0.0,0.1,RED,PURPLE
2023-03-09,117460,에너지,3,16120.0,15.0,-,2,KOSPI,0.22,0.16,0.0352,0.0,0.1,RED,PURPLE
2023-03-09,117700,건설주,4,3022.0,14.25,GREEN,1,KOSPI,0.22,0.1,0.022,0.0,0.1,RED,PURPLE
2023-03-09,241180,니케이,5,15815.0,14.25,LIME,1,NASDAQ,0.22,0.1,0.022,0.0,0.1,RED,PURPLE
2023-03-09,TUR,TUR,6,33.87345123291016,13.0,LIME,1,NASDAQ,0.2,0.08,0.016,0.0,0.1,RED,PURPLE
2023-03-10,117700,건설주,1,2999.0,16.0,GREEN,1,KOSPI,0.24,0.31,0.0744,0.0,0.1,RED,PURPLE
2023-03-10,305720,이차전,2,24938.0,13.75,-,2,KOSPI,0.2,0.25,0.05,0.0,0.1,RED,PURPLE
2023-03-10,229200,코스닥,3,11388.0,13.0,-,3,KOSPI,0.2,0.16,0.032,0.0,0.1,RED,PURPLE
2023-03-10,241180,니케이,4,15632.0,14.5,LIME,1,NASDAQ,0.22,0.1,0.022,0.0,0.1,RED,PURPLE
2023-03-10,411060,금현물,5,11165.0,14.0,LIME,1,FIXED,1.0,0.1,0.1,0.0,0.1,RED,PURPLE
2023-03-10,117460,에너지,6,15950.0,12.75,-,3,KOSPI,0.2,0.08,0.016,0.0,0.1,RED,PURPLE
2023-03-13,117700,건설주,1,2979.0,15.0,GREEN,2,KOSPI,0.22,0.31,0.0682,0.0,0.1,RED,PURPLE
2023-03-13,411060,금현물,2,11285.0,15.25,LIME,1,FIXED,1.0,0.25,0.25,0.0,0.1,RED,PURPLE
2023-03-13,241180,니케이,3,15467.0,14.0,-,2,NASDAQ,0.2,0.16,0.032,0.0,0.1,RED,PURPLE
2023-03-13,305720,이차전,4,25295.0,12.0,-,2,KOSPI,0.2,0.1,0.02,0.0,0.1,RED,PURPLE
2023-03-13,117460,에너지,5,16349.0,12.0,-,1,KOSPI,0.2,0.1,0.02,0.0,0.1,RED,PURPLE
2023-03-13,229200,코스닥,6,11516.0,11.25,-,2,KOSPI,0.2,0.08,0.016,0.0,0.1,RED,PURPLE
2023-03-14,411060,금현물,1,11500.0,15.5,LIME,1,FIXED,1.0,0.55,0.55,0.0,0.1,RED,PURPLE
2023-03-14,117700,건설주,2,2907.0,12.25,GREEN,4,KOSPI,0.2,0.45,0.09,0.0,0.1,RED,PURPLE
2023-03-15,411060,금현물,1,11325.0,15.75,LIME,1,FIXED,1.0,0.33,0.33,0.0,0.4,RED,-
2023-03-15,GLD,GLD,2,178.2100067138672,12.25,LIME,1,FIXED,1.0,0.27,0.27,0.0,0.4,RED,-
2023-03-15,117700,건설주,3,2979.0,11.5,GREEN,1,KOSPI,0.2,0.2,0.04,0.0,0.4,RED,-
2023-03-15,IEF,IEF,4,88.85443115234375,12.0,GREEN,1,FIXED,1.0,0.1,0.1,0.0,0.4,RED,-
2023-03-15,TLT,TLT,5,93.72196197509766,11.5,GREEN,1,FIXED,1.0,0.1,0.1,0.0,0.4,RED,-
2023-03-16,411060,금현물,1,11590.0,16.0,LIME,1,FIXED,1.0,0.31,0.31,0.0,0.4,RED,-
2023-03-16,GLD,GLD,2,178.57000732421875,12.5,LIME,1,FIXED,1.0,0.25,0.25,0.0,0.4,RED,-
2023-03-16,117700,건설주,3,3031.0,11.5,GREEN,1,KOSPI,0.2,0.16,0.032,0.0,0.4,RED,-
2023-03-16,117460,에너지,4,16300.0,11.5,-,1,KOSPI,0.2,0.1,0.02,0.0,0.4,RED,-
2023-03-16,IEF,IEF,5,88.05557250976562,11.75,GREEN,2,FIXED,1.0,0.1,0.1,0.0,0.4,RED,-
2023-03-16,TLT,TLT,6,92.98883819580078,11.25,GREEN,2,FIXED,1.0,0.08,0.08,0.0,0.4,RED,-
2023-03-17,411060,금현물,1,11595.0,16.0,LIME,1,FIXED,1.0,0.33,0.33,0.0,0.4,RED,-
2023-03-17,GLD,GLD,2,183.7700042724609,13.0,LIME,1,FIXED,1.0,0.27,0.27,0.0,0.4,RED,-
2023-03-17,117700,건설주,3,3014.0,12.0,GREEN,1,KOSPI,0.2,0.2,0.04,0.0,0.4,RED,-
2023-03-17,IEF,IEF,4,89.0968017578125,12.0,GREEN,1,FIXED,1.0,0.1,0.1,0.0,0.4,RED,-
2023-03-17,TLT,TLT,5,94.38451385498048,11.5,GREEN,1,FIXED,1.0,0.1,0.1,0.0,0.4,RED,-
2023-03-20,411060,금현물,1,12000.0,16.0,LIME,1,FIXED,1.0,0.31,0.31,0.0,0.8,RED,GREEN
2023-03-20,117700,건설주,2,2989.0,13.75,GREEN,2,KOSPI,0.2,0.25,0.05,0.0,0.8,RED,GREEN
2023-03-20,GLD,GLD,3,183.83999633789065,13.5,LIME,1,FIXED,1.0,0.16,0.16,0.0,0.8,RED,GREEN
2023-03-20,QQQ,QQQ,4,300.63726806640625,12.0,LIME,1,NASDAQ,0.8,0.1,0.08,0.0,0.8,RED,GREEN
2023-03-20,XLK,XLK,5,70.29351043701172,11.5,LIME,1,NASDAQ,0.8,0.1,0.08,0.0,0.8,RED,GREEN
2023-03-20,TLT,TLT,6,93.55413818359376,12.5,GREEN,1,FIXED,1.0,0.08,0.08,0.0,0.8,RED,GREEN
2023-03-21,411060,금현물,1,11935.0,16.0,LIME,1,FIXED,1.0,0.31,0.31,0.0,0.8,RED,GREEN
2023-03-21,SMH,SMH,2,125.11459350585938,13.75,LIME,1,NASDAQ,0.8,0.25,0.2,0.0,0.8,RED,GREEN
2023-03-21,SOXX,SOXX,3,140.28375244140625,13.5,LIME,1,NASDAQ,0.8,0.16,0.128,0.0,0.8,RED,GREEN
2023-03-21,XLK,XLK,4,70.86162567138672,13.75,LIME,1,NASDAQ,0.8,0.1,0.08,0.0,0.8,RED,GREEN
2023-03-21,QQQ,QQQ,5,304.93115234375,13.5,LIME,1,NASDAQ,0.8,0.1,0.08,0.0,0.8,RED,GREEN
2023-03-21,GLD,GLD,6,180.3699951171875,13.25,LIME,2,FIXED,1.0,0.08,0.08,0.0,0.8,RED,GREEN
2023-03-22,SMH,SMH,1,124.31055450439452,14.5,LIME,2,NASDAQ,0.8,0.31,0.248,0.4,0.8,-,GREEN
2023-03-22,XLK,XLK,2,70.1563949584961,14.5,LIME,2,NASDAQ,0.8,0.25,0.2,0.4,0.8,-,GREEN
2023-03-22,411060,금현물,3,11660.0,15.0,LIME,2,FIXED,1.0,0.16,0.16,0.4,0.8,-,GREEN
2023-03-22,SOXX,SOXX,4,138.8899688720703,14.0,LIME,2,NASDAQ,0.8,0.1,0.08,0.4,0.8,-,GREEN
2023-03-22,QQQ,QQQ,5,300.78466796875,14.0,LIME,2,NASDAQ,0.8,0.1,0.08,0.4,0.8,-,GREEN
2023-03-22,GLD,GLD,6,183.44000244140625,13.5,LIME,1,FIXED,1.0,0.08,0.08,0.4,0.8,-,GREEN
2023-03-23,SMH,SMH,1,127.61548614501952,14.75,LIME,1,NASDAQ,0.8,0.31,0.248,0.4,0.8,-,GREEN
2023-03-23,XLK,XLK,2,71.2975082397461,14.75,LIME,1,NASDAQ,0.8,0.25,0.2,0.4,0.8,-,GREEN
2023-03-23,SOXX,SOXX,3,142.67433166503906,14.25,LIME,1,NASDAQ,0.8,0.16,0.128,0.4,0.8,-,GREEN
2023-03-23,QQQ,QQQ,4,304.3514099121094,14.0,LIME,1,NASDAQ,0.8,0.1,0.08,0.4,0.8,-,GREEN
2023-03-23,XLC,XLC,5,54.540489196777344,13.75,GREEN,1,NASDAQ,0.8,0.1,0.08,0.4,0.8,-,GREEN
2023-03-23,GLD,GLD,6,185.7400054931641,14.0,LIME,1,FIXED,1.0,0.08,0.08,0.4,0.8,-,GREEN
2023-03-24,SMH,SMH,1,125.5979995727539,15.0,LIME,1,NASDAQ,0.8,0.31,0.248,0.4,0.8,-,GREEN
2023-03-24,229200,코스닥,2,11983.0,14.75,GREEN,1,KOSPI,0.55,0.25,0.1375,0.4,0.8,-,GREEN
2023-03-24,XLK,XLK,3,71.4836196899414,15.0,LIME,1,NASDAQ,0.8,0.16,0.128,0.4,0.8,-,GREEN
2023-03-24,BOTZ,BOTZ,4,24.113689422607425,14.5,LIME,1,NASDAQ,0.8,0.1,0.08,0.4,0.8,-,GREEN
2023-03-24,XLC,XLC,5,54.82113265991211,14.0,GREEN,1,NASDAQ,0.8,0.1,0.08,0.4,0.8,-,GREEN
2023-03-24,QQQ,QQQ,6,305.4715270996094,14.0,LIME,1,NASDAQ,0.8,0.08,0.064,0.4,0.8,-,GREEN
2023-03-27,229200,코스닥,1,12021.0,16.0,GREEN,1,KOSPI,0.6,0.31,0.186,0.4,0.8,-,GREEN
2023-03-27,BOTZ,BOTZ,2,24.23247718811035,14.5,LIME,1,NASDAQ,0.8,0.25,0.2,0.4,0.8,-,GREEN
2023-03-27,305720,이차전,3,26568.0,13.75,-,1,KOSPI,0.5,0.16,0.08,0.4,0.8,-,GREEN
2023-03-27,XLC,XLC,4,54.511451721191406,14.0,GREEN,1,NASDAQ,0.8,0.1,0.08,0.4,0.8,-,GREEN
2023-03-27,XLK,XLK,5,70.93019104003906,14.0,LIME,2,NASDAQ,0.8,0.1,0.08,0.4,0.8,-,GREEN
2023-03-27,SMH,SMH,6,124.13296508789062,13.5,LIME,2,NASDAQ,0.8,0.08,0.064,0.4,0.8,-,GREEN
2023-03-28,229200,코스닥,1,12041.0,16.0,GREEN,1,KOSPI,0.8,0.31,0.248,0.8,0.8,GREEN,GREEN
2023-03-28,305720,이차전,2,26355.0,15.0,-,1,KOSPI,0.8,0.25,0.2,0.8,0.8,GREEN,GREEN
2023-03-28,117460,에너지,3,16431.0,14.0,-,1,KOSPI,0.8,0.16,0.128,0.8,0.8,GREEN,GREEN
2023-03-28,091160,반도체,4,27453.0,13.75,GREEN,1,KOSPI,0.8,0.1,0.08,0.8,0.8,GREEN,GREEN
2023-03-28,BOTZ,BOTZ,5,24.113689422607425,13.5,LIME,2,NASDAQ,0.8,0.1,0.08,0.8,0.8,GREEN,GREEN
2023-03-28,XLC,XLC,6,54.06630706787109,13.5,GREEN,2,NASDAQ,0.8,0.08,0.064,0.8,0.8,GREEN,GREEN
2023-03-29,229200,코스닥,1,12235.0,16.0,GREEN,1,KOSPI,0.8,0.31,0.248,0.8,0.8,GREEN,GREEN
2023-03-29,305720,이차전,2,26757.0,15.75,LIME,1,KOSPI,0.8,0.25,0.2,0.8,0.8,GREEN,GREEN
2023-03-29,091160,반도체,3,27707.0,14.75,GREEN,1,KOSPI,0.8,0.16,0.128,0.8,0.8,GREEN,GREEN
2023-03-29,117460,에너지,4,16911.0,14.75,LIME,1,KOSPI,0.8,0.1,0.08,0.8,0.8,GREEN,GREEN
2023-03-29,BOTZ,BOTZ,5,24.57893943786621,13.5,LIME,1,NASDAQ,0.8,0.1,0.08,0.8,0.8,GREEN,GREEN
2023-03-29,XLC,XLC,6,54.78241729736328,13.5,GREEN,1,NASDAQ,0.8,0.08,0.064,0.8,0.8,GREEN,GREEN
2023-03-30,305720,이차전,1,27202.0,16.0,LIME,1,KOSPI,0.8,0.31,0.248,0.8,0.8,GREEN,GREEN
2023-03-30,229200,코스닥,2,12399.0,16.0,GREEN,1,KOSPI,0.8,0.25,0.2,0.8,0.8,GREEN,GREEN
2023-03-30,091160,반도체,3,28284.0,15.5,GREEN,1,KOSPI,0.8,0.16,0.128,0.8,0.8,GREEN,GREEN
2023-03-30,117460,에너지,4,17256.0,15.5,LIME,1,KOSPI,0.8,0.1,0.08,0.8,0.8,GREEN,GREEN
2023-03-30,BOTZ,BOTZ,5,24.77691650390625,13.75,LIME,1,NASDAQ,0.8,0.1,0.08,0.8,0.8,GREEN,GREEN
2023-03-30,XLC,XLC,6,55.043701171875,13.5,GREEN,1,NASDAQ,0.8,0.08,0.064,0.8,0.8,GREEN,GREEN
2023-03-31,305720,이차전,1,27395.0,16.0,LIME,1,KOSPI,0.8,0.31,0.248,0.8,0.8,GREEN,GREEN
2023-03-31,091160,반도체,2,28460.0,16.0,GREEN,1,KOSPI,0.8,0.25,0.2,0.8,0.8,GREEN,GREEN
2023-03-31,229200,코스닥,3,12478.0,16.0,GREEN,1,KOSPI,0.8,0.16,0.128,0.8,0.8,GREEN,GREEN
2023-03-31,117460,에너지,4,17338.0,15.75,LIME,1,KOSPI,0.8,0.1,0.08,0.8,0.8,GREEN,GREEN
2023-03-31,XLK,XLK,5,73.95682525634766,14.5,LIME,1,NASDAQ,0.8,0.1,0.08,0.8,0.8,GREEN,GREEN
2023-03-31,BOTZ,BOTZ,6,25.242162704467773,14.0,LIME,1,NASDAQ,0.8,0.08,0.064,0.8,0.8,GREEN,GREEN
2023-04-03,305720,이차전,1,28228.0,16.0,LIME,1,KOSPI,0.8,0.31,0.248,0.8,0.8,GREEN,GREEN
2023-04-03,229200,코스닥,2,12553.0,16.0,LIME,1,KOSPI,0.8,0.25,0.2,0.8,0.8,GREEN,GREEN
2023-04-03,091160,반도체,3,28230.0,16.0,GREEN,1,KOSPI,0.8,0.16,0.128,0.8,0.8,GREEN,GREEN
2023-04-03,117460,에너지,4,17286.0,16.0,LIME,1,KOSPI,0.8,0.1,0.08,0.8,0.8,GREEN,GREEN
2023-04-03,SMH,SMH,5,129.08546447753906,15.75,LIME,1,NASDAQ,0.8,0.1,0.08,0.8,0.8,GREEN,GREEN
2023-04-03,XLK,XLK,6,73.83928680419922,16.0,LIME,1,NASDAQ,0.8,0.08,0.064,0.8,0.8,GREEN,GREEN
2023-04-04,305720,이차전,1,27741.0,16.0,LIME,1,KOSPI,0.8,0.31,0.248,0.8,0.8,GREEN,GREEN
2023-04-04,229200,코스닥,2,12577.0,16.0,LIME,1,KOSPI,0.8,0.25,0.2,0.8,0.8,GREEN,GREEN
2023-04-04,117460,에너지,3,17226.0,16.0,LIME,1,KOSPI,0.8,0.16,0.128,0.8,0.8,GREEN,GREEN
2023-04-04,117700,건설주,4,3182.0,16.0,LIME,1,KOSPI,0.8,0.1,0.08,0.8,0.8,GREEN,GREEN
2023-04-04,XLK,XLK,5,73.43280792236328,16.0,LIME,1,NASDAQ,0.8,0.1,0.08,0.8,0.8,GREEN,GREEN
2023-04-04,SMH,SMH,6,127.10250854492188,15.0,LIME,2,NASDAQ,0.8,0.08,0.064,0.8,0.8,GREEN,GREEN
2023-04-05,305720,이차전,1,28614.0,16.0,LIME,1,KOSPI,0.8,0.31,0.248,0.8,0.8,GREEN,GREEN
2023-04-05,229200,코스닥,2,12855.0,16.0,LIME,1,KOSPI,0.8,0.25,0.2,0.8,0.8,GREEN,GREEN
2023-04-05,117460,에너지,3,17431.0,16.0,LIME,1,KOSPI,0.8,0.16,0.128,0.8,0.8,GREEN,GREEN
2023-04-05,117700,건설주,4,3192.0,16.0,LIME,1,KOSPI,0.8,0.1,0.08,0.8,0.8,GREEN,GREEN
2023-04-05,117680,철강주,5,8435.0,15.75,LIME,1,KOSPI,0.8,0.1,0.08,0.8,0.8,GREEN,GREEN
2023-04-05,XLK,XLK,6,72.59532928466797,14.75,LIME,2,NASDAQ,0.8,0.08,0.064,0.8,0.8,GREEN,GREEN
2023-04-06,305720,이차전,1,28540.0,16.0,LIME,1,KOSPI,0.8,0.31,0.248,0.8,0.4,GREEN,-
2023-04-06,229200,코스닥,2,12775.0,16.0,LIME,1,KOSPI,0.8,0.25,0.2,0.8,0.4,GREEN,-
2023-04-06,EWP,EWP,3,26.060815811157227,16.0,LIME,1,NASDAQ,0.6,0.16,0.096,0.8,0.4,GREEN,-
2023-04-06,117700,건설주,4,3162.0,15.0,LIME,2,KOSPI,0.8,0.1,0.08,0.8,0.4,GREEN,-
2023-04-06,377990,신재생,5,9884.0,14.75,LIME,2,KOSPI,0.8,0.1,0.08,0.8,0.4,GREEN,-
2023-04-06,117460,에너지,6,17226.0,14.5,LIME,2,KOSPI,0.8,0.08,0.064,0.8,0.4,GREEN,-
2023-04-07,305720,이차전,1,28937.0,16.0,LIME,1,KOSPI,0.8,0.31,0.248,0.8,0.4,GREEN,-
2023-04-07,229200,코스닥,2,13158.0,16.0,LIME,1,KOSPI,0.8,0.25,0.2,0.8,0.4,GREEN,-
2023-04-07,411060,금현물,3,12460.0,16.0,LIME,1,FIXED,1.0,0.16,0.16,0.8,0.4,GREEN,-
2023-04-07,117460,에너지,4,17717.0,14.5,LIME,1,KOSPI,0.8,0.1,0.08,0.8,0.4,GREEN,-
2023-04-07,117700,건설주,5,3157.0,14.0,LIME,2,KOSPI,0.8,0.1,0.08,0.8,0.4,GREEN,-
2023-04-07,377990,신재생,6,9879.0,13.5,LIME,2,KOSPI,0.8,0.08,0.064,0.8,0.4,GREEN,-
2023-04-10,305720,이차전,1,30244.0,16.0,LIME,1,KOSPI,0.8,0.31,0.248,0.8,0.4,GREEN,-
2023-04-10,229200,코스닥,2,13548.0,16.0,LIME,1,KOSPI,0.8,0.25,0.2,0.8,0.4,GREEN,-
2023-04-10,EWP,EWP,3,26.00624084472656,16.0,LIME,1,NASDAQ,0.6,0.16,0.096,0.8,0.4,GREEN,-
2023-04-10,XLC,XLC,4,56.90171051025391,15.0,LIME,1,NASDAQ,0.6,0.1,0.06,0.8,0.4,GREEN,-
2023-04-10,117460,에너지,5,18779.0,14.5,LIME,1,KOSPI,0.8,0.1,0.08,0.8,0.4,GREEN,-
2023-04-10,411060,금현물,6,12205.0,15.0,LIME,2,FIXED,1.0,0.08,0.08,0.8,0.4,GREEN,-
2023-04-11,305720,이차전,1,30532.0,16.0,LIME,1,KOSPI,1.0,0.31,0.31,1.0,0.4,LIME,-
2023-04-11,229200,코스닥,2,13766.0,16.0,LIME,1,KOSPI,1.0,0.25,0.25,1.0,0.4,LIME,-
2023-04-11,SLV,SLV,3,23.040000915527344,15.75,LIME,1,FIXED,1.0,0.16,0.16,1.0,0.4,LIME,-
2023-04-11,DBA,DBA,4,18.479780197143555,15.5,GREEN,1,FIXED,1.0,0.1,0.1,1.0,0.4,LIME,-
2023-04-11,XLC,XLC,5,56.75656127929688,15.0,LIME,1,NASDAQ,0.6,0.1,0.06,1.0,0.4,LIME,-
2023-04-11,117460,에너지,6,19323.0,14.5,LIME,1,KOSPI,1.0,0.08,0.08,1.0,0.4,LIME,-
2023-04-12,229200,코스닥,1,13478.0,16.0,LIME,1,KOSPI,1.0,0.31,0.31,1.0,0.4,LIME,-
2023-04-12,117460,에너지,2,18381.0,16.0,LIME,1,KOSPI,1.0,0.25,0.25,1.0,0.4,LIME,-
2023-04-12,305720,이차전,3,29382.0,15.0,LIME,2,KOSPI,1.0,0.16,0.16,1.0,0.4,LIME,-
2023-04-12,SLV,SLV,4,23.43000030517578,15.75,LIME,1,FIXED,1.0,0.1,0.1,1.0,0.4,LIME,-
2023-04-12,FEZ,FEZ,5,41.97050857543945,15.75,LIME,1,NASDAQ,0.6,0.1,0.06,1.0,0.4,LIME,-
2023-04-12,DBA,DBA,6,18.417709350585938,15.75,GREEN,1,FIXED,1.0,0.08,0.08,1.0,0.4,LIME,-
2023-04-13,229200,코스닥,1,13483.0,15.0,LIME,2,KOSPI,1.0,0.31,0.31,1.0,0.4,LIME,-
2023-04-13,117460,에너지,2,18338.0,15.0,LIME,2,KOSPI,1.0,0.25,0.25,1.0,0.4,LIME,-
2023-04-13,377990,신재생,3,10332.0,15.25,LIME,1,KOSPI,1.0,0.16,0.16,1.0,0.4,LIME,-
2023-04-13,DBA,DBA,4,18.506383895874023,16.0,GREEN,1,FIXED,1.0,0.1,0.1,1.0,0.4,LIME,-
2023-04-13,117680,철강주,5,8642.0,15.25,LIME,1,KOSPI,1.0,0.1,0.1,1.0,0.4,LIME,-
2023-04-13,FEZ,FEZ,6,42.558143615722656,15.75,LIME,1,NASDAQ,0.6,0.08,0.048,1.0,0.4,LIME,-
2023-04-14,117700,건설주,1,3375.0,16.0,LIME,1,KOSPI,1.0,0.31,0.31,1.0,0.4,LIME,-
2023-04-14,117680,철강주,2,9006.0,16.0,LIME,1,KOSPI,1.0,0.25,0.25,1.0,0.4,LIME,-
2023-04-14,091180,자동차,3,17570.0,16.0,LIME,1,KOSPI,1.0,0.16,0.16,1.0,0.4,LIME,-
2023-04-14,377990,신재생,4,10455.0,16.0,LIME,1,KOSPI,1.0,0.1,0.1,1.0,0.4,LIME,-
2023-04-14,EWQ,EWQ,5,36.07707595825195,16.0,LIME,1,NASDAQ,0.6,0.1,0.06,1.0,0.4,LIME,-
2023-04-14,FEZ,FEZ,6,42.48469543457031,16.0,LIME,1,NASDAQ,0.6,0.08,0.048,1.0,0.4,LIME,-
2023-04-17,117700,건설주,1,3524.0,16.0,LIME,1,KOSPI,1.0,0.31,0.31,1.0,0.4,LIME,-
2023-04-17,117680,철강주,2,9286.0,16.0,LIME,1,KOSPI,1.0,0.25,0.25,1.0,0.4,LIME,-
2023-04-17,377990,신재생,3,10725.0,16.0,LIME,1,KOSPI,1.0,0.16,0.16,1.0,0.4,LIME,-
2023-04-17,091180,자동차,4,17565.0,15.75,LIME,1,KOSPI,1.0,0.1,0.1,1.0,0.4,LIME,-
2023-04-17,DBA,DBA,5,18.79900932312012,16.0,GREEN,1,FIXED,1.0,0.1,0.1,1.0,0.4,LIME,-
2023-04-17,EWQ,EWQ,6,35.84769058227539,16.0,LIME,1,NASDAQ,0.6,0.08,0.048,1.0,0.4,LIME,-
2023-04-18,117700,건설주,1,3519.0,16.0,LIME,1,KOSPI,1.0,0.31,0.31,1.0,0.4,LIME,-
2023-04-18,377990,신재생,2,10715.0,16.0,LIME,1,KOSPI,1.0,0.25,0.25,1.0,0.4,LIME,-
2023-04-18,117680,철강주,3,9208.0,16.0,LIME,1,KOSPI,1.0,0.16,0.16,1.0,0.4,LIME,-
2023-04-18,147970,티모멘,4,22503.0,16.0,LIME,1,KOSPI,1.0,0.1,0.1,1.0,0.4,LIME,-
2023-04-18,DBA,DBA,5,18.88768196105957,16.0,GREEN,1,FIXED,1.0,0.1,0.1,1.0,0.4,LIME,-
2023-04-18,EWQ,EWQ,6,36.141300201416016,15.75,LIME,1,NASDAQ,0.6,0.08,0.048,1.0,0.4,LIME,-
2023-04-19,117700,건설주,1,3601.0,16.0,LIME,1,KOSPI,1.0,0.31,0.31,1.0,0.4,LIME,-
2023-04-19,377990,신재생,2,10769.0,16.0,LIME,1,KOSPI,1.0,0.25,0.25,1.0,0.4,LIME,-
2023-04-19,117680,철강주,3,9264.0,16.0,LIME,1,KOSPI,1.0,0.16,0.16,1.0,0.4,LIME,-
2023-04-19,305720,이차전,4,31646.0,15.75,LIME,1,KOSPI,1.0,0.1,0.1,1.0,0.4,LIME,-
2023-04-19,139230,조선주,5,3220.0,16.0,LIME,1,KOSPI,1.0,0.1,0.1,1.0,0.4,LIME,-
2023-04-19,147970,티모멘,6,22660.0,16.0,LIME,1,KOSPI,1.0,0.08,0.08,1.0,0.4,LIME,-
2023-04-20,305720,이차전,1,31067.0,16.0,LIME,1,KOSPI,1.0,0.31,0.31,1.0,0.4,LIME,-
2023-04-20,117700,건설주,2,3549.0,16.0,LIME,1,KOSPI,1.0,0.25,0.25,1.0,0.4,LIME,-
2023-04-20,139230,조선주,3,3265.0,16.0,LIME,1,KOSPI,1.0,0.16,0.16,1.0,0.4,LIME,-
2023-04-20,117680,철강주,4,9191.0,15.75,LIME,1,KOSPI,1.0,0.1,0.1,1.0,0.4,LIME,-
2023-04-20,147970,티모멘,5,22660.0,16.0,LIME,1,KOSPI,1.0,0.1,0.1,1.0,0.4,LIME,-
2023-04-20,377990,신재생,6,10577.0,15.0,LIME,2,KOSPI,1.0,0.08,0.08,1.0,0.4,LIME,-
2023-04-21,139230,조선주,1,3245.0,16.0,LIME,1,KOSPI,1.0,0.31,0.31,1.0,0.4,LIME,-
2023-04-21,EWP,EWP,2,26.33370590209961,15.75,LIME,1,NASDAQ,0.6,0.25,0.15,1.0,0.4,LIME,-
2023-04-21,117700,건설주,3,3539.0,15.0,LIME,2,KOSPI,1.0,0.16,0.16,1.0,0.4,LIME,-
2023-04-21,EWL,EWL,4,45.24613571166992,16.0,LIME,1,NASDAQ,0.6,0.1,0.06,1.0,0.4,LIME,-
2023-04-21,195930,유로스,5,15295.0,16.0,LIME,1,NASDAQ,0.6,0.1,0.06,1.0,0.4,LIME,-
2023-04-21,377990,신재생,6,10725.0,15.0,LIME,1,KOSPI,1.0,0.08,0.08,1.0,0.4,LIME,-
2023-04-24,139230,조선주,1,3255.0,16.0,LIME,1,KOSPI,0.6,0.31,0.186,0.4,0.4,-,-
2023-04-24,EWP,EWP,2,26.5156307220459,16.0,LIME,1,NASDAQ,0.6,0.25,0.15,0.4,0.4,-,-
2023-04-24,241180,니케이,3,16341.0,15.75,LIME,1,NASDAQ,0.6,0.16,0.096,0.4,0.4,-,-
2023-04-24,EWL,EWL,4,45.594181060791016,16.0,LIME,1,NASDAQ,0.6,0.1,0.06,0.4,0.4,-,-
2023-04-24,195930,유로스,5,15345.0,16.0,LIME,1,NASDAQ,0.6,0.1,0.06,0.4,0.4,-,-
2023-04-24,377990,신재생,6,10720.0,14.25,LIME,1,KOSPI,0.55,0.08,0.044,0.4,0.4,-,-
2023-04-25,139230,조선주,1,3270.0,16.0,LIME,1,KOSPI,0.6,0.31,0.186,0.4,0.4,-,-
2023-04-25,241180,니케이,2,16346.0,16.0,LIME,1,NASDAQ,0.6,0.25,0.15,0.4,0.4,-,-
2023-04-25,EWL,EWL,3,45.21791458129883,16.0,LIME,1,NASDAQ,0.6,0.16,0.096,0.4,0.4,-,-
2023-04-25,195930,유로스,4,15340.0,16.0,LIME,1,NASDAQ,0.6,0.1,0.06,0.4,0.4,-,-
2023-04-25,XLP,XLP,5,70.7597885131836,14.75,LIME,1,NASDAQ,0.55,0.1,0.055,0.4,0.4,-,-
2023-04-25,EWP,EWP,6,25.760637283325195,13.5,-,4,NASDAQ,0.4,0.08,0.032,0.4,0.4,-,-
2023-04-26,241180,니케이,1,16289.0,15.0,LIME,2,NASDAQ,0.55,0.33,0.1815,0.4,0.4,-,-
2023-04-26,EWL,EWL,2,44.8792724609375,15.0,LIME,2,NASDAQ,0.55,0.27,0.1485,0.4,0.4,-,-
2023-04-26,139230,조선주,3,3182.0,14.0,LIME,3,KOSPI,0.5,0.2,0.1,0.4,0.4,-,-
2023-04-26,XLP,XLP,4,70.20683288574219,14.25,-,2,NASDAQ,0.5,0.1,0.05,0.4,0.4,-,-
2023-04-26,195930,유로스,5,15210.0,14.0,-,3,NASDAQ,0.5,0.1,0.05,0.4,0.4,-,-
2023-04-27,241180,니케이,1,16322.0,15.0,LIME,1,NASDAQ,0.6,0.33,0.198,0.4,0.4,-,-
2023-04-27,XLP,XLP,2,70.99018096923828,14.25,-,1,NASDAQ,0.55,0.27,0.1485,0.4,0.4,-,-
2023-04-27,EWL,EWL,3,44.96393203735352,13.75,-,2,NASDAQ,0.45,0.2,0.09,0.4,0.4,-,-
2023-04-27,139230,조선주,4,3196.0,12.0,LIME,3,KOSPI,0.4,0.1,0.04,0.4,0.4,-,-
2023-04-27,411060,금현물,5,12340.0,11.5,-,1,FIXED,1.0,0.1,0.1,0.4,0.4,-,-
2023-04-28,241180,니케이,1,16505.0,15.0,LIME,1,NASDAQ,0.8,0.31,0.248,0.4,0.8,-,GREEN
2023-04-28,XLP,XLP,2,71.36804962158203,14.25,LIME,1,NASDAQ,0.8,0.25,0.2,0.4,0.8,-,GREEN
2023-04-28,EWL,EWL,3,45.23672866821289,13.0,-,1,NASDAQ,0.8,0.16,0.128,0.4,0.8,-,GREEN
2023-04-28,EIDO,EIDO,4,22.08720970153809,12.75,LIME,1,NASDAQ,0.8,0.1,0.08,0.4,0.8,-,GREEN
2023-04-28,KSA,KSA,5,37.69866943359375,13.0,GREEN,1,NASDAQ,0.8,0.1,0.08,0.4,0.8,-,GREEN
2023-04-28,411060,금현물,6,12205.0,11.5,-,2,FIXED,1.0,0.08,0.08,0.4,0.8,-,GREEN
2023-05-01,EIDO,EIDO,1,22.02474594116211,15.5,LIME,1,NASDAQ,1.0,0.33,0.33,0.4,1.0,-,LIME
2023-05-01,XLP,XLP,2,71.42333221435547,14.25,LIME,1,NASDAQ,1.0,0.27,0.27,0.4,1.0,-,LIME
2023-05-01,EWG,EWG,3,27.5044002532959,13.75,-,1,NASDAQ,1.0,0.2,0.2,0.4,1.0,-,LIME
2023-05-01,KSA,KSA,4,37.524688720703125,13.0,LIME,1,NASDAQ,1.0,0.1,0.1,0.4,1.0,-,LIME
2023-05-01,EWL,EWL,5,45.23672866821289,12.25,-,1,NASDAQ,1.0,0.1,0.1,0.4,1.0,-,LIME
2023-05-02,XLP,XLP,1,71.22979736328125,15.0,LIME,1,NASDAQ,0.8,0.31,0.248,0.4,0.8,-,GREEN
2023-05-02,EIDO,EIDO,2,21.64100646972656,15.0,LIME,2,NASDAQ,0.8,0.25,0.2,0.4,0.8,-,GREEN
2023-05-02,241180,니케이,3,16336.0,13.5,LIME,2,NASDAQ,0.8,0.16,0.128,0.4,0.8,-,GREEN
2023-05-02,EWW,EWW,4,55.01787185668945,12.75,LIME,1,NASDAQ,0.8,0.1,0.08,0.4,0.8,-,GREEN
2023-05-02,EWL,EWL,5,45.18969345092773,12.5,-,1,NASDAQ,0.8,0.1,0.08,0.4,0.8,-,GREEN
2023-05-02,EWG,EWG,6,27.13991928100586,13.25,-,3,NASDAQ,0.8,0.08,0.064,0.4,0.8,-,GREEN
2023-05-03,EWW,EWW,1,55.045040130615234,15.5,LIME,1,NASDAQ,0.8,0.31,0.248,0.4,0.8,-,GREEN
2023-05-03,147970,티모멘,2,22893.0,13.5,LIME,1,KOSPI,0.5,0.25,0.125,0.4,0.8,-,GREEN
2023-05-03,EWL,EWL,3,45.66003036499024,13.75,-,1,NASDAQ,0.8,0.16,0.128,0.4,0.8,-,GREEN
2023-05-03,XLP,XLP,4,70.64920806884766,13.75,-,3,NASDAQ,0.8,0.1,0.08,0.4,0.8,-,GREEN
2023-05-03,241180,니케이,5,16317.0,13.0,-,2,NASDAQ,0.8,0.1,0.08,0.4,0.8,-,GREEN
2023-05-03,EIDO,EIDO,6,21.5428409576416,12.75,-,3,NASDAQ,0.8,0.08,0.064,0.4,0.8,-,GREEN
2023-05-04,EWW,EWW,1,54.87292098999024,14.75,LIME,2,NASDAQ,0.8,0.31,0.248,0.4,0.8,-,GREEN
2023-05-04,EWL,EWL,2,45.584774017333984,14.5,-,1,NASDAQ,0.8,0.25,0.2,0.4,0.8,-,GREEN
2023-05-04,147970,티모멘,3,22951.0,14.0,LIME,1,KOSPI,0.55,0.16,0.088,0.4,0.8,-,GREEN
2023-05-04,411060,금현물,4,12460.0,12.25,LIME,1,FIXED,1.0,0.1,0.1,0.4,0.8,-,GREEN
2023-05-04,XLP,XLP,5,70.4740982055664,11.75,-,3,NASDAQ,0.8,0.1,0.08,0.4,0.8,-,GREEN
2023-05-04,241180,니케이,6,16303.0,11.25,-,3,NASDAQ,0.8,0.08,0.064,0.4,0.8,-,GREEN
2023-05-05,EWL,EWL,1,45.81993865966797,15.25,-,1,NASDAQ,0.6,0.31,0.186,0.4,0.4,-,-
2023-05-05,EWW,EWW,2,55.488956451416016,14.75,LIME,1,NASDAQ,0.55,0.25,0.1375,0.4,0.4,-,-
2023-05-05,SLV,SLV,3,23.56999969482422,14.0,-,1,FIXED,1.0,0.16,0.16,0.4,0.4,-,-
2023-05-05,GLD,GLD,4,187.4600067138672,13.0,LIME,2,FIXED,1.0,0.1,0.1,0.4,0.4,-,-
2023-05-05,IEF,IEF,5,89.87544250488281,13.75,GREEN,1,FIXED,1.0,0.1,0.1,0.4,0.4,-,-
2023-05-05,XLP,XLP,6,71.12842559814453,11.0,-,1,NASDAQ,0.4,0.08,0.032,0.4,0.4,-,-
2023-05-08,147970,티모멘,1,22966.0,16.0,LIME,1,KOSPI,0.6,0.31,0.186,0.4,0.8,-,GREEN
2023-05-08,EWL,EWL,2,45.93282318115234,16.0,-,1,NASDAQ,0.8,0.25,0.2,0.4,0.8,-,GREEN
2023-05-08,EWW,EWW,3,55.52519607543945,14.75,LIME,1,NASDAQ,0.8,0.16,0.128,0.4,0.8,-,GREEN
2023-05-08,SLV,SLV,4,23.489999771118164,13.75,-,2,FIXED,1.0,0.1,0.1,0.4,0.8,-,GREEN
2023-05-08,411060,금현물,5,12335.0,13.0,-,2,FIXED,1.0,0.1,0.1,0.4,0.8,-,GREEN
2023-05-08,GLD,GLD,6,187.69000244140625,12.75,LIME,2,FIXED,1.0,0.08,0.08,0.4,0.8,-,GREEN
2023-05-09,EWL,EWL,1,45.80112838745117,16.0,-,1,NASDAQ,0.8,0.31,0.248,0.4,0.8,-,GREEN
2023-05-09,EWW,EWW,2,56.04158782958984,14.75,LIME,1,NASDAQ,0.8,0.25,0.2,0.4,0.8,-,GREEN
2023-05-09,147970,티모멘,3,22647.0,14.5,LIME,3,KOSPI,0.5,0.16,0.08,0.4,0.8,-,GREEN
2023-05-09,SLV,SLV,4,23.479999542236328,13.25,-,2,FIXED,1.0,0.1,0.1,0.4,0.8,-,GREEN
2023-05-09,GLD,GLD,5,189.0200042724609,13.25,LIME,1,FIXED,1.0,0.1,0.1,0.4,0.8,-,GREEN
2023-05-09,411060,금현물,6,12395.0,12.75,LIME,1,FIXED,1.0,0.08,0.08,0.4,0.8,-,GREEN
2023-05-10,EWW,EWW,1,56.974700927734375,16.0,LIME,1,NASDAQ,0.8,0.31,0.248,0.1,0.8,PURPLE,GREEN
2023-05-10,QQQ,QQQ,2,319.4732666015625,16.0,LIME,1,NASDAQ,0.8,0.25,0.2,0.1,0.8,PURPLE,GREEN
2023-05-10,VUG,VUG,3,250.41168212890625,16.0,LIME,1,NASDAQ,0.8,0.16,0.128,0.1,0.8,PURPLE,GREEN
2023-05-10,XLK,XLK,4,74.35842895507812,15.5,LIME,1,NASDAQ,0.8,0.1,0.08,0.1,0.8,PURPLE,GREEN
2023-05-10,EWL,EWL,5,45.50011444091797,14.5,-,2,NASDAQ,0.8,0.1,0.08,0.1,0.8,PURPLE,GREEN
2023-05-10,411060,금현물,6,12420.0,13.25,LIME,1,FIXED,1.0,0.08,0.08,0.1,0.8,PURPLE,GREEN
2023-05-11,EWW,EWW,1,56.35866165161133,16.0,LIME,1,NASDAQ,0.8,0.31,0.248,0.1,0.8,PURPLE,GREEN
2023-05-11,QQQ,QQQ,2,320.51470947265625,16.0,LIME,1,NASDAQ,0.8,0.25,0.2,0.1,0.8,PURPLE,GREEN
2023-05-11,XLK,XLK,3,74.025390625,16.0,LIME,1,NASDAQ,0.8,0.16,0.128,0.1,0.8,PURPLE,GREEN
2023-05-11,VUG,VUG,4,250.5987548828125,16.0,LIME,1,NASDAQ,0.8,0.1,0.08,0.1,0.8,PURPLE,GREEN
2023-05-11,EWJ,EWJ,5,54.83820343017578,16.0,LIME,1,NASDAQ,0.8,0.1,0.08,0.1,0.8,PURPLE,GREEN
2023-05-11,411060,금현물,6,12405.0,12.5,LIME,1,FIXED,1.0,0.08,0.08,0.1,0.8,PURPLE,GREEN
2023-05-12,241180,니케이,1,16742.0,16.0,LIME,1,NASDAQ,0.8,0.31,0.248,0.1,0.8,PURPLE,GREEN
2023-05-12,EWW,EWW,2,56.277122497558594,16.0,LIME,1,NASDAQ,0.8,0.25,0.2,0.1,0.8,PURPLE,GREEN
2023-05-12,QQQ,QQQ,3,319.36505126953125,16.0,LIME,1,NASDAQ,0.8,0.16,0.128,0.1,0.8,PURPLE,GREEN
2023-05-12,091180,자동차,4,17947.0,15.25,LIME,1,KOSPI,0.24,0.1,0.024,0.1,0.8,PURPLE,GREEN
2023-05-12,VUG,VUG,5,249.7814178466797,16.0,LIME,1,NASDAQ,0.8,0.1,0.08,0.1,0.8,PURPLE,GREEN
2023-05-12,EWJ,EWJ,6,55.10365295410156,16.0,LIME,1,NASDAQ,0.8,0.08,0.064,0.1,0.8,PURPLE,GREEN
2023-05-15,241180,니케이,1,16674.0,16.0,LIME,1,NASDAQ,0.8,0.31,0.248,0.1,0.8,PURPLE,GREEN
2023-05-15,EWW,EWW,2,57.19213104248047,16.0,LIME,1,NASDAQ,0.8,0.25,0.2,0.1,0.8,PURPLE,GREEN
2023-05-15,091180,자동차,3,18093.0,15.5,LIME,1,KOSPI,0.24,0.16,0.0384,0.1,0.8,PURPLE,GREEN
2023-05-15,QQQ,QQQ,4,321.09442138671875,16.0,LIME,1,NASDAQ,0.8,0.1,0.08,0.1,0.8,PURPLE,GREEN
2023-05-15,EWJ,EWJ,5,55.43318176269531,16.0,LIME,1,NASDAQ,0.8,0.1,0.08,0.1,0.8,PURPLE,GREEN
2023-05-15,VUG,VUG,6,250.74642944335932,16.0,LIME,1,NASDAQ,0.8,0.08,0.064,0.1,0.8,PURPLE,GREEN
2023-05-16,241180,니케이,1,16940.0,16.0,LIME,1,NASDAQ,0.8,0.31,0.248,0.1,0.8,PURPLE,GREEN
2023-05-16,QQQ,QQQ,2,321.4580078125,16.0,LIME,1,NASDAQ,0.8,0.25,0.2,0.1,0.8,PURPLE,GREEN
2023-05-16,EWW,EWW,3,56.84786987304688,16.0,LIME,1,NASDAQ,0.8,0.16,0.128,0.1,0.8,PURPLE,GREEN
2023-05-16,EWJ,EWJ,4,55.32333755493164,16.0,LIME,1,NASDAQ,0.8,0.1,0.08,0.1,0.8,PURPLE,GREEN
2023-05-16,BOTZ,BOTZ,5,25.39064598083496,15.0,LIME,1,NASDAQ,0.8,0.1,0.08,0.1,0.8,PURPLE,GREEN
2023-05-16,VUG,VUG,6,250.3722686767578,15.0,LIME,2,NASDAQ,0.8,0.08,0.064,0.1,0.8,PURPLE,GREEN
2023-05-17,241180,니케이,1,16988.0,16.0,LIME,1,NASDAQ,0.8,0.31,0.248,0.1,0.8,PURPLE,GREEN
2023-05-17,QQQ,QQQ,2,325.34893798828125,16.0,LIME,1,NASDAQ,0.8,0.25,0.2,0.1,0.8,PURPLE,GREEN
2023-05-17,EWJ,EWJ,3,55.6986198425293,16.0,LIME,1,NASDAQ,0.8,0.16,0.128,0.1,0.8,PURPLE,GREEN
2023-05-17,BOTZ,BOTZ,4,25.638118743896484,15.0,LIME,1,NASDAQ,0.8,0.1,0.08,0.1,0.8,PURPLE,GREEN
2023-05-17,VUG,VUG,5,253.4938201904297,15.0,LIME,1,NASDAQ,0.8,0.1,0.08,0.1,0.8,PURPLE,GREEN
2023-05-17,EWW,EWW,6,56.48550033569336,14.5,LIME,2,NASDAQ,0.8,0.08,0.064,0.1,0.8,PURPLE,GREEN
2023-05-18,XLK,XLK,1,77.1597900390625,16.0,LIME,1,NASDAQ,0.8,0.31,0.248,0.4,0.8,-,GREEN
2023-05-18,BOTZ,BOTZ,2,26.16275978088379,16.0,LIME,1,NASDAQ,0.8,0.25,0.2,0.4,0.8,-,GREEN
2023-05-18,QQQ,QQQ,3,331.39178466796875,16.0,LIME,1,NASDAQ,0.8,0.16,0.128,0.4,0.8,-,GREEN
2023-05-18,XLC,XLC,4,59.746803283691406,16.0,LIME,1,NASDAQ,0.8,0.1,0.08,0.4,0.8,-,GREEN
2023-05-18,241180,니케이,5,17152.0,16.0,LIME,1,NASDAQ,0.8,0.1,0.08,0.4,0.8,-,GREEN
2023-05-18,EWJ,EWJ,6,55.70777893066406,16.0,LIME,1,NASDAQ,0.8,0.08,0.064,0.4,0.8,-,GREEN
2023-05-19,BOTZ,BOTZ,1,26.311241149902344,16.0,LIME,1,NASDAQ,0.8,0.31,0.248,1.0,0.8,LIME,GREEN
2023-05-19,XLK,XLK,2,77.12550354003906,16.0,LIME,1,NASDAQ,0.8,0.25,0.2,1.0,0.8,LIME,GREEN
2023-05-19,QQQ,QQQ,3,330.64501953125,16.0,LIME,1,NASDAQ,0.8,0.16,0.128,1.0,0.8,LIME,GREEN
2023-05-19,XLC,XLC,4,59.42745208740234,16.0,LIME,1,NASDAQ,0.8,0.1,0.08,1.0,0.8,LIME,GREEN
2023-05-19,241180,니케이,5,17123.0,16.0,LIME,1,NASDAQ,0.8,0.1,0.08,1.0,0.8,LIME,GREEN
2023-05-19,EWJ,EWJ,6,55.799312591552734,16.0,LIME,1,NASDAQ,0.8,0.08,0.064,1.0,0.8,LIME,GREEN
2023-05-22,XLC,XLC,1,59.969383239746094,16.0,LIME,1,NASDAQ,0.8,0.31,0.248,1.0,0.8,LIME,GREEN
2023-05-22,BOTZ,BOTZ,2,26.568613052368164,16.0,LIME,1,NASDAQ,0.8,0.25,0.2,1.0,0.8,LIME,GREEN
2023-05-22,XLK,XLK,3,77.27243041992188,16.0,LIME,1,NASDAQ,0.8,0.16,0.128,1.0,0.8,LIME,GREEN
2023-05-22,QQQ,QQQ,4,331.75537109375,16.0,LIME,1,NASDAQ,0.8,0.1,0.08,1.0,0.8,LIME,GREEN
2023-05-22,241180,니케이,5,17192.0,16.0,LIME,1,NASDAQ,0.8,0.1,0.08,1.0,0.8,LIME,GREEN
2023-05-22,EWJ,EWJ,6,56.04645538330078,16.0,LIME,1,NASDAQ,0.8,0.08,0.064,1.0,0.8,LIME,GREEN
2023-05-23,446770,톱반도,1,12903.0,16.0,GREEN,1,NASDAQ,0.8,0.31,0.248,1.0,0.8,LIME,GREEN
2023-05-23,091180,자동차,2,18131.0,15.75,LIME,1,KOSPI,1.0,0.25,0.25,1.0,0.8,LIME,GREEN
2023-05-23,XLC,XLC,3,59.2242317199707,15.0,LIME,2,NASDAQ,0.8,0.16,0.128,1.0,0.8,LIME,GREEN
2023-05-23,XLK,XLK,4,76.13130950927734,15.0,LIME,2,NASDAQ,0.8,0.1,0.08,1.0,0.8,LIME,GREEN
2023-05-23,QQQ,QQQ,5,327.54986572265625,15.0,LIME,2,NASDAQ,0.8,0.1,0.08,1.0,0.8,LIME,GREEN
2023-05-23,241180,니케이,6,16974.0,15.0,LIME,2,NASDAQ,0.8,0.08,0.064,1.0,0.8,LIME,GREEN
2023-05-24,091180,자동차,1,18179.0,15.75,LIME,1,KOSPI,1.0,0.31,0.31,1.0,0.8,LIME,GREEN
2023-05-24,069500,코스피,2,31999.0,16.0,LIME,1,KOSPI,1.0,0.25,0.25,1.0,0.8,LIME,GREEN
2023-05-24,446770,톱반도,3,12779.0,14.75,GREEN,2,NASDAQ,0.8,0.16,0.128,1.0,0.8,LIME,GREEN
2023-05-24,091160,반도체,4,28675.0,15.0,LIME,1,KOSPI,1.0,0.1,0.1,1.0,0.8,LIME,GREEN
2023-05-24,325020,케모멘,5,11202.0,16.0,LIME,1,KOSPI,1.0,0.1,0.1,1.0,0.8,LIME,GREEN
2023-05-24,XLC,XLC,6,58.95327377319336,14.0,LIME,2,NASDAQ,0.8,0.08,0.064,1.0,0.8,LIME,GREEN
2023-05-25,091160,반도체,1,29142.0,15.75,LIME,1,KOSPI,1.0,0.31,0.31,1.0,0.8,LIME,GREEN
2023-05-25,139230,조선주,2,3369.0,15.5,LIME,1,KOSPI,1.0,0.25,0.25,1.0,0.8,LIME,GREEN
2023-05-25,446770,톱반도,3,13612.0,14.75,GREEN,1,NASDAQ,0.8,0.16,0.128,1.0,0.8,LIME,GREEN
2023-05-25,GREK,GREK,4,30.63573455810547,15.75,LIME,1,NASDAQ,0.8,0.1,0.08,1.0,0.8,LIME,GREEN
2023-05-25,QQQ,QQQ,5,333.7991027832031,14.0,LIME,1,NASDAQ,0.8,0.1,0.08,1.0,0.8,LIME,GREEN
2023-05-25,069500,코스피,6,31969.0,15.0,LIME,2,KOSPI,1.0,0.08,0.08,1.0,0.8,LIME,GREEN
2023-05-26,091160,반도체,1,29698.0,15.75,LIME,1,KOSPI,1.0,0.31,0.31,1.0,0.8,LIME,GREEN
2023-05-26,446770,톱반도,2,14000.0,14.75,GREEN,1,NASDAQ,0.8,0.25,0.2,1.0,0.8,LIME,GREEN
2023-05-26,139230,조선주,3,3316.0,15.0,LIME,2,KOSPI,1.0,0.16,0.16,1.0,0.8,LIME,GREEN
2023-05-26,GREK,GREK,4,31.12102508544922,15.75,LIME,1,NASDAQ,0.8,0.1,0.08,1.0,0.8,LIME,GREEN
2023-05-26,QQQ,QQQ,5,342.3277893066406,14.0,LIME,1,NASDAQ,0.8,0.1,0.08,1.0,0.8,LIME,GREEN
2023-05-26,069500,코스피,6,32078.0,14.75,LIME,1,KOSPI,1.0,0.08,0.08,1.0,0.8,LIME,GREEN
2023-05-30,091160,반도체,1,30260.0,15.75,LIME,1,KOSPI,1.0,0.31,0.31,1.0,0.8,LIME,GREEN
2023-05-30,QQQ,QQQ,2,343.8803100585937,15.0,LIME,1,NASDAQ,0.8,0.25,0.2,1.0,0.8,LIME,GREEN
2023-05-30,446770,톱반도,3,14535.0,14.75,GREEN,1,NASDAQ,0.8,0.16,0.128,1.0,0.8,LIME,GREEN
2023-05-30,BOTZ,BOTZ,4,27.499107360839844,15.0,LIME,1,NASDAQ,0.8,0.1,0.08,1.0,0.8,LIME,GREEN
2023-05-30,GREK,GREK,5,30.923309326171875,15.75,LIME,1,NASDAQ,0.8,0.1,0.08,1.0,0.8,LIME,GREEN
2023-05-30,069500,코스피,6,32511.0,14.75,LIME,1,KOSPI,1.0,0.08,0.08,1.0,0.8,LIME,GREEN
2023-05-31,446770,톱반도,1,14604.0,16.0,GREEN,1,NASDAQ,0.8,0.31,0.248,1.0,0.8,LIME,GREEN
2023-05-31,091160,반도체,2,30073.0,16.0,LIME,1,KOSPI,1.0,0.25,0.25,1.0,0.8,LIME,GREEN
2023-05-31,SMH,SMH,3,142.38912963867188,16.0,LIME,1,NASDAQ,0.8,0.16,0.128,1.0,0.8,LIME,GREEN
2023-05-31,XLK,XLK,4,80.4557876586914,16.0,LIME,1,NASDAQ,0.8,0.1,0.08,1.0,0.8,LIME,GREEN
2023-05-31,QQQ,QQQ,5,341.9249267578125,16.0,LIME,1,NASDAQ,0.8,0.1,0.08,1.0,0.8,LIME,GREEN
2023-05-31,BOTZ,BOTZ,6,27.00416374206543,16.0,LIME,1,NASDAQ,0.8,0.08,0.064,1.0,0.8,LIME,GREEN
2023-06-01,SMH,SMH,1,144.52993774414062,16.0,LIME,1,NASDAQ,0.8,0.31,0.248,1.0,0.8,LIME,GREEN
2023-06-01,091160,반도체,2,30304.0,16.0,LIME,1,KOSPI,1.0,0.25,0.25,1.0,0.8,LIME,GREEN
2023-06-01,XLK,XLK,3,81.273681640625,16.0,LIME,1,NASDAQ,0.8,0.16,0.128,1.0,0.8,LIME,GREEN
2023-06-01,QQQ,QQQ,4,345.8748779296875,16.0,LIME,1,NASDAQ,0.8,0.1,0.08,1.0,0.8,LIME,GREEN
2023-06-01,XLC,XLC,5,61.04353713989258,16.0,LIME,1,NASDAQ,0.8,0.1,0.08,1.0,0.8,LIME,GREEN
2023-06-01,BOTZ,BOTZ,6,27.5387020111084,16.0,LIME,1,NASDAQ,0.8,0.08,0.064,1.0,0.8,LIME,GREEN
2023-06-02,XLK,XLK,1,81.73893737792969,16.0,LIME,1,NASDAQ,0.8,0.31,0.248,1.0,0.8,LIME,GREEN
2023-06-02,QQQ,QQQ,2,348.4688415527344,16.0,LIME,1,NASDAQ,0.8,0.25,0.2,1.0,0.8,LIME,GREEN
2023-06-02,BOTZ,BOTZ,3,27.93465805053711,16.0,LIME,1,NASDAQ,0.8,0.16,0.128,1.0,0.8,LIME,GREEN
2023-06-02,091160,반도체,4,30142.0,16.0,LIME,1,KOSPI,1.0,0.1,0.1,1.0,0.8,LIME,GREEN
2023-06-02,XLC,XLC,5,61.12095642089844,16.0,LIME,1,NASDAQ,0.8,0.1,0.08,1.0,0.8,LIME,GREEN
2023-06-02,SMH,SMH,6,144.17478942871094,14.75,LIME,2,NASDAQ,0.8,0.08,0.064,1.0,0.8,LIME,GREEN
2023-06-05,QQQ,QQQ,1,348.7144775390625,16.0,LIME,1,NASDAQ,0.8,0.31,0.248,1.0,0.8,LIME,GREEN
2023-06-05,XLK,XLK,2,81.2687759399414,16.0,LIME,1,NASDAQ,0.8,0.25,0.2,1.0,0.8,LIME,GREEN
2023-06-05,BOTZ,BOTZ,3,28.152433395385746,16.0,LIME,1,NASDAQ,0.8,0.16,0.128,1.0,0.8,LIME,GREEN
2023-06-05,XLC,XLC,4,61.27579116821289,16.0,LIME,1,NASDAQ,0.8,0.1,0.08,1.0,0.8,LIME,GREEN
2023-06-05,449190,나스닥,5,11716.0,16.0,GREEN,1,NASDAQ,0.8,0.1,0.08,1.0,0.8,LIME,GREEN
2023-06-05,091160,반도체,6,29812.0,15.0,LIME,2,KOSPI,1.0,0.08,0.08,1.0,0.8,LIME,GREEN
2023-06-06,QQQ,QQQ,1,348.6555480957031,16.0,LIME,1,NASDAQ,1.0,0.33,0.33,0.4,1.0,-,LIME
2023-06-06,BOTZ,BOTZ,2,28.3900089263916,16.0,LIME,1,NASDAQ,1.0,0.27,0.27,0.4,1.0,-,LIME
2023-06-06,XLK,XLK,3,81.2491683959961,16.0,LIME,1,NASDAQ,1.0,0.2,0.2,0.4,1.0,-,LIME
2023-06-06,XLC,XLC,4,61.52740097045898,16.0,LIME,1,NASDAQ,1.0,0.1,0.1,0.4,1.0,-,LIME
2023-06-06,VUG,VUG,5,267.2600402832031,16.0,LIME,1,NASDAQ,1.0,0.1,0.1,0.4,1.0,-,LIME
2023-06-07,449190,나스닥,1,11745.0,16.0,GREEN,1,NASDAQ,0.8,0.31,0.248,1.0,0.8,LIME,GREEN
2023-06-07,XLY,XLY,2,77.10460662841797,16.0,GREEN,1,NASDAQ,0.8,0.25,0.2,1.0,0.8,LIME,GREEN
2023-06-07,CARZ,CARZ,3,50.6524772644043,16.0,LIME,1,NASDAQ,0.8,0.16,0.128,1.0,0.8,LIME,GREEN
2023-06-07,VOO,VOO,4,376.5393371582031,16.0,LIME,1,NASDAQ,0.8,0.1,0.08,1.0,0.8,LIME,GREEN
2023-06-07,QQQ,QQQ,5,342.7404479980469,15.0,-,2,NASDAQ,0.8,0.1,0.08,1.0,0.8,LIME,GREEN
2023-06-07,XLC,XLC,6,60.8403205871582,15.0,LIME,2,NASDAQ,0.8,0.08,0.064,1.0,0.8,LIME,GREEN
2023-06-08,XLY,XLY,1,78.24630737304688,16.0,GREEN,1,NASDAQ,0.6,0.31,0.186,1.0,0.4,LIME,-
2023-06-08,CARZ,CARZ,2,51.35943603515625,16.0,LIME,1,NASDAQ,0.6,0.25,0.15,1.0,0.4,LIME,-
2023-06-08,139230,조선주,3,3592.0,15.25,LIME,1,KOSPI,1.0,0.16,0.16,1.0,0.4,LIME,-
2023-06-08,EWZ,EWZ,4,26.29863739013672,15.5,LIME,1,NASDAQ,0.6,0.1,0.06,1.0,0.4,LIME,-
2023-06-08,VOO,VOO,5,378.7966003417969,16.0,LIME,1,NASDAQ,0.6,0.1,0.06,1.0,0.4,LIME,-
2023-06-08,XLC,XLC,6,61.14999008178711,14.0,LIME,2,NASDAQ,0.5,0.08,0.04,1.0,0.4,LIME,-
2023-06-09,139230,조선주,1,3607.0,16.0,LIME,1,KOSPI,1.0,0.31,0.31,1.0,0.4,LIME,-
2023-06-09,EWZ,EWZ,2,26.78172492980957,15.75,LIME,1,NASDAQ,0.6,0.25,0.15,1.0,0.4,LIME,-
2023-06-09,XLY,XLY,3,78.65128326416016,16.0,GREEN,1,NASDAQ,0.6,0.16,0.096,1.0,0.4,LIME,-
2023-06-09,CARZ,CARZ,4,51.62693405151367,16.0,LIME,1,NASDAQ,0.6,0.1,0.06,1.0,0.4,LIME,-
2023-06-09,147970,티모멘,5,23352.0,16.0,LIME,1,KOSPI,1.0,0.1,0.1,1.0,0.4,LIME,-
2023-06-09,VOO,VOO,6,379.4305419921875,16.0,LIME,1,NASDAQ,0.6,0.08,0.048,1.0,0.4,LIME,-
2023-06-12,139230,조선주,1,3617.0,16.0,LIME,1,KOSPI,1.0,0.31,0.31,1.0,0.4,LIME,-
2023-06-12,EWZ,EWZ,2,26.88342666625977,16.0,LIME,1,NASDAQ,0.6,0.25,0.15,1.0,0.4,LIME,-
2023-06-12,GREK,GREK,3,32.31624984741211,16.0,LIME,1,NASDAQ,0.6,0.16,0.096,1.0,0.4,LIME,-
2023-06-12,CARZ,CARZ,4,52.65871047973633,16.0,LIME,1,NASDAQ,0.6,0.1,0.06,1.0,0.4,LIME,-
2023-06-12,PTF,PTF,5,47.67079162597656,16.0,LIME,1,NASDAQ,0.6,0.1,0.06,1.0,0.4,LIME,-
2023-06-12,XLY,XLY,6,80.00279235839844,16.0,GREEN,1,NASDAQ,0.6,0.08,0.048,1.0,0.4,LIME,-
2023-06-13,139230,조선주,1,3631.0,16.0,LIME,1,KOSPI,1.0,0.31,0.31,1.0,0.4,LIME,-
2023-06-13,GREK,GREK,2,32.58585357666016,16.0,LIME,1,NASDAQ,0.6,0.25,0.15,1.0,0.4,LIME,-
2023-06-13,091160,반도체,3,31628.0,15.75,LIME,1,KOSPI,1.0,0.16,0.16,1.0,0.4,LIME,-
2023-06-13,EWZ,EWZ,4,26.75630187988281,16.0,LIME,1,NASDAQ,0.6,0.1,0.06,1.0,0.4,LIME,-
2023-06-13,CARZ,CARZ,5,53.79557418823242,16.0,LIME,1,NASDAQ,0.6,0.1,0.06,1.0,0.4,LIME,-
2023-06-13,XLY,XLY,6,80.83224487304688,16.0,GREEN,1,NASDAQ,0.6,0.08,0.048,1.0,0.4,LIME,-
2023-06-14,091160,반도체,1,31195.0,16.0,LIME,1,KOSPI,0.6,0.31,0.186,0.4,0.4,-,-
2023-06-14,139230,조선주,2,3622.0,16.0,LIME,1,KOSPI,0.6,0.25,0.15,0.4,0.4,-,-
2023-06-14,GREK,GREK,3,32.72964096069336,16.0,LIME,1,NASDAQ,0.6,0.16,0.096,0.4,0.4,-,-
2023-06-14,EWZ,EWZ,4,27.49364471435547,16.0,LIME,1,NASDAQ,0.6,0.1,0.06,0.4,0.4,-,-
2023-06-14,449190,나스닥,5,12018.0,16.0,-,1,NASDAQ,0.6,0.1,0.06,0.4,0.4,-,-
2023-06-14,CARZ,CARZ,6,54.16816329956055,16.0,LIME,1,NASDAQ,0.6,0.08,0.048,0.4,0.4,-,-
2023-06-15,091160,반도체,1,31958.0,16.0,LIME,1,KOSPI,0.6,0.31,0.186,0.4,0.8,-,GREEN
2023-06-15,139230,조선주,2,3671.0,16.0,LIME,1,KOSPI,0.6,0.25,0.15,0.4,0.8,-,GREEN
2023-06-15,EWZ,EWZ,3,27.68010330200196,16.0,LIME,1,NASDAQ,0.8,0.16,0.128,0.4,0.8,-,GREEN
2023-06-15,GREK,GREK,4,33.0441780090332,16.0,LIME,1,NASDAQ,0.8,0.1,0.08,0.4,0.8,-,GREEN
2023-06-15,BOTZ,BOTZ,5,29.419492721557617,16.0,LIME,1,NASDAQ,0.8,0.1,0.08,0.4,0.8,-,GREEN
2023-06-15,449190,나스닥,6,12081.0,16.0,GREEN,1,NASDAQ,0.8,0.08,0.064,0.4,0.8,-,GREEN
2023-06-16,139230,조선주,1,3774.0,16.0,LIME,1,KOSPI,0.6,0.31,0.186,0.4,0.8,-,GREEN
2023-06-16,091160,반도체,2,31968.0,16.0,LIME,1,KOSPI,0.6,0.25,0.15,0.4,0.8,-,GREEN
2023-06-16,EWZ,EWZ,3,27.39194107055664,16.0,LIME,1,NASDAQ,0.8,0.16,0.128,0.4,0.8,-,GREEN
2023-06-16,BOTZ,BOTZ,4,29.29080581665039,16.0,LIME,1,NASDAQ,0.8,0.1,0.08,0.4,0.8,-,GREEN
2023-06-16,GREK,GREK,5,33.15201568603516,16.0,LIME,1,NASDAQ,0.8,0.1,0.08,0.4,0.8,-,GREEN
2023-06-16,449190,나스닥,6,12246.0,16.0,GREEN,1,NASDAQ,0.8,0.08,0.064,0.4,0.8,-,GREEN
2023-06-19,139230,조선주,1,3809.0,16.0,LIME,1,KOSPI,0.6,0.33,0.198,0.4,0.8,-,GREEN
2023-06-19,449190,나스닥,2,12181.0,16.0,GREEN,1,NASDAQ,0.8,0.27,0.216,0.4,0.8,-,GREEN
2023-06-19,446770,톱반도,3,14614.0,15.25,GREEN,1,NASDAQ,0.8,0.2,0.16,0.4,0.8,-,GREEN
2023-06-19,091160,반도체,4,31608.0,15.0,LIME,2,KOSPI,0.55,0.1,0.055,0.4,0.8,-,GREEN
2023-06-19,241180,니케이,5,17654.0,14.75,-,2,NASDAQ,0.8,0.1,0.08,0.4,0.8,-,GREEN
2023-06-20,139230,조선주,1,3883.0,16.0,LIME,1,KOSPI,0.6,0.31,0.186,0.4,0.4,-,-
2023-06-20,EWZ,EWZ,2,27.73095321655273,16.0,LIME,1,NASDAQ,0.6,0.25,0.15,0.4,0.4,-,-
2023-06-20,QQQ,QQQ,3,360.9999084472656,16.0,-,1,NASDAQ,0.6,0.16,0.096,0.4,0.4,-,-
2023-06-20,449190,나스닥,4,12146.0,16.0,-,1,NASDAQ,0.6,0.1,0.06,0.4,0.4,-,-
2023-06-20,XLY,XLY,5,81.78683471679688,16.0,LIME,1,NASDAQ,0.6,0.1,0.06,0.4,0.4,-,-
2023-06-20,091160,반도체,6,31924.0,15.0,LIME,1,KOSPI,0.6,0.08,0.048,0.4,0.4,-,-
2023-06-21,139230,조선주,1,3843.0,16.0,LIME,1,KOSPI,0.6,0.31,0.186,0.4,0.4,-,-
2023-06-21,EWZ,EWZ,2,28.112335205078125,16.0,LIME,1,NASDAQ,0.6,0.25,0.15,0.4,0.4,-,-
2023-06-21,147970,티모멘,3,23746.0,16.0,LIME,1,KOSPI,0.6,0.16,0.096,0.4,0.4,-,-
2023-06-21,DBA,DBA,4,19.623682022094727,16.0,LIME,1,FIXED,1.0,0.1,0.1,0.4,0.4,-,-
2023-06-21,INDA,INDA,5,42.77056884765625,16.0,LIME,1,NASDAQ,0.6,0.1,0.06,0.4,0.4,-,-
2023-06-21,449190,나스닥,6,12146.0,14.75,-,2,NASDAQ,0.5,0.08,0.04,0.4,0.4,-,-
2023-06-22,EWZ,EWZ,1,27.78180313110352,16.0,LIME,1,NASDAQ,0.6,0.31,0.186,0.4,0.4,-,-
2023-06-22,147970,티모멘,2,23751.0,16.0,LIME,1,KOSPI,0.6,0.25,0.15,0.4,0.4,-,-
2023-06-22,139230,조선주,3,3784.0,15.0,LIME,2,KOSPI,0.55,0.16,0.088,0.4,0.4,-,-
2023-06-22,DBA,DBA,4,19.46406936645508,16.0,LIME,1,FIXED,1.0,0.1,0.1,0.4,0.4,-,-
2023-06-22,XLY,XLY,5,81.83573150634766,14.5,LIME,1,NASDAQ,0.55,0.1,0.055,0.4,0.4,-,-
2023-06-22,INDA,INDA,6,42.65142822265625,14.75,LIME,2,NASDAQ,0.5,0.08,0.04,0.4,0.4,-,-
2023-06-23,EWZ,EWZ,1,27.70552444458008,15.0,LIME,2,NASDAQ,0.55,0.31,0.1705,0.4,0.4,-,-
2023-06-23,147970,티모멘,2,23497.0,15.0,LIME,2,KOSPI,0.55,0.25,0.1375,0.4,0.4,-,-
2023-06-23,139230,조선주,3,3741.0,13.25,LIME,2,KOSPI,0.45,0.16,0.072,0.4,0.4,-,-
2023-06-23,XLY,XLY,4,80.88727569580078,13.0,-,2,NASDAQ,0.45,0.1,0.045,0.4,0.4,-,-
2023-06-23,GREK,GREK,5,32.93634033203125,12.5,LIME,2,NASDAQ,0.4,0.1,0.04,0.4,0.4,-,-
2023-06-23,DBA,DBA,6,19.09163475036621,14.0,LIME,3,FIXED,1.0,0.08,0.08,0.4,0.4,-,-
2023-06-26,VNM,VNM,1,12.819539070129396,15.25,GREEN,1,NASDAQ,0.6,0.31,0.186,0.4,0.4,-,-
2023-06-26,EWZ,EWZ,2,27.65467643737793,13.75,LIME,2,NASDAQ,0.45,0.25,0.1125,0.4,0.4,-,-
2023-06-26,147970,티모멘,3,23410.0,13.0,-,3,KOSPI,0.45,0.16,0.072,0.4,0.4,-,-
2023-06-26,139230,조선주,4,3726.0,11.0,-,3,KOSPI,0.4,0.1,0.04,0.4,0.4,-,-
2023-06-26,XLY,XLY,5,79.85083770751953,11.0,-,3,NASDAQ,0.4,0.1,0.04,0.4,0.4,-,-
2023-06-26,DBA,DBA,6,19.07390022277832,11.75,LIME,3,FIXED,1.0,0.08,0.08,0.4,0.4,-,-
2023-06-27,VNM,VNM,1,12.90475082397461,16.0,GREEN,1,NASDAQ,0.6,0.35,0.21,0.4,0.4,-,-
2023-06-27,EWZ,EWZ,2,27.366518020629883,11.5,-,3,NASDAQ,0.4,0.3,0.12,0.4,0.4,-,-
2023-06-27,XLY,XLY,3,81.56684875488281,11.25,-,1,NASDAQ,0.4,0.25,0.1,0.4,0.4,-,-
2023-06-27,XLI,XLI,4,101.18150329589844,11.25,-,1,NASDAQ,0.4,0.1,0.04,0.4,0.4,-,-
2023-06-28,VNM,VNM,1,12.857409477233888,16.0,GREEN,1,NASDAQ,0.6,0.33,0.198,0.1,0.4,PURPLE,-
2023-06-28,XLY,XLY,2,81.88951873779297,11.25,-,1,NASDAQ,0.4,0.27,0.108,0.1,0.4,PURPLE,-
2023-06-28,JETS,JETS,3,21.057523727416992,11.0,LIME,1,NASDAQ,0.4,0.2,0.08,0.1,0.4,PURPLE,-
2023-06-28,XLI,XLI,4,101.18150329589844,12.0,-,1,NASDAQ,0.4,0.1,0.04,0.1,0.4,PURPLE,-
2023-06-28,PDP,PDP,5,78.99718475341797,11.0,LIME,1,NASDAQ,0.4,0.1,0.04,0.1,0.4,PURPLE,-
2023-06-29,VNM,VNM,1,12.601777076721191,14.0,-,3,NASDAQ,0.5,0.31,0.155,0.1,0.4,PURPLE,-
2023-06-29,XLI,XLI,2,102.16077423095705,14.25,LIME,1,NASDAQ,0.55,0.25,0.1375,0.1,0.4,PURPLE,-
2023-06-29,JETS,JETS,3,20.958335876464844,13.0,LIME,1,NASDAQ,0.5,0.16,0.08,0.1,0.4,PURPLE,-
2023-06-29,PDP,PDP,4,79.80329132080078,13.25,LIME,1,NASDAQ,0.5,0.1,0.05,0.1,0.4,PURPLE,-
2023-06-29,ARKW,ARKW,5,57.294193267822266,12.75,-,1,NASDAQ,0.4,0.1,0.04,0.1,0.4,PURPLE,-
2023-06-29,XLY,XLY,6,81.97750854492188,12.25,-,1,NASDAQ,0.4,0.08,0.032,0.1,0.4,PURPLE,-
2023-06-30,JETS,JETS,1,21.245981216430664,15.0,LIME,1,NASDAQ,0.6,0.31,0.186,0.1,0.4,PURPLE,-
2023-06-30,ARKW,ARKW,2,57.71764755249024,15.0,-,1,NASDAQ,0.6,0.25,0.15,0.1,0.4,PURPLE,-
2023-06-30,PDP,PDP,3,80.63925170898438,15.5,LIME,1,NASDAQ,0.6,0.16,0.096,0.1,0.4,PURPLE,-
2023-06-30,ARKF,ARKF,4,20.891733169555664,14.75,-,1,NASDAQ,0.55,0.1,0.055,0.1,0.4,PURPLE,-
2023-06-30,XLY,XLY,5,83.01885986328125,14.25,-,1,NASDAQ,0.55,0.1,0.055,0.1,0.4,PURPLE,-
2023-06-30,XLI,XLI,6,103.03443145751952,15.0,LIME,1,NASDAQ,0.6,0.08,0.048,0.1,0.4,PURPLE,-
2023-07-03,XLY,XLY,1,84.02108764648438,15.5,-,1,NASDAQ,0.6,0.31,0.186,0.4,0.4,-,-
2023-07-03,ARKF,ARKF,2,21.281391143798828,15.5,LIME,1,NASDAQ,0.6,0.25,0.15,0.4,0.4,-,-
2023-07-03,ARKW,ARKW,3,59.39176559448242,15.5,LIME,1,NASDAQ,0.6,0.16,0.096,0.4,0.4,-,-
2023-07-03,JETS,JETS,4,21.47411346435547,15.0,LIME,1,NASDAQ,0.6,0.1,0.06,0.4,0.4,-,-
2023-07-03,PDP,PDP,5,80.28097534179688,16.0,LIME,1,NASDAQ,0.6,0.1,0.06,0.4,0.4,-,-
2023-07-03,XLI,XLI,6,103.05363464355467,15.5,LIME,1,NASDAQ,0.6,0.08,0.048,0.4,0.4,-,-
2023-07-04,091180,자동차,1,18315.0,15.75,LIME,1,KOSPI,0.6,0.33,0.198,0.4,0.4,-,-
2023-07-04,091160,반도체,2,32505.0,15.0,-,1,KOSPI,0.6,0.27,0.162,0.4,0.4,-,-
2023-07-04,147970,티모멘,3,24156.0,13.75,LIME,1,KOSPI,0.5,0.2,0.1,0.4,0.4,-,-
2023-07-04,434730,원자력,4,11165.0,13.25,LIME,1,KOSPI,0.5,0.1,0.05,0.4,0.4,-,-
2023-07-04,446770,톱반도,5,14874.0,12.0,-,1,NASDAQ,0.4,0.1,0.04,0.4,0.4,-,-
2023-07-05,ARKF,ARKF,1,21.341339111328125,16.0,LIME,1,NASDAQ,0.6,0.31,0.186,0.4,0.4,-,-
2023-07-05,ARKW,ARKW,2,58.96831130981445,16.0,LIME,1,NASDAQ,0.6,0.25,0.15,0.4,0.4,-,-
2023-07-05,XLY,XLY,3,84.05531311035156,15.5,-,1,NASDAQ,0.6,0.16,0.096,0.4,0.4,-,-
2023-07-05,PTF,PTF,4,48.98991394042969,15.5,LIME,1,NASDAQ,0.6,0.1,0.06,0.4,0.4,-,-
2023-07-05,XLI,XLI,5,102.49679565429688,16.0,LIME,1,NASDAQ,0.6,0.1,0.06,0.4,0.4,-,-
2023-07-05,091180,자동차,6,18282.0,16.0,LIME,1,KOSPI,0.6,0.08,0.048,0.4,0.4,-,-
2023-07-06,091180,자동차,1,18469.0,16.0,LIME,1,KOSPI,0.24,0.31,0.0744,0.1,0.4,PURPLE,-
2023-07-06,XLY,XLY,2,82.70108032226562,15.0,-,2,NASDAQ,0.55,0.25,0.1375,0.1,0.4,PURPLE,-
2023-07-06,PTF,PTF,3,48.13236618041992,15.0,-,2,NASDAQ,0.55,0.16,0.088,0.1,0.4,PURPLE,-
2023-07-06,GREK,GREK,4,33.324710845947266,14.5,-,2,NASDAQ,0.5,0.1,0.05,0.1,0.4,PURPLE,-
2023-07-06,ARKW,ARKW,5,57.51084518432617,15.0,-,2,NASDAQ,0.55,0.1,0.055,0.1,0.4,PURPLE,-
2023-07-06,XLI,XLI,6,101.72875213623048,15.0,-,2,NASDAQ,0.55,0.08,0.044,0.1,0.4,PURPLE,-
2023-07-07,GREK,GREK,1,33.776756286621094,14.75,-,1,NASDAQ,0.55,0.31,0.1705,0.1,0.4,PURPLE,-
2023-07-07,091180,자동차,2,18334.0,15.0,LIME,2,KOSPI,0.22,0.25,0.055,0.1,0.4,PURPLE,-
2023-07-07,XLC,XLC,3,63.05216598510742,15.0,-,2,NASDAQ,0.55,0.16,0.088,0.1,0.4,PURPLE,-
2023-07-07,JETS,JETS,4,21.503870010375977,14.25,-,1,NASDAQ,0.55,0.1,0.055,0.1,0.4,PURPLE,-
2023-07-07,XLY,XLY,5,82.8037338256836,14.0,-,2,NASDAQ,0.5,0.1,0.05,0.1,0.4,PURPLE,-
2023-07-07,ARKW,ARKW,6,58.07216644287109,13.75,-,2,NASDAQ,0.45,0.08,0.036,0.1,0.4,PURPLE,-
2023-07-10,139230,조선주,1,3873.0,15.0,-,1,KOSPI,0.24,0.31,0.0744,0.1,0.4,PURPLE,-
2023-07-10,GREK,GREK,2,33.91236877441406,14.75,-,1,NASDAQ,0.55,0.25,0.1375,0.1,0.4,PURPLE,-
2023-07-10,091180,자동차,3,18363.0,15.0,LIME,1,KOSPI,0.24,0.16,0.0384,0.1,0.4,PURPLE,-
2023-07-10,JETS,JETS,4,21.860944747924805,14.25,-,1,NASDAQ,0.55,0.1,0.055,0.1,0.4,PURPLE,-
2023-07-10,CARZ,CARZ,5,54.079219818115234,14.0,-,1,NASDAQ,0.55,0.1,0.055,0.1,0.4,PURPLE,-
2023-07-10,ARKW,ARKW,6,59.49023818969727,13.75,-,1,NASDAQ,0.5,0.08,0.04,0.1,0.4,PURPLE,-
2023-07-11,139230,조선주,1,4001.0,15.25,-,1,KOSPI,0.24,0.31,0.0744,0.1,0.4,PURPLE,-
2023-07-11,GREK,GREK,2,34.84358596801758,14.75,-,1,NASDAQ,0.55,0.25,0.1375,0.1,0.4,PURPLE,-
2023-07-11,JETS,JETS,3,21.99980735778809,14.25,-,1,NASDAQ,0.55,0.16,0.088,0.1,0.4,PURPLE,-
2023-07-11,ARKW,ARKW,4,61.912784576416016,13.75,-,1,NASDAQ,0.5,0.1,0.05,0.1,0.4,PURPLE,-
2023-07-11,091180,자동차,5,18512.0,15.0,LIME,1,KOSPI,0.24,0.1,0.024,0.1,0.4,PURPLE,-
2023-07-11,CARZ,CARZ,6,54.415775299072266,14.0,-,1,NASDAQ,0.55,0.08,0.044,0.1,0.4,PURPLE,-
2023-07-12,GREK,GREK,1,35.3408317565918,15.75,-,1,NASDAQ,0.6,0.31,0.186,0.4,0.4,-,-
2023-07-12,139230,조선주,2,4085.0,15.5,LIME,1,KOSPI,0.6,0.25,0.15,0.4,0.4,-,-
2023-07-12,JETS,JETS,3,21.821269989013672,15.25,-,1,NASDAQ,0.6,0.16,0.096,0.4,0.4,-,-
2023-07-12,ARKF,ARKF,4,22.44037818908692,15.0,-,1,NASDAQ,0.6,0.1,0.06,0.4,0.4,-,-
2023-07-12,CARZ,CARZ,5,55.35812377929688,15.0,LIME,1,NASDAQ,0.6,0.1,0.06,0.4,0.4,-,-
2023-07-12,ARKW,ARKW,6,62.1392822265625,14.75,-,1,NASDAQ,0.55,0.08,0.044,0.4,0.4,-,-
2023-07-13,ARKF,ARKF,1,23.829164505004883,16.0,LIME,1,NASDAQ,0.8,0.31,0.248,0.4,0.8,-,GREEN
2023-07-13,ARKW,ARKW,2,65.73371124267578,16.0,LIME,1,NASDAQ,0.8,0.25,0.2,0.4,0.8,-,GREEN
2023-07-13,ARKK,ARKK,3,49.21951675415039,16.0,LIME,1,NASDAQ,0.8,0.16,0.128,0.4,0.8,-,GREEN
2023-07-13,GREK,GREK,4,35.3137092590332,16.0,LIME,1,NASDAQ,0.8,0.1,0.08,0.4,0.8,-,GREEN
2023-07-13,139230,조선주,5,4130.0,15.75,LIME,1,KOSPI,0.6,0.1,0.06,0.4,0.8,-,GREEN
2023-07-13,CARZ,CARZ,6,56.39663314819336,15.75,LIME,1,NASDAQ,0.8,0.08,0.064,0.4,0.8,-,GREEN
2023-07-14,139230,조선주,1,4066.0,16.0,LIME,1,KOSPI,1.0,0.31,0.31,1.0,0.8,LIME,GREEN
2023-07-14,ARKF,ARKF,2,23.33959197998047,16.0,LIME,1,NASDAQ,0.8,0.25,0.2,1.0,0.8,LIME,GREEN
2023-07-14,ARKW,ARKW,3,64.12853240966797,16.0,LIME,1,NASDAQ,0.8,0.16,0.128,1.0,0.8,LIME,GREEN
2023-07-14,ARKK,ARKK,4,48.16828536987305,16.0,LIME,1,NASDAQ,0.8,0.1,0.08,1.0,0.8,LIME,GREEN
2023-07-14,GREK,GREK,5,35.286582946777344,16.0,LIME,1,NASDAQ,0.8,0.1,0.08,1.0,0.8,LIME,GREEN
2023-07-14,CARZ,CARZ,6,55.81968307495117,16.0,LIME,1,NASDAQ,0.8,0.08,0.064,1.0,0.8,LIME,GREEN
2023-07-17,ARKW,ARKW,1,65.55644989013672,16.0,LIME,1,NASDAQ,0.8,0.31,0.248,1.0,0.8,LIME,GREEN
2023-07-17,ARKK,ARKK,2,49.26910400390625,16.0,LIME,1,NASDAQ,0.8,0.25,0.2,1.0,0.8,LIME,GREEN
2023-07-17,ARKF,ARKF,3,23.70926856994629,16.0,LIME,1,NASDAQ,0.8,0.16,0.128,1.0,0.8,LIME,GREEN
2023-07-17,QQQ,QQQ,4,376.4572143554688,16.0,LIME,1,NASDAQ,0.8,0.1,0.08,1.0,0.8,LIME,GREEN
2023-07-17,XLY,XLY,5,85.86421966552734,16.0,LIME,1,NASDAQ,0.8,0.1,0.08,1.0,0.8,LIME,GREEN
2023-07-17,CARZ,CARZ,6,56.16585159301758,16.0,LIME,1,NASDAQ,0.8,0.08,0.064,1.0,0.8,LIME,GREEN
2023-07-18,ARKK,ARKK,1,49.44761657714844,16.0,LIME,1,NASDAQ,0.8,0.31,0.248,1.0,0.8,LIME,GREEN
2023-07-18,SMH,SMH,2,158.10488891601562,16.0,LIME,1,NASDAQ,0.8,0.25,0.2,1.0,0.8,LIME,GREEN
2023-07-18,SOXX,SOXX,3,173.75331115722656,16.0,LIME,1,NASDAQ,0.8,0.16,0.128,1.0,0.8,LIME,GREEN
2023-07-18,ARKW,ARKW,4,65.55644989013672,15.75,LIME,1,NASDAQ,0.8,0.1,0.08,1.0,0.8,LIME,GREEN
2023-07-18,ARKF,ARKF,5,23.799190521240234,15.75,LIME,1,NASDAQ,0.8,0.1,0.08,1.0,0.8,LIME,GREEN
2023-07-18,QQQ,QQQ,6,379.5369262695313,16.0,LIME,1,NASDAQ,0.8,0.08,0.064,1.0,0.8,LIME,GREEN
2023-07-19,ARKK,ARKK,1,50.231082916259766,16.0,LIME,1,NASDAQ,0.8,0.31,0.248,1.0,0.8,LIME,GREEN
2023-07-19,ARKW,ARKW,2,66.53137969970703,15.75,LIME,1,NASDAQ,0.8,0.25,0.2,1.0,0.8,LIME,GREEN
2023-07-19,CARZ,CARZ,3,56.63702774047852,16.0,LIME,1,NASDAQ,0.8,0.16,0.128,1.0,0.8,LIME,GREEN
2023-07-19,QQQ,QQQ,4,379.4483642578125,16.0,LIME,1,NASDAQ,0.8,0.1,0.08,1.0,0.8,LIME,GREEN
2023-07-19,ARKF,ARKF,5,23.9290771484375,15.75,LIME,1,NASDAQ,0.8,0.1,0.08,1.0,0.8,LIME,GREEN
2023-07-19,SMH,SMH,6,156.44749450683594,15.0,LIME,2,NASDAQ,0.8,0.08,0.064,1.0,0.8,LIME,GREEN
2023-07-20,091160,반도체,1,33750.0,16.0,LIME,1,KOSPI,1.0,0.31,0.31,1.0,0.8,LIME,GREEN
2023-07-20,449190,나스닥,2,12663.0,16.0,GREEN,1,NASDAQ,0.8,0.25,0.2,1.0,0.8,LIME,GREEN
2023-07-20,229200,코스닥,3,14783.0,16.0,LIME,1,KOSPI,1.0,0.16,0.16,1.0,0.8,LIME,GREEN
2023-07-20,INDA,INDA,4,44.230010986328125,16.0,LIME,1,NASDAQ,0.8,0.1,0.08,1.0,0.8,LIME,GREEN
2023-07-20,XLI,XLI,5,105.67461395263672,16.0,LIME,1,NASDAQ,0.8,0.1,0.08,1.0,0.8,LIME,GREEN
2023-07-20,ARKF,ARKF,6,22.989898681640625,14.25,LIME,2,NASDAQ,0.8,0.08,0.064,1.0,0.8,LIME,GREEN
2023-07-21,GREK,GREK,1,35.9013671875,16.0,LIME,1,NASDAQ,0.6,0.31,0.186,1.0,0.4,LIME,-
2023-07-21,229200,코스닥,2,14912.0,16.0,LIME,1,KOSPI,1.0,0.25,0.25,1.0,0.4,LIME,-
2023-07-21,449180,에센피,3,10688.0,16.0,GREEN,1,NASDAQ,0.6,0.16,0.096,1.0,0.4,LIME,-
2023-07-21,VIG,VIG,4,157.8482208251953,16.0,LIME,1,NASDAQ,0.6,0.1,0.06,1.0,0.4,LIME,-
2023-07-21,INDA,INDA,5,44.04137420654297,15.0,-,2,NASDAQ,0.55,0.1,0.055,1.0,0.4,LIME,-
2023-07-21,449190,나스닥,6,12440.0,14.5,-,2,NASDAQ,0.5,0.08,0.04,1.0,0.4,LIME,-
2023-07-24,GREK,GREK,1,35.792877197265625,16.0,LIME,1,NASDAQ,0.6,0.31,0.186,1.0,0.4,LIME,-
2023-07-24,229200,코스닥,2,15076.0,16.0,LIME,1,KOSPI,1.0,0.25,0.25,1.0,0.4,LIME,-
2023-07-24,305720,이차전,3,34361.0,15.5,LIME,1,KOSPI,1.0,0.16,0.16,1.0,0.4,LIME,-
2023-07-24,117700,건설주,4,3813.0,16.0,LIME,1,KOSPI,1.0,0.1,0.1,1.0,0.4,LIME,-
2023-07-24,117460,에너지,5,20011.0,15.5,LIME,1,KOSPI,1.0,0.1,0.1,1.0,0.4,LIME,-
2023-07-24,VIG,VIG,6,158.53363037109375,16.0,LIME,1,NASDAQ,0.6,0.08,0.048,1.0,0.4,LIME,-
2023-07-25,229200,코스닥,1,15549.0,16.0,LIME,1,KOSPI,1.0,0.31,0.31,1.0,0.4,LIME,-
2023-07-25,305720,이차전,2,36008.0,15.75,LIME,1,KOSPI,1.0,0.25,0.25,1.0,0.4,LIME,-
2023-07-25,GREK,GREK,3,35.84712219238281,15.75,LIME,1,NASDAQ,0.6,0.16,0.096,1.0,0.4,LIME,-
2023-07-25,117700,건설주,4,3964.0,16.0,LIME,1,KOSPI,1.0,0.1,0.1,1.0,0.4,LIME,-
2023-07-25,117460,에너지,5,20703.0,15.75,LIME,1,KOSPI,1.0,0.1,0.1,1.0,0.4,LIME,-
2023-07-25,VIG,VIG,6,158.93345642089844,16.0,LIME,1,NASDAQ,0.6,0.08,0.048,1.0,0.4,LIME,-
2023-07-26,305720,이차전,1,35051.0,16.0,LIME,1,KOSPI,1.0,0.31,0.31,1.0,0.4,LIME,-
2023-07-26,GREK,GREK,2,36.154518127441406,15.75,LIME,1,NASDAQ,0.6,0.25,0.15,1.0,0.4,LIME,-
2023-07-26,VNM,VNM,3,13.794732093811035,16.0,LIME,1,NASDAQ,0.6,0.16,0.096,1.0,0.4,LIME,-
2023-07-26,EWZ,EWZ,4,28.90900611877441,15.75,LIME,1,NASDAQ,0.6,0.1,0.06,1.0,0.4,LIME,-
2023-07-26,117460,에너지,5,20241.0,16.0,LIME,1,KOSPI,1.0,0.1,0.1,1.0,0.4,LIME,-
2023-07-26,229200,코스닥,6,14921.0,15.0,LIME,2,KOSPI,1.0,0.08,0.08,1.0,0.4,LIME,-
2023-07-27,EWZ,EWZ,1,28.036062240600582,15.0,LIME,2,NASDAQ,0.55,0.31,0.1705,1.0,0.4,LIME,-
2023-07-27,VNM,VNM,2,13.671648979187012,15.0,LIME,2,NASDAQ,0.55,0.25,0.1375,1.0,0.4,LIME,-
2023-07-27,449180,에센피,3,10771.0,14.75,GREEN,1,NASDAQ,0.55,0.16,0.088,1.0,0.4,LIME,-
2023-07-27,325020,케모멘,4,11659.0,15.0,LIME,1,KOSPI,1.0,0.1,0.1,1.0,0.4,LIME,-
2023-07-27,GREK,GREK,5,35.37699508666992,13.75,-,3,NASDAQ,0.45,0.1,0.045,1.0,0.4,LIME,-
2023-07-27,305720,이차전,6,31354.0,14.0,-,3,KOSPI,1.0,0.08,0.08,1.0,0.4,LIME,-
2023-07-28,VNM,VNM,1,14.021963119506836,15.0,LIME,1,NASDAQ,0.6,0.31,0.186,1.0,0.4,LIME,-
2023-07-28,117680,철강주,2,9521.0,14.75,LIME,1,KOSPI,1.0,0.25,0.25,1.0,0.4,LIME,-
2023-07-28,EWZ,EWZ,3,28.29879379272461,14.0,LIME,2,NASDAQ,0.5,0.16,0.08,1.0,0.4,LIME,-
2023-07-28,XLB,XLB,4,40.39690399169922,15.5,LIME,1,NASDAQ,0.6,0.1,0.06,1.0,0.4,LIME,-
2023-07-28,449180,에센피,5,10698.0,14.75,GREEN,2,NASDAQ,0.5,0.1,0.05,1.0,0.4,LIME,-
2023-07-28,325020,케모멘,6,11654.0,14.75,LIME,1,KOSPI,1.0,0.08,0.08,1.0,0.4,LIME,-
2023-07-31,VNM,VNM,1,14.24919319152832,15.0,LIME,1,NASDAQ,0.6,0.31,0.186,1.0,0.4,LIME,-
2023-07-31,XLB,XLB,2,40.61009216308594,15.75,LIME,1,NASDAQ,0.6,0.25,0.15,1.0,0.4,LIME,-
2023-07-31,EWZ,EWZ,3,28.705602645874023,13.75,LIME,1,NASDAQ,0.5,0.16,0.08,1.0,0.4,LIME,-
2023-07-31,117680,철강주,4,9834.0,14.5,LIME,1,KOSPI,1.0,0.1,0.1,1.0,0.4,LIME,-
2023-07-31,VOO,VOO,5,405.6557922363281,14.5,LIME,1,NASDAQ,0.55,0.1,0.055,1.0,0.4,LIME,-
2023-07-31,449180,에센피,6,10771.0,15.0,GREEN,1,NASDAQ,0.6,0.08,0.048,1.0,0.4,LIME,-
2023-08-01,091160,반도체,1,34902.0,15.0,LIME,1,KOSPI,1.0,0.31,0.31,1.0,0.4,LIME,-
2023-08-01,VNM,VNM,2,14.012494087219238,15.0,LIME,1,NASDAQ,0.6,0.25,0.15,1.0,0.4,LIME,-
2023-08-01,325020,케모멘,3,11850.0,15.75,LIME,1,KOSPI,1.0,0.16,0.16,1.0,0.4,LIME,-
2023-08-01,SOXX,SOXX,4,175.10337829589844,13.75,LIME,1,NASDAQ,0.5,0.1,0.05,1.0,0.4,LIME,-
2023-08-01,SMH,SMH,5,158.37127685546875,13.75,LIME,1,NASDAQ,0.5,0.1,0.05,1.0,0.4,LIME,-
2023-08-01,449180,에센피,6,10798.0,15.0,GREEN,1,NASDAQ,0.6,0.08,0.048,1.0,0.4,LIME,-
2023-08-02,VNM,VNM,1,13.842071533203123,15.0,-,2,NASDAQ,0.55,0.31,0.1705,1.0,0.4,LIME,-
2023-08-02,TUR,TUR,2,32.13774108886719,14.0,LIME,1,NASDAQ,0.55,0.25,0.1375,1.0,0.4,LIME,-
2023-08-02,XLC,XLC,3,65.33970642089844,13.75,-,2,NASDAQ,0.45,0.16,0.072,1.0,0.4,LIME,-
2023-08-02,371160,항셈테,4,6241.0,14.0,LIME,2,NASDAQ,0.5,0.1,0.05,1.0,0.4,LIME,-
2023-08-02,091160,반도체,5,33342.0,13.0,LIME,3,KOSPI,1.0,0.1,0.1,1.0,0.4,LIME,-
2023-08-02,325020,케모멘,6,11637.0,14.75,LIME,2,KOSPI,1.0,0.08,0.08,1.0,0.4,LIME,-
2023-08-03,TUR,TUR,1,32.02384567260742,14.0,LIME,1,NASDAQ,0.55,0.31,0.1705,0.4,0.4,-,-
2023-08-03,VNM,VNM,2,13.870475769042969,13.75,-,2,NASDAQ,0.45,0.25,0.1125,0.4,0.4,-,-
2023-08-03,371160,항셈테,3,6355.0,14.0,LIME,1,NASDAQ,0.55,0.16,0.088,0.4,0.4,-,-
2023-08-03,434730,원자력,4,11642.0,13.0,-,2,KOSPI,0.45,0.1,0.045,0.4,0.4,-,-
2023-08-03,117680,철강주,5,9578.0,12.5,LIME,2,KOSPI,0.4,0.1,0.04,0.4,0.4,-,-
2023-08-03,325020,케모멘,6,11573.0,13.0,-,3,KOSPI,0.45,0.08,0.036,0.4,0.4,-,-
2023-08-04,VNM,VNM,1,14.277596473693848,13.75,-,1,NASDAQ,0.5,0.33,0.165,0.4,0.4,-,-
2023-08-04,TUR,TUR,2,32.830604553222656,14.0,LIME,1,NASDAQ,0.55,0.27,0.1485,0.4,0.4,-,-
2023-08-04,371160,항셈테,3,6439.0,14.0,LIME,1,NASDAQ,0.55,0.2,0.11,0.4,0.4,-,-
2023-08-04,XLE,XLE,4,39.76290512084961,12.75,LIME,1,FIXED,1.0,0.1,0.1,0.4,0.4,-,-
2023-08-04,434730,원자력,5,11553.0,12.0,-,2,KOSPI,0.4,0.1,0.04,0.4,0.4,-,-
2023-08-07,VNM,VNM,1,14.51429271697998,13.75,LIME,1,NASDAQ,0.5,0.33,0.165,0.4,0.4,-,-
2023-08-07,TUR,TUR,2,33.219757080078125,14.0,LIME,1,NASDAQ,0.55,0.27,0.1485,0.4,0.4,-,-
2023-08-07,371160,항셈테,3,6409.0,13.5,LIME,1,NASDAQ,0.5,0.2,0.1,0.4,0.4,-,-
2023-08-07,XLE,XLE,4,39.80865859985352,12.25,LIME,1,FIXED,1.0,0.1,0.1,0.4,0.4,-,-
2023-08-07,434730,원자력,5,11543.0,11.0,-,3,KOSPI,0.4,0.1,0.04,0.4,0.4,-,-
2023-08-08,VNM,VNM,1,14.457486152648926,14.75,LIME,1,NASDAQ,0.55,0.33,0.1815,0.4,0.4,-,-
2023-08-08,TUR,TUR,2,32.93501281738281,14.0,LIME,1,NASDAQ,0.55,0.27,0.1485,0.4,0.4,-,-
2023-08-08,XLE,XLE,3,40.00537109375,13.5,LIME,1,FIXED,1.0,0.2,0.2,0.4,0.4,-,-
2023-08-08,371160,항셈테,4,6321.0,13.0,LIME,2,NASDAQ,0.45,0.1,0.045,0.4,0.4,-,-
2023-08-08,244580,바이오,5,7964.0,12.0,LIME,2,KOSPI,0.4,0.1,0.04,0.4,0.4,-,-
2023-08-09,VNM,VNM,1,14.258660316467283,15.0,LIME,2,NASDAQ,0.55,0.33,0.1815,0.4,0.4,-,-
2023-08-09,XLE,XLE,2,40.508583068847656,13.75,LIME,1,FIXED,1.0,0.27,0.27,0.4,0.4,-,-
2023-08-09,TUR,TUR,3,33.941097259521484,14.0,LIME,1,NASDAQ,0.55,0.2,0.11,0.4,0.4,-,-
2023-08-09,371160,항셈테,4,6261.0,11.75,LIME,3,NASDAQ,0.4,0.1,0.04,0.4,0.4,-,-
2023-08-09,244580,바이오,5,8367.0,12.0,LIME,1,KOSPI,0.4,0.1,0.04,0.4,0.4,-,-
2023-08-10,XLE,XLE,1,40.50400924682617,14.0,LIME,1,FIXED,1.0,0.33,0.33,0.1,0.1,PURPLE,PURPLE
2023-08-10,VNM,VNM,2,14.126110076904297,13.25,-,3,NASDAQ,0.2,0.27,0.054,0.1,0.1,PURPLE,PURPLE
2023-08-10,TUR,TUR,3,32.85908126831055,13.25,LIME,2,NASDAQ,0.2,0.2,0.04,0.1,0.1,PURPLE,PURPLE
2023-08-10,228790,화장품,4,2557.0,11.5,LIME,1,KOSPI,0.2,0.1,0.02,0.1,0.1,PURPLE,PURPLE
2023-08-10,244580,바이오,5,8450.0,12.5,LIME,1,KOSPI,0.2,0.1,0.02,0.1,0.1,PURPLE,PURPLE
2023-08-11,XLE,XLE,1,41.12615585327149,14.75,LIME,1,FIXED,1.0,0.33,0.33,0.1,0.1,PURPLE,PURPLE
2023-08-11,TUR,TUR,2,34.159400939941406,13.5,LIME,1,NASDAQ,0.2,0.27,0.054,0.1,0.1,PURPLE,PURPLE
2023-08-11,VNM,VNM,3,14.372275352478027,13.0,-,1,NASDAQ,0.2,0.2,0.04,0.1,0.1,PURPLE,PURPLE
2023-08-11,228790,화장품,4,2547.0,12.5,LIME,1,KOSPI,0.2,0.1,0.02,0.1,0.1,PURPLE,PURPLE
2023-08-11,244580,바이오,5,8426.0,13.0,LIME,1,KOSPI,0.2,0.1,0.02,0.1,0.1,PURPLE,PURPLE
2023-08-14,XLE,XLE,1,40.95231628417969,15.25,LIME,1,FIXED,1.0,0.33,0.33,0.1,0.1,PURPLE,PURPLE
2023-08-14,TUR,TUR,2,34.30176544189453,13.75,LIME,1,NASDAQ,0.2,0.27,0.054,0.1,0.1,PURPLE,PURPLE
2023-08-14,228790,화장품,3,2577.0,13.5,LIME,1,KOSPI,0.2,0.2,0.04,0.1,0.1,PURPLE,PURPLE
2023-08-14,VNM,VNM,4,14.665779113769531,13.0,-,1,NASDAQ,0.2,0.1,0.02,0.1,0.1,PURPLE,PURPLE
2023-08-14,244580,바이오,5,8302.0,14.5,LIME,1,KOSPI,0.22,0.1,0.022,0.1,0.1,PURPLE,PURPLE
2023-08-15,TUR,TUR,1,33.931610107421875,14.0,LIME,1,NASDAQ,0.22,0.35,0.077,0.4,0.1,-,PURPLE
2023-08-15,XLE,XLE,2,40.1014289855957,14.0,-,3,FIXED,1.0,0.3,0.3,0.4,0.1,-,PURPLE
2023-08-15,VNM,VNM,3,14.391209602355955,13.5,-,1,NASDAQ,0.2,0.25,0.05,0.4,0.1,-,PURPLE
2023-08-15,XLV,XLV,4,129.50338745117188,13.0,-,1,NASDAQ,0.2,0.1,0.02,0.4,0.1,-,PURPLE
2023-08-16,VNM,VNM,1,14.476421356201172,15.25,-,1,NASDAQ,0.24,0.31,0.0744,0.1,0.1,PURPLE,PURPLE
2023-08-16,228790,화장품,2,2527.0,15.0,LIME,1,KOSPI,0.24,0.25,0.06,0.1,0.1,PURPLE,PURPLE
2023-08-16,TUR,TUR,3,33.84618377685547,14.5,LIME,1,NASDAQ,0.22,0.16,0.0352,0.1,0.1,PURPLE,PURPLE
2023-08-16,XLE,XLE,4,39.75376510620117,12.0,-,3,FIXED,1.0,0.1,0.1,0.1,0.1,PURPLE,PURPLE
2023-08-16,244580,바이오,5,8058.0,12.5,LIME,3,KOSPI,0.2,0.1,0.02,0.1,0.1,PURPLE,PURPLE
2023-08-16,XLV,XLV,6,128.5195770263672,11.0,-,4,NASDAQ,0.2,0.08,0.016,0.1,0.1,PURPLE,PURPLE
2023-08-17,TUR,TUR,1,34.168888092041016,14.25,LIME,1,NASDAQ,0.22,0.45,0.099,0.1,0.1,PURPLE,PURPLE
2023-08-17,228790,화장품,2,2463.0,14.25,LIME,2,KOSPI,0.2,0.3,0.06,0.1,0.1,PURPLE,PURPLE
2023-08-17,VNM,VNM,3,14.305999755859377,13.75,-,3,NASDAQ,0.2,0.25,0.05,0.1,0.1,PURPLE,PURPLE
2023-08-18,228790,화장품,1,2468.0,12.75,LIME,2,KOSPI,0.2,0.55,0.11,0.1,0.1,PURPLE,PURPLE
2023-08-18,TUR,TUR,2,33.267208099365234,12.25,-,3,NASDAQ,0.2,0.45,0.09,0.1,0.1,PURPLE,PURPLE
2023-08-21,TUR,TUR,1,34.548545837402344,12.25,-,1,NASDAQ,0.2,0.55,0.11,0.1,0.1,PURPLE,PURPLE
2023-08-21,228790,화장품,2,2463.0,11.25,LIME,2,KOSPI,0.2,0.45,0.09,0.1,0.1,PURPLE,PURPLE
2023-08-22,TUR,TUR,1,34.31126022338867,12.75,-,1,NASDAQ,0.2,1.0,0.2,0.1,0.1,PURPLE,PURPLE
2023-08-24,TUR,TUR,1,34.709896087646484,12.0,-,1,NASDAQ,0.4,1.0,0.4,0.1,0.4,PURPLE,-
2023-08-25,TUR,TUR,1,35.09904479980469,12.25,-,1,NASDAQ,0.4,1.0,0.4,0.1,0.4,PURPLE,-
2023-08-28,TUR,TUR,1,36.08613967895508,12.5,-,1,NASDAQ,0.4,1.0,0.4,0.1,0.4,PURPLE,-
2023-08-29,TUR,TUR,1,35.82987976074219,15.5,-,1,NASDAQ,0.6,0.55,0.33,0.4,0.4,-,-
2023-08-29,228790,화장품,2,2612.0,13.0,LIME,1,KOSPI,0.5,0.45,0.225,0.4,0.4,-,-
2023-08-30,TUR,TUR,1,35.70648956298828,16.0,-,1,NASDAQ,0.6,0.55,0.33,0.4,0.4,-,-
2023-08-30,228790,화장품,2,2612.0,14.25,LIME,1,KOSPI,0.55,0.45,0.2475,0.4,0.4,-,-
2023-08-31,228790,화장품,1,2646.0,16.0,LIME,1,KOSPI,0.6,0.33,0.198,0.4,0.4,-,-
2023-08-31,TUR,TUR,2,35.56412124633789,14.75,-,2,NASDAQ,0.5,0.27,0.135,0.4,0.4,-,-
2023-08-31,XLE,XLE,3,40.67784118652344,12.0,-,1,FIXED,1.0,0.2,0.2,0.4,0.4,-,-
2023-08-31,PDBC,PDBC,4,13.037846565246582,11.0,GREEN,1,FIXED,1.0,0.1,0.1,0.4,0.4,-,-
2023-08-31,HYG,HYG,5,64.31159973144531,12.0,LIME,1,FIXED,1.0,0.1,0.1,0.4,0.4,-,-
2023-09-01,228790,화장품,1,2602.0,15.0,LIME,2,KOSPI,0.55,0.33,0.1815,0.4,0.8,-,GREEN
2023-09-01,TUR,TUR,2,36.1905517578125,14.75,-,1,NASDAQ,0.8,0.27,0.216,0.4,0.8,-,GREEN
2023-09-01,XLE,XLE,3,41.51042175292969,14.25,-,1,FIXED,1.0,0.2,0.2,0.4,0.8,-,GREEN
2023-09-01,PDBC,PDBC,4,13.19695281982422,12.75,GREEN,1,FIXED,1.0,0.1,0.1,0.4,0.8,-,GREEN
2023-09-01,HYG,HYG,5,64.4325942993164,14.0,LIME,1,FIXED,1.0,0.1,0.1,0.4,0.8,-,GREEN
2023-09-04,228790,화장품,1,2587.0,13.5,LIME,2,KOSPI,0.45,0.33,0.1485,0.4,0.8,-,GREEN
2023-09-04,091170,은행주,2,5549.0,13.0,LIME,1,KOSPI,0.5,0.27,0.135,0.4,0.8,-,GREEN
2023-09-04,411060,금현물,3,11840.0,13.0,LIME,1,FIXED,1.0,0.2,0.2,0.4,0.8,-,GREEN
2023-09-04,091160,반도체,4,33854.0,11.5,LIME,1,KOSPI,0.4,0.1,0.04,0.4,0.8,-,GREEN
2023-09-04,102970,증권주,5,5691.0,12.25,LIME,1,KOSPI,0.4,0.1,0.04,0.4,0.8,-,GREEN
2023-09-05,XLE,XLE,1,41.73001480102539,15.0,LIME,1,FIXED,1.0,0.31,0.31,0.4,0.8,-,GREEN
2023-09-05,TUR,TUR,2,36.79800033569336,14.75,-,1,NASDAQ,0.8,0.25,0.2,0.4,0.8,-,GREEN
2023-09-05,PDBC,PDBC,3,13.249987602233888,14.5,GREEN,1,FIXED,1.0,0.16,0.16,0.4,0.8,-,GREEN
2023-09-05,091160,반도체,4,33864.0,13.25,LIME,1,KOSPI,0.5,0.1,0.05,0.4,0.8,-,GREEN
2023-09-05,091170,은행주,5,5544.0,14.5,LIME,1,KOSPI,0.55,0.1,0.055,0.4,0.8,-,GREEN
2023-09-05,228790,화장품,6,2577.0,11.75,LIME,2,KOSPI,0.4,0.08,0.032,0.4,0.8,-,GREEN
2023-09-06,XLE,XLE,1,41.74831008911133,15.75,LIME,1,FIXED,1.0,0.33,0.33,1.0,0.8,LIME,GREEN
2023-09-06,PDBC,PDBC,2,13.26766586303711,15.25,GREEN,1,FIXED,1.0,0.27,0.27,1.0,0.8,LIME,GREEN
2023-09-06,TUR,TUR,3,36.5797004699707,14.75,-,1,NASDAQ,0.8,0.2,0.16,1.0,0.8,LIME,GREEN
2023-09-06,091160,반도체,4,33357.0,14.0,LIME,2,KOSPI,1.0,0.1,0.1,1.0,0.8,LIME,GREEN
2023-09-06,091170,은행주,5,5568.0,15.0,LIME,1,KOSPI,1.0,0.1,0.1,1.0,0.8,LIME,GREEN
2023-09-07,TUR,TUR,1,37.34849548339844,16.0,LIME,1,NASDAQ,0.6,0.31,0.186,1.0,0.4,LIME,-
2023-09-07,XLE,XLE,2,41.70713806152344,16.0,LIME,1,FIXED,1.0,0.25,0.25,1.0,0.4,LIME,-
2023-09-07,PDBC,PDBC,3,13.249987602233888,16.0,GREEN,1,FIXED,1.0,0.16,0.16,1.0,0.4,LIME,-
2023-09-07,117680,철강주,4,9446.0,14.0,LIME,2,KOSPI,1.0,0.1,0.1,1.0,0.4,LIME,-
2023-09-07,VNM,VNM,5,14.60897159576416,13.5,LIME,1,NASDAQ,0.5,0.1,0.05,1.0,0.4,LIME,-
2023-09-07,091170,은행주,6,5544.0,14.0,LIME,2,KOSPI,1.0,0.08,0.08,1.0,0.4,LIME,-
2023-09-08,TUR,TUR,1,37.27256774902344,16.0,LIME,1,NASDAQ,0.8,0.31,0.248,1.0,0.8,LIME,GREEN
2023-09-08,XLE,XLE,2,42.10971450805664,16.0,LIME,1,FIXED,1.0,0.25,0.25,1.0,0.8,LIME,GREEN
2023-09-08,PDBC,PDBC,3,13.285344123840332,16.0,GREEN,1,FIXED,1.0,0.16,0.16,1.0,0.8,LIME,GREEN
2023-09-08,VNM,VNM,4,14.637375831604004,14.25,LIME,1,NASDAQ,0.8,0.1,0.08,1.0,0.8,LIME,GREEN
2023-09-08,INDA,INDA,5,44.69663619995117,13.75,LIME,1,NASDAQ,0.8,0.1,0.08,1.0,0.8,LIME,GREEN
2023-09-08,117680,철강주,6,9631.0,13.0,LIME,2,KOSPI,1.0,0.08,0.08,1.0,0.8,LIME,GREEN
2023-09-11,PDBC,PDBC,1,13.347219467163086,16.0,GREEN,1,FIXED,1.0,0.31,0.31,1.0,0.8,LIME,GREEN
2023-09-11,TUR,TUR,2,36.46580123901367,15.0,-,2,NASDAQ,0.8,0.25,0.2,1.0,0.8,LIME,GREEN
2023-09-11,XLE,XLE,3,41.55617141723633,15.0,LIME,2,FIXED,1.0,0.16,0.16,1.0,0.8,LIME,GREEN
2023-09-11,VNM,VNM,4,14.448018074035645,14.75,LIME,2,NASDAQ,0.8,0.1,0.08,1.0,0.8,LIME,GREEN
2023-09-11,INDA,INDA,5,45.13347244262695,14.0,LIME,1,NASDAQ,0.8,0.1,0.08,1.0,0.8,LIME,GREEN
2023-09-11,117680,철강주,6,9513.0,11.5,LIME,2,KOSPI,1.0,0.08,0.08,1.0,0.8,LIME,GREEN
2023-09-12,PDBC,PDBC,1,13.417933464050291,16.0,GREEN,1,FIXED,1.0,0.31,0.31,1.0,0.8,LIME,GREEN
2023-09-12,INDA,INDA,2,44.73634719848633,15.75,LIME,1,NASDAQ,0.8,0.25,0.2,1.0,0.8,LIME,GREEN
2023-09-12,XLE,XLE,3,42.535152435302734,15.0,LIME,1,FIXED,1.0,0.16,0.16,1.0,0.8,LIME,GREEN
2023-09-12,VNM,VNM,4,14.779394149780272,14.75,LIME,1,NASDAQ,0.8,0.1,0.08,1.0,0.8,LIME,GREEN
2023-09-12,091170,은행주,5,5580.0,13.5,LIME,1,KOSPI,1.0,0.1,0.1,1.0,0.8,LIME,GREEN
2023-09-12,TUR,TUR,6,36.39936065673828,12.75,-,3,NASDAQ,0.8,0.08,0.064,1.0,0.8,LIME,GREEN
2023-09-13,PDBC,PDBC,1,13.444451332092283,16.0,GREEN,1,FIXED,1.0,0.33,0.33,1.0,0.4,LIME,-
2023-09-13,INDA,INDA,2,44.78598785400391,16.0,LIME,1,NASDAQ,0.6,0.27,0.162,1.0,0.4,LIME,-
2023-09-13,XLE,XLE,3,42.21492385864258,15.0,LIME,1,FIXED,1.0,0.2,0.2,1.0,0.4,LIME,-
2023-09-13,091170,은행주,4,5652.0,14.75,LIME,1,KOSPI,1.0,0.1,0.1,1.0,0.4,LIME,-
2023-09-13,VNM,VNM,5,14.51429271697998,13.25,LIME,2,NASDAQ,0.45,0.1,0.045,1.0,0.4,LIME,-
2023-09-14,PDBC,PDBC,1,13.55936050415039,16.0,GREEN,1,FIXED,1.0,0.33,0.33,1.0,0.4,LIME,-
2023-09-14,091170,은행주,2,5689.0,16.0,LIME,1,KOSPI,1.0,0.27,0.27,1.0,0.4,LIME,-
2023-09-14,INDA,INDA,3,44.92498016357422,15.75,LIME,1,NASDAQ,0.6,0.2,0.12,1.0,0.4,LIME,-
2023-09-14,XLE,XLE,4,42.708980560302734,15.0,LIME,1,FIXED,1.0,0.1,0.1,1.0,0.4,LIME,-
2023-09-14,DBA,DBA,5,19.69462013244629,14.5,LIME,1,FIXED,1.0,0.1,0.1,1.0,0.4,LIME,-
2023-09-15,091170,은행주,1,5854.0,16.0,LIME,1,KOSPI,1.0,0.33,0.33,1.0,0.4,LIME,-
2023-09-15,PDBC,PDBC,2,13.515165328979492,16.0,LIME,1,FIXED,1.0,0.27,0.27,1.0,0.4,LIME,-
2023-09-15,XLE,XLE,3,42.091407775878906,14.5,LIME,2,FIXED,1.0,0.2,0.2,1.0,0.4,LIME,-
2023-09-15,DBA,DBA,4,19.809898376464844,15.0,LIME,1,FIXED,1.0,0.1,0.1,1.0,0.4,LIME,-
2023-09-15,INDA,INDA,5,44.79591369628906,14.5,LIME,2,NASDAQ,0.5,0.1,0.05,1.0,0.4,LIME,-
2023-09-18,091170,은행주,1,5834.0,16.0,LIME,1,KOSPI,1.0,0.31,0.31,1.0,0.4,LIME,-
2023-09-18,PDBC,PDBC,2,13.532843589782717,16.0,LIME,1,FIXED,1.0,0.25,0.25,1.0,0.4,LIME,-
2023-09-18,XLE,XLE,3,42.44810485839844,14.5,LIME,1,FIXED,1.0,0.16,0.16,1.0,0.4,LIME,-
2023-09-18,102970,증권주,4,5830.0,14.5,LIME,1,KOSPI,1.0,0.1,0.1,1.0,0.4,LIME,-
2023-09-18,325020,케모멘,5,11960.0,14.0,LIME,1,KOSPI,1.0,0.1,0.1,1.0,0.4,LIME,-
2023-09-18,INDA,INDA,6,44.84555435180664,13.75,LIME,1,NASDAQ,0.5,0.08,0.04,1.0,0.4,LIME,-
2023-09-19,091170,은행주,1,5793.0,16.0,LIME,1,KOSPI,1.0,0.31,0.31,1.0,0.4,LIME,-
2023-09-19,PDBC,PDBC,2,13.515165328979492,15.75,LIME,1,FIXED,1.0,0.25,0.25,1.0,0.4,LIME,-
2023-09-19,325020,케모멘,3,11909.0,15.75,LIME,1,KOSPI,1.0,0.16,0.16,1.0,0.4,LIME,-
2023-09-19,102970,증권주,4,5812.0,14.75,LIME,1,KOSPI,1.0,0.1,0.1,1.0,0.4,LIME,-
2023-09-19,DBA,DBA,5,19.747827529907227,15.0,LIME,1,FIXED,1.0,0.1,0.1,1.0,0.4,LIME,-
2023-09-19,XLE,XLE,6,42.0517807006836,12.25,LIME,3,FIXED,1.0,0.08,0.08,1.0,0.4,LIME,-
2023-09-20,091170,은행주,1,5816.0,15.75,LIME,1,KOSPI,1.0,0.33,0.33,1.0,0.4,LIME,-
2023-09-20,325020,케모멘,2,11984.0,15.75,LIME,1,KOSPI,1.0,0.27,0.27,1.0,0.4,LIME,-
2023-09-20,102970,증권주,3,5825.0,14.75,LIME,1,KOSPI,1.0,0.2,0.2,1.0,0.4,LIME,-
2023-09-20,PDBC,PDBC,4,13.417933464050291,13.5,LIME,3,FIXED,1.0,0.1,0.1,1.0,0.4,LIME,-
2023-09-20,DBA,DBA,5,19.69462013244629,14.0,LIME,2,FIXED,1.0,0.1,0.1,1.0,0.4,LIME,-
2023-09-21,091170,은행주,1,5798.0,14.5,LIME,2,KOSPI,0.2,0.31,0.062,0.1,0.1,PURPLE,PURPLE
2023-09-21,325020,케모멘,2,11822.0,14.5,-,2,KOSPI,0.2,0.25,0.05,0.1,0.1,PURPLE,PURPLE
2023-09-21,102970,증권주,3,5691.0,12.75,-,3,KOSPI,0.2,0.16,0.032,0.1,0.1,PURPLE,PURPLE
2023-09-21,117680,철강주,4,9564.0,12.0,LIME,3,KOSPI,0.2,0.1,0.02,0.1,0.1,PURPLE,PURPLE
2023-09-21,434730,원자력,5,11420.0,11.75,LIME,2,KOSPI,0.2,0.1,0.02,0.1,0.1,PURPLE,PURPLE
2023-09-21,PDBC,PDBC,6,13.364896774291992,11.25,-,3,FIXED,1.0,0.08,0.08,0.1,0.1,PURPLE,PURPLE
2023-09-22,091170,은행주,1,5808.0,12.75,LIME,2,KOSPI,0.2,0.35,0.07,0.1,0.1,PURPLE,PURPLE
2023-09-22,325020,케모멘,2,11807.0,12.25,-,3,KOSPI,0.2,0.3,0.06,0.1,0.1,PURPLE,PURPLE
2023-09-22,434730,원자력,3,11371.0,11.5,LIME,2,KOSPI,0.2,0.25,0.05,0.1,0.1,PURPLE,PURPLE
2023-09-22,411060,금현물,4,11900.0,11.5,LIME,1,FIXED,1.0,0.1,0.1,0.1,0.1,PURPLE,PURPLE
2023-09-25,091170,은행주,1,5767.0,11.0,LIME,2,KOSPI,0.2,0.55,0.11,0.1,0.1,PURPLE,PURPLE
2023-09-25,411060,금현물,2,11815.0,11.0,-,2,FIXED,1.0,0.45,0.45,0.1,0.1,PURPLE,PURPLE
2023-09-26,411060,금현물,1,11860.0,11.0,-,2,FIXED,1.0,1.0,1.0,0.1,0.1,PURPLE,PURPLE
2023-09-27,TUR,TUR,1,36.24749755859375,11.5,-,1,NASDAQ,0.2,1.0,0.2,0.1,0.1,PURPLE,PURPLE
2023-09-28,TUR,TUR,1,36.10513305664063,11.5,-,2,NASDAQ,0.2,1.0,0.2,0.4,0.1,-,PURPLE
2023-09-29,TUR,TUR,1,36.59868240356445,11.5,-,1,NASDAQ,0.2,1.0,0.2,0.4,0.1,-,PURPLE
2023-10-02,TUR,TUR,1,37.25357818603516,11.5,-,1,NASDAQ,0.2,1.0,0.2,0.4,0.1,-,PURPLE
2023-10-03,TUR,TUR,1,37.55730819702149,12.25,LIME,1,NASDAQ,0.2,1.0,0.2,0.4,0.1,-,PURPLE
2023-10-04,TUR,TUR,1,36.8359603881836,13.5,LIME,2,NASDAQ,0.2,1.0,0.2,0.1,0.1,PURPLE,PURPLE
2023-10-05,TUR,TUR,1,37.044769287109375,12.25,LIME,2,NASDAQ,0.2,1.0,0.2,0.0,0.1,RED,PURPLE
2023-10-06,TUR,TUR,1,37.48137283325195,12.75,LIME,1,NASDAQ,0.2,1.0,0.2,0.0,0.1,RED,PURPLE
2023-10-09,UNG,UNG,1,31.520000457763672,11.75,GREEN,1,FIXED,1.0,1.0,1.0,0.4,0.4,-,-
2023-10-10,UNG,UNG,1,31.600000381469727,12.75,GREEN,1,FIXED,1.0,1.0,1.0,0.0,0.4,RED,-
2023-10-11,UNG,UNG,1,31.600000381469727,13.0,GREEN,1,FIXED,1.0,0.55,0.55,0.0,0.4,RED,-
2023-10-11,XLC,XLC,2,66.6978988647461,11.5,LIME,1,NASDAQ,0.4,0.45,0.18,0.0,0.4,RED,-
2023-10-12,UNG,UNG,1,31.200000762939453,12.5,GREEN,2,FIXED,1.0,0.55,0.55,0.1,0.4,PURPLE,-
2023-10-12,XLC,XLC,2,65.91082000732422,11.0,LIME,1,NASDAQ,0.4,0.45,0.18,0.1,0.4,PURPLE,-
2023-10-13,UNG,UNG,1,30.0,11.5,GREEN,2,FIXED,1.0,0.55,0.55,0.1,0.4,PURPLE,-
2023-10-13,XLC,XLC,2,65.17230987548828,11.0,LIME,2,NASDAQ,0.4,0.45,0.18,0.1,0.4,PURPLE,-
2023-10-16,XLC,XLC,1,66.22175598144531,11.25,LIME,1,NASDAQ,0.4,1.0,0.4,0.1,0.4,PURPLE,-
2023-10-17,XLC,XLC,1,66.45496368408203,11.0,LIME,1,NASDAQ,0.4,1.0,0.4,0.1,0.4,PURPLE,-
2023-10-19,091170,은행주,1,5770.0,11.5,-,1,KOSPI,0.4,0.55,0.22,0.4,0.4,-,-
2023-10-19,411060,금현물,2,12140.0,11.5,LIME,1,FIXED,1.0,0.45,0.45,0.4,0.4,-,-
2023-10-20,411060,금현물,1,12310.0,12.0,LIME,1,FIXED,1.0,0.55,0.55,0.0,0.1,RED,PURPLE
2023-10-20,XLE,XLE,2,41.595550537109375,11.5,LIME,2,FIXED,1.0,0.45,0.45,0.0,0.1,RED,PURPLE
2023-10-23,411060,금현물,1,12280.0,13.0,LIME,1,FIXED,1.0,0.45,0.45,0.0,0.1,RED,PURPLE
2023-10-23,GLD,GLD,2,182.97000122070312,11.75,LIME,1,FIXED,1.0,0.3,0.3,0.0,0.1,RED,PURPLE
2023-10-23,DBA,DBA,3,19.446332931518555,11.75,LIME,1,FIXED,1.0,0.25,0.25,0.0,0.1,RED,PURPLE
2023-10-24,411060,금현물,1,12120.0,12.75,LIME,2,FIXED,1.0,0.45,0.45,0.0,0.1,RED,PURPLE
2023-10-24,DBA,DBA,2,19.428598403930664,12.5,LIME,2,FIXED,1.0,0.3,0.3,0.0,0.1,RED,PURPLE
2023-10-24,GLD,GLD,3,182.9499969482422,12.0,LIME,1,FIXED,1.0,0.25,0.25,0.0,0.1,RED,PURPLE
2023-10-25,411060,금현물,1,12200.0,12.5,LIME,2,FIXED,1.0,0.45,0.45,0.0,0.1,RED,PURPLE
2023-10-25,GLD,GLD,2,183.72000122070312,11.5,LIME,1,FIXED,1.0,0.3,0.3,0.0,0.1,RED,PURPLE
2023-10-25,DBA,DBA,3,19.339921951293945,11.0,LIME,3,FIXED,1.0,0.25,0.25,0.0,0.1,RED,PURPLE
2023-10-26,411060,금현물,1,12370.0,12.5,LIME,1,FIXED,1.0,0.55,0.55,0.0,0.1,RED,PURPLE
2023-10-26,GLD,GLD,2,184.009994506836,11.5,LIME,1,FIXED,1.0,0.45,0.45,0.0,0.1,RED,PURPLE
2023-10-27,411060,금현물,1,12335.0,12.5,LIME,1,FIXED,1.0,0.55,0.55,0.0,0.1,RED,PURPLE
2023-10-27,GLD,GLD,2,186.1499938964844,12.0,LIME,1,FIXED,1.0,0.45,0.45,0.0,0.1,RED,PURPLE
2023-10-30,411060,금현물,1,12415.0,13.5,LIME,1,FIXED,1.0,0.55,0.55,0.0,0.1,RED,PURPLE
2023-10-30,GLD,GLD,2,185.1000061035156,12.25,LIME,1,FIXED,1.0,0.45,0.45,0.0,0.1,RED,PURPLE
2023-10-31,411060,금현물,1,12350.0,14.5,LIME,1,FIXED,1.0,0.55,0.55,0.0,0.1,RED,PURPLE
2023-10-31,GLD,GLD,2,184.08999633789065,11.75,LIME,2,FIXED,1.0,0.45,0.45,0.0,0.1,RED,PURPLE
2023-11-01,411060,금현물,1,12300.0,13.75,LIME,2,FIXED,1.0,0.55,0.55,0.0,0.1,RED,PURPLE
2023-11-01,DBA,DBA,2,19.49066925048828,12.5,LIME,1,FIXED,1.0,0.45,0.45,0.0,0.1,RED,PURPLE
2023-11-02,DBA,DBA,1,19.72122383117676,12.5,LIME,1,FIXED,1.0,0.55,0.55,0.1,0.1,PURPLE,PURPLE
2023-11-02,411060,금현물,2,12190.0,12.0,LIME,3,FIXED,1.0,0.45,0.45,0.1,0.1,PURPLE,PURPLE
2023-11-03,DBA,DBA,1,19.86310195922852,14.75,LIME,1,FIXED,1.0,1.0,1.0,1.0,0.8,LIME,GREEN
2023-11-06,DBA,DBA,1,19.91630744934082,15.5,LIME,1,FIXED,1.0,0.55,0.55,1.0,0.8,LIME,GREEN
2023-11-06,HYG,HYG,2,64.28628540039062,11.75,LIME,1,FIXED,1.0,0.45,0.45,1.0,0.8,LIME,GREEN
2023-11-07,DBA,DBA,1,19.65028381347656,14.75,-,2,FIXED,1.0,0.33,0.33,1.0,0.8,LIME,GREEN
2023-11-07,HYG,HYG,2,64.29496002197266,13.25,LIME,1,FIXED,1.0,0.27,0.27,1.0,0.8,LIME,GREEN
2023-11-07,EWZ,EWZ,3,27.324142456054688,12.5,LIME,1,NASDAQ,0.8,0.2,0.16,1.0,0.8,LIME,GREEN
2023-11-07,XLK,XLK,4,85.96064758300781,12.25,LIME,1,NASDAQ,0.8,0.1,0.08,1.0,0.8,LIME,GREEN
2023-11-07,XAR,XAR,5,118.76164245605467,12.75,LIME,1,NASDAQ,0.8,0.1,0.08,1.0,0.8,LIME,GREEN
2023-11-08,DBA,DBA,1,19.73896026611328,14.0,-,2,FIXED,1.0,0.31,0.31,1.0,0.8,LIME,GREEN
2023-11-08,HYG,HYG,2,64.32965850830078,13.5,LIME,1,FIXED,1.0,0.25,0.25,1.0,0.8,LIME,GREEN
2023-11-08,EWZ,EWZ,3,27.1037826538086,12.75,LIME,1,NASDAQ,0.8,0.16,0.128,1.0,0.8,LIME,GREEN
2023-11-08,102970,증권주,4,5784.0,12.75,LIME,1,KOSPI,1.0,0.1,0.1,1.0,0.8,LIME,GREEN
2023-11-08,XLK,XLK,5,86.44755554199219,12.5,LIME,1,NASDAQ,0.8,0.1,0.08,1.0,0.8,LIME,GREEN
2023-11-08,XAR,XAR,6,117.21454620361328,12.5,LIME,2,NASDAQ,0.8,0.08,0.064,1.0,0.8,LIME,GREEN
2023-11-09,102970,증권주,1,5825.0,13.0,LIME,1,KOSPI,1.0,0.31,0.31,1.0,0.8,LIME,GREEN
2023-11-09,XLK,XLK,2,86.04427337646484,12.75,LIME,1,NASDAQ,0.8,0.25,0.2,1.0,0.8,LIME,GREEN
2023-11-09,HYG,HYG,3,63.930625915527344,13.0,LIME,2,FIXED,1.0,0.16,0.16,1.0,0.8,LIME,GREEN
2023-11-09,228790,화장품,4,2502.0,12.5,LIME,1,KOSPI,1.0,0.1,0.1,1.0,0.8,LIME,GREEN
2023-11-09,EWZ,EWZ,5,26.959705352783203,12.5,LIME,2,NASDAQ,0.8,0.1,0.08,1.0,0.8,LIME,GREEN
2023-11-09,DBA,DBA,6,19.623682022094727,11.75,-,3,FIXED,1.0,0.08,0.08,1.0,0.8,LIME,GREEN
2023-11-10,XLK,XLK,1,88.29188537597656,13.0,LIME,1,NASDAQ,0.8,0.31,0.248,1.0,0.8,LIME,GREEN
2023-11-10,EWZ,EWZ,2,27.459747314453125,12.5,LIME,1,NASDAQ,0.8,0.25,0.2,1.0,0.8,LIME,GREEN
2023-11-10,VUG,VUG,3,284.8728942871094,12.5,LIME,1,NASDAQ,0.8,0.16,0.128,1.0,0.8,LIME,GREEN
2023-11-10,102970,증권주,4,5774.0,12.5,LIME,2,KOSPI,1.0,0.1,0.1,1.0,0.8,LIME,GREEN
2023-11-10,ARKW,ARKW,5,58.003231048583984,12.25,LIME,1,NASDAQ,0.8,0.1,0.08,1.0,0.8,LIME,GREEN
2023-11-10,HYG,HYG,6,64.24292755126953,12.25,LIME,1,FIXED,1.0,0.08,0.08,1.0,0.8,LIME,GREEN
2023-11-13,XLK,XLK,1,87.77548217773438,13.0,LIME,1,NASDAQ,0.8,0.31,0.248,1.0,0.8,LIME,GREEN
2023-11-13,VUG,VUG,2,284.73468017578125,12.75,LIME,1,NASDAQ,0.8,0.25,0.2,1.0,0.8,LIME,GREEN
2023-11-13,ARKW,ARKW,3,58.29866409301758,12.5,LIME,1,NASDAQ,0.8,0.16,0.128,1.0,0.8,LIME,GREEN
2023-11-13,EWZ,EWZ,4,27.40041923522949,12.5,LIME,1,NASDAQ,0.8,0.1,0.08,1.0,0.8,LIME,GREEN
2023-11-13,QQQ,QQQ,5,371.6813354492188,12.25,LIME,1,NASDAQ,0.8,0.1,0.08,1.0,0.8,LIME,GREEN
2023-11-13,102970,증권주,6,5779.0,11.5,LIME,2,KOSPI,1.0,0.08,0.08,1.0,0.8,LIME,GREEN
2023-11-14,XLK,XLK,1,89.53128814697266,13.5,LIME,1,NASDAQ,1.0,0.31,0.31,1.0,1.0,LIME,LIME
2023-11-14,VUG,VUG,2,290.42266845703125,13.25,LIME,1,NASDAQ,1.0,0.25,0.25,1.0,1.0,LIME,LIME
2023-11-14,EWZ,EWZ,3,28.29031753540039,12.75,LIME,1,NASDAQ,1.0,0.16,0.16,1.0,1.0,LIME,LIME
2023-11-14,QQQ,QQQ,4,379.6822509765625,12.75,LIME,1,NASDAQ,1.0,0.1,0.1,1.0,1.0,LIME,LIME
2023-11-14,ARKW,ARKW,5,59.92353820800781,12.5,LIME,1,NASDAQ,1.0,0.1,0.1,1.0,1.0,LIME,LIME
2023-11-14,102970,증권주,6,5844.0,11.5,LIME,1,KOSPI,1.0,0.08,0.08,1.0,1.0,LIME,LIME
2023-11-15,XLK,XLK,1,89.6444091796875,14.0,LIME,1,NASDAQ,1.0,0.31,0.31,1.0,1.0,LIME,LIME
2023-11-15,EWZ,EWZ,2,28.476768493652344,13.5,LIME,1,NASDAQ,1.0,0.25,0.25,1.0,1.0,LIME,LIME
2023-11-15,XAR,XAR,3,123.68868255615234,14.0,LIME,1,NASDAQ,1.0,0.16,0.16,1.0,1.0,LIME,LIME
2023-11-15,XLC,XLC,4,67.7959213256836,13.5,LIME,1,NASDAQ,1.0,0.1,0.1,1.0,1.0,LIME,LIME
2023-11-15,SMH,SMH,5,159.04212951660156,13.5,LIME,1,NASDAQ,1.0,0.1,0.1,1.0,1.0,LIME,LIME
2023-11-15,QQQ,QQQ,6,379.9681091308594,13.5,LIME,1,NASDAQ,1.0,0.08,0.08,1.0,1.0,LIME,LIME
2023-11-16,XLK,XLK,1,90.0919418334961,14.5,LIME,1,NASDAQ,1.0,0.31,0.31,1.0,1.0,LIME,LIME
2023-11-16,XLC,XLC,2,68.0971450805664,14.25,LIME,1,NASDAQ,1.0,0.25,0.25,1.0,1.0,LIME,LIME
2023-11-16,XAR,XAR,3,122.23029327392578,14.75,LIME,1,NASDAQ,1.0,0.16,0.16,1.0,1.0,LIME,LIME
2023-11-16,EWZ,EWZ,4,28.53610038757324,13.75,LIME,1,NASDAQ,1.0,0.1,0.1,1.0,1.0,LIME,LIME
2023-11-16,SMH,SMH,5,159.63406372070312,13.75,LIME,1,NASDAQ,1.0,0.1,0.1,1.0,1.0,LIME,LIME
2023-11-16,QQQ,QQQ,6,380.2932739257813,13.75,LIME,1,NASDAQ,1.0,0.08,0.08,1.0,1.0,LIME,LIME
2023-11-17,XLK,XLK,1,89.90507507324219,15.0,LIME,1,NASDAQ,1.0,0.31,0.31,1.0,1.0,LIME,LIME
2023-11-17,XLC,XLC,2,68.08743286132812,15.0,LIME,1,NASDAQ,1.0,0.25,0.25,1.0,1.0,LIME,LIME
2023-11-17,XAR,XAR,3,122.65401458740234,15.0,LIME,1,NASDAQ,1.0,0.16,0.16,1.0,1.0,LIME,LIME
2023-11-17,SMH,SMH,4,160.3838348388672,14.25,LIME,1,NASDAQ,1.0,0.1,0.1,1.0,1.0,LIME,LIME
2023-11-17,446770,톱반도,5,15162.0,13.75,LIME,1,NASDAQ,1.0,0.1,0.1,1.0,1.0,LIME,LIME
2023-11-17,EWZ,EWZ,6,28.383544921875,14.0,LIME,1,NASDAQ,1.0,0.08,0.08,1.0,1.0,LIME,LIME
2023-11-20,XLC,XLC,1,68.8550796508789,15.5,LIME,1,NASDAQ,1.0,0.31,0.31,1.0,1.0,LIME,LIME
2023-11-20,XLK,XLK,2,91.20838928222656,15.0,LIME,1,NASDAQ,1.0,0.25,0.25,1.0,1.0,LIME,LIME
2023-11-20,XAR,XAR,3,124.04344177246094,15.0,LIME,1,NASDAQ,1.0,0.16,0.16,1.0,1.0,LIME,LIME
2023-11-20,SMH,SMH,4,162.68251037597656,14.5,LIME,1,NASDAQ,1.0,0.1,0.1,1.0,1.0,LIME,LIME
2023-11-20,QQQ,QQQ,5,385.0130004882813,14.25,LIME,1,NASDAQ,1.0,0.1,0.1,1.0,1.0,LIME,LIME
2023-11-20,EWZ,EWZ,6,28.951385498046875,14.25,LIME,1,NASDAQ,1.0,0.08,0.08,1.0,1.0,LIME,LIME
2023-11-21,XLC,XLC,1,68.62186431884766,16.0,LIME,1,NASDAQ,1.0,0.31,0.31,1.0,1.0,LIME,LIME
2023-11-21,XLK,XLK,2,90.47066497802734,15.0,LIME,1,NASDAQ,1.0,0.25,0.25,1.0,1.0,LIME,LIME
2023-11-21,XAR,XAR,3,123.7576675415039,15.0,LIME,1,NASDAQ,1.0,0.16,0.16,1.0,1.0,LIME,LIME
2023-11-21,EWZ,EWZ,4,28.63780212402344,14.5,LIME,1,NASDAQ,1.0,0.1,0.1,1.0,1.0,LIME,LIME
2023-11-21,446770,톱반도,5,15285.0,14.5,LIME,1,NASDAQ,1.0,0.1,0.1,1.0,1.0,LIME,LIME
2023-11-21,QQQ,QQQ,6,382.7762756347656,14.5,LIME,1,NASDAQ,1.0,0.08,0.08,1.0,1.0,LIME,LIME
2023-11-22,XLC,XLC,1,69.18546295166016,16.0,LIME,1,NASDAQ,1.0,0.31,0.31,1.0,1.0,LIME,LIME
2023-11-22,XLK,XLK,2,90.87395477294922,15.0,LIME,1,NASDAQ,1.0,0.25,0.25,1.0,1.0,LIME,LIME
2023-11-22,EWP,EWP,3,27.536664962768555,15.0,LIME,1,NASDAQ,1.0,0.16,0.16,1.0,1.0,LIME,LIME
2023-11-22,QQQ,QQQ,4,384.3429565429688,14.75,LIME,1,NASDAQ,1.0,0.1,0.1,1.0,1.0,LIME,LIME
2023-11-22,VUG,VUG,5,295.2021179199219,14.75,LIME,1,NASDAQ,1.0,0.1,0.1,1.0,1.0,LIME,LIME
2023-11-22,XAR,XAR,6,124.07300567626952,15.0,LIME,1,NASDAQ,1.0,0.08,0.08,1.0,1.0,LIME,LIME
2023-11-23,449190,나스닥,1,12755.0,14.25,LIME,1,NASDAQ,1.0,0.33,0.33,1.0,1.0,LIME,LIME
2023-11-23,446770,톱반도,2,15093.0,14.25,LIME,2,NASDAQ,1.0,0.27,0.27,1.0,1.0,LIME,LIME
2023-11-23,325020,케모멘,3,11697.0,13.0,LIME,1,KOSPI,1.0,0.2,0.2,1.0,1.0,LIME,LIME
2023-11-23,069500,코스피,4,32282.0,13.0,LIME,1,KOSPI,1.0,0.1,0.1,1.0,1.0,LIME,LIME
2023-11-23,449180,에센피,5,10620.0,13.0,LIME,1,NASDAQ,1.0,0.1,0.1,1.0,1.0,LIME,LIME
2023-11-24,XLC,XLC,1,68.95225524902344,16.0,LIME,1,NASDAQ,1.0,0.31,0.31,1.0,1.0,LIME,LIME
2023-11-24,XAR,XAR,2,125.324462890625,15.0,LIME,1,NASDAQ,1.0,0.25,0.25,1.0,1.0,LIME,LIME
2023-11-24,XLK,XLK,3,90.69689178466795,14.75,LIME,1,NASDAQ,1.0,0.16,0.16,1.0,1.0,LIME,LIME
2023-11-24,EWP,EWP,4,27.822263717651367,15.0,LIME,1,NASDAQ,1.0,0.1,0.1,1.0,1.0,LIME,LIME
2023-11-24,VUG,VUG,5,294.9454345703125,15.0,LIME,1,NASDAQ,1.0,0.1,0.1,1.0,1.0,LIME,LIME
2023-11-24,449190,나스닥,6,12740.0,14.5,LIME,1,NASDAQ,1.0,0.08,0.08,1.0,1.0,LIME,LIME
2023-11-27,EWP,EWP,1,27.91438674926757,15.0,LIME,1,NASDAQ,1.0,0.31,0.31,1.0,1.0,LIME,LIME
2023-11-27,XLC,XLC,2,68.52469635009766,15.0,LIME,2,NASDAQ,1.0,0.25,0.25,1.0,1.0,LIME,LIME
2023-11-27,VUG,VUG,3,294.7281494140625,15.0,LIME,1,NASDAQ,1.0,0.16,0.16,1.0,1.0,LIME,LIME
2023-11-27,XAR,XAR,4,124.52628326416016,15.0,LIME,1,NASDAQ,1.0,0.1,0.1,1.0,1.0,LIME,LIME
2023-11-27,HYG,HYG,5,65.15373229980469,15.5,LIME,1,FIXED,1.0,0.1,0.1,1.0,1.0,LIME,LIME
2023-11-27,449190,나스닥,6,12667.0,13.75,LIME,2,NASDAQ,1.0,0.08,0.08,1.0,1.0,LIME,LIME
2023-11-28,EWP,EWP,1,28.117067337036133,15.0,LIME,1,NASDAQ,1.0,0.31,0.31,1.0,1.0,LIME,LIME
2023-11-28,VUG,VUG,2,295.4490051269531,15.0,LIME,1,NASDAQ,1.0,0.25,0.25,1.0,1.0,LIME,LIME
2023-11-28,HYG,HYG,3,65.43999481201172,15.25,LIME,1,FIXED,1.0,0.16,0.16,1.0,1.0,LIME,LIME
2023-11-28,ARKW,ARKW,4,66.02914428710938,14.0,LIME,1,NASDAQ,1.0,0.1,0.1,1.0,1.0,LIME,LIME
2023-11-28,ARKF,ARKF,5,23.48946189880371,14.0,LIME,1,NASDAQ,1.0,0.1,0.1,1.0,1.0,LIME,LIME
2023-11-28,XAR,XAR,6,124.27008819580078,14.25,LIME,2,NASDAQ,1.0,0.08,0.08,1.0,1.0,LIME,LIME
2023-11-29,EWP,EWP,1,28.28289222717285,15.0,LIME,1,NASDAQ,1.0,0.31,0.31,1.0,1.0,LIME,LIME
2023-11-29,GLD,GLD,2,189.5399932861328,14.75,LIME,1,FIXED,1.0,0.25,0.25,1.0,1.0,LIME,LIME
2023-11-29,ARKW,ARKW,3,66.54122924804688,14.25,LIME,1,NASDAQ,1.0,0.16,0.16,1.0,1.0,LIME,LIME
2023-11-29,ARKF,ARKF,4,23.729251861572266,14.0,LIME,1,NASDAQ,1.0,0.1,0.1,1.0,1.0,LIME,LIME
2023-11-29,ARKK,ARKK,5,46.900001525878906,14.0,LIME,1,NASDAQ,1.0,0.1,0.1,1.0,1.0,LIME,LIME
2023-11-29,HYG,HYG,6,65.79561614990234,15.0,LIME,1,FIXED,1.0,0.08,0.08,1.0,1.0,LIME,LIME
2023-11-30,GLD,GLD,1,188.75,15.5,LIME,1,FIXED,1.0,0.31,0.31,1.0,1.0,LIME,LIME
2023-11-30,EWP,EWP,2,28.117067337036133,15.0,LIME,1,NASDAQ,1.0,0.25,0.25,1.0,1.0,LIME,LIME
2023-11-30,455850,반소부,3,13326.0,14.75,GREEN,1,KOSPI,1.0,0.16,0.16,1.0,1.0,LIME,LIME
2023-11-30,ARKW,ARKW,4,65.61553955078125,14.5,LIME,1,NASDAQ,1.0,0.1,0.1,1.0,1.0,LIME,LIME
2023-11-30,SLV,SLV,5,23.1299991607666,14.25,LIME,1,FIXED,1.0,0.1,0.1,1.0,1.0,LIME,LIME
2023-11-30,ARKF,ARKF,6,23.48946189880371,14.0,LIME,1,NASDAQ,1.0,0.08,0.08,1.0,1.0,LIME,LIME
2023-12-01,GLD,GLD,1,192.009994506836,15.75,LIME,1,FIXED,1.0,0.31,0.31,1.0,0.4,LIME,-
2023-12-01,INDA,INDA,2,46.06672286987305,16.0,LIME,1,NASDAQ,0.6,0.25,0.15,1.0,0.4,LIME,-
2023-12-01,EWP,EWP,3,28.26446914672852,15.0,LIME,1,NASDAQ,0.6,0.16,0.096,1.0,0.4,LIME,-
2023-12-01,ARKW,ARKW,4,68.44184112548828,14.75,LIME,1,NASDAQ,0.55,0.1,0.055,1.0,0.4,LIME,-
2023-12-01,SLV,SLV,5,23.32999992370605,14.5,LIME,1,FIXED,1.0,0.1,0.1,1.0,0.4,LIME,-
2023-12-01,ARKF,ARKF,6,24.61847305297852,14.25,LIME,1,NASDAQ,0.55,0.08,0.044,1.0,0.4,LIME,-
2023-12-04,INDA,INDA,1,46.503562927246094,16.0,LIME,1,NASDAQ,0.6,0.31,0.186,1.0,0.4,LIME,-
2023-12-04,ARKW,ARKW,2,68.9637680053711,15.0,LIME,1,NASDAQ,0.6,0.25,0.15,1.0,0.4,LIME,-
2023-12-04,EWP,EWP,3,28.29210662841797,15.0,LIME,1,NASDAQ,0.6,0.16,0.096,1.0,0.4,LIME,-
2023-12-04,ARKF,ARKF,4,24.69840240478516,14.5,LIME,1,NASDAQ,0.55,0.1,0.055,1.0,0.4,LIME,-
2023-12-04,XLF,XLF,5,34.73160552978516,15.0,GREEN,1,NASDAQ,0.6,0.1,0.06,1.0,0.4,LIME,-
2023-12-04,GLD,GLD,6,187.8600006103516,15.0,LIME,2,FIXED,1.0,0.08,0.08,1.0,0.4,LIME,-
2023-12-05,INDA,INDA,1,46.93047332763672,16.0,LIME,1,NASDAQ,0.6,0.31,0.186,0.4,0.4,-,-
2023-12-05,ARKW,ARKW,2,69.08194732666016,15.0,LIME,1,NASDAQ,0.6,0.25,0.15,0.4,0.4,-,-
2023-12-05,EWP,EWP,3,28.29210662841797,15.0,LIME,1,NASDAQ,0.6,0.16,0.096,0.4,0.4,-,-
2023-12-05,XAR,XAR,4,127.10807800292967,15.0,LIME,1,NASDAQ,0.6,0.1,0.06,0.4,0.4,-,-
2023-12-05,ITA,ITA,5,118.88671875,15.0,LIME,1,NASDAQ,0.6,0.1,0.06,0.4,0.4,-,-
2023-12-05,ARKF,ARKF,6,24.73836898803711,14.75,LIME,1,NASDAQ,0.55,0.08,0.044,0.4,0.4,-,-
2023-12-06,ARKW,ARKW,1,68.6092529296875,15.0,LIME,1,NASDAQ,0.6,0.31,0.186,0.4,0.4,-,-
2023-12-06,INDA,INDA,2,46.99996948242188,16.0,LIME,1,NASDAQ,0.6,0.25,0.15,0.4,0.4,-,-
2023-12-06,ARKF,ARKF,3,24.47859573364257,15.0,LIME,1,NASDAQ,0.6,0.16,0.096,0.4,0.4,-,-
2023-12-06,ITA,ITA,4,119.2791519165039,15.0,LIME,1,NASDAQ,0.6,0.1,0.06,0.4,0.4,-,-
2023-12-06,HYG,HYG,5,66.12208557128906,15.75,LIME,1,FIXED,1.0,0.1,0.1,0.4,0.4,-,-
2023-12-06,XAR,XAR,6,127.42340850830078,14.25,LIME,2,NASDAQ,0.5,0.08,0.04,0.4,0.4,-,-
2023-12-07,INDA,INDA,1,47.11910629272461,16.0,LIME,1,NASDAQ,0.6,0.31,0.186,0.4,0.4,-,-
2023-12-07,ARKW,ARKW,2,68.78651428222656,15.0,LIME,1,NASDAQ,0.6,0.25,0.15,0.4,0.4,-,-
2023-12-07,HYG,HYG,3,66.23538208007812,15.75,LIME,1,FIXED,1.0,0.16,0.16,0.4,0.4,-,-
2023-12-07,ARKF,ARKF,4,24.578508377075195,14.25,LIME,2,NASDAQ,0.5,0.1,0.05,0.4,0.4,-,-
2023-12-07,ITA,ITA,5,119.05349731445312,14.0,LIME,2,NASDAQ,0.5,0.1,0.05,0.4,0.4,-,-
2023-12-07,XAR,XAR,6,127.83727264404295,13.25,LIME,2,NASDAQ,0.45,0.08,0.036,0.4,0.4,-,-
2023-12-08,ARKW,ARKW,1,70.80530548095703,15.0,LIME,1,NASDAQ,0.6,0.31,0.186,0.4,0.4,-,-
2023-12-08,INDA,INDA,2,46.97018814086914,16.0,LIME,1,NASDAQ,0.6,0.25,0.15,0.4,0.4,-,-
2023-12-08,102970,증권주,3,5973.0,15.25,LIME,1,KOSPI,0.6,0.16,0.096,0.4,0.4,-,-
2023-12-08,ARKF,ARKF,4,25.167993545532227,14.25,LIME,1,NASDAQ,0.55,0.1,0.055,0.4,0.4,-,-
2023-12-08,195930,유로스,5,15749.0,14.75,LIME,1,NASDAQ,0.55,0.1,0.055,0.4,0.4,-,-
2023-12-08,ITA,ITA,6,119.96589660644533,14.0,LIME,1,NASDAQ,0.55,0.08,0.044,0.4,0.4,-,-
2023-12-11,102970,증권주,1,6011.0,16.0,LIME,1,KOSPI,0.6,0.31,0.186,0.4,0.4,-,-
2023-12-11,INDA,INDA,2,47.21839141845703,16.0,LIME,1,NASDAQ,0.6,0.25,0.15,0.4,0.4,-,-
2023-12-11,ARKW,ARKW,3,69.71220397949219,15.0,LIME,1,NASDAQ,0.6,0.16,0.096,0.4,0.4,-,-
2023-12-11,195930,유로스,4,15924.0,15.0,LIME,1,NASDAQ,0.6,0.1,0.06,0.4,0.4,-,-
2023-12-11,ARKF,ARKF,5,25.10804557800293,14.25,LIME,1,NASDAQ,0.55,0.1,0.055,0.4,0.4,-,-
2023-12-11,ITA,ITA,6,121.13339233398438,14.0,LIME,1,NASDAQ,0.55,0.08,0.044,0.4,0.4,-,-
2023-12-12,102970,증권주,1,6019.0,16.0,LIME,1,KOSPI,0.6,0.31,0.186,0.4,0.4,-,-
2023-12-12,ARKW,ARKW,2,70.0470199584961,15.0,LIME,1,NASDAQ,0.6,0.25,0.15,0.4,0.4,-,-
2023-12-12,195930,유로스,3,16064.0,15.0,LIME,1,NASDAQ,0.6,0.16,0.096,0.4,0.4,-,-
2023-12-12,ARKF,ARKF,4,25.18797492980957,14.25,LIME,1,NASDAQ,0.55,0.1,0.055,0.4,0.4,-,-
2023-12-12,QMOM,QMOM,5,46.85421752929688,14.5,LIME,1,NASDAQ,0.55,0.1,0.055,0.4,0.4,-,-
2023-12-12,ITA,ITA,6,121.43750762939452,14.0,LIME,1,NASDAQ,0.55,0.08,0.044,0.4,0.4,-,-
2023-12-13,XLK,XLK,1,94.0413055419922,15.5,LIME,1,NASDAQ,0.6,0.31,0.186,0.4,0.4,-,-
2023-12-13,ARKW,ARKW,2,72.23322296142578,15.0,LIME,1,NASDAQ,0.6,0.25,0.15,0.4,0.4,-,-
2023-12-13,ARKF,ARKF,3,25.947311401367188,15.0,LIME,1,NASDAQ,0.6,0.16,0.096,0.4,0.4,-,-
2023-12-13,XAR,XAR,4,132.67564392089844,15.0,LIME,1,NASDAQ,0.6,0.1,0.06,0.4,0.4,-,-
2023-12-13,ITA,ITA,5,123.21324920654295,15.0,LIME,1,NASDAQ,0.6,0.1,0.06,0.4,0.4,-,-
2023-12-13,QMOM,QMOM,6,47.66137313842773,14.75,LIME,1,NASDAQ,0.55,0.08,0.044,0.4,0.4,-,-
2023-12-14,XLK,XLK,1,93.81013488769533,16.0,LIME,1,NASDAQ,1.0,0.31,0.31,0.4,1.0,-,LIME
2023-12-14,ARKW,ARKW,2,73.88764190673828,15.0,LIME,1,NASDAQ,1.0,0.25,0.25,0.4,1.0,-,LIME
2023-12-14,ARKF,ARKF,3,26.606735229492188,15.0,LIME,1,NASDAQ,1.0,0.16,0.16,0.4,1.0,-,LIME
2023-12-14,SOXX,SOXX,4,186.0874481201172,15.0,LIME,1,NASDAQ,1.0,0.1,0.1,0.4,1.0,-,LIME
2023-12-14,XAR,XAR,5,131.7592010498047,15.0,LIME,1,NASDAQ,1.0,0.1,0.1,0.4,1.0,-,LIME
2023-12-14,ITA,ITA,6,122.4872589111328,15.0,LIME,1,NASDAQ,1.0,0.08,0.08,0.4,1.0,-,LIME
2023-12-15,XLK,XLK,1,94.28228759765624,16.0,LIME,1,NASDAQ,1.0,0.31,0.31,0.4,1.0,-,LIME
2023-12-15,QQQ,QQQ,2,399.3990478515625,15.75,LIME,1,NASDAQ,1.0,0.25,0.25,0.4,1.0,-,LIME
2023-12-15,ARKW,ARKW,3,73.01119995117188,15.0,LIME,1,NASDAQ,1.0,0.16,0.16,0.4,1.0,-,LIME
2023-12-15,ARKF,ARKF,4,26.28701400756836,15.0,LIME,1,NASDAQ,1.0,0.1,0.1,0.4,1.0,-,LIME
2023-12-15,SOXX,SOXX,5,186.7796630859375,15.0,LIME,1,NASDAQ,1.0,0.1,0.1,0.4,1.0,-,LIME
2023-12-15,XAR,XAR,6,131.26651000976562,15.0,LIME,1,NASDAQ,1.0,0.08,0.08,0.4,1.0,-,LIME
2023-12-18,XLK,XLK,1,94.5642318725586,16.0,LIME,1,NASDAQ,1.0,0.31,0.31,0.4,1.0,-,LIME
2023-12-18,QQQ,QQQ,2,401.9147338867188,16.0,LIME,1,NASDAQ,1.0,0.25,0.25,0.4,1.0,-,LIME
2023-12-18,SMH,SMH,3,172.03977966308594,15.5,LIME,1,NASDAQ,1.0,0.16,0.16,0.4,1.0,-,LIME
2023-12-18,ARKF,ARKF,4,26.79656982421875,15.0,LIME,1,NASDAQ,1.0,0.1,0.1,0.4,1.0,-,LIME
2023-12-18,ARKW,ARKW,5,73.19830322265625,15.0,LIME,1,NASDAQ,1.0,0.1,0.1,0.4,1.0,-,LIME
2023-12-18,SOXX,SOXX,6,186.2613220214844,15.0,LIME,1,NASDAQ,1.0,0.08,0.08,0.4,1.0,-,LIME
2023-12-19,XLK,XLK,1,94.9240493774414,16.0,LIME,1,NASDAQ,1.0,0.31,0.31,0.4,1.0,-,LIME
2023-12-19,SMH,SMH,2,172.61544799804688,15.75,LIME,1,NASDAQ,1.0,0.25,0.25,0.4,1.0,-,LIME
2023-12-19,QQQ,QQQ,3,403.9683837890625,16.0,LIME,1,NASDAQ,1.0,0.16,0.16,0.4,1.0,-,LIME
2023-12-19,ARKW,ARKW,4,75.3451156616211,15.25,LIME,1,NASDAQ,1.0,0.1,0.1,0.4,1.0,-,LIME
2023-12-19,VUG,VUG,5,308.0791320800781,15.75,LIME,1,NASDAQ,1.0,0.1,0.1,0.4,1.0,-,LIME
2023-12-19,ARKF,ARKF,6,27.55590438842773,15.0,LIME,1,NASDAQ,1.0,0.08,0.08,0.4,1.0,-,LIME
2023-12-20,446770,톱반도,1,15999.0,15.5,LIME,1,NASDAQ,1.0,0.31,0.31,1.0,1.0,LIME,LIME
2023-12-20,ARKF,ARKF,2,26.816551208496094,15.0,-,1,NASDAQ,1.0,0.25,0.25,1.0,1.0,LIME,LIME
2023-12-20,ARKW,ARKW,3,73.0013427734375,14.5,-,2,NASDAQ,1.0,0.16,0.16,1.0,1.0,LIME,LIME
2023-12-20,SMH,SMH,4,167.81175231933594,14.5,LIME,2,NASDAQ,1.0,0.1,0.1,1.0,1.0,LIME,LIME
2023-12-20,VUG,VUG,5,304.0402526855469,15.0,-,2,NASDAQ,1.0,0.1,0.1,1.0,1.0,LIME,LIME
2023-12-20,QQQ,QQQ,6,397.9654541015625,15.0,LIME,2,NASDAQ,1.0,0.08,0.08,1.0,1.0,LIME,LIME
2023-12-21,ARKF,ARKF,1,27.34609031677246,15.25,-,1,NASDAQ,1.0,0.31,0.31,1.0,1.0,LIME,LIME
2023-12-21,ARKW,ARKW,2,74.67546844482422,14.75,-,1,NASDAQ,1.0,0.25,0.25,1.0,1.0,LIME,LIME
2023-12-21,EWA,EWA,3,22.590824127197266,15.0,LIME,1,NASDAQ,1.0,0.16,0.16,1.0,1.0,LIME,LIME
2023-12-21,VUG,VUG,4,307.31011962890625,15.0,-,1,NASDAQ,1.0,0.1,0.1,1.0,1.0,LIME,LIME
2023-12-21,SMH,SMH,5,171.96038818359375,14.5,LIME,1,NASDAQ,1.0,0.1,0.1,1.0,1.0,LIME,LIME
2023-12-21,QQQ,QQQ,6,402.5959777832031,15.0,LIME,1,NASDAQ,1.0,0.08,0.08,1.0,1.0,LIME,LIME
2023-12-22,ARKF,ARKF,1,27.655818939208984,15.5,-,1,NASDAQ,1.0,0.31,0.31,1.0,1.0,LIME,LIME
2023-12-22,EWZ,EWZ,2,30.381505966186523,15.0,LIME,1,NASDAQ,1.0,0.25,0.25,1.0,1.0,LIME,LIME
2023-12-22,ARKW,ARKW,3,75.30572509765625,14.75,-,1,NASDAQ,1.0,0.16,0.16,1.0,1.0,LIME,LIME
2023-12-22,446770,톱반도,4,16073.0,15.0,LIME,1,NASDAQ,1.0,0.1,0.1,1.0,1.0,LIME,LIME
2023-12-22,EWA,EWA,5,22.646879196166992,15.0,LIME,1,NASDAQ,1.0,0.1,0.1,1.0,1.0,LIME,LIME
2023-12-22,SMH,SMH,6,171.98025512695312,14.25,LIME,1,NASDAQ,1.0,0.08,0.08,1.0,1.0,LIME,LIME
2023-12-26,ARKF,ARKF,1,27.8056869506836,15.75,-,1,NASDAQ,1.0,0.31,0.31,1.0,1.0,LIME,LIME
2023-12-26,EWZ,EWZ,2,30.84662628173828,15.0,LIME,1,NASDAQ,1.0,0.25,0.25,1.0,1.0,LIME,LIME
2023-12-26,ARKW,ARKW,3,76.02460479736328,14.75,-,1,NASDAQ,1.0,0.16,0.16,1.0,1.0,LIME,LIME
2023-12-26,446770,톱반도,4,16048.0,15.0,LIME,1,NASDAQ,1.0,0.1,0.1,1.0,1.0,LIME,LIME
2023-12-26,SOXX,SOXX,5,190.64210510253903,14.5,LIME,1,NASDAQ,1.0,0.1,0.1,1.0,1.0,LIME,LIME
2023-12-26,EWA,EWA,6,22.83373641967773,15.0,LIME,1,NASDAQ,1.0,0.08,0.08,1.0,1.0,LIME,LIME
2023-12-27,ARKF,ARKF,1,28.31524085998535,16.0,-,1,NASDAQ,1.0,0.31,0.31,1.0,1.0,LIME,LIME
2023-12-27,XAR,XAR,2,134.69284057617188,16.0,-,1,NASDAQ,1.0,0.25,0.25,1.0,1.0,LIME,LIME
2023-12-27,ARKW,ARKW,3,77.09801483154297,15.75,-,1,NASDAQ,1.0,0.16,0.16,1.0,1.0,LIME,LIME
2023-12-27,EWZ,EWZ,4,30.95193099975586,16.0,LIME,1,NASDAQ,1.0,0.1,0.1,1.0,1.0,LIME,LIME
2023-12-27,SMH,SMH,5,174.54087829589844,15.75,LIME,1,NASDAQ,1.0,0.1,0.1,1.0,1.0,LIME,LIME
2023-12-27,SOXX,SOXX,6,191.13189697265625,15.5,LIME,1,NASDAQ,1.0,0.08,0.08,1.0,1.0,LIME,LIME
2023-12-28,ARKF,ARKF,1,28.285266876220703,16.0,-,1,NASDAQ,1.0,0.31,0.31,1.0,1.0,LIME,LIME
2023-12-28,XAR,XAR,2,134.4755096435547,16.0,-,1,NASDAQ,1.0,0.25,0.25,1.0,1.0,LIME,LIME
2023-12-28,ARKW,ARKW,3,76.81242370605469,15.75,-,1,NASDAQ,1.0,0.16,0.16,1.0,1.0,LIME,LIME
2023-12-28,EWZ,EWZ,4,30.811521530151367,16.0,LIME,1,NASDAQ,1.0,0.1,0.1,1.0,1.0,LIME,LIME
2023-12-28,446770,톱반도,5,16341.0,16.0,LIME,1,NASDAQ,1.0,0.1,0.1,1.0,1.0,LIME,LIME
2023-12-28,SOXX,SOXX,6,190.77362060546875,15.75,LIME,1,NASDAQ,1.0,0.08,0.08,1.0,1.0,LIME,LIME
2023-12-29,ITA,ITA,1,124.6308822631836,16.0,-,1,NASDAQ,1.0,0.31,0.31,0.4,1.0,-,LIME
2023-12-29,ARKF,ARKF,2,27.55590438842773,15.0,-,2,NASDAQ,1.0,0.25,0.25,0.4,1.0,-,LIME
2023-12-29,EWT,EWT,3,42.61986541748047,16.0,LIME,1,NASDAQ,1.0,0.16,0.16,0.4,1.0,-,LIME
2023-12-29,EWZ,EWZ,4,30.67988395690918,15.0,LIME,2,NASDAQ,1.0,0.1,0.1,0.4,1.0,-,LIME
2023-12-29,SOXX,SOXX,5,189.373291015625,15.0,LIME,2,NASDAQ,1.0,0.1,0.1,0.4,1.0,-,LIME
2023-12-29,XAR,XAR,6,133.79380798339844,15.0,-,2,NASDAQ,1.0,0.08,0.08,0.4,1.0,-,LIME
2024-01-02,446770,톱반도,1,16427.0,16.0,LIME,1,NASDAQ,1.0,0.31,0.31,1.0,1.0,LIME,LIME
2024-01-02,091160,반도체,2,36271.0,16.0,LIME,1,KOSPI,1.0,0.25,0.25,1.0,1.0,LIME,LIME
2024-01-02,XLF,XLF,3,36.478214263916016,16.0,-,1,NASDAQ,1.0,0.16,0.16,1.0,1.0,LIME,LIME
2024-01-02,DIA,DIA,4,363.5556335449219,16.0,-,1,NASDAQ,1.0,0.1,0.1,1.0,1.0,LIME,LIME
2024-01-02,SRVR,SRVR,5,28.301626205444336,15.0,LIME,1,NASDAQ,1.0,0.1,0.1,1.0,1.0,LIME,LIME
2024-01-02,EWT,EWT,6,41.63840103149414,15.0,-,2,NASDAQ,1.0,0.08,0.08,1.0,1.0,LIME,LIME
2024-01-03,455850,반소부,1,13630.0,16.0,GREEN,1,KOSPI,1.0,0.31,0.31,1.0,0.4,LIME,-
2024-01-03,091160,반도체,2,35360.0,15.0,LIME,2,KOSPI,1.0,0.25,0.25,1.0,0.4,LIME,-
2024-01-03,446770,톱반도,3,15928.0,14.0,-,3,NASDAQ,0.5,0.16,0.08,1.0,0.4,LIME,-
2024-01-03,XLF,XLF,4,36.169090270996094,14.0,-,3,NASDAQ,0.5,0.1,0.05,1.0,0.4,LIME,-
2024-01-03,DIA,DIA,5,360.7789611816406,14.0,-,3,NASDAQ,0.5,0.1,0.05,1.0,0.4,LIME,-
2024-01-03,SRVR,SRVR,6,27.808847427368164,13.0,-,3,NASDAQ,0.45,0.08,0.036,1.0,0.4,LIME,-
2024-01-04,455850,반소부,1,13555.0,15.0,GREEN,2,KOSPI,0.55,0.31,0.1705,0.4,0.4,-,-
2024-01-04,091160,반도체,2,35261.0,13.5,-,3,KOSPI,0.45,0.25,0.1125,0.4,0.4,-,-
2024-01-04,KSA,KSA,3,40.20703506469727,13.5,-,1,NASDAQ,0.5,0.16,0.08,0.4,0.4,-,-
2024-01-04,453810,인디아,4,11637.0,15.25,-,1,NASDAQ,0.6,0.1,0.06,0.4,0.4,-,-
2024-01-04,XLV,XLV,5,134.14280700683594,15.0,LIME,1,NASDAQ,0.6,0.1,0.06,0.4,0.4,-,-
2024-01-04,XLF,XLF,6,36.31399154663086,12.5,-,2,NASDAQ,0.4,0.08,0.032,0.4,0.4,-,-
2024-01-05,453810,인디아,1,11716.0,16.0,-,1,NASDAQ,0.6,0.31,0.186,0.4,0.4,-,-
2024-01-05,KSA,KSA,2,40.357234954833984,13.5,-,1,NASDAQ,0.5,0.25,0.125,0.4,0.4,-,-
2024-01-05,455850,반소부,3,13510.0,12.75,-,3,KOSPI,0.4,0.16,0.064,0.4,0.4,-,-
2024-01-05,INDA,INDA,4,48.73740005493164,13.5,-,1,NASDAQ,0.5,0.1,0.05,0.4,0.4,-,-
2024-01-05,XLV,XLV,5,134.02720642089844,15.0,LIME,1,NASDAQ,0.6,0.1,0.06,0.4,0.4,-,-
2024-01-05,XLF,XLF,6,36.46855926513672,12.25,-,1,NASDAQ,0.4,0.08,0.032,0.4,0.4,-,-
2024-01-08,KSA,KSA,1,40.92049026489258,13.5,LIME,1,NASDAQ,0.5,0.33,0.165,0.4,0.4,-,-
2024-01-08,453810,인디아,2,11671.0,16.0,GREEN,1,NASDAQ,0.6,0.27,0.162,0.4,0.4,-,-
2024-01-08,INDA,INDA,3,48.73740005493164,14.5,-,1,NASDAQ,0.55,0.2,0.11,0.4,0.4,-,-
2024-01-08,XLV,XLV,4,135.21218872070312,15.0,LIME,1,NASDAQ,0.6,0.1,0.06,0.4,0.4,-,-
2024-01-08,XLF,XLF,5,36.70040893554688,12.25,-,1,NASDAQ,0.4,0.1,0.04,0.4,0.4,-,-
2024-01-09,KSA,KSA,1,40.3009033203125,14.25,-,1,NASDAQ,0.55,0.31,0.1705,0.4,0.4,-,-
2024-01-09,453810,인디아,2,11740.0,16.0,GREEN,1,NASDAQ,0.6,0.25,0.15,0.4,0.4,-,-
2024-01-09,XLF,XLF,3,36.46855926513672,13.75,-,1,NASDAQ,0.5,0.16,0.08,0.4,0.4,-,-
2024-01-09,XBI,XBI,4,93.11883544921876,12.75,-,1,NASDAQ,0.4,0.1,0.04,0.4,0.4,-,-
2024-01-09,INDA,INDA,5,48.499122619628906,14.25,-,3,NASDAQ,0.5,0.1,0.05,0.4,0.4,-,-
2024-01-09,XLV,XLV,6,135.1929168701172,15.0,LIME,1,NASDAQ,0.6,0.08,0.048,0.4,0.4,-,-
2024-01-10,XLF,XLF,1,36.52652359008789,15.25,-,1,NASDAQ,0.6,0.31,0.186,0.4,0.4,-,-
2024-01-10,XBI,XBI,2,92.05435180664062,14.25,-,1,NASDAQ,0.55,0.25,0.1375,0.4,0.4,-,-
2024-01-10,GREK,GREK,3,35.642845153808594,13.75,LIME,1,NASDAQ,0.5,0.16,0.08,0.4,0.4,-,-
2024-01-10,KSA,KSA,4,40.09437561035156,13.5,-,2,NASDAQ,0.45,0.1,0.045,0.4,0.4,-,-
2024-01-10,INDA,INDA,5,48.79697036743164,14.5,-,1,NASDAQ,0.55,0.1,0.055,0.4,0.4,-,-
2024-01-10,XLV,XLV,6,135.8094940185547,15.0,LIME,1,NASDAQ,0.6,0.08,0.048,0.4,0.4,-,-
2024-01-11,GREK,GREK,1,35.77195739746094,14.75,LIME,1,NASDAQ,0.55,0.31,0.1705,0.4,0.4,-,-
2024-01-11,EWJ,EWJ,2,61.49505615234375,15.0,LIME,1,NASDAQ,0.6,0.25,0.15,0.4,0.4,-,-
2024-01-11,XLF,XLF,3,36.39127349853516,13.75,-,3,NASDAQ,0.45,0.16,0.072,0.4,0.4,-,-
2024-01-11,XLC,XLC,4,71.54708862304688,15.0,LIME,1,NASDAQ,0.6,0.1,0.06,0.4,0.4,-,-
2024-01-11,XBI,XBI,5,90.00493621826172,12.75,-,3,NASDAQ,0.4,0.1,0.04,0.4,0.4,-,-
2024-01-11,INDA,INDA,6,48.8366813659668,14.5,-,1,NASDAQ,0.55,0.08,0.044,0.4,0.4,-,-
2024-01-12,GREK,GREK,1,35.98405456542969,15.0,LIME,1,NASDAQ,0.6,0.31,0.186,0.1,0.4,PURPLE,-
2024-01-12,EWJ,EWJ,2,62.08383560180664,15.5,LIME,1,NASDAQ,0.6,0.25,0.15,0.1,0.4,PURPLE,-
2024-01-12,241180,니케이,3,18966.0,15.25,LIME,1,NASDAQ,0.6,0.16,0.096,0.1,0.4,PURPLE,-
2024-01-12,QMOM,QMOM,4,49.75536346435547,13.5,-,1,NASDAQ,0.5,0.1,0.05,0.1,0.4,PURPLE,-
2024-01-12,INDA,INDA,5,49.60115051269531,14.5,-,1,NASDAQ,0.55,0.1,0.055,0.1,0.4,PURPLE,-
2024-01-12,XLC,XLC,6,71.89775848388672,15.5,LIME,1,NASDAQ,0.6,0.08,0.048,0.1,0.4,PURPLE,-
2024-01-15,241180,니케이,1,19313.0,16.0,LIME,1,NASDAQ,0.6,0.35,0.21,0.1,0.4,PURPLE,-
2024-01-15,453810,인디아,2,11989.0,15.0,GREEN,1,NASDAQ,0.6,0.3,0.18,0.1,0.4,PURPLE,-
2024-01-15,446770,톱반도,3,16302.0,13.0,-,1,NASDAQ,0.5,0.25,0.125,0.1,0.4,PURPLE,-
2024-01-15,449180,에센피,4,11128.0,12.25,-,1,NASDAQ,0.4,0.1,0.04,0.1,0.4,PURPLE,-
2024-01-16,241180,니케이,1,19108.0,16.0,LIME,1,NASDAQ,0.6,0.31,0.186,0.1,0.4,PURPLE,-
2024-01-16,EWJ,EWJ,2,61.62589645385742,16.0,LIME,1,NASDAQ,0.6,0.25,0.15,0.1,0.4,PURPLE,-
2024-01-16,453810,인디아,3,12095.0,16.0,GREEN,1,NASDAQ,0.6,0.16,0.096,0.1,0.4,PURPLE,-
2024-01-16,INDA,INDA,4,49.04517364501953,16.0,-,1,NASDAQ,0.6,0.1,0.06,0.1,0.4,PURPLE,-
2024-01-16,QMOM,QMOM,5,49.52973556518555,13.75,-,1,NASDAQ,0.5,0.1,0.05,0.1,0.4,PURPLE,-
2024-01-16,446770,톱반도,6,16364.0,12.5,-,1,NASDAQ,0.4,0.08,0.032,0.1,0.4,PURPLE,-
2024-01-17,241180,니케이,1,19005.0,15.0,LIME,2,NASDAQ,0.55,0.31,0.1705,0.1,0.4,PURPLE,-
2024-01-17,EWJ,EWJ,2,60.85954284667969,15.0,-,2,NASDAQ,0.55,0.25,0.1375,0.1,0.4,PURPLE,-
2024-01-17,453810,인디아,3,11905.0,16.0,GREEN,1,NASDAQ,0.6,0.16,0.096,0.1,0.4,PURPLE,-
2024-01-17,QMOM,QMOM,4,49.38258743286133,13.25,-,2,NASDAQ,0.45,0.1,0.045,0.1,0.4,PURPLE,-
2024-01-17,446770,톱반도,5,16526.0,13.25,-,1,NASDAQ,0.5,0.1,0.05,0.1,0.4,PURPLE,-
2024-01-17,INDA,INDA,6,48.479270935058594,14.0,-,3,NASDAQ,0.5,0.08,0.04,0.1,0.4,PURPLE,-
2024-01-18,QMOM,QMOM,1,50.02022552490234,13.75,-,1,NASDAQ,0.5,0.31,0.155,0.1,0.4,PURPLE,-
2024-01-18,446770,톱반도,2,16541.0,13.5,-,1,NASDAQ,0.5,0.25,0.125,0.1,0.4,PURPLE,-
2024-01-18,241180,니케이,3,18951.0,13.75,LIME,2,NASDAQ,0.45,0.16,0.072,0.1,0.4,PURPLE,-
2024-01-18,VUG,VUG,4,311.7722473144531,13.5,-,1,NASDAQ,0.5,0.1,0.05,0.1,0.4,PURPLE,-
2024-01-18,EWJ,EWJ,5,61.42963409423828,13.75,-,2,NASDAQ,0.45,0.1,0.045,0.1,0.4,PURPLE,-
2024-01-18,453810,인디아,6,11823.0,15.0,-,2,NASDAQ,0.55,0.08,0.044,0.1,0.4,PURPLE,-
2024-01-19,446770,톱반도,1,17309.0,14.75,LIME,1,NASDAQ,0.55,0.31,0.1705,0.1,0.4,PURPLE,-
2024-01-19,QMOM,QMOM,2,50.54995346069336,14.25,-,1,NASDAQ,0.55,0.25,0.1375,0.1,0.4,PURPLE,-
2024-01-19,SMH,SMH,3,185.7759704589844,14.0,LIME,1,NASDAQ,0.55,0.16,0.088,0.1,0.4,PURPLE,-
2024-01-19,VUG,VUG,4,316.5805969238281,14.0,-,1,NASDAQ,0.55,0.1,0.055,0.1,0.4,PURPLE,-
2024-01-19,XLK,XLK,5,98.66522979736328,13.5,LIME,1,NASDAQ,0.5,0.1,0.05,0.1,0.4,PURPLE,-
2024-01-19,EWJ,EWJ,6,61.5885124206543,13.5,-,1,NASDAQ,0.5,0.08,0.04,0.1,0.4,PURPLE,-
2024-01-22,446770,톱반도,1,17834.0,16.0,LIME,1,NASDAQ,1.0,0.31,0.31,0.1,1.0,PURPLE,LIME
2024-01-22,SMH,SMH,2,186.6394500732422,14.75,LIME,1,NASDAQ,1.0,0.25,0.25,0.1,1.0,PURPLE,LIME
2024-01-22,QMOM,QMOM,3,51.13854217529297,14.75,LIME,1,NASDAQ,1.0,0.16,0.16,0.1,1.0,PURPLE,LIME
2024-01-22,XLK,XLK,4,99.0989761352539,14.25,LIME,1,NASDAQ,1.0,0.1,0.1,0.1,1.0,PURPLE,LIME
2024-01-22,VUG,VUG,5,317.0851745605469,14.5,LIME,1,NASDAQ,1.0,0.1,0.1,0.1,1.0,PURPLE,LIME
2024-01-22,EWJ,EWJ,6,62.31747817993164,13.5,-,1,NASDAQ,1.0,0.08,0.08,0.1,1.0,PURPLE,LIME
2024-01-23,446770,톱반도,1,17742.0,16.0,LIME,1,NASDAQ,1.0,0.31,0.31,0.1,1.0,PURPLE,LIME
2024-01-23,QMOM,QMOM,2,50.55976486206055,16.0,LIME,1,NASDAQ,1.0,0.25,0.25,0.1,1.0,PURPLE,LIME
2024-01-23,SMH,SMH,3,187.59225463867188,15.5,LIME,1,NASDAQ,1.0,0.16,0.16,0.1,1.0,PURPLE,LIME
2024-01-23,XLK,XLK,4,99.49823760986328,15.5,LIME,1,NASDAQ,1.0,0.1,0.1,0.1,1.0,PURPLE,LIME
2024-01-23,QQQ,QQQ,5,418.3265075683594,15.5,LIME,1,NASDAQ,1.0,0.1,0.1,0.1,1.0,PURPLE,LIME
2024-01-23,VUG,VUG,6,318.0745544433594,15.5,LIME,1,NASDAQ,1.0,0.08,0.08,0.1,1.0,PURPLE,LIME
2024-01-24,SMH,SMH,1,190.9270477294922,16.0,LIME,1,NASDAQ,1.0,0.31,0.31,0.1,1.0,PURPLE,LIME
2024-01-24,446770,톱반도,2,17948.0,16.0,LIME,1,NASDAQ,1.0,0.25,0.25,0.1,1.0,PURPLE,LIME
2024-01-24,XLK,XLK,3,100.18336486816406,16.0,LIME,1,NASDAQ,1.0,0.16,0.16,0.1,1.0,PURPLE,LIME
2024-01-24,SOXX,SOXX,4,202.50216674804688,15.5,LIME,1,NASDAQ,1.0,0.1,0.1,0.1,1.0,PURPLE,LIME
2024-01-24,449190,나스닥,5,13881.0,16.0,LIME,1,NASDAQ,1.0,0.1,0.1,0.1,1.0,PURPLE,LIME
2024-01-24,QQQ,QQQ,6,420.64794921875,16.0,LIME,1,NASDAQ,1.0,0.08,0.08,0.1,1.0,PURPLE,LIME
2024-01-25,SMH,SMH,1,190.9270477294922,16.0,LIME,1,NASDAQ,1.0,0.31,0.31,0.1,1.0,PURPLE,LIME
2024-01-25,SOXX,SOXX,2,201.94009399414065,16.0,LIME,1,NASDAQ,1.0,0.25,0.25,0.1,1.0,PURPLE,LIME
2024-01-25,446770,톱반도,3,18463.0,16.0,LIME,1,NASDAQ,1.0,0.16,0.16,0.1,1.0,PURPLE,LIME
2024-01-25,XLK,XLK,4,100.6023406982422,16.0,LIME,1,NASDAQ,1.0,0.1,0.1,0.1,1.0,PURPLE,LIME
2024-01-25,QQQ,QQQ,5,421.1616516113281,16.0,LIME,1,NASDAQ,1.0,0.1,0.1,0.1,1.0,PURPLE,LIME
2024-01-25,449190,나스닥,6,13886.0,16.0,LIME,1,NASDAQ,1.0,0.08,0.08,0.1,1.0,PURPLE,LIME
2024-01-26,446770,톱반도,1,18300.0,16.0,LIME,1,NASDAQ,1.0,0.31,0.31,0.1,1.0,PURPLE,LIME
2024-01-26,XLF,XLF,2,37.338008880615234,16.0,LIME,1,NASDAQ,1.0,0.25,0.25,0.1,1.0,PURPLE,LIME
2024-01-26,XLC,XLC,3,75.66749572753906,16.0,LIME,1,NASDAQ,1.0,0.16,0.16,0.1,1.0,PURPLE,LIME
2024-01-26,VUG,VUG,4,319.390380859375,16.0,LIME,1,NASDAQ,1.0,0.1,0.1,0.1,1.0,PURPLE,LIME
2024-01-26,ITOT,ITOT,5,104.44828033447266,16.0,LIME,1,NASDAQ,1.0,0.1,0.1,0.1,1.0,PURPLE,LIME
2024-01-26,SMH,SMH,6,186.8578186035156,15.0,LIME,2,NASDAQ,1.0,0.08,0.08,0.1,1.0,PURPLE,LIME
2024-01-29,446770,톱반도,1,18415.0,16.0,LIME,1,NASDAQ,1.0,0.31,0.31,0.1,1.0,PURPLE,LIME
2024-01-29,VUG,VUG,2,323.1896057128906,16.0,LIME,1,NASDAQ,1.0,0.25,0.25,0.1,1.0,PURPLE,LIME
2024-01-29,XLC,XLC,3,76.30065155029297,16.0,LIME,1,NASDAQ,1.0,0.16,0.16,0.1,1.0,PURPLE,LIME
2024-01-29,BOTZ,BOTZ,4,29.31988906860352,15.5,LIME,1,NASDAQ,1.0,0.1,0.1,0.1,1.0,PURPLE,LIME
2024-01-29,XLF,XLF,5,37.43461608886719,16.0,LIME,1,NASDAQ,1.0,0.1,0.1,0.1,1.0,PURPLE,LIME
2024-01-29,ITOT,ITOT,6,105.43134307861328,16.0,LIME,1,NASDAQ,1.0,0.08,0.08,0.1,1.0,PURPLE,LIME
2024-01-30,446770,톱반도,1,18469.0,16.0,LIME,1,NASDAQ,1.0,0.31,0.31,0.4,1.0,-,LIME
2024-01-30,BOTZ,BOTZ,2,28.99256896972656,15.75,LIME,1,NASDAQ,1.0,0.25,0.25,0.4,1.0,-,LIME
2024-01-30,XLF,XLF,3,37.90798568725586,16.0,LIME,1,NASDAQ,1.0,0.16,0.16,0.4,1.0,-,LIME
2024-01-30,VUG,VUG,4,321.1514892578125,16.0,LIME,1,NASDAQ,1.0,0.1,0.1,0.4,1.0,-,LIME
2024-01-30,XLC,XLC,5,75.78439331054688,16.0,LIME,1,NASDAQ,1.0,0.1,0.1,0.4,1.0,-,LIME
2024-01-30,ITOT,ITOT,6,105.22694396972656,16.0,LIME,1,NASDAQ,1.0,0.08,0.08,0.4,1.0,-,LIME
2024-01-31,091170,은행주,1,6305.0,16.0,LIME,1,KOSPI,0.6,0.31,0.186,0.4,1.0,-,LIME
2024-01-31,446770,톱반도,2,18117.0,15.0,LIME,2,NASDAQ,1.0,0.25,0.25,0.4,1.0,-,LIME
2024-01-31,449180,에센피,3,11398.0,16.0,LIME,1,NASDAQ,1.0,0.16,0.16,0.4,1.0,-,LIME
2024-01-31,XLF,XLF,4,37.44427108764648,15.0,LIME,2,NASDAQ,1.0,0.1,0.1,0.4,1.0,-,LIME
2024-01-31,DIA,DIA,5,367.8910217285156,15.0,LIME,2,NASDAQ,1.0,0.1,0.1,0.4,1.0,-,LIME
2024-01-31,BOTZ,BOTZ,6,28.34784889221192,14.0,LIME,3,NASDAQ,1.0,0.08,0.08,0.4,1.0,-,LIME
2024-02-01,091170,은행주,1,6608.0,16.0,LIME,1,KOSPI,0.6,0.31,0.186,0.4,0.4,-,-
2024-02-01,INDA,INDA,2,49.86921310424805,15.5,-,1,NASDAQ,0.6,0.25,0.15,0.4,0.4,-,-
2024-02-01,QMOM,QMOM,3,51.40340805053711,14.25,-,1,NASDAQ,0.55,0.16,0.088,0.4,0.4,-,-
2024-02-01,DIA,DIA,4,371.4892578125,15.0,LIME,1,NASDAQ,0.6,0.1,0.06,0.4,0.4,-,-
2024-02-01,FEZ,FEZ,5,45.624881744384766,15.0,LIME,1,NASDAQ,0.6,0.1,0.06,0.4,0.4,-,-
2024-02-01,XLF,XLF,6,37.50223159790039,14.0,LIME,2,NASDAQ,0.5,0.08,0.04,0.4,0.4,-,-
2024-02-02,091170,은행주,1,6980.0,16.0,LIME,1,KOSPI,1.0,0.31,0.31,1.0,0.4,LIME,-
2024-02-02,INDA,INDA,2,50.01813507080078,16.0,-,1,NASDAQ,0.6,0.25,0.15,1.0,0.4,LIME,-
2024-02-02,QMOM,QMOM,3,52.57077407836914,14.25,-,1,NASDAQ,0.55,0.16,0.088,1.0,0.4,LIME,-
2024-02-02,PDP,PDP,4,89.14185333251953,14.5,LIME,1,NASDAQ,0.55,0.1,0.055,1.0,0.4,LIME,-
2024-02-02,DIA,DIA,5,372.7625732421875,15.0,LIME,1,NASDAQ,0.6,0.1,0.06,1.0,0.4,LIME,-
2024-02-02,XLF,XLF,6,37.65680694580078,13.75,LIME,1,NASDAQ,0.5,0.08,0.04,1.0,0.4,LIME,-
2024-02-05,091170,은행주,1,6753.0,16.0,LIME,1,KOSPI,1.0,0.31,0.31,1.0,1.0,LIME,LIME
2024-02-05,091180,자동차,2,19729.0,15.0,LIME,1,KOSPI,1.0,0.25,0.25,1.0,1.0,LIME,LIME
2024-02-05,INDA,INDA,3,49.75007629394531,16.0,-,1,NASDAQ,1.0,0.16,0.16,1.0,1.0,LIME,LIME
2024-02-05,GREK,GREK,4,36.666481018066406,15.25,LIME,1,NASDAQ,1.0,0.1,0.1,1.0,1.0,LIME,LIME
2024-02-05,102970,증권주,5,6616.0,15.0,LIME,1,KOSPI,1.0,0.1,0.1,1.0,1.0,LIME,LIME
2024-02-05,QMOM,QMOM,6,51.83504104614258,14.25,-,1,NASDAQ,1.0,0.08,0.08,1.0,1.0,LIME,LIME
2024-02-06,091170,은행주,1,6706.0,16.0,LIME,1,KOSPI,1.0,0.31,0.31,1.0,1.0,LIME,LIME
2024-02-06,091180,자동차,2,19076.0,16.0,LIME,1,KOSPI,1.0,0.25,0.25,1.0,1.0,LIME,LIME
2024-02-06,GREK,GREK,3,37.07224655151367,16.0,LIME,1,NASDAQ,1.0,0.16,0.16,1.0,1.0,LIME,LIME
2024-02-06,QMOM,QMOM,4,51.76637268066406,15.75,-,1,NASDAQ,1.0,0.1,0.1,1.0,1.0,LIME,LIME
2024-02-06,PDP,PDP,5,89.01228332519531,16.0,LIME,1,NASDAQ,1.0,0.1,0.1,1.0,1.0,LIME,LIME
2024-02-06,INDA,INDA,6,50.415260314941406,16.0,LIME,1,NASDAQ,1.0,0.08,0.08,1.0,1.0,LIME,LIME
2024-02-07,QMOM,QMOM,1,52.86507034301758,16.0,LIME,1,NASDAQ,1.0,0.31,0.31,1.0,1.0,LIME,LIME
2024-02-07,446770,톱반도,2,18931.0,15.75,LIME,1,NASDAQ,1.0,0.25,0.25,1.0,1.0,LIME,LIME
2024-02-07,091180,자동차,3,19829.0,16.0,LIME,1,KOSPI,1.0,0.16,0.16,1.0,1.0,LIME,LIME
2024-02-07,VUG,VUG,4,329.8678894042969,16.0,LIME,1,NASDAQ,1.0,0.1,0.1,1.0,1.0,LIME,LIME
2024-02-07,091170,은행주,5,6813.0,15.75,LIME,1,KOSPI,1.0,0.1,0.1,1.0,1.0,LIME,LIME
2024-02-07,PDP,PDP,6,90.2082748413086,16.0,LIME,1,NASDAQ,1.0,0.08,0.08,1.0,1.0,LIME,LIME
2024-02-08,446770,톱반도,1,19294.0,16.0,LIME,1,NASDAQ,1.0,0.31,0.31,1.0,1.0,LIME,LIME
2024-02-08,QMOM,QMOM,2,53.36537170410156,16.0,LIME,1,NASDAQ,1.0,0.25,0.25,1.0,1.0,LIME,LIME
2024-02-08,091180,자동차,3,19869.0,16.0,LIME,1,KOSPI,1.0,0.16,0.16,1.0,1.0,LIME,LIME
2024-02-08,VUG,VUG,4,330.4219665527344,16.0,LIME,1,NASDAQ,1.0,0.1,0.1,1.0,1.0,LIME,LIME
2024-02-08,GREK,GREK,5,37.23823928833008,16.0,LIME,1,NASDAQ,1.0,0.1,0.1,1.0,1.0,LIME,LIME
2024-02-08,PDP,PDP,6,90.7564468383789,16.0,LIME,1,NASDAQ,1.0,0.08,0.08,1.0,1.0,LIME,LIME
2024-02-09,SMH,SMH,1,202.3209381103516,16.0,LIME,1,NASDAQ,1.0,0.33,0.33,0.4,1.0,-,LIME
2024-02-09,QMOM,QMOM,2,53.92453002929688,16.0,LIME,1,NASDAQ,1.0,0.27,0.27,0.4,1.0,-,LIME
2024-02-09,GREK,GREK,3,37.256683349609375,16.0,LIME,1,NASDAQ,1.0,0.2,0.2,0.4,1.0,-,LIME
2024-02-09,VUG,VUG,4,334.092529296875,16.0,LIME,1,NASDAQ,1.0,0.1,0.1,0.4,1.0,-,LIME
2024-02-09,PDP,PDP,5,91.67337799072266,16.0,LIME,1,NASDAQ,1.0,0.1,0.1,0.4,1.0,-,LIME
2024-02-12,SMH,SMH,1,201.536865234375,16.0,LIME,1,NASDAQ,0.6,0.31,0.186,0.4,0.4,-,-
2024-02-12,QMOM,QMOM,2,53.81662368774414,16.0,LIME,1,NASDAQ,0.6,0.25,0.15,0.4,0.4,-,-
2024-02-12,PTF,PTF,3,55.16171646118164,15.75,LIME,1,NASDAQ,0.6,0.16,0.096,0.4,0.4,-,-
2024-02-12,VUG,VUG,4,332.1731262207031,16.0,-,1,NASDAQ,0.6,0.1,0.06,0.4,0.4,-,-
2024-02-12,PDP,PDP,5,91.3943099975586,16.0,LIME,1,NASDAQ,0.6,0.1,0.06,0.4,0.4,-,-
2024-02-12,GREK,GREK,6,36.76792526245117,15.0,LIME,2,NASDAQ,0.55,0.08,0.044,0.4,0.4,-,-
2024-02-13,446770,톱반도,1,19766.0,16.0,LIME,1,NASDAQ,1.0,0.31,0.31,1.0,1.0,LIME,LIME
2024-02-13,091180,자동차,2,20105.0,16.0,LIME,1,KOSPI,1.0,0.25,0.25,1.0,1.0,LIME,LIME
2024-02-13,325020,케모멘,3,13153.0,16.0,LIME,1,KOSPI,1.0,0.16,0.16,1.0,1.0,LIME,LIME
2024-02-13,091170,은행주,4,6980.0,15.5,LIME,1,KOSPI,1.0,0.1,0.1,1.0,1.0,LIME,LIME
2024-02-13,449180,에센피,5,11651.0,16.0,LIME,1,NASDAQ,1.0,0.1,0.1,1.0,1.0,LIME,LIME
2024-02-13,SMH,SMH,6,197.80506896972656,15.0,LIME,2,NASDAQ,1.0,0.08,0.08,1.0,1.0,LIME,LIME
2024-02-14,446770,톱반도,1,19628.0,16.0,LIME,1,NASDAQ,0.6,0.31,0.186,1.0,0.4,LIME,-
2024-02-14,091180,자동차,2,20101.0,16.0,LIME,1,KOSPI,1.0,0.25,0.25,1.0,0.4,LIME,-
2024-02-14,EIS,EIS,3,58.61429977416992,16.0,LIME,1,NASDAQ,0.6,0.16,0.096,1.0,0.4,LIME,-
2024-02-14,JETS,JETS,4,19.86727523803711,15.5,LIME,1,NASDAQ,0.6,0.1,0.06,1.0,0.4,LIME,-
2024-02-14,SMH,SMH,5,201.7750701904297,14.75,LIME,1,NASDAQ,0.55,0.1,0.055,1.0,0.4,LIME,-
2024-02-14,091170,은행주,6,6845.0,14.5,LIME,2,KOSPI,1.0,0.08,0.08,1.0,0.4,LIME,-
2024-02-15,446770,톱반도,1,19869.0,16.0,LIME,1,NASDAQ,0.6,0.31,0.186,1.0,0.4,LIME,-
2024-02-15,JETS,JETS,2,20.065649032592773,15.75,LIME,1,NASDAQ,0.6,0.25,0.15,1.0,0.4,LIME,-
2024-02-15,EIS,EIS,3,59.56375503540039,16.0,LIME,1,NASDAQ,0.6,0.16,0.096,1.0,0.4,LIME,-
2024-02-15,241180,니케이,4,19984.0,15.25,-,1,NASDAQ,0.6,0.1,0.06,1.0,0.4,LIME,-
2024-02-15,KSA,KSA,5,41.75598907470703,15.5,LIME,1,NASDAQ,0.6,0.1,0.06,1.0,0.4,LIME,-
2024-02-15,091180,자동차,6,19715.0,15.0,LIME,2,KOSPI,1.0,0.08,0.08,1.0,0.4,LIME,-
2024-02-16,446770,톱반도,1,19976.0,16.0,LIME,1,NASDAQ,0.6,0.31,0.186,1.0,0.4,LIME,-
2024-02-16,JETS,JETS,2,19.827598571777344,16.0,LIME,1,NASDAQ,0.6,0.25,0.15,1.0,0.4,LIME,-
2024-02-16,241180,니케이,3,20224.0,16.0,LIME,1,NASDAQ,0.6,0.16,0.096,1.0,0.4,LIME,-
2024-02-16,EIS,EIS,4,59.399051666259766,16.0,LIME,1,NASDAQ,0.6,0.1,0.06,1.0,0.4,LIME,-
2024-02-16,KSA,KSA,5,41.831085205078125,16.0,LIME,1,NASDAQ,0.6,0.1,0.06,1.0,0.4,LIME,-
2024-02-16,091180,자동차,6,20247.0,15.0,LIME,1,KOSPI,1.0,0.08,0.08,1.0,0.4,LIME,-
2024-02-19,446770,톱반도,1,19845.0,16.0,LIME,1,NASDAQ,0.6,0.33,0.198,1.0,0.4,LIME,-
2024-02-19,241180,니케이,2,20170.0,16.0,LIME,1,NASDAQ,0.6,0.27,0.162,1.0,0.4,LIME,-
2024-02-19,091180,자동차,3,20491.0,15.0,LIME,1,KOSPI,1.0,0.2,0.2,1.0,0.4,LIME,-
2024-02-19,434730,원자력,4,12099.0,15.25,LIME,1,KOSPI,1.0,0.1,0.1,1.0,0.4,LIME,-
2024-02-19,449450,방산주,5,12715.0,14.75,LIME,1,KOSPI,1.0,0.1,0.1,1.0,0.4,LIME,-
2024-02-20,JETS,JETS,1,19.916868209838867,16.0,LIME,1,NASDAQ,0.6,0.31,0.186,1.0,0.4,LIME,-
2024-02-20,241180,니케이,2,20185.0,16.0,LIME,1,NASDAQ,0.6,0.25,0.15,1.0,0.4,LIME,-
2024-02-20,EIS,EIS,3,58.91463470458984,16.0,LIME,1,NASDAQ,0.6,0.16,0.096,1.0,0.4,LIME,-
2024-02-20,KSA,KSA,4,41.9625129699707,16.0,LIME,1,NASDAQ,0.6,0.1,0.06,1.0,0.4,LIME,-
2024-02-20,XLI,XLI,5,114.04227447509766,16.0,-,1,NASDAQ,0.6,0.1,0.06,1.0,0.4,LIME,-
2024-02-20,446770,톱반도,6,19810.0,15.0,LIME,2,NASDAQ,0.55,0.08,0.044,1.0,0.4,LIME,-
2024-02-21,102970,증권주,1,7005.0,16.0,LIME,1,KOSPI,1.0,0.31,0.31,1.0,0.4,LIME,-
2024-02-21,091180,자동차,2,20213.0,16.0,LIME,1,KOSPI,1.0,0.25,0.25,1.0,0.4,LIME,-
2024-02-21,449450,방산주,3,12810.0,16.0,LIME,1,KOSPI,1.0,0.16,0.16,1.0,0.4,LIME,-
2024-02-21,INDA,INDA,4,50.8123893737793,16.0,LIME,1,NASDAQ,0.6,0.1,0.06,1.0,0.4,LIME,-
2024-02-21,KSA,KSA,5,41.84047317504883,16.0,LIME,1,NASDAQ,0.6,0.1,0.06,1.0,0.4,LIME,-
2024-02-21,XLI,XLI,6,114.497802734375,15.75,-,1,NASDAQ,0.6,0.08,0.048,1.0,0.4,LIME,-
2024-02-22,091180,자동차,1,20504.0,16.0,LIME,1,KOSPI,1.0,0.31,0.31,1.0,0.4,LIME,-
2024-02-22,449450,방산주,2,13128.0,16.0,LIME,1,KOSPI,1.0,0.25,0.25,1.0,0.4,LIME,-
2024-02-22,INDA,INDA,3,51.358436584472656,16.0,LIME,1,NASDAQ,0.6,0.16,0.096,1.0,0.4,LIME,-
2024-02-22,KSA,KSA,4,41.95311737060547,16.0,LIME,1,NASDAQ,0.6,0.1,0.06,1.0,0.4,LIME,-
2024-02-22,XLV,XLV,5,141.77288818359375,16.0,LIME,1,NASDAQ,0.6,0.1,0.06,1.0,0.4,LIME,-
2024-02-22,XLI,XLI,6,115.91290283203124,15.75,-,1,NASDAQ,0.6,0.08,0.048,1.0,0.4,LIME,-
2024-02-23,091180,자동차,1,20429.0,16.0,-,1,KOSPI,1.0,0.31,0.31,1.0,1.0,LIME,LIME
2024-02-23,449450,방산주,2,12939.0,16.0,LIME,1,KOSPI,1.0,0.25,0.25,1.0,1.0,LIME,LIME
2024-02-23,KSA,KSA,3,42.07516098022461,16.0,LIME,1,NASDAQ,1.0,0.16,0.16,1.0,1.0,LIME,LIME
2024-02-23,INDA,INDA,4,51.42793273925781,16.0,LIME,1,NASDAQ,1.0,0.1,0.1,1.0,1.0,LIME,LIME
2024-02-23,XLV,XLV,5,142.447265625,16.0,LIME,1,NASDAQ,1.0,0.1,0.1,1.0,1.0,LIME,LIME
2024-02-23,XLI,XLI,6,116.5235366821289,15.75,-,1,NASDAQ,1.0,0.08,0.08,1.0,1.0,LIME,LIME
2024-02-26,449450,방산주,1,13247.0,16.0,LIME,1,KOSPI,0.6,0.31,0.186,0.4,1.0,-,LIME
2024-02-26,XLV,XLV,2,141.715087890625,16.0,LIME,1,NASDAQ,1.0,0.25,0.25,0.4,1.0,-,LIME
2024-02-26,XLF,XLF,3,38.73878479003906,15.75,LIME,1,NASDAQ,1.0,0.16,0.16,0.4,1.0,-,LIME
2024-02-26,434730,원자력,4,12595.0,16.0,LIME,1,KOSPI,0.6,0.1,0.06,0.4,1.0,-,LIME
2024-02-26,XLI,XLI,5,116.34906768798828,15.75,-,1,NASDAQ,1.0,0.1,0.1,0.4,1.0,-,LIME
2024-02-26,INDA,INDA,6,51.18965911865234,15.0,LIME,2,NASDAQ,1.0,0.08,0.08,0.4,1.0,-,LIME
2024-02-27,XBI,XBI,1,102.36109924316406,16.0,LIME,1,NASDAQ,1.0,0.31,0.31,0.4,1.0,-,LIME
2024-02-27,446770,톱반도,2,20351.0,16.0,-,1,NASDAQ,1.0,0.25,0.25,0.4,1.0,-,LIME
2024-02-27,449450,방산주,3,13570.0,16.0,LIME,1,KOSPI,0.6,0.16,0.096,0.4,1.0,-,LIME
2024-02-27,SOXX,SOXX,4,211.07183837890625,15.75,LIME,1,NASDAQ,1.0,0.1,0.1,0.4,1.0,-,LIME
2024-02-27,BOTZ,BOTZ,5,30.887052536010746,16.0,LIME,1,NASDAQ,1.0,0.1,0.1,0.4,1.0,-,LIME
2024-02-27,XLF,XLF,6,38.84505462646485,16.0,LIME,1,NASDAQ,1.0,0.08,0.08,0.4,1.0,-,LIME
2024-02-28,XBI,XBI,1,101.0080795288086,16.0,LIME,1,NASDAQ,1.0,0.31,0.31,0.4,1.0,-,LIME
2024-02-28,446770,톱반도,2,20321.0,16.0,-,1,NASDAQ,1.0,0.25,0.25,0.4,1.0,-,LIME
2024-02-28,449450,방산주,3,13983.0,16.0,LIME,1,KOSPI,0.6,0.16,0.096,0.4,1.0,-,LIME
2024-02-28,PDP,PDP,4,94.25475311279295,16.0,LIME,1,NASDAQ,1.0,0.1,0.1,0.4,1.0,-,LIME
2024-02-28,XLI,XLI,5,116.92093658447266,16.0,LIME,1,NASDAQ,1.0,0.1,0.1,0.4,1.0,-,LIME
2024-02-28,XLF,XLF,6,38.98995590209961,16.0,LIME,1,NASDAQ,1.0,0.08,0.08,0.4,1.0,-,LIME
2024-02-29,QMOM,QMOM,1,55.99440002441406,16.0,LIME,1,NASDAQ,1.0,0.31,0.31,0.4,1.0,-,LIME
2024-02-29,449450,방산주,2,13725.0,16.0,LIME,1,KOSPI,0.6,0.25,0.15,0.4,1.0,-,LIME
2024-02-29,EIS,EIS,3,61.74362182617188,16.0,LIME,1,NASDAQ,1.0,0.16,0.16,0.4,1.0,-,LIME
2024-02-29,PDP,PDP,4,94.84278869628906,16.0,LIME,1,NASDAQ,1.0,0.1,0.1,0.4,1.0,-,LIME
2024-02-29,XLI,XLI,5,117.2795639038086,16.0,LIME,1,NASDAQ,1.0,0.1,0.1,0.4,1.0,-,LIME
2024-02-29,446770,톱반도,6,20159.0,15.0,-,2,NASDAQ,1.0,0.08,0.08,0.4,1.0,-,LIME
2024-03-01,QMOM,QMOM,1,56.86747360229492,16.0,LIME,1,NASDAQ,0.6,0.33,0.198,0.4,0.4,-,-
2024-03-01,EIS,EIS,2,62.35398864746094,16.0,LIME,1,NASDAQ,0.6,0.27,0.162,0.4,0.4,-,-
2024-03-01,PDP,PDP,3,96.2082061767578,16.0,LIME,1,NASDAQ,0.6,0.2,0.12,0.4,0.4,-,-
2024-03-01,XLI,XLI,4,117.7835693359375,16.0,LIME,1,NASDAQ,0.6,0.1,0.06,0.4,0.4,-,-
2024-03-01,ARKF,ARKF,5,28.84477996826172,15.5,LIME,1,NASDAQ,0.6,0.1,0.06,0.4,0.4,-,-
2024-03-04,QMOM,QMOM,1,57.02442932128906,16.0,LIME,1,NASDAQ,1.0,0.31,0.31,0.4,1.0,-,LIME
2024-03-04,PDP,PDP,2,96.29791259765624,16.0,LIME,1,NASDAQ,1.0,0.25,0.25,0.4,1.0,-,LIME
2024-03-04,ARKF,ARKF,3,29.104551315307617,16.0,LIME,1,NASDAQ,1.0,0.16,0.16,0.4,1.0,-,LIME
2024-03-04,EIS,EIS,4,61.801753997802734,16.0,LIME,1,NASDAQ,1.0,0.1,0.1,0.4,1.0,-,LIME
2024-03-04,ARKW,ARKW,5,80.23944854736328,16.0,LIME,1,NASDAQ,1.0,0.1,0.1,0.4,1.0,-,LIME
2024-03-04,XLI,XLI,6,118.21005249023438,16.0,LIME,1,NASDAQ,1.0,0.08,0.08,0.4,1.0,-,LIME
2024-03-05,SMH,SMH,1,219.00485229492188,16.0,LIME,1,NASDAQ,0.6,0.31,0.186,0.4,0.4,-,-
2024-03-05,SOXX,SOXX,2,221.24560546875,16.0,LIME,1,NASDAQ,0.6,0.25,0.15,0.4,0.4,-,-
2024-03-05,BOTZ,BOTZ,3,31.442506790161133,16.0,LIME,1,NASDAQ,0.6,0.16,0.096,0.4,0.4,-,-
2024-03-05,102970,증권주,4,7190.0,15.75,-,1,KOSPI,0.6,0.1,0.06,0.4,0.4,-,-
2024-03-05,EWJ,EWJ,5,65.70064544677734,16.0,LIME,1,NASDAQ,0.6,0.1,0.06,0.4,0.4,-,-
2024-03-05,QMOM,QMOM,6,55.95516204833984,15.0,LIME,2,NASDAQ,0.55,0.08,0.044,0.4,0.4,-,-
2024-03-06,SMH,SMH,1,224.6521759033203,16.0,LIME,1,NASDAQ,0.6,0.31,0.186,0.4,0.4,-,-
2024-03-06,SOXX,SOXX,2,226.6825256347656,16.0,LIME,1,NASDAQ,0.6,0.25,0.15,0.4,0.4,-,-
2024-03-06,BOTZ,BOTZ,3,32.08722305297852,16.0,LIME,1,NASDAQ,0.6,0.16,0.096,0.4,0.4,-,-
2024-03-06,241180,니케이,4,21056.0,15.75,LIME,1,NASDAQ,0.6,0.1,0.06,0.4,0.4,-,-
2024-03-06,EWJ,EWJ,5,66.70063781738281,16.0,LIME,1,NASDAQ,0.6,0.1,0.06,0.4,0.4,-,-
2024-03-06,QMOM,QMOM,6,56.46527099609375,15.0,LIME,1,NASDAQ,0.6,0.08,0.048,0.4,0.4,-,-
2024-03-07,446770,톱반도,1,21907.0,16.0,-,1,NASDAQ,0.6,0.31,0.186,0.4,0.4,-,-
2024-03-07,SMH,SMH,2,232.4135131835937,16.0,LIME,1,NASDAQ,0.6,0.25,0.15,0.4,0.4,-,-
2024-03-07,SOXX,SOXX,3,234.4566802978516,16.0,LIME,1,NASDAQ,0.6,0.16,0.096,0.4,0.4,-,-
2024-03-07,BOTZ,BOTZ,4,32.622840881347656,16.0,LIME,1,NASDAQ,0.6,0.1,0.06,0.4,0.4,-,-
2024-03-07,241180,니케이,5,20919.0,16.0,LIME,1,NASDAQ,0.6,0.1,0.06,0.4,0.4,-,-
2024-03-07,EWJ,EWJ,6,66.67259979248047,16.0,LIME,1,NASDAQ,0.6,0.08,0.048,0.4,0.4,-,-
2024-03-08,446770,톱반도,1,22645.0,16.0,-,1,NASDAQ,0.6,0.31,0.186,0.4,0.4,-,-
2024-03-08,091170,은행주,2,7397.0,16.0,LIME,1,KOSPI,0.6,0.25,0.15,0.4,0.4,-,-
2024-03-08,091180,자동차,3,21021.0,16.0,-,1,KOSPI,0.6,0.16,0.096,0.4,0.4,-,-
2024-03-08,BOTZ,BOTZ,4,32.11698532104492,16.0,LIME,1,NASDAQ,0.6,0.1,0.06,0.4,0.4,-,-
2024-03-08,455850,반소부,5,14976.0,16.0,LIME,1,KOSPI,0.6,0.1,0.06,0.4,0.4,-,-
2024-03-08,EWJ,EWJ,6,66.5230712890625,16.0,LIME,1,NASDAQ,0.6,0.08,0.048,0.4,0.4,-,-
2024-03-11,091170,은행주,1,7320.0,16.0,-,1,KOSPI,0.6,0.31,0.186,0.4,0.4,-,-
2024-03-11,449450,방산주,2,14261.0,16.0,LIME,1,KOSPI,0.6,0.25,0.15,0.4,0.4,-,-
2024-03-11,ARKF,ARKF,3,29.604114532470703,16.0,LIME,1,NASDAQ,0.6,0.16,0.096,0.4,0.4,-,-
2024-03-11,ARKW,ARKW,4,81.3325424194336,16.0,LIME,1,NASDAQ,0.6,0.1,0.06,0.4,0.4,-,-
2024-03-11,455850,반소부,5,14921.0,16.0,LIME,1,KOSPI,0.6,0.1,0.06,0.4,0.4,-,-
2024-03-11,446770,톱반도,6,21713.0,15.0,-,2,NASDAQ,0.55,0.08,0.044,0.4,0.4,-,-
2024-03-12,091170,은행주,1,7393.0,16.0,LIME,1,KOSPI,0.6,0.31,0.186,0.4,0.4,-,-
2024-03-12,ARKF,ARKF,2,29.81393051147461,16.0,LIME,1,NASDAQ,0.6,0.25,0.15,0.4,0.4,-,-
2024-03-12,ARKW,ARKW,3,81.27345275878906,16.0,LIME,1,NASDAQ,0.6,0.16,0.096,0.4,0.4,-,-
2024-03-12,455850,반소부,4,15040.0,16.0,LIME,1,KOSPI,0.6,0.1,0.06,0.4,0.4,-,-
2024-03-12,EWT,EWT,5,45.47168731689453,16.0,LIME,1,NASDAQ,0.6,0.1,0.06,0.4,0.4,-,-
2024-03-12,449450,방산주,6,13848.0,14.5,-,3,KOSPI,0.5,0.08,0.04,0.4,0.4,-,-
2024-03-13,091170,은행주,1,7619.0,16.0,LIME,1,KOSPI,1.0,0.31,0.31,1.0,1.0,LIME,LIME
2024-03-13,434730,원자력,2,13229.0,16.0,-,1,KOSPI,1.0,0.25,0.25,1.0,1.0,LIME,LIME
2024-03-13,ARKF,ARKF,3,30.053720474243164,16.0,LIME,1,NASDAQ,1.0,0.16,0.16,1.0,1.0,LIME,LIME
2024-03-13,455850,반소부,4,15006.0,16.0,LIME,1,KOSPI,1.0,0.1,0.1,1.0,1.0,LIME,LIME
2024-03-13,ARKW,ARKW,5,81.56889343261719,16.0,LIME,1,NASDAQ,1.0,0.1,0.1,1.0,1.0,LIME,LIME
2024-03-13,EWT,EWT,6,45.11983871459961,16.0,LIME,1,NASDAQ,1.0,0.08,0.08,1.0,1.0,LIME,LIME
2024-03-14,091170,은행주,1,7895.0,16.0,LIME,1,KOSPI,1.0,0.31,0.31,1.0,1.0,LIME,LIME
2024-03-14,434730,원자력,2,13641.0,16.0,LIME,1,KOSPI,1.0,0.25,0.25,1.0,1.0,LIME,LIME
2024-03-14,DBA,DBA,3,21.41095542907715,16.0,LIME,1,FIXED,1.0,0.16,0.16,1.0,1.0,LIME,LIME
2024-03-14,EWI,EWI,4,34.48855972290039,16.0,LIME,1,NASDAQ,1.0,0.1,0.1,1.0,1.0,LIME,LIME
2024-03-14,229200,코스닥,5,14693.0,15.75,LIME,1,KOSPI,1.0,0.1,0.1,1.0,1.0,LIME,LIME
2024-03-14,455850,반소부,6,14746.0,15.0,LIME,2,KOSPI,1.0,0.08,0.08,1.0,1.0,LIME,LIME
2024-03-15,091170,은행주,1,7724.0,16.0,LIME,1,KOSPI,0.6,0.31,0.186,0.4,0.4,-,-
2024-03-15,434730,원자력,2,13450.0,16.0,LIME,1,KOSPI,0.6,0.25,0.15,0.4,0.4,-,-
2024-03-15,DBA,DBA,3,21.87459754943848,16.0,LIME,1,FIXED,1.0,0.16,0.16,0.4,0.4,-,-
2024-03-15,EWI,EWI,4,34.73110580444336,16.0,LIME,1,NASDAQ,0.6,0.1,0.06,0.4,0.4,-,-
2024-03-15,195930,유로스,5,17651.0,16.0,-,1,NASDAQ,0.6,0.1,0.06,0.4,0.4,-,-
2024-03-15,229200,코스닥,6,14479.0,14.75,-,2,KOSPI,0.5,0.08,0.04,0.4,0.4,-,-
2024-03-18,434730,원자력,1,13613.0,16.0,LIME,1,KOSPI,0.6,0.31,0.186,0.4,0.4,-,-
2024-03-18,DBA,DBA,2,21.995141983032227,16.0,LIME,1,FIXED,1.0,0.25,0.25,0.4,0.4,-,-
2024-03-18,195930,유로스,3,17681.0,16.0,-,1,NASDAQ,0.6,0.16,0.096,0.4,0.4,-,-
2024-03-18,091170,은행주,4,7610.0,15.0,LIME,2,KOSPI,0.55,0.1,0.055,0.4,0.4,-,-
2024-03-18,139230,조선주,5,3863.0,14.75,LIME,1,KOSPI,0.55,0.1,0.055,0.4,0.4,-,-
2024-03-18,EWI,EWI,6,34.60982894897461,14.75,LIME,2,NASDAQ,0.5,0.08,0.04,0.4,0.4,-,-
2024-03-19,DBA,DBA,1,21.83750534057617,16.0,LIME,1,FIXED,1.0,0.31,0.31,0.4,0.4,-,-
2024-03-19,139230,조선주,2,3819.0,15.5,LIME,1,KOSPI,0.6,0.25,0.15,0.4,0.4,-,-
2024-03-19,434730,원자력,3,13307.0,14.75,LIME,2,KOSPI,0.5,0.16,0.08,0.4,0.4,-,-
2024-03-19,EWI,EWI,4,34.93634033203125,14.75,LIME,1,NASDAQ,0.55,0.1,0.055,0.4,0.4,-,-
2024-03-19,229200,코스닥,5,14793.0,14.75,-,1,KOSPI,0.55,0.1,0.055,0.4,0.4,-,-
2024-03-19,091170,은행주,6,7456.0,13.25,LIME,3,KOSPI,0.45,0.08,0.036,0.4,0.4,-,-
2024-03-20,DBA,DBA,1,22.06005477905273,16.0,LIME,1,FIXED,1.0,0.31,0.31,0.4,0.4,-,-
2024-03-20,139230,조선주,2,3853.0,15.75,LIME,1,KOSPI,0.6,0.25,0.15,0.4,0.4,-,-
2024-03-20,EWI,EWI,3,35.384124755859375,14.75,LIME,1,NASDAQ,0.55,0.16,0.088,0.4,0.4,-,-
2024-03-20,XLF,XLF,4,40.30039596557617,14.75,LIME,1,NASDAQ,0.55,0.1,0.055,0.4,0.4,-,-
2024-03-20,XLB,XLB,5,44.04813003540039,15.5,LIME,1,NASDAQ,0.6,0.1,0.06,0.4,0.4,-,-
2024-03-20,434730,원자력,6,13273.0,13.5,-,2,KOSPI,0.45,0.08,0.036,0.4,0.4,-,-
2024-03-21,139230,조선주,1,3918.0,16.0,LIME,1,KOSPI,0.6,0.31,0.186,0.4,1.0,-,LIME
2024-03-21,DBA,DBA,2,22.180599212646484,16.0,LIME,1,FIXED,1.0,0.25,0.25,0.4,1.0,-,LIME
2024-03-21,XLC,XLC,3,79.7498779296875,16.0,LIME,1,NASDAQ,1.0,0.16,0.16,0.4,1.0,-,LIME
2024-03-21,XLF,XLF,4,40.63008499145508,15.75,LIME,1,NASDAQ,1.0,0.1,0.1,0.4,1.0,-,LIME
2024-03-21,XLI,XLI,5,122.15325927734376,15.75,LIME,1,NASDAQ,1.0,0.1,0.1,0.4,1.0,-,LIME
2024-03-21,EWI,EWI,6,34.95500183105469,14.75,-,1,NASDAQ,1.0,0.08,0.08,0.4,1.0,-,LIME
2024-03-22,DBA,DBA,1,22.32896423339844,16.0,LIME,1,FIXED,1.0,0.31,0.31,0.4,1.0,-,LIME
2024-03-22,139230,조선주,2,3913.0,16.0,LIME,1,KOSPI,0.6,0.25,0.15,0.4,1.0,-,LIME
2024-03-22,XLC,XLC,3,79.91592407226562,16.0,LIME,1,NASDAQ,1.0,0.16,0.16,0.4,1.0,-,LIME
2024-03-22,XLF,XLF,4,40.16463470458984,16.0,LIME,1,NASDAQ,1.0,0.1,0.1,0.4,1.0,-,LIME
2024-03-22,XLI,XLI,5,121.73517608642578,16.0,LIME,1,NASDAQ,1.0,0.1,0.1,0.4,1.0,-,LIME
2024-03-22,EWI,EWI,6,34.880367279052734,15.0,-,2,NASDAQ,1.0,0.08,0.08,0.4,1.0,-,LIME
2024-03-25,DBA,DBA,1,22.848243713378903,16.0,LIME,1,FIXED,1.0,0.31,0.31,1.0,1.0,LIME,LIME
2024-03-25,139230,조선주,2,3883.0,16.0,LIME,1,KOSPI,1.0,0.25,0.25,1.0,1.0,LIME,LIME
2024-03-25,PDP,PDP,3,97.9511947631836,16.0,-,1,NASDAQ,1.0,0.16,0.16,1.0,1.0,LIME,LIME
2024-03-25,195930,유로스,4,17800.0,16.0,-,1,NASDAQ,1.0,0.1,0.1,1.0,1.0,LIME,LIME
2024-03-25,XLC,XLC,5,79.6424560546875,16.0,LIME,1,NASDAQ,1.0,0.1,0.1,1.0,1.0,LIME,LIME
2024-03-25,XLF,XLF,6,40.00948715209961,15.0,-,2,NASDAQ,1.0,0.08,0.08,1.0,1.0,LIME,LIME
2024-03-26,DBA,DBA,1,22.736968994140625,16.0,LIME,1,FIXED,1.0,0.31,0.31,1.0,1.0,LIME,LIME
2024-03-26,449450,방산주,2,14972.0,15.75,-,1,KOSPI,1.0,0.25,0.25,1.0,1.0,LIME,LIME
2024-03-26,229200,코스닥,3,15445.0,16.0,LIME,1,KOSPI,1.0,0.16,0.16,1.0,1.0,LIME,LIME
2024-03-26,139230,조선주,4,3908.0,15.75,LIME,1,KOSPI,1.0,0.1,0.1,1.0,1.0,LIME,LIME
2024-03-26,434730,원자력,5,13779.0,15.5,-,1,KOSPI,1.0,0.1,0.1,1.0,1.0,LIME,LIME
2024-03-26,195930,유로스,6,17850.0,15.75,-,1,NASDAQ,1.0,0.08,0.08,1.0,1.0,LIME,LIME
2024-03-27,449450,방산주,1,15141.0,16.0,LIME,1,KOSPI,1.0,0.31,0.31,1.0,1.0,LIME,LIME
2024-03-27,455850,반소부,2,15659.0,16.0,LIME,1,KOSPI,1.0,0.25,0.25,1.0,1.0,LIME,LIME
2024-03-27,DBA,DBA,3,22.87606239318848,16.0,LIME,1,FIXED,1.0,0.16,0.16,1.0,1.0,LIME,LIME
2024-03-27,091160,반도체,4,40243.0,16.0,LIME,1,KOSPI,1.0,0.1,0.1,1.0,1.0,LIME,LIME
2024-03-27,PTF,PTF,5,58.164188385009766,16.0,LIME,1,NASDAQ,1.0,0.1,0.1,1.0,1.0,LIME,LIME
2024-03-27,434730,원자력,6,13991.0,15.5,LIME,1,KOSPI,1.0,0.08,0.08,1.0,1.0,LIME,LIME
2024-03-28,455850,반소부,1,16286.0,16.0,LIME,1,KOSPI,1.0,0.31,0.31,1.0,1.0,LIME,LIME
2024-03-28,DBA,DBA,2,22.959518432617188,16.0,LIME,1,FIXED,1.0,0.25,0.25,1.0,1.0,LIME,LIME
2024-03-28,091160,반도체,3,41169.0,16.0,LIME,1,KOSPI,1.0,0.16,0.16,1.0,1.0,LIME,LIME
2024-03-28,434730,원자력,4,13991.0,15.5,LIME,1,KOSPI,1.0,0.1,0.1,1.0,1.0,LIME,LIME
2024-03-28,411060,금현물,5,13765.0,16.0,LIME,1,FIXED,1.0,0.1,0.1,1.0,1.0,LIME,LIME
2024-03-28,449450,방산주,6,14734.0,15.0,LIME,2,KOSPI,1.0,0.08,0.08,1.0,1.0,LIME,LIME
2024-03-29,434730,원자력,1,13976.0,16.0,LIME,1,KOSPI,1.0,0.31,0.31,1.0,1.0,LIME,LIME
2024-03-29,455850,반소부,2,16566.0,16.0,LIME,1,KOSPI,1.0,0.25,0.25,1.0,1.0,LIME,LIME
2024-03-29,091160,반도체,3,41745.0,16.0,LIME,1,KOSPI,1.0,0.16,0.16,1.0,1.0,LIME,LIME
2024-03-29,411060,금현물,4,14240.0,16.0,LIME,1,FIXED,1.0,0.1,0.1,1.0,1.0,LIME,LIME
2024-03-29,446770,톱반도,5,22266.0,14.0,-,1,NASDAQ,1.0,0.1,0.1,1.0,1.0,LIME,LIME
2024-03-29,449450,방산주,6,14848.0,14.0,LIME,2,KOSPI,1.0,0.08,0.08,1.0,1.0,LIME,LIME
2024-04-01,434730,원자력,1,14094.0,16.0,LIME,1,KOSPI,1.0,0.31,0.31,1.0,1.0,LIME,LIME
2024-04-01,455850,반소부,2,16854.0,16.0,LIME,1,KOSPI,1.0,0.25,0.25,1.0,1.0,LIME,LIME
2024-04-01,DBA,DBA,3,23.24697494506836,16.0,LIME,1,FIXED,1.0,0.16,0.16,1.0,1.0,LIME,LIME
2024-04-01,091160,반도체,4,42183.0,16.0,LIME,1,KOSPI,1.0,0.1,0.1,1.0,1.0,LIME,LIME
2024-04-01,411060,금현물,5,14350.0,16.0,LIME,1,FIXED,1.0,0.1,0.1,1.0,1.0,LIME,LIME
2024-04-01,446770,톱반도,6,22438.0,14.0,LIME,1,NASDAQ,1.0,0.08,0.08,1.0,1.0,LIME,LIME
2024-04-02,455850,반소부,1,17044.0,16.0,LIME,1,KOSPI,1.0,0.31,0.31,1.0,1.0,LIME,LIME
2024-04-02,091160,반도체,2,42729.0,16.0,LIME,1,KOSPI,1.0,0.25,0.25,1.0,1.0,LIME,LIME
2024-04-02,DBA,DBA,3,22.959518432617188,16.0,LIME,1,FIXED,1.0,0.16,0.16,1.0,1.0,LIME,LIME
2024-04-02,411060,금현물,4,14645.0,16.0,LIME,1,FIXED,1.0,0.1,0.1,1.0,1.0,LIME,LIME
2024-04-02,195930,유로스,5,18020.0,16.0,LIME,1,NASDAQ,1.0,0.1,0.1,1.0,1.0,LIME,LIME
2024-04-02,434730,원자력,6,13947.0,15.0,LIME,2,KOSPI,1.0,0.08,0.08,1.0,1.0,LIME,LIME
2024-04-03,455850,반소부,1,16904.0,16.0,LIME,1,KOSPI,0.6,0.31,0.186,0.4,0.4,-,-
2024-04-03,411060,금현물,2,15010.0,16.0,LIME,1,FIXED,1.0,0.25,0.25,0.4,0.4,-,-
2024-04-03,XLE,XLE,3,45.542598724365234,16.0,LIME,1,FIXED,1.0,0.16,0.16,0.4,0.4,-,-
2024-04-03,XLC,XLC,4,80.88289642333984,15.75,LIME,1,NASDAQ,0.6,0.1,0.06,0.4,0.4,-,-
2024-04-03,GLD,GLD,5,212.7400054931641,16.0,LIME,1,FIXED,1.0,0.1,0.1,0.4,0.4,-,-
2024-04-03,DBA,DBA,6,22.903881072998047,15.0,LIME,2,FIXED,1.0,0.08,0.08,0.4,0.4,-,-
2024-04-04,455850,반소부,1,17119.0,16.0,LIME,1,KOSPI,0.6,0.31,0.186,0.4,0.4,-,-
2024-04-04,449450,방산주,2,15469.0,15.75,LIME,1,KOSPI,0.6,0.25,0.15,0.4,0.4,-,-
2024-04-04,XLE,XLE,3,45.51445770263672,16.0,LIME,1,FIXED,1.0,0.16,0.16,0.4,0.4,-,-
2024-04-04,GLD,GLD,4,211.5200042724609,16.0,LIME,1,FIXED,1.0,0.1,0.1,0.4,0.4,-,-
2024-04-04,091160,반도체,5,42946.0,15.0,LIME,1,KOSPI,0.6,0.1,0.06,0.4,0.4,-,-
2024-04-04,411060,금현물,6,14455.0,15.0,-,2,FIXED,1.0,0.08,0.08,0.4,0.4,-,-
2024-04-05,455850,반소부,1,17009.0,16.0,LIME,1,KOSPI,0.6,0.31,0.186,0.4,0.1,-,PURPLE
2024-04-05,XLE,XLE,2,46.00224304199219,16.0,LIME,1,FIXED,1.0,0.25,0.25,0.4,0.1,-,PURPLE
2024-04-05,SLV,SLV,3,25.030000686645508,15.75,LIME,1,FIXED,1.0,0.16,0.16,0.4,0.1,-,PURPLE
2024-04-05,GLD,GLD,4,215.13999938964844,16.0,LIME,1,FIXED,1.0,0.1,0.1,0.4,0.1,-,PURPLE
2024-04-05,091160,반도체,5,42276.0,14.0,LIME,2,KOSPI,0.5,0.1,0.05,0.4,0.1,-,PURPLE
2024-04-05,449450,방산주,6,14818.0,13.75,-,3,KOSPI,0.45,0.08,0.036,0.4,0.1,-,PURPLE
2024-04-08,SLV,SLV,1,25.39999961853028,16.0,LIME,1,FIXED,1.0,0.31,0.31,0.4,0.1,-,PURPLE
2024-04-08,XLE,XLE,2,45.71144104003906,16.0,LIME,1,FIXED,1.0,0.25,0.25,0.4,0.1,-,PURPLE
2024-04-08,GLD,GLD,3,216.47999572753903,16.0,LIME,1,FIXED,1.0,0.16,0.16,0.4,0.1,-,PURPLE
2024-04-08,434730,원자력,4,14659.0,14.5,LIME,1,KOSPI,0.55,0.1,0.055,0.4,0.1,-,PURPLE
2024-04-08,EMGF,EMGF,5,42.50993728637695,16.0,LIME,1,NASDAQ,0.24,0.1,0.024,0.4,0.1,-,PURPLE
2024-04-08,455850,반소부,6,16466.0,14.0,LIME,3,KOSPI,0.5,0.08,0.04,0.4,0.1,-,PURPLE
2024-04-09,434730,원자력,1,14821.0,16.0,LIME,1,KOSPI,0.6,0.31,0.186,0.4,0.1,-,PURPLE
2024-04-09,SLV,SLV,2,25.71999931335449,16.0,LIME,1,FIXED,1.0,0.25,0.25,0.4,0.1,-,PURPLE
2024-04-09,XLE,XLE,3,45.72551345825195,16.0,LIME,1,FIXED,1.0,0.16,0.16,0.4,0.1,-,PURPLE
2024-04-09,GLD,GLD,4,217.6699981689453,16.0,LIME,1,FIXED,1.0,0.1,0.1,0.4,0.1,-,PURPLE
2024-04-09,EMGF,EMGF,5,42.670040130615234,16.0,LIME,1,NASDAQ,0.24,0.1,0.024,0.4,0.1,-,PURPLE
2024-04-09,455850,반소부,6,16361.0,11.75,LIME,3,KOSPI,0.4,0.08,0.032,0.4,0.1,-,PURPLE
2024-04-10,SLV,SLV,1,25.450000762939453,16.0,LIME,1,FIXED,1.0,0.31,0.31,0.4,0.1,-,PURPLE
2024-04-10,GLD,GLD,2,215.6100006103516,16.0,LIME,1,FIXED,1.0,0.25,0.25,0.4,0.1,-,PURPLE
2024-04-10,XLE,XLE,3,45.86622619628906,15.75,LIME,1,FIXED,1.0,0.16,0.16,0.4,0.1,-,PURPLE
2024-04-10,DBA,DBA,4,23.423158645629883,15.5,-,1,FIXED,1.0,0.1,0.1,0.4,0.1,-,PURPLE
2024-04-10,PICK,PICK,5,40.81816482543945,15.5,LIME,1,FIXED,1.0,0.1,0.1,0.4,0.1,-,PURPLE
2024-04-10,EMGF,EMGF,6,42.1614990234375,13.0,-,3,NASDAQ,0.2,0.08,0.016,0.4,0.1,-,PURPLE
2024-04-11,434730,원자력,1,14944.0,16.0,LIME,1,KOSPI,0.6,0.31,0.186,0.4,0.1,-,PURPLE
2024-04-11,SLV,SLV,2,26.01000022888184,16.0,LIME,1,FIXED,1.0,0.25,0.25,0.4,0.1,-,PURPLE
2024-04-11,GLD,GLD,3,219.8000030517578,16.0,LIME,1,FIXED,1.0,0.16,0.16,0.4,0.1,-,PURPLE
2024-04-11,DBA,DBA,4,23.36752319335937,15.5,-,1,FIXED,1.0,0.1,0.1,0.4,0.1,-,PURPLE
2024-04-11,XLE,XLE,5,45.83339309692383,15.5,-,1,FIXED,1.0,0.1,0.1,0.4,0.1,-,PURPLE
2024-04-11,PICK,PICK,6,40.78062438964844,15.75,LIME,1,FIXED,1.0,0.08,0.08,0.4,0.1,-,PURPLE
2024-04-12,434730,원자력,1,15126.0,16.0,LIME,1,KOSPI,0.6,0.31,0.186,0.4,0.4,-,-
2024-04-12,DBA,DBA,2,23.58079719543457,16.0,-,1,FIXED,1.0,0.25,0.25,0.4,0.4,-,-
2024-04-12,SLV,SLV,3,25.6299991607666,15.0,LIME,2,FIXED,1.0,0.16,0.16,0.4,0.4,-,-
2024-04-12,411060,금현물,4,15305.0,14.75,-,1,FIXED,1.0,0.1,0.1,0.4,0.4,-,-
2024-04-12,GLD,GLD,5,216.88999938964844,15.0,LIME,2,FIXED,1.0,0.1,0.1,0.4,0.4,-,-
2024-04-12,XLE,XLE,6,45.08763885498047,13.25,-,3,FIXED,1.0,0.08,0.08,0.4,0.4,-,-
2024-04-15,434730,원자력,1,15278.0,16.0,LIME,1,KOSPI,0.6,0.31,0.186,0.4,0.4,-,-
2024-04-15,DBA,DBA,2,23.79407119750977,16.0,-,1,FIXED,1.0,0.25,0.25,0.4,0.4,-,-
2024-04-15,SLV,SLV,3,26.40999984741211,15.0,LIME,1,FIXED,1.0,0.16,0.16,0.4,0.4,-,-
2024-04-15,411060,금현물,4,15365.0,15.0,-,1,FIXED,1.0,0.1,0.1,0.4,0.4,-,-
2024-04-15,GLD,GLD,5,220.9499969482422,15.0,LIME,1,FIXED,1.0,0.1,0.1,0.4,0.4,-,-
2024-04-15,XLE,XLE,6,44.66551971435547,11.0,-,3,FIXED,1.0,0.08,0.08,0.4,0.4,-,-
2024-04-16,411060,금현물,1,15865.0,15.25,-,1,FIXED,1.0,0.33,0.33,0.1,0.1,PURPLE,PURPLE
2024-04-16,GLD,GLD,2,221.22000122070312,15.0,LIME,1,FIXED,1.0,0.27,0.27,0.1,0.1,PURPLE,PURPLE
2024-04-16,DBA,DBA,3,23.24697494506836,14.5,-,3,FIXED,1.0,0.2,0.2,0.1,0.1,PURPLE,PURPLE
2024-04-16,SLV,SLV,4,25.799999237060547,14.0,LIME,2,FIXED,1.0,0.1,0.1,0.1,0.1,PURPLE,PURPLE
2024-04-16,434730,원자력,5,14148.0,13.5,-,4,KOSPI,0.2,0.1,0.02,0.1,0.1,PURPLE,PURPLE
2024-04-17,411060,금현물,1,15575.0,16.0,-,1,FIXED,1.0,0.31,0.31,0.1,0.1,PURPLE,PURPLE
2024-04-17,DBA,DBA,2,23.56225204467773,14.5,-,1,FIXED,1.0,0.25,0.25,0.1,0.1,PURPLE,PURPLE
2024-04-17,GLD,GLD,3,219.58999633789065,14.0,LIME,2,FIXED,1.0,0.16,0.16,0.1,0.1,PURPLE,PURPLE
2024-04-17,SLV,SLV,4,25.850000381469727,13.0,LIME,2,FIXED,1.0,0.1,0.1,0.1,0.1,PURPLE,PURPLE
2024-04-17,453810,인디아,5,12508.0,13.25,LIME,2,NASDAQ,0.2,0.1,0.02,0.1,0.1,PURPLE,PURPLE
2024-04-17,434730,원자력,6,14330.0,11.5,-,3,KOSPI,0.2,0.08,0.016,0.1,0.1,PURPLE,PURPLE
2024-04-18,411060,금현물,1,15310.0,15.0,-,2,FIXED,1.0,0.31,0.31,0.1,0.1,PURPLE,PURPLE
2024-04-18,GLD,GLD,2,220.33999633789065,15.0,-,1,FIXED,1.0,0.25,0.25,0.1,0.1,PURPLE,PURPLE
2024-04-18,DBA,DBA,3,24.0444393157959,14.5,-,1,FIXED,1.0,0.16,0.16,0.1,0.1,PURPLE,PURPLE
2024-04-18,SLV,SLV,4,25.86000061035156,12.25,LIME,2,FIXED,1.0,0.1,0.1,0.1,0.1,PURPLE,PURPLE
2024-04-18,434730,원자력,5,15225.0,11.25,-,1,KOSPI,0.2,0.1,0.02,0.1,0.1,PURPLE,PURPLE
2024-04-18,453810,인디아,6,12484.0,11.0,-,3,NASDAQ,0.2,0.08,0.016,0.1,0.1,PURPLE,PURPLE
2024-04-19,411060,금현물,1,15550.0,14.75,-,1,FIXED,1.0,0.31,0.31,0.1,0.1,PURPLE,PURPLE
2024-04-19,GLD,GLD,2,221.02999877929688,14.75,-,1,FIXED,1.0,0.25,0.25,0.1,0.1,PURPLE,PURPLE
2024-04-19,DBA,DBA,3,24.582263946533203,14.5,-,1,FIXED,1.0,0.16,0.16,0.1,0.1,PURPLE,PURPLE
2024-04-19,SLV,SLV,4,26.200000762939453,12.0,LIME,1,FIXED,1.0,0.1,0.1,0.1,0.1,PURPLE,PURPLE
2024-04-19,228790,화장품,5,2597.0,12.5,LIME,1,KOSPI,0.2,0.1,0.02,0.1,0.1,PURPLE,PURPLE
2024-04-19,434730,원자력,6,15361.0,11.25,-,1,KOSPI,0.2,0.08,0.016,0.1,0.1,PURPLE,PURPLE
2024-04-22,DBA,DBA,1,24.285533905029297,16.0,-,1,FIXED,1.0,0.31,0.31,0.1,0.1,PURPLE,PURPLE
2024-04-22,228790,화장품,2,2592.0,15.25,-,1,KOSPI,0.24,0.25,0.06,0.1,0.1,PURPLE,PURPLE
2024-04-22,449450,방산주,3,15464.0,13.5,-,1,KOSPI,0.2,0.16,0.032,0.1,0.1,PURPLE,PURPLE
2024-04-22,434730,원자력,4,15116.0,12.75,-,1,KOSPI,0.2,0.1,0.02,0.1,0.1,PURPLE,PURPLE
2024-04-22,411060,금현물,5,15165.0,12.5,-,3,FIXED,1.0,0.1,0.1,0.1,0.1,PURPLE,PURPLE
2024-04-22,GLD,GLD,6,215.57000732421875,11.5,-,3,FIXED,1.0,0.08,0.08,0.1,0.1,PURPLE,PURPLE
2024-04-23,139230,조선주,1,4105.0,15.5,-,1,KOSPI,0.24,0.33,0.0792,0.1,0.1,PURPLE,PURPLE
2024-04-23,449450,방산주,2,16115.0,15.25,-,1,KOSPI,0.24,0.27,0.0648,0.1,0.1,PURPLE,PURPLE
2024-04-23,DBA,DBA,3,24.06298446655273,15.0,-,2,FIXED,1.0,0.2,0.2,0.1,0.1,PURPLE,PURPLE
2024-04-23,434730,원자력,4,15333.0,14.75,-,1,KOSPI,0.22,0.1,0.022,0.1,0.1,PURPLE,PURPLE
2024-04-23,228790,화장품,5,2582.0,14.25,-,2,KOSPI,0.2,0.1,0.02,0.1,0.1,PURPLE,PURPLE
2024-04-24,139230,조선주,1,4189.0,16.0,LIME,1,KOSPI,0.24,0.31,0.0744,0.1,0.1,PURPLE,PURPLE
2024-04-24,449450,방산주,2,16315.0,15.5,LIME,1,KOSPI,0.24,0.25,0.06,0.1,0.1,PURPLE,PURPLE
2024-04-24,434730,원자력,3,15814.0,15.0,LIME,1,KOSPI,0.24,0.16,0.0384,0.1,0.1,PURPLE,PURPLE
2024-04-24,DBA,DBA,4,24.61008071899414,15.0,-,1,FIXED,1.0,0.1,0.1,0.1,0.1,PURPLE,PURPLE
2024-04-24,XLU,XLU,5,31.484373092651367,13.75,LIME,1,NASDAQ,0.2,0.1,0.02,0.1,0.1,PURPLE,PURPLE
2024-04-24,228790,화장품,6,2602.0,14.0,-,1,KOSPI,0.22,0.08,0.0176,0.1,0.1,PURPLE,PURPLE
2024-04-25,139230,조선주,1,4105.0,16.0,LIME,1,KOSPI,0.24,0.31,0.0744,0.1,0.1,PURPLE,PURPLE
2024-04-25,449450,방산주,2,16225.0,15.75,LIME,1,KOSPI,0.24,0.25,0.06,0.1,0.1,PURPLE,PURPLE
2024-04-25,434730,원자력,3,15494.0,15.0,LIME,1,KOSPI,0.24,0.16,0.0384,0.1,0.1,PURPLE,PURPLE
2024-04-25,DBA,DBA,4,24.266986846923828,14.0,-,2,FIXED,1.0,0.1,0.1,0.1,0.1,PURPLE,PURPLE
2024-04-25,XLU,XLU,5,31.56928253173828,14.0,LIME,1,NASDAQ,0.22,0.1,0.022,0.1,0.1,PURPLE,PURPLE
2024-04-25,228790,화장품,6,2587.0,12.5,-,2,KOSPI,0.2,0.08,0.016,0.1,0.1,PURPLE,PURPLE
2024-04-26,434730,원자력,1,15962.0,16.0,LIME,1,KOSPI,0.24,0.31,0.0744,0.1,0.1,PURPLE,PURPLE
2024-04-26,449450,방산주,2,16061.0,16.0,LIME,1,KOSPI,0.24,0.25,0.06,0.1,0.1,PURPLE,PURPLE
2024-04-26,139230,조선주,3,4165.0,16.0,LIME,1,KOSPI,0.24,0.16,0.0384,0.1,0.1,PURPLE,PURPLE
2024-04-26,147970,티모멘,4,26165.0,14.25,LIME,1,KOSPI,0.22,0.1,0.022,0.1,0.1,PURPLE,PURPLE
2024-04-26,FXI,FXI,5,24.785022735595703,13.5,GREEN,1,NASDAQ,0.2,0.1,0.02,0.1,0.1,PURPLE,PURPLE
2024-04-26,XLU,XLU,6,31.22490882873535,13.5,LIME,2,NASDAQ,0.2,0.08,0.016,0.1,0.1,PURPLE,PURPLE
2024-04-29,434730,원자력,1,16220.0,16.0,LIME,1,KOSPI,0.24,0.31,0.0744,0.1,0.1,PURPLE,PURPLE
2024-04-29,139230,조선주,2,4220.0,16.0,LIME,1,KOSPI,0.24,0.25,0.06,0.1,0.1,PURPLE,PURPLE
2024-04-29,449450,방산주,3,16216.0,15.75,LIME,1,KOSPI,0.24,0.16,0.0384,0.1,0.1,PURPLE,PURPLE
2024-04-29,147970,티모멘,4,26643.0,15.0,LIME,1,KOSPI,0.24,0.1,0.024,0.1,0.1,PURPLE,PURPLE
2024-04-29,FXI,FXI,5,25.014955520629883,14.0,GREEN,1,NASDAQ,0.22,0.1,0.022,0.1,0.1,PURPLE,PURPLE
2024-04-29,XLU,XLU,6,31.64948463439941,14.0,LIME,1,NASDAQ,0.22,0.08,0.0176,0.1,0.1,PURPLE,PURPLE
2024-04-30,434730,원자력,1,16289.0,16.0,LIME,1,KOSPI,0.24,0.31,0.0744,0.1,0.1,PURPLE,PURPLE
2024-04-30,139230,조선주,2,4180.0,16.0,LIME,1,KOSPI,0.24,0.25,0.06,0.1,0.1,PURPLE,PURPLE
2024-04-30,147970,티모멘,3,26452.0,15.5,LIME,1,KOSPI,0.24,0.16,0.0384,0.1,0.1,PURPLE,PURPLE
2024-04-30,TUR,TUR,4,38.55508041381836,14.75,LIME,1,NASDAQ,0.22,0.1,0.022,0.1,0.1,PURPLE,PURPLE
2024-04-30,228790,화장품,5,2816.0,14.0,LIME,1,KOSPI,0.22,0.1,0.022,0.1,0.1,PURPLE,PURPLE
2024-04-30,XLU,XLU,6,31.484373092651367,14.5,LIME,1,NASDAQ,0.22,0.08,0.0176,0.1,0.1,PURPLE,PURPLE
2024-05-01,TUR,TUR,1,38.50712966918945,16.0,LIME,1,NASDAQ,0.24,0.33,0.0792,0.4,0.1,-,PURPLE
2024-05-01,XLU,XLU,2,31.847620010375977,15.0,LIME,1,NASDAQ,0.24,0.27,0.0648,0.4,0.1,-,PURPLE
2024-05-01,EWU,EWU,3,31.954662322998047,14.0,LIME,2,NASDAQ,0.2,0.2,0.04,0.4,0.1,-,PURPLE
2024-05-01,INDA,INDA,4,52.03355407714844,14.75,-,1,NASDAQ,0.22,0.1,0.022,0.4,0.1,-,PURPLE
2024-05-01,FXI,FXI,5,24.60298728942871,13.0,GREEN,2,NASDAQ,0.2,0.1,0.02,0.4,0.1,-,PURPLE
2024-05-02,434730,원자력,1,16046.0,16.0,LIME,1,KOSPI,0.24,0.31,0.0744,0.1,0.1,PURPLE,PURPLE
2024-05-02,147970,티모멘,2,26418.0,16.0,LIME,1,KOSPI,0.24,0.25,0.06,0.1,0.1,PURPLE,PURPLE
2024-05-02,228790,화장품,3,2806.0,15.75,LIME,1,KOSPI,0.24,0.16,0.0384,0.1,0.1,PURPLE,PURPLE
2024-05-02,XLU,XLU,4,32.0174446105957,16.0,LIME,1,NASDAQ,0.24,0.1,0.024,0.1,0.1,PURPLE,PURPLE
2024-05-02,TUR,TUR,5,39.31275939941406,16.0,LIME,1,NASDAQ,0.24,0.1,0.024,0.1,0.1,PURPLE,PURPLE
2024-05-02,INDA,INDA,6,52.59946060180664,15.5,-,1,NASDAQ,0.24,0.08,0.0192,0.1,0.1,PURPLE,PURPLE
2024-05-03,228790,화장품,1,2841.0,16.0,LIME,1,KOSPI,0.6,0.31,0.186,0.4,0.1,-,PURPLE
2024-05-03,XLU,XLU,2,32.27219009399414,16.0,LIME,1,NASDAQ,0.24,0.25,0.06,0.4,0.1,-,PURPLE
2024-05-03,TUR,TUR,3,39.8018913269043,16.0,LIME,1,NASDAQ,0.24,0.16,0.0384,0.4,0.1,-,PURPLE
2024-05-03,434730,원자력,4,15684.0,14.5,-,3,KOSPI,0.5,0.1,0.05,0.4,0.1,-,PURPLE
2024-05-03,147970,티모멘,5,26028.0,14.75,-,2,KOSPI,0.5,0.1,0.05,0.4,0.1,-,PURPLE
2024-05-03,INDA,INDA,6,52.35125350952149,16.0,-,1,NASDAQ,0.24,0.08,0.0192,0.4,0.1,-,PURPLE
2024-05-06,XLU,XLU,1,32.43729782104492,16.0,LIME,1,NASDAQ,0.6,0.31,0.186,0.4,0.4,-,-
2024-05-06,TUR,TUR,2,39.88820266723633,16.0,LIME,1,NASDAQ,0.6,0.25,0.15,0.4,0.4,-,-
2024-05-06,FXI,FXI,3,26.164627075195312,14.75,GREEN,1,NASDAQ,0.55,0.16,0.088,0.4,0.4,-,-
2024-05-06,ITA,ITA,4,131.80221557617188,15.75,LIME,1,NASDAQ,0.6,0.1,0.06,0.4,0.4,-,-
2024-05-06,EWU,EWU,5,32.85076141357422,15.0,LIME,1,NASDAQ,0.6,0.1,0.06,0.4,0.4,-,-
2024-05-06,INDA,INDA,6,51.993839263916016,13.0,-,3,NASDAQ,0.45,0.08,0.036,0.4,0.4,-,-
2024-05-07,228790,화장품,1,2816.0,16.0,LIME,1,KOSPI,0.6,0.31,0.186,0.4,0.4,-,-
2024-05-07,FXI,FXI,2,25.79098320007324,16.0,GREEN,1,NASDAQ,0.6,0.25,0.15,0.4,0.4,-,-
2024-05-07,XLU,XLU,3,32.80526351928711,16.0,LIME,1,NASDAQ,0.6,0.16,0.096,0.4,0.4,-,-
2024-05-07,TUR,TUR,4,40.04165649414063,16.0,LIME,1,NASDAQ,0.6,0.1,0.06,0.4,0.4,-,-
2024-05-07,EWU,EWU,5,32.9523811340332,16.0,LIME,1,NASDAQ,0.6,0.1,0.06,0.4,0.4,-,-
2024-05-07,ITA,ITA,6,131.634521484375,16.0,LIME,1,NASDAQ,0.6,0.08,0.048,0.4,0.4,-,-
2024-05-08,XLU,XLU,1,33.149635314941406,16.0,LIME,1,NASDAQ,1.0,0.31,0.31,1.0,1.0,LIME,LIME
2024-05-08,EWU,EWU,2,33.035526275634766,16.0,LIME,1,NASDAQ,1.0,0.25,0.25,1.0,1.0,LIME,LIME
2024-05-08,EWM,EWM,3,21.278377532958984,16.0,LIME,1,NASDAQ,1.0,0.16,0.16,1.0,1.0,LIME,LIME
2024-05-08,ITA,ITA,4,132.2756805419922,16.0,LIME,1,NASDAQ,1.0,0.1,0.1,1.0,1.0,LIME,LIME
2024-05-08,228790,화장품,5,2801.0,15.0,LIME,2,KOSPI,1.0,0.1,0.1,1.0,1.0,LIME,LIME
2024-05-08,FXI,FXI,6,25.69517517089844,14.75,GREEN,2,NASDAQ,1.0,0.08,0.08,1.0,1.0,LIME,LIME
2024-05-09,XLU,XLU,1,33.65440368652344,16.0,LIME,1,NASDAQ,1.0,0.31,0.31,1.0,1.0,LIME,LIME
2024-05-09,EWU,EWU,2,33.31267166137695,16.0,LIME,1,NASDAQ,1.0,0.25,0.25,1.0,1.0,LIME,LIME
2024-05-09,ITA,ITA,3,133.5285186767578,16.0,LIME,1,NASDAQ,1.0,0.16,0.16,1.0,1.0,LIME,LIME
2024-05-09,371160,항셈테,4,5918.0,15.0,GREEN,1,NASDAQ,1.0,0.1,0.1,1.0,1.0,LIME,LIME
2024-05-09,228790,화장품,5,2916.0,15.0,LIME,1,KOSPI,1.0,0.1,0.1,1.0,1.0,LIME,LIME
2024-05-09,FXI,FXI,6,26.250852584838867,14.75,GREEN,1,NASDAQ,1.0,0.08,0.08,1.0,1.0,LIME,LIME
2024-05-10,434730,원자력,1,16804.0,16.0,LIME,1,KOSPI,1.0,0.31,0.31,1.0,1.0,LIME,LIME
2024-05-10,139230,조선주,2,4254.0,16.0,-,1,KOSPI,1.0,0.25,0.25,1.0,1.0,LIME,LIME
2024-05-10,XLU,XLU,3,33.62138366699219,16.0,LIME,1,NASDAQ,1.0,0.16,0.16,1.0,1.0,LIME,LIME
2024-05-10,EWU,EWU,4,33.39581298828125,16.0,LIME,1,NASDAQ,1.0,0.1,0.1,1.0,1.0,LIME,LIME
2024-05-10,371160,항셈테,5,5928.0,15.25,LIME,1,NASDAQ,1.0,0.1,0.1,1.0,1.0,LIME,LIME
2024-05-10,228790,화장품,6,3070.0,15.0,LIME,1,KOSPI,1.0,0.08,0.08,1.0,1.0,LIME,LIME
2024-05-13,139230,조선주,1,4383.0,16.0,LIME,1,KOSPI,1.0,0.31,0.31,1.0,1.0,LIME,LIME
2024-05-13,XLU,XLU,2,33.62138366699219,16.0,LIME,1,NASDAQ,1.0,0.25,0.25,1.0,1.0,LIME,LIME
2024-05-13,371160,항셈테,3,6007.0,15.5,LIME,1,NASDAQ,1.0,0.16,0.16,1.0,1.0,LIME,LIME
2024-05-13,EWU,EWU,4,33.41428756713867,16.0,LIME,1,NASDAQ,1.0,0.1,0.1,1.0,1.0,LIME,LIME
2024-05-13,EWP,EWP,5,30.604799270629883,16.0,LIME,1,NASDAQ,1.0,0.1,0.1,1.0,1.0,LIME,LIME
2024-05-13,434730,원자력,6,16636.0,15.0,LIME,2,KOSPI,1.0,0.08,0.08,1.0,1.0,LIME,LIME
2024-05-14,228790,화장품,1,3085.0,16.0,LIME,1,KOSPI,1.0,0.31,0.31,1.0,1.0,LIME,LIME
2024-05-14,139230,조선주,2,4364.0,16.0,LIME,1,KOSPI,1.0,0.25,0.25,1.0,1.0,LIME,LIME
2024-05-14,FXI,FXI,3,26.83526992797852,16.0,GREEN,1,NASDAQ,1.0,0.16,0.16,1.0,1.0,LIME,LIME
2024-05-14,XLU,XLU,4,33.71101379394531,16.0,LIME,1,NASDAQ,1.0,0.1,0.1,1.0,1.0,LIME,LIME
2024-05-14,371160,항셈테,5,6087.0,15.75,LIME,1,NASDAQ,1.0,0.1,0.1,1.0,1.0,LIME,LIME
2024-05-14,EWP,EWP,6,31.05390167236328,16.0,LIME,1,NASDAQ,1.0,0.08,0.08,1.0,1.0,LIME,LIME
2024-05-15,FXI,FXI,1,27.14184761047364,16.0,GREEN,1,NASDAQ,1.0,0.33,0.33,0.4,1.0,-,LIME
2024-05-15,XLU,XLU,2,34.215789794921875,16.0,LIME,1,NASDAQ,1.0,0.27,0.27,0.4,1.0,-,LIME
2024-05-15,EWP,EWP,3,31.596574783325195,16.0,LIME,1,NASDAQ,1.0,0.2,0.2,0.4,1.0,-,LIME
2024-05-15,EWI,EWI,4,36.6714973449707,16.0,LIME,1,NASDAQ,1.0,0.1,0.1,0.4,1.0,-,LIME
2024-05-15,EWU,EWU,5,33.89466857910156,16.0,LIME,1,NASDAQ,1.0,0.1,0.1,0.4,1.0,-,LIME
2024-05-16,139230,조선주,1,4423.0,16.0,LIME,1,KOSPI,1.0,0.31,0.31,1.0,1.0,LIME,LIME
2024-05-16,228790,화장품,2,3090.0,16.0,LIME,1,KOSPI,1.0,0.25,0.25,1.0,1.0,LIME,LIME
2024-05-16,371160,항셈테,3,6042.0,16.0,LIME,1,NASDAQ,1.0,0.16,0.16,1.0,1.0,LIME,LIME
2024-05-16,FXI,FXI,4,27.93704032897949,16.0,GREEN,1,NASDAQ,1.0,0.1,0.1,1.0,1.0,LIME,LIME
2024-05-16,XLU,XLU,5,34.09784698486328,16.0,LIME,1,NASDAQ,1.0,0.1,0.1,1.0,1.0,LIME,LIME
2024-05-16,EWP,EWP,6,31.259742736816406,16.0,LIME,1,NASDAQ,1.0,0.08,0.08,1.0,1.0,LIME,LIME
2024-05-17,228790,화장품,1,3085.0,16.0,LIME,1,KOSPI,1.0,0.31,0.31,1.0,1.0,LIME,LIME
2024-05-17,371160,항셈테,2,6082.0,16.0,LIME,1,NASDAQ,1.0,0.25,0.25,1.0,1.0,LIME,LIME
2024-05-17,FXI,FXI,3,28.09990882873535,16.0,GREEN,1,NASDAQ,1.0,0.16,0.16,1.0,1.0,LIME,LIME
2024-05-17,XLU,XLU,4,34.12615203857422,16.0,LIME,1,NASDAQ,1.0,0.1,0.1,1.0,1.0,LIME,LIME
2024-05-17,PICK,PICK,5,43.12649917602539,16.0,LIME,1,FIXED,1.0,0.1,0.1,1.0,1.0,LIME,LIME
2024-05-17,EWP,EWP,6,31.49365425109864,16.0,LIME,1,NASDAQ,1.0,0.08,0.08,1.0,1.0,LIME,LIME
2024-05-20,SLV,SLV,1,28.979999542236328,16.0,LIME,1,FIXED,1.0,0.31,0.31,1.0,1.0,LIME,LIME
2024-05-20,228790,화장품,2,3104.0,16.0,LIME,1,KOSPI,1.0,0.25,0.25,1.0,1.0,LIME,LIME
2024-05-20,371160,항셈테,3,6176.0,16.0,LIME,1,NASDAQ,1.0,0.16,0.16,1.0,1.0,LIME,LIME
2024-05-20,FXI,FXI,4,27.7933292388916,16.0,GREEN,1,NASDAQ,1.0,0.1,0.1,1.0,1.0,LIME,LIME
2024-05-20,147970,티모멘,5,28100.0,16.0,LIME,1,KOSPI,1.0,0.1,0.1,1.0,1.0,LIME,LIME
2024-05-20,PICK,PICK,6,43.276634216308594,16.0,LIME,1,FIXED,1.0,0.08,0.08,1.0,1.0,LIME,LIME
2024-05-21,434730,원자력,1,17255.0,16.0,LIME,1,KOSPI,1.0,0.31,0.31,1.0,1.0,LIME,LIME
2024-05-21,SLV,SLV,2,29.270000457763672,16.0,LIME,1,FIXED,1.0,0.25,0.25,1.0,1.0,LIME,LIME
2024-05-21,228790,화장품,3,3204.0,16.0,LIME,1,KOSPI,1.0,0.16,0.16,1.0,1.0,LIME,LIME
2024-05-21,EZA,EZA,4,38.92519378662109,16.0,LIME,1,NASDAQ,1.0,0.1,0.1,1.0,1.0,LIME,LIME
2024-05-21,147970,티모멘,5,27959.0,16.0,LIME,1,KOSPI,1.0,0.1,0.1,1.0,1.0,LIME,LIME
2024-05-21,PICK,PICK,6,43.239105224609375,16.0,LIME,1,FIXED,1.0,0.08,0.08,1.0,1.0,LIME,LIME
2024-05-22,434730,원자력,1,17240.0,16.0,LIME,1,KOSPI,1.0,0.31,0.31,1.0,1.0,LIME,LIME
2024-05-22,228790,화장품,2,3164.0,16.0,LIME,1,KOSPI,1.0,0.25,0.25,1.0,1.0,LIME,LIME
2024-05-22,377990,신재생,3,9614.0,16.0,GREEN,1,KOSPI,1.0,0.16,0.16,1.0,1.0,LIME,LIME
2024-05-22,147970,티모멘,4,27925.0,16.0,LIME,1,KOSPI,1.0,0.1,0.1,1.0,1.0,LIME,LIME
2024-05-22,TUR,TUR,5,42.22836685180664,16.0,LIME,1,NASDAQ,1.0,0.1,0.1,1.0,1.0,LIME,LIME
2024-05-22,SLV,SLV,6,28.21999931335449,15.0,LIME,2,FIXED,1.0,0.08,0.08,1.0,1.0,LIME,LIME
2024-05-23,228790,화장품,1,3184.0,16.0,LIME,1,KOSPI,1.0,0.31,0.31,1.0,1.0,LIME,LIME
2024-05-23,377990,신재생,2,10052.0,16.0,GREEN,1,KOSPI,1.0,0.25,0.25,1.0,1.0,LIME,LIME
2024-05-23,434730,원자력,3,17413.0,15.75,-,1,KOSPI,1.0,0.16,0.16,1.0,1.0,LIME,LIME
2024-05-23,446770,톱반도,4,23560.0,15.75,LIME,1,NASDAQ,1.0,0.1,0.1,1.0,1.0,LIME,LIME
2024-05-23,SMH,SMH,5,238.0211334228516,15.5,LIME,1,NASDAQ,1.0,0.1,0.1,1.0,1.0,LIME,LIME
2024-05-23,TUR,TUR,6,41.68168640136719,15.0,-,2,NASDAQ,1.0,0.08,0.08,1.0,1.0,LIME,LIME
2024-05-24,228790,화장품,1,3204.0,16.0,LIME,1,KOSPI,0.6,0.31,0.186,0.4,1.0,-,LIME
2024-05-24,377990,신재생,2,9977.0,16.0,GREEN,1,KOSPI,0.6,0.25,0.15,0.4,1.0,-,LIME
2024-05-24,SMH,SMH,3,242.4278259277344,16.0,LIME,1,NASDAQ,1.0,0.16,0.16,0.4,1.0,-,LIME
2024-05-24,434730,원자력,4,18171.0,15.75,LIME,1,KOSPI,0.6,0.1,0.06,0.4,1.0,-,LIME
2024-05-24,446770,톱반도,5,23387.0,16.0,LIME,1,NASDAQ,1.0,0.1,0.1,0.4,1.0,-,LIME
2024-05-24,TUR,TUR,6,41.27887344360352,13.25,-,2,NASDAQ,1.0,0.08,0.08,0.4,1.0,-,LIME
2024-05-27,434730,원자력,1,18840.0,15.75,LIME,1,KOSPI,0.6,0.33,0.198,0.4,1.0,-,LIME
2024-05-27,377990,신재생,2,10608.0,16.0,GREEN,1,KOSPI,0.6,0.27,0.162,0.4,1.0,-,LIME
2024-05-27,228790,화장품,3,3149.0,15.0,-,2,KOSPI,0.55,0.2,0.11,0.4,1.0,-,LIME
2024-05-27,446770,톱반도,4,23712.0,16.0,LIME,1,NASDAQ,1.0,0.1,0.1,0.4,1.0,-,LIME
2024-05-27,147970,티모멘,5,28208.0,13.5,LIME,1,KOSPI,0.5,0.1,0.05,0.4,1.0,-,LIME
2024-05-28,377990,신재생,1,10618.0,16.0,GREEN,1,KOSPI,0.6,0.31,0.186,0.4,1.0,-,LIME
2024-05-28,434730,원자력,2,19316.0,15.75,LIME,1,KOSPI,0.6,0.25,0.15,0.4,1.0,-,LIME
2024-05-28,446770,톱반도,3,23959.0,16.0,LIME,1,NASDAQ,1.0,0.16,0.16,0.4,1.0,-,LIME
2024-05-28,SMH,SMH,4,247.9560394287109,16.0,LIME,1,NASDAQ,1.0,0.1,0.1,0.4,1.0,-,LIME
2024-05-28,SOXX,SOXX,5,239.4740447998047,15.5,LIME,1,NASDAQ,1.0,0.1,0.1,0.4,1.0,-,LIME
2024-05-28,228790,화장품,6,3149.0,13.5,-,2,KOSPI,0.45,0.08,0.036,0.4,1.0,-,LIME
2024-05-29,434730,원자력,1,18900.0,16.0,LIME,1,KOSPI,0.6,0.31,0.186,0.4,1.0,-,LIME
2024-05-29,446770,톱반도,2,24156.0,16.0,LIME,1,NASDAQ,1.0,0.25,0.25,0.4,1.0,-,LIME
2024-05-29,SMH,SMH,3,243.8073883056641,16.0,LIME,1,NASDAQ,1.0,0.16,0.16,0.4,1.0,-,LIME
2024-05-29,139230,조선주,4,4497.0,15.25,LIME,1,KOSPI,0.6,0.1,0.06,0.4,1.0,-,LIME
2024-05-29,377990,신재생,5,10265.0,15.0,GREEN,2,KOSPI,0.55,0.1,0.055,0.4,1.0,-,LIME
2024-05-29,SOXX,SOXX,6,234.52838134765625,15.75,LIME,1,NASDAQ,1.0,0.08,0.08,0.4,1.0,-,LIME
2024-05-30,446770,톱반도,1,24033.0,16.0,LIME,1,NASDAQ,1.0,0.31,0.31,0.1,1.0,PURPLE,LIME
2024-05-30,434730,원자력,2,18449.0,15.0,-,2,KOSPI,0.22,0.25,0.055,0.1,1.0,PURPLE,LIME
2024-05-30,139230,조선주,3,4428.0,15.0,LIME,2,KOSPI,0.22,0.16,0.0352,0.1,1.0,PURPLE,LIME
2024-05-30,SMH,SMH,4,240.4527587890625,15.0,LIME,2,NASDAQ,1.0,0.1,0.1,0.1,1.0,PURPLE,LIME
2024-05-30,147970,티모멘,5,27910.0,14.5,LIME,3,KOSPI,0.2,0.1,0.02,0.1,1.0,PURPLE,LIME
2024-05-30,377990,신재생,6,10086.0,14.0,LIME,2,KOSPI,0.2,0.08,0.016,0.1,1.0,PURPLE,LIME
2024-05-31,446770,톱반도,1,23890.0,15.0,LIME,2,NASDAQ,0.55,0.31,0.1705,0.1,0.4,PURPLE,-
2024-05-31,228790,화장품,2,3404.0,14.5,LIME,1,KOSPI,0.22,0.25,0.055,0.1,0.4,PURPLE,-
2024-05-31,434730,원자력,3,18667.0,13.75,-,2,KOSPI,0.2,0.16,0.032,0.1,0.4,PURPLE,-
2024-05-31,139230,조선주,4,4438.0,13.75,-,2,KOSPI,0.2,0.1,0.02,0.1,0.4,PURPLE,-
2024-05-31,TAN,TAN,5,48.04248428344727,14.0,GREEN,1,NASDAQ,0.55,0.1,0.055,0.1,0.4,PURPLE,-
2024-05-31,SMH,SMH,6,238.6761779785156,13.75,LIME,2,NASDAQ,0.45,0.08,0.036,0.1,0.4,PURPLE,-
2024-06-03,228790,화장품,1,3379.0,16.0,LIME,1,KOSPI,0.24,0.31,0.0744,0.1,0.4,PURPLE,-
2024-06-03,446770,톱반도,2,24014.0,14.75,LIME,1,NASDAQ,0.55,0.25,0.1375,0.1,0.4,PURPLE,-
2024-06-03,TAN,TAN,3,47.89322280883789,14.0,GREEN,1,NASDAQ,0.55,0.16,0.088,0.1,0.4,PURPLE,-
2024-06-03,ICLN,ICLN,4,14.56790828704834,13.25,GREEN,1,NASDAQ,0.5,0.1,0.05,0.1,0.4,PURPLE,-
2024-06-03,147970,티모멘,5,28325.0,12.5,-,1,KOSPI,0.2,0.1,0.02,0.1,0.4,PURPLE,-
2024-06-03,434730,원자력,6,18617.0,12.0,-,2,KOSPI,0.2,0.08,0.016,0.1,0.4,PURPLE,-
2024-06-04,228790,화장품,1,3224.0,14.5,-,3,KOSPI,0.2,0.31,0.062,0.1,0.4,PURPLE,-
2024-06-04,446770,톱반도,2,24161.0,14.75,LIME,1,NASDAQ,0.55,0.25,0.1375,0.1,0.4,PURPLE,-
2024-06-04,EWL,EWL,3,47.98720932006836,13.5,LIME,1,NASDAQ,0.5,0.16,0.08,0.1,0.4,PURPLE,-
2024-06-04,XLC,XLC,4,81.9572982788086,13.0,LIME,1,NASDAQ,0.5,0.1,0.05,0.1,0.4,PURPLE,-
2024-06-04,TAN,TAN,5,47.17676544189453,12.75,GREEN,2,NASDAQ,0.4,0.1,0.04,0.1,0.4,PURPLE,-
2024-06-04,ICLN,ICLN,6,14.432661056518556,12.75,GREEN,2,NASDAQ,0.4,0.08,0.032,0.1,0.4,PURPLE,-
2024-06-05,XLC,XLC,1,82.95355224609375,16.0,LIME,1,NASDAQ,0.6,0.31,0.186,0.1,0.4,PURPLE,-
2024-06-05,446770,톱반도,2,24279.0,14.75,LIME,1,NASDAQ,0.55,0.25,0.1375,0.1,0.4,PURPLE,-
2024-06-05,EWL,EWL,3,48.26604080200195,15.0,LIME,1,NASDAQ,0.6,0.16,0.096,0.1,0.4,PURPLE,-
2024-06-05,ITA,ITA,4,135.5310516357422,14.0,-,1,NASDAQ,0.55,0.1,0.055,0.1,0.4,PURPLE,-
2024-06-05,228790,화장품,5,3229.0,12.25,-,3,KOSPI,0.2,0.1,0.02,0.1,0.4,PURPLE,-
2024-06-05,TAN,TAN,6,48.29125595092773,12.75,GREEN,1,NASDAQ,0.4,0.08,0.032,0.1,0.4,PURPLE,-
2024-06-06,XLC,XLC,1,83.00239562988281,16.0,LIME,1,NASDAQ,1.0,0.31,0.31,0.4,1.0,-,LIME
2024-06-06,ITA,ITA,2,134.9884796142578,14.75,-,1,NASDAQ,1.0,0.25,0.25,0.4,1.0,-,LIME
2024-06-06,EWL,EWL,3,48.67947769165039,15.25,LIME,1,NASDAQ,1.0,0.16,0.16,0.4,1.0,-,LIME
2024-06-06,SMH,SMH,4,250.5166931152344,12.5,LIME,1,NASDAQ,1.0,0.1,0.1,0.4,1.0,-,LIME
2024-06-06,ENZL,ENZL,5,45.29449844360352,14.0,LIME,1,NASDAQ,1.0,0.1,0.1,0.4,1.0,-,LIME
2024-06-06,TAN,TAN,6,47.27627182006836,11.0,GREEN,3,NASDAQ,1.0,0.08,0.08,0.4,1.0,-,LIME
2024-06-07,446770,톱반도,1,25210.0,15.75,LIME,1,NASDAQ,1.0,0.31,0.31,0.1,1.0,PURPLE,LIME
2024-06-07,XLC,XLC,2,82.4358901977539,16.0,LIME,1,NASDAQ,1.0,0.25,0.25,0.1,1.0,PURPLE,LIME
2024-06-07,ITA,ITA,3,134.62350463867188,14.5,-,2,NASDAQ,1.0,0.16,0.16,0.1,1.0,PURPLE,LIME
2024-06-07,SMH,SMH,4,250.31820678710932,14.25,LIME,1,NASDAQ,1.0,0.1,0.1,0.1,1.0,PURPLE,LIME
2024-06-07,EWL,EWL,5,48.27565383911133,15.0,LIME,1,NASDAQ,1.0,0.1,0.1,0.1,1.0,PURPLE,LIME
2024-06-07,ENZL,ENZL,6,43.92513275146485,11.75,-,3,NASDAQ,1.0,0.08,0.08,0.1,1.0,PURPLE,LIME
2024-06-10,SMH,SMH,1,253.94081115722656,16.0,LIME,1,NASDAQ,1.0,0.31,0.31,0.1,1.0,PURPLE,LIME
2024-06-10,446770,톱반도,2,25121.0,16.0,LIME,1,NASDAQ,1.0,0.25,0.25,0.1,1.0,PURPLE,LIME
2024-06-10,XLC,XLC,3,82.64100646972656,16.0,LIME,1,NASDAQ,1.0,0.16,0.16,0.1,1.0,PURPLE,LIME
2024-06-10,VUG,VUG,4,358.8663024902344,15.5,LIME,1,NASDAQ,1.0,0.1,0.1,0.1,1.0,PURPLE,LIME
2024-06-10,SOXX,SOXX,5,240.3526153564453,15.0,LIME,1,NASDAQ,1.0,0.1,0.1,0.1,1.0,PURPLE,LIME
2024-06-10,ITA,ITA,6,134.3275604248047,13.25,-,2,NASDAQ,1.0,0.08,0.08,0.1,1.0,PURPLE,LIME
2024-06-11,446770,톱반도,1,25387.0,16.0,LIME,1,NASDAQ,1.0,0.31,0.31,0.1,1.0,PURPLE,LIME
2024-06-11,SMH,SMH,2,253.56365966796875,16.0,LIME,1,NASDAQ,1.0,0.25,0.25,0.1,1.0,PURPLE,LIME
2024-06-11,VUG,VUG,3,362.4526672363281,16.0,LIME,1,NASDAQ,1.0,0.16,0.16,0.1,1.0,PURPLE,LIME
2024-06-11,QQQ,QQQ,4,462.9358520507813,16.0,LIME,1,NASDAQ,1.0,0.1,0.1,0.1,1.0,PURPLE,LIME
2024-06-11,SOXX,SOXX,5,240.55029296875,15.5,LIME,1,NASDAQ,1.0,0.1,0.1,0.1,1.0,PURPLE,LIME
2024-06-11,XLC,XLC,6,82.79727935791016,15.75,LIME,1,NASDAQ,1.0,0.08,0.08,0.1,1.0,PURPLE,LIME
2024-06-12,SMH,SMH,1,261.1165771484375,16.0,LIME,1,NASDAQ,1.0,0.31,0.31,0.4,1.0,-,LIME
2024-06-12,446770,톱반도,2,25541.0,16.0,LIME,1,NASDAQ,1.0,0.25,0.25,0.4,1.0,-,LIME
2024-06-12,SOXX,SOXX,3,247.330810546875,16.0,LIME,1,NASDAQ,1.0,0.16,0.16,0.4,1.0,-,LIME
2024-06-12,VUG,VUG,4,367.3468017578125,16.0,LIME,1,NASDAQ,1.0,0.1,0.1,0.4,1.0,-,LIME
2024-06-12,QQQ,QQQ,5,468.9992980957031,16.0,LIME,1,NASDAQ,1.0,0.1,0.1,0.4,1.0,-,LIME
2024-06-12,XLC,XLC,6,82.62146759033203,14.0,LIME,2,NASDAQ,1.0,0.08,0.08,0.4,1.0,-,LIME
2024-06-13,SMH,SMH,1,265.2056579589844,16.0,LIME,1,NASDAQ,1.0,0.31,0.31,1.0,1.0,LIME,LIME
2024-06-13,446770,톱반도,2,26446.0,16.0,LIME,1,NASDAQ,1.0,0.25,0.25,1.0,1.0,LIME,LIME
2024-06-13,SOXX,SOXX,3,250.019287109375,16.0,LIME,1,NASDAQ,1.0,0.16,0.16,1.0,1.0,LIME,LIME
2024-06-13,XLK,XLK,4,111.9858169555664,16.0,LIME,1,NASDAQ,1.0,0.1,0.1,1.0,1.0,LIME,LIME
2024-06-13,QQQ,QQQ,5,471.5413513183594,16.0,LIME,1,NASDAQ,1.0,0.1,0.1,1.0,1.0,LIME,LIME
2024-06-13,VUG,VUG,6,367.7727661132813,16.0,LIME,1,NASDAQ,1.0,0.08,0.08,1.0,1.0,LIME,LIME
2024-06-14,SMH,SMH,1,265.880615234375,16.0,LIME,1,NASDAQ,1.0,0.31,0.31,1.0,1.0,LIME,LIME
2024-06-14,446770,톱반도,2,26642.0,16.0,LIME,1,NASDAQ,1.0,0.25,0.25,1.0,1.0,LIME,LIME
2024-06-14,SOXX,SOXX,3,249.11981201171875,16.0,LIME,1,NASDAQ,1.0,0.16,0.16,1.0,1.0,LIME,LIME
2024-06-14,XLK,XLK,4,112.4054718017578,16.0,LIME,1,NASDAQ,1.0,0.1,0.1,1.0,1.0,LIME,LIME
2024-06-14,QQQ,QQQ,5,473.9845275878906,16.0,LIME,1,NASDAQ,1.0,0.1,0.1,1.0,1.0,LIME,LIME
2024-06-14,VUG,VUG,6,369.04095458984375,16.0,LIME,1,NASDAQ,1.0,0.08,0.08,1.0,1.0,LIME,LIME
2024-06-17,446770,톱반도,1,26609.0,16.0,LIME,1,NASDAQ,1.0,0.31,0.31,1.0,1.0,LIME,LIME
2024-06-17,SMH,SMH,2,270.4361572265625,16.0,LIME,1,NASDAQ,1.0,0.25,0.25,1.0,1.0,LIME,LIME
2024-06-17,SOXX,SOXX,3,253.05372619628903,16.0,LIME,1,NASDAQ,1.0,0.16,0.16,1.0,1.0,LIME,LIME
2024-06-17,228790,화장품,4,3483.0,15.5,-,1,KOSPI,1.0,0.1,0.1,1.0,1.0,LIME,LIME
2024-06-17,EWT,EWT,5,49.73089218139648,16.0,-,1,NASDAQ,1.0,0.1,0.1,1.0,1.0,LIME,LIME
2024-06-17,XLK,XLK,6,114.10881042480467,16.0,LIME,1,NASDAQ,1.0,0.08,0.08,1.0,1.0,LIME,LIME
2024-06-18,228790,화장품,1,3533.0,16.0,-,1,KOSPI,1.0,0.31,0.31,1.0,1.0,LIME,LIME
2024-06-18,446770,톱반도,2,26998.0,16.0,LIME,1,NASDAQ,1.0,0.25,0.25,1.0,1.0,LIME,LIME
2024-06-18,SMH,SMH,3,274.6840515136719,16.0,LIME,1,NASDAQ,1.0,0.16,0.16,1.0,1.0,LIME,LIME
2024-06-18,091160,반도체,4,44267.0,16.0,LIME,1,KOSPI,1.0,0.1,0.1,1.0,1.0,LIME,LIME
2024-06-18,SOXX,SOXX,5,256.27593994140625,16.0,LIME,1,NASDAQ,1.0,0.1,0.1,1.0,1.0,LIME,LIME
2024-06-18,EWT,EWT,6,50.40681457519531,16.0,LIME,1,NASDAQ,1.0,0.08,0.08,1.0,1.0,LIME,LIME
2024-06-19,446770,톱반도,1,27574.0,16.0,LIME,1,NASDAQ,1.0,0.33,0.33,1.0,1.0,LIME,LIME
2024-06-19,147970,티모멘,2,29594.0,15.75,LIME,1,KOSPI,1.0,0.27,0.27,1.0,1.0,LIME,LIME
2024-06-19,091160,반도체,3,44337.0,16.0,LIME,1,KOSPI,1.0,0.2,0.2,1.0,1.0,LIME,LIME
2024-06-19,228790,화장품,4,3463.0,15.0,-,2,KOSPI,1.0,0.1,0.1,1.0,1.0,LIME,LIME
2024-06-19,453810,인디아,5,13286.0,16.0,LIME,1,NASDAQ,1.0,0.1,0.1,1.0,1.0,LIME,LIME
2024-06-20,446770,톱반도,1,27874.0,16.0,LIME,1,NASDAQ,1.0,0.31,0.31,1.0,1.0,LIME,LIME
2024-06-20,147970,티모멘,2,29515.0,16.0,LIME,1,KOSPI,1.0,0.25,0.25,1.0,1.0,LIME,LIME
2024-06-20,091160,반도체,3,44701.0,16.0,LIME,1,KOSPI,1.0,0.16,0.16,1.0,1.0,LIME,LIME
2024-06-20,449450,방산주,4,16745.0,16.0,LIME,1,KOSPI,1.0,0.1,0.1,1.0,1.0,LIME,LIME
2024-06-20,EWT,EWT,5,50.80495834350586,16.0,LIME,1,NASDAQ,1.0,0.1,0.1,1.0,1.0,LIME,LIME
2024-06-20,453810,인디아,6,13326.0,16.0,LIME,1,NASDAQ,1.0,0.08,0.08,1.0,1.0,LIME,LIME
2024-06-21,147970,티모멘,1,29715.0,16.0,LIME,1,KOSPI,1.0,0.31,0.31,1.0,1.0,LIME,LIME
2024-06-21,EWT,EWT,2,50.58273696899414,16.0,LIME,1,NASDAQ,1.0,0.25,0.25,1.0,1.0,LIME,LIME
2024-06-21,453810,인디아,3,13326.0,16.0,LIME,1,NASDAQ,1.0,0.16,0.16,1.0,1.0,LIME,LIME
2024-06-21,446770,톱반도,4,27125.0,15.0,LIME,2,NASDAQ,1.0,0.1,0.1,1.0,1.0,LIME,LIME
2024-06-21,449450,방산주,5,16356.0,15.0,LIME,2,KOSPI,1.0,0.1,0.1,1.0,1.0,LIME,LIME
2024-06-21,091160,반도체,6,43927.0,15.0,LIME,2,KOSPI,1.0,0.08,0.08,1.0,1.0,LIME,LIME
2024-06-24,453810,인디아,1,13350.0,16.0,LIME,1,NASDAQ,1.0,0.31,0.31,1.0,1.0,LIME,LIME
2024-06-24,147970,티모멘,2,29277.0,15.0,-,2,KOSPI,1.0,0.25,0.25,1.0,1.0,LIME,LIME
2024-06-24,EWT,EWT,3,49.86052322387695,15.0,LIME,2,NASDAQ,1.0,0.16,0.16,1.0,1.0,LIME,LIME
2024-06-24,EZA,EZA,4,39.17655563354492,14.75,LIME,1,NASDAQ,1.0,0.1,0.1,1.0,1.0,LIME,LIME
2024-06-24,VIG,VIG,5,178.9882354736328,16.0,LIME,1,NASDAQ,1.0,0.1,0.1,1.0,1.0,LIME,LIME
2024-06-24,449450,방산주,6,16515.0,13.25,LIME,2,KOSPI,1.0,0.08,0.08,1.0,1.0,LIME,LIME
2024-06-25,453810,인디아,1,13369.0,16.0,LIME,1,NASDAQ,1.0,0.31,0.31,1.0,1.0,LIME,LIME
2024-06-25,139230,조선주,2,4621.0,15.25,LIME,1,KOSPI,1.0,0.25,0.25,1.0,1.0,LIME,LIME
2024-06-25,EZA,EZA,3,38.49956130981445,14.5,LIME,2,NASDAQ,1.0,0.16,0.16,1.0,1.0,LIME,LIME
2024-06-25,147970,티모멘,4,29388.0,13.5,-,2,KOSPI,1.0,0.1,0.1,1.0,1.0,LIME,LIME
2024-06-25,HYG,HYG,5,69.54983520507812,15.25,LIME,1,FIXED,1.0,0.1,0.1,1.0,1.0,LIME,LIME
2024-06-25,EWT,EWT,6,50.01792907714844,13.75,LIME,2,NASDAQ,1.0,0.08,0.08,1.0,1.0,LIME,LIME
2024-06-26,453810,인디아,1,13481.0,16.0,LIME,1,NASDAQ,1.0,0.31,0.31,1.0,1.0,LIME,LIME
2024-06-26,139230,조선주,2,4606.0,14.0,LIME,2,KOSPI,1.0,0.25,0.25,1.0,1.0,LIME,LIME
2024-06-26,325020,케모멘,3,14054.0,14.75,LIME,1,KOSPI,1.0,0.16,0.16,1.0,1.0,LIME,LIME
2024-06-26,XLC,XLC,4,84.18157958984375,14.25,LIME,1,NASDAQ,1.0,0.1,0.1,1.0,1.0,LIME,LIME
2024-06-26,147970,티모멘,5,29671.0,13.25,-,1,KOSPI,1.0,0.1,0.1,1.0,1.0,LIME,LIME
2024-06-26,EZA,EZA,6,38.624271392822266,13.25,LIME,2,NASDAQ,1.0,0.08,0.08,1.0,1.0,LIME,LIME
2024-06-27,453810,인디아,1,13576.0,16.0,LIME,1,NASDAQ,0.6,0.31,0.186,1.0,0.4,LIME,-
2024-06-27,XLC,XLC,2,84.66144561767578,16.0,LIME,1,NASDAQ,0.6,0.25,0.15,1.0,0.4,LIME,-
2024-06-27,139230,조선주,3,4671.0,14.0,LIME,1,KOSPI,1.0,0.16,0.16,1.0,0.4,LIME,-
2024-06-27,325020,케모멘,4,14059.0,14.75,LIME,1,KOSPI,1.0,0.1,0.1,1.0,0.4,LIME,-
2024-06-27,147970,티모멘,5,29797.0,13.25,LIME,1,KOSPI,1.0,0.1,0.1,1.0,0.4,LIME,-
2024-06-27,EZA,EZA,6,37.590965270996094,11.0,-,3,NASDAQ,0.4,0.08,0.032,1.0,0.4,LIME,-
2024-06-28,453810,인디아,1,13576.0,16.0,LIME,1,NASDAQ,0.6,0.31,0.186,1.0,0.4,LIME,-
2024-06-28,091180,자동차,2,21865.0,15.75,LIME,1,KOSPI,1.0,0.25,0.25,1.0,0.4,LIME,-
2024-06-28,325020,케모멘,3,14192.0,15.75,LIME,1,KOSPI,1.0,0.16,0.16,1.0,0.4,LIME,-
2024-06-28,147970,티모멘,4,30149.0,14.25,LIME,1,KOSPI,1.0,0.1,0.1,1.0,0.4,LIME,-
2024-06-28,139230,조선주,5,4695.0,14.0,LIME,1,KOSPI,1.0,0.1,0.1,1.0,0.4,LIME,-
2024-06-28,XLC,XLC,6,83.88780212402344,15.0,LIME,2,NASDAQ,0.55,0.08,0.044,1.0,0.4,LIME,-
2024-07-01,453810,인디아,1,13603.0,16.0,LIME,1,NASDAQ,0.6,0.31,0.186,1.0,0.4,LIME,-
2024-07-01,325020,케모멘,2,14110.0,16.0,LIME,1,KOSPI,1.0,0.25,0.25,1.0,0.4,LIME,-
2024-07-01,VUG,VUG,3,373.6544799804688,15.0,-,1,NASDAQ,0.6,0.16,0.096,1.0,0.4,LIME,-
2024-07-01,INDA,INDA,4,55.77647399902344,14.75,LIME,1,NASDAQ,0.55,0.1,0.055,1.0,0.4,LIME,-
2024-07-01,147970,티모멘,5,29637.0,14.25,LIME,3,KOSPI,1.0,0.1,0.1,1.0,0.4,LIME,-
2024-07-01,139230,조선주,6,4666.0,14.0,LIME,1,KOSPI,1.0,0.08,0.08,1.0,0.4,LIME,-
2024-07-02,453810,인디아,1,13696.0,16.0,LIME,1,NASDAQ,0.6,0.31,0.186,1.0,0.4,LIME,-
2024-07-02,INDA,INDA,2,55.766544342041016,16.0,LIME,1,NASDAQ,0.6,0.25,0.15,1.0,0.4,LIME,-
2024-07-02,139230,조선주,3,4636.0,15.0,LIME,2,KOSPI,1.0,0.16,0.16,1.0,0.4,LIME,-
2024-07-02,VUG,VUG,4,376.8782043457031,15.0,-,1,NASDAQ,0.6,0.1,0.06,1.0,0.4,LIME,-
2024-07-02,325020,케모멘,5,14054.0,15.0,LIME,2,KOSPI,1.0,0.1,0.1,1.0,0.4,LIME,-
2024-07-02,147970,티모멘,6,29316.0,11.5,-,3,KOSPI,1.0,0.08,0.08,1.0,0.4,LIME,-
2024-07-03,453810,인디아,1,13771.0,16.0,LIME,1,NASDAQ,0.6,0.31,0.186,1.0,0.4,LIME,-
2024-07-03,INDA,INDA,2,56.00482177734375,16.0,LIME,1,NASDAQ,0.6,0.25,0.15,1.0,0.4,LIME,-
2024-07-03,VUG,VUG,3,379.6753845214844,15.0,-,1,NASDAQ,0.6,0.16,0.096,1.0,0.4,LIME,-
2024-07-03,PTF,PTF,4,63.21153259277344,15.0,LIME,1,NASDAQ,0.6,0.1,0.06,1.0,0.4,LIME,-
2024-07-03,139230,조선주,5,4616.0,13.25,LIME,3,KOSPI,1.0,0.1,0.1,1.0,0.4,LIME,-
2024-07-03,325020,케모멘,6,14101.0,13.75,LIME,2,KOSPI,1.0,0.08,0.08,1.0,0.4,LIME,-
2024-07-04,453810,인디아,1,13721.0,16.0,LIME,1,NASDAQ,0.6,0.31,0.186,1.0,0.4,LIME,-
2024-07-04,091170,은행주,2,8003.0,14.25,LIME,1,KOSPI,1.0,0.25,0.25,1.0,0.4,LIME,-
2024-07-04,069500,코스피,3,37839.0,15.0,LIME,1,KOSPI,1.0,0.16,0.16,1.0,0.4,LIME,-
2024-07-04,325020,케모멘,4,14349.0,13.75,LIME,1,KOSPI,1.0,0.1,0.1,1.0,0.4,LIME,-
2024-07-04,102970,증권주,5,7229.0,13.5,LIME,1,KOSPI,1.0,0.1,0.1,1.0,0.4,LIME,-
2024-07-04,139230,조선주,6,4641.0,11.5,LIME,2,KOSPI,1.0,0.08,0.08,1.0,0.4,LIME,-
2024-07-05,VUG,VUG,1,384.228271484375,16.0,-,1,NASDAQ,0.6,0.31,0.186,1.0,0.4,LIME,-
2024-07-05,PTF,PTF,2,63.80005645751953,15.75,LIME,1,NASDAQ,0.6,0.25,0.15,1.0,0.4,LIME,-
2024-07-05,INDA,INDA,3,56.253028869628906,16.0,LIME,1,NASDAQ,0.6,0.16,0.096,1.0,0.4,LIME,-
2024-07-05,091170,은행주,4,8104.0,15.5,LIME,1,KOSPI,1.0,0.1,0.1,1.0,0.4,LIME,-
2024-07-05,IVV,IVV,5,545.1791381835938,15.75,LIME,1,NASDAQ,0.6,0.1,0.06,1.0,0.4,LIME,-
2024-07-05,453810,인디아,6,13686.0,15.0,LIME,2,NASDAQ,0.55,0.08,0.044,1.0,0.4,LIME,-
2024-07-08,VUG,VUG,1,384.2679748535156,16.0,-,1,NASDAQ,0.6,0.31,0.186,1.0,0.4,LIME,-
2024-07-08,PTF,PTF,2,64.1192626953125,16.0,LIME,1,NASDAQ,0.6,0.25,0.15,1.0,0.4,LIME,-
2024-07-08,QQQ,QQQ,3,492.7192077636719,16.0,-,1,NASDAQ,0.6,0.16,0.096,1.0,0.4,LIME,-
2024-07-08,449190,나스닥,4,16018.0,15.75,-,1,NASDAQ,0.6,0.1,0.06,1.0,0.4,LIME,-
2024-07-08,INDA,INDA,5,56.223243713378906,16.0,LIME,1,NASDAQ,0.6,0.1,0.06,1.0,0.4,LIME,-
2024-07-08,091170,은행주,6,7988.0,15.75,LIME,1,KOSPI,1.0,0.08,0.08,1.0,0.4,LIME,-
2024-07-09,XLK,XLK,1,115.87188720703124,16.0,-,1,NASDAQ,0.6,0.31,0.186,1.0,0.4,LIME,-
2024-07-09,VUG,VUG,2,385.1904602050781,16.0,-,1,NASDAQ,0.6,0.25,0.15,1.0,0.4,LIME,-
2024-07-09,PTF,PTF,3,63.879859924316406,16.0,LIME,1,NASDAQ,0.6,0.16,0.096,1.0,0.4,LIME,-
2024-07-09,EWT,EWT,4,51.93457412719727,16.0,LIME,1,NASDAQ,0.6,0.1,0.06,1.0,0.4,LIME,-
2024-07-09,QQQ,QQQ,5,493.1452026367188,16.0,-,1,NASDAQ,0.6,0.1,0.06,1.0,0.4,LIME,-
2024-07-09,449190,나스닥,6,16117.0,16.0,-,1,NASDAQ,0.6,0.08,0.048,1.0,0.4,LIME,-
2024-07-10,EWT,EWT,1,52.66604995727539,16.0,LIME,1,NASDAQ,0.6,0.31,0.186,1.0,0.4,LIME,-
2024-07-10,XLK,XLK,2,117.5534896850586,16.0,-,1,NASDAQ,0.6,0.25,0.15,1.0,0.4,LIME,-
2024-07-10,VUG,VUG,3,388.7712707519531,16.0,-,1,NASDAQ,0.6,0.16,0.096,1.0,0.4,LIME,-
2024-07-10,QQQ,QQQ,4,498.28704833984375,16.0,-,1,NASDAQ,0.6,0.1,0.06,1.0,0.4,LIME,-
2024-07-10,449190,나스닥,5,16107.0,16.0,-,1,NASDAQ,0.6,0.1,0.06,1.0,0.4,LIME,-
2024-07-10,PTF,PTF,6,64.24893951416016,16.0,LIME,1,NASDAQ,0.6,0.08,0.048,1.0,0.4,LIME,-
2024-07-11,EWT,EWT,1,52.62901306152344,16.0,LIME,1,NASDAQ,1.0,0.31,0.31,1.0,1.0,LIME,LIME
2024-07-11,EZA,EZA,2,39.85354995727539,16.0,LIME,1,NASDAQ,1.0,0.25,0.25,1.0,1.0,LIME,LIME
2024-07-11,449190,나스닥,3,16240.0,16.0,LIME,1,NASDAQ,1.0,0.16,0.16,1.0,1.0,LIME,LIME
2024-07-11,139230,조선주,4,4914.0,15.5,LIME,1,KOSPI,1.0,0.1,0.1,1.0,1.0,LIME,LIME
2024-07-11,EWS,EWS,5,18.85939598083496,15.75,LIME,1,NASDAQ,1.0,0.1,0.1,1.0,1.0,LIME,LIME
2024-07-11,VUG,VUG,6,380.6474914550781,15.0,-,2,NASDAQ,1.0,0.08,0.08,1.0,1.0,LIME,LIME
2024-07-12,139230,조선주,1,4919.0,16.0,LIME,1,KOSPI,1.0,0.31,0.31,1.0,0.4,LIME,-
2024-07-12,EWT,EWT,2,52.60123443603516,16.0,LIME,1,NASDAQ,0.6,0.25,0.15,1.0,0.4,LIME,-
2024-07-12,434730,원자력,3,19118.0,15.75,LIME,1,KOSPI,1.0,0.16,0.16,1.0,0.4,LIME,-
2024-07-12,EZA,EZA,4,40.17422866821289,16.0,LIME,1,NASDAQ,0.6,0.1,0.06,1.0,0.4,LIME,-
2024-07-12,EWS,EWS,5,18.878076553344727,15.75,LIME,1,NASDAQ,0.6,0.1,0.06,1.0,0.4,LIME,-
2024-07-12,VUG,VUG,6,382.9586181640625,13.5,-,2,NASDAQ,0.45,0.08,0.036,1.0,0.4,LIME,-
2024-07-15,434730,원자력,1,19697.0,16.0,LIME,1,KOSPI,1.0,0.31,0.31,1.0,0.4,LIME,-
2024-07-15,139230,조선주,2,4929.0,16.0,LIME,1,KOSPI,1.0,0.25,0.25,1.0,0.4,LIME,-
2024-07-15,EWS,EWS,3,18.73796272277832,16.0,LIME,1,NASDAQ,0.6,0.16,0.096,1.0,0.4,LIME,-
2024-07-15,EWA,EWA,4,24.32196044921875,16.0,LIME,1,NASDAQ,0.6,0.1,0.06,1.0,0.4,LIME,-
2024-07-15,INDA,INDA,5,56.74943542480469,16.0,LIME,1,NASDAQ,0.6,0.1,0.06,1.0,0.4,LIME,-
2024-07-15,EZA,EZA,6,39.50614547729492,15.0,LIME,2,NASDAQ,0.55,0.08,0.044,1.0,0.4,LIME,-
2024-07-16,434730,원자력,1,19410.0,16.0,LIME,1,KOSPI,1.0,0.31,0.31,1.0,0.4,LIME,-
2024-07-16,139230,조선주,2,5008.0,16.0,LIME,1,KOSPI,1.0,0.25,0.25,1.0,0.4,LIME,-
2024-07-16,IWM,IWM,3,220.29986572265625,16.0,LIME,1,NASDAQ,0.6,0.16,0.096,1.0,0.4,LIME,-
2024-07-16,102970,증권주,4,7473.0,16.0,LIME,1,KOSPI,1.0,0.1,0.1,1.0,0.4,LIME,-
2024-07-16,IBB,IBB,5,147.17422485351562,15.25,LIME,1,NASDAQ,0.6,0.1,0.06,1.0,0.4,LIME,-
2024-07-16,INDA,INDA,6,56.947998046875,16.0,LIME,1,NASDAQ,0.6,0.08,0.048,1.0,0.4,LIME,-
2024-07-17,139230,조선주,1,5013.0,16.0,LIME,1,KOSPI,0.6,0.31,0.186,0.4,0.4,-,-
2024-07-17,102970,증권주,2,7482.0,16.0,LIME,1,KOSPI,0.6,0.25,0.15,0.4,0.4,-,-
2024-07-17,IWM,IWM,3,217.994857788086,16.0,LIME,1,NASDAQ,0.6,0.16,0.096,0.4,0.4,-,-
2024-07-17,IBB,IBB,4,145.62217712402344,15.5,LIME,1,NASDAQ,0.6,0.1,0.06,0.4,0.4,-,-
2024-07-17,TUR,TUR,5,42.28650665283203,15.5,LIME,1,NASDAQ,0.6,0.1,0.06,0.4,0.4,-,-
2024-07-17,434730,원자력,6,19083.0,14.5,LIME,2,KOSPI,0.5,0.08,0.04,0.4,0.4,-,-
2024-07-18,102970,증권주,1,7430.0,16.0,LIME,1,KOSPI,0.6,0.31,0.186,0.4,0.1,-,PURPLE
2024-07-18,139230,조선주,2,4929.0,15.0,-,2,KOSPI,0.55,0.25,0.1375,0.4,0.1,-,PURPLE
2024-07-18,XLRE,XLRE,3,38.265281677246094,15.0,LIME,1,NASDAQ,0.24,0.16,0.0384,0.4,0.1,-,PURPLE
2024-07-18,VNQ,VNQ,4,83.16619110107422,15.0,LIME,1,NASDAQ,0.24,0.1,0.024,0.4,0.1,-,PURPLE
2024-07-18,IBB,IBB,5,143.3837127685547,14.75,LIME,2,NASDAQ,0.2,0.1,0.02,0.4,0.1,-,PURPLE
2024-07-18,IWM,IWM,6,213.77716064453125,15.0,LIME,2,NASDAQ,0.22,0.08,0.0176,0.4,0.1,-,PURPLE
2024-07-19,102970,증권주,1,7372.0,15.0,LIME,2,KOSPI,0.55,0.31,0.1705,0.4,0.1,-,PURPLE
2024-07-19,TUR,TUR,2,42.46128082275391,15.0,LIME,1,NASDAQ,0.24,0.25,0.06,0.4,0.1,-,PURPLE
2024-07-19,453810,인디아,3,13897.0,15.0,-,1,NASDAQ,0.24,0.16,0.0384,0.4,0.1,-,PURPLE
2024-07-19,244580,바이오,4,8629.0,15.0,LIME,1,KOSPI,0.6,0.1,0.06,0.4,0.1,-,PURPLE
2024-07-19,XLRE,XLRE,5,38.218109130859375,14.25,LIME,2,NASDAQ,0.2,0.1,0.02,0.4,0.1,-,PURPLE
2024-07-19,VNQ,VNQ,6,83.01660919189453,14.25,LIME,2,NASDAQ,0.2,0.08,0.016,0.4,0.1,-,PURPLE
2024-07-22,TUR,TUR,1,42.76228713989258,15.0,LIME,1,NASDAQ,0.24,0.31,0.0744,0.4,0.1,-,PURPLE
2024-07-22,XLRE,XLRE,2,38.59547805786133,14.5,LIME,1,NASDAQ,0.22,0.25,0.055,0.4,0.1,-,PURPLE
2024-07-22,VNQ,VNQ,3,83.87677764892578,14.25,LIME,1,NASDAQ,0.22,0.16,0.0352,0.4,0.1,-,PURPLE
2024-07-22,IJR,IJR,4,111.92034149169922,14.5,LIME,1,NASDAQ,0.22,0.1,0.022,0.4,0.1,-,PURPLE
2024-07-22,IBB,IBB,5,145.4928741455078,13.0,LIME,1,NASDAQ,0.2,0.1,0.02,0.4,0.1,-,PURPLE
2024-07-22,453810,인디아,6,13869.0,13.25,-,2,NASDAQ,0.2,0.08,0.016,0.4,0.1,-,PURPLE
2024-07-23,TUR,TUR,1,42.43215560913086,15.0,LIME,1,NASDAQ,0.24,0.31,0.0744,0.4,0.1,-,PURPLE
2024-07-23,XLRE,XLRE,2,38.529441833496094,14.75,LIME,1,NASDAQ,0.22,0.25,0.055,0.4,0.1,-,PURPLE
2024-07-23,VNQ,VNQ,3,83.81133270263672,14.25,LIME,1,NASDAQ,0.22,0.16,0.0352,0.4,0.1,-,PURPLE
2024-07-23,IJR,IJR,4,112.79341888427734,13.75,LIME,1,NASDAQ,0.2,0.1,0.02,0.4,0.1,-,PURPLE
2024-07-23,IBB,IBB,5,144.60745239257812,12.25,LIME,1,NASDAQ,0.2,0.1,0.02,0.4,0.1,-,PURPLE
2024-07-23,453810,인디아,6,13810.0,11.0,-,3,NASDAQ,0.2,0.08,0.016,0.4,0.1,-,PURPLE
2024-07-24,TUR,TUR,1,41.86898040771485,14.0,-,3,NASDAQ,0.2,0.31,0.062,0.1,0.1,PURPLE,PURPLE
2024-07-24,244580,바이오,2,8809.0,13.75,LIME,1,KOSPI,0.2,0.25,0.05,0.1,0.1,PURPLE,PURPLE
2024-07-24,XLRE,XLRE,3,38.00112915039063,13.0,LIME,3,NASDAQ,0.2,0.16,0.032,0.1,0.1,PURPLE,PURPLE
2024-07-24,449450,방산주,4,17906.0,13.25,LIME,1,KOSPI,0.2,0.1,0.02,0.1,0.1,PURPLE,PURPLE
2024-07-24,VNQ,VNQ,5,82.57715606689453,12.25,LIME,3,NASDAQ,0.2,0.1,0.02,0.1,0.1,PURPLE,PURPLE
2024-07-24,IBB,IBB,6,144.9058837890625,12.0,LIME,1,NASDAQ,0.2,0.08,0.016,0.1,0.1,PURPLE,PURPLE
2024-07-25,ITA,ITA,1,137.9351043701172,14.25,LIME,1,NASDAQ,0.22,0.31,0.0682,0.1,0.1,PURPLE,PURPLE
2024-07-25,IBB,IBB,2,146.2788543701172,13.0,LIME,1,NASDAQ,0.2,0.25,0.05,0.1,0.1,PURPLE,PURPLE
2024-07-25,IJR,IJR,3,112.12406158447266,12.5,LIME,1,NASDAQ,0.2,0.16,0.032,0.1,0.1,PURPLE,PURPLE
2024-07-25,449450,방산주,4,17233.0,13.25,LIME,2,KOSPI,0.2,0.1,0.02,0.1,0.1,PURPLE,PURPLE
2024-07-25,244580,바이오,5,8589.0,12.25,LIME,3,KOSPI,0.2,0.1,0.02,0.1,0.1,PURPLE,PURPLE
2024-07-25,XLRE,XLRE,6,37.793575286865234,11.75,LIME,3,NASDAQ,0.2,0.08,0.016,0.1,0.1,PURPLE,PURPLE
2024-07-26,449450,방산주,1,17772.0,15.0,LIME,1,KOSPI,0.24,0.31,0.0744,0.1,0.1,PURPLE,PURPLE
2024-07-26,ITA,ITA,2,139.2994384765625,15.0,LIME,1,NASDAQ,0.24,0.25,0.06,0.1,0.1,PURPLE,PURPLE
2024-07-26,244580,바이오,3,8669.0,14.5,-,1,KOSPI,0.22,0.16,0.0352,0.1,0.1,PURPLE,PURPLE
2024-07-26,IBB,IBB,4,147.50254821777344,13.25,LIME,1,NASDAQ,0.2,0.1,0.02,0.1,0.1,PURPLE,PURPLE
2024-07-26,139230,조선주,5,5098.0,13.0,-,1,KOSPI,0.2,0.1,0.02,0.1,0.1,PURPLE,PURPLE
2024-07-26,IJR,IJR,6,114.2194595336914,12.75,LIME,1,NASDAQ,0.2,0.08,0.016,0.1,0.1,PURPLE,PURPLE
2024-07-29,449450,방산주,1,18405.0,15.0,LIME,1,KOSPI,0.24,0.31,0.0744,0.1,0.1,PURPLE,PURPLE
2024-07-29,ITA,ITA,2,139.14125061035156,15.5,LIME,1,NASDAQ,0.24,0.25,0.06,0.1,0.1,PURPLE,PURPLE
2024-07-29,IBB,IBB,3,147.15435791015625,14.0,LIME,1,NASDAQ,0.22,0.16,0.0352,0.1,0.1,PURPLE,PURPLE
2024-07-29,244580,바이오,4,8739.0,14.25,-,1,KOSPI,0.22,0.1,0.022,0.1,0.1,PURPLE,PURPLE
2024-07-29,IJR,IJR,5,113.49187469482422,13.5,LIME,1,NASDAQ,0.2,0.1,0.02,0.1,0.1,PURPLE,PURPLE
2024-07-29,139230,조선주,6,5127.0,13.0,-,1,KOSPI,0.2,0.08,0.016,0.1,0.1,PURPLE,PURPLE
2024-07-30,IJR,IJR,1,114.13216400146484,15.75,LIME,1,NASDAQ,0.24,0.31,0.0744,0.1,0.1,PURPLE,PURPLE
2024-07-30,ITA,ITA,2,140.02113342285156,16.0,LIME,1,NASDAQ,0.24,0.25,0.06,0.1,0.1,PURPLE,PURPLE
2024-07-30,449450,방산주,3,18330.0,15.0,LIME,1,KOSPI,0.24,0.16,0.0384,0.1,0.1,PURPLE,PURPLE
2024-07-30,IBB,IBB,4,147.12451171875,14.25,LIME,1,NASDAQ,0.22,0.1,0.022,0.1,0.1,PURPLE,PURPLE
2024-07-30,XLV,XLV,5,145.7737274169922,15.0,LIME,1,NASDAQ,0.24,0.1,0.024,0.1,0.1,PURPLE,PURPLE
2024-07-30,139230,조선주,6,5048.0,12.5,-,1,KOSPI,0.2,0.08,0.016,0.1,0.1,PURPLE,PURPLE
2024-07-31,091170,은행주,1,8330.0,16.0,LIME,1,KOSPI,0.24,0.31,0.0744,0.1,0.1,PURPLE,PURPLE
2024-07-31,IJR,IJR,2,114.80152130126952,16.0,LIME,1,NASDAQ,0.24,0.25,0.06,0.1,0.1,PURPLE,PURPLE
2024-07-31,139230,조선주,3,5127.0,15.5,-,1,KOSPI,0.24,0.16,0.0384,0.1,0.1,PURPLE,PURPLE
2024-07-31,ITA,ITA,4,141.5535430908203,16.0,LIME,1,NASDAQ,0.24,0.1,0.024,0.1,0.1,PURPLE,PURPLE
2024-07-31,VNQ,VNQ,5,84.53125762939453,14.75,LIME,1,NASDAQ,0.22,0.1,0.022,0.1,0.1,PURPLE,PURPLE
2024-07-31,IBB,IBB,6,147.2140350341797,14.75,LIME,1,NASDAQ,0.22,0.08,0.0176,0.1,0.1,PURPLE,PURPLE
2024-08-01,091170,은행주,1,8384.0,15.75,LIME,1,KOSPI,0.24,0.31,0.0744,0.1,0.1,PURPLE,PURPLE
2024-08-01,139230,조선주,2,5216.0,15.5,-,1,KOSPI,0.24,0.25,0.06,0.1,0.1,PURPLE,PURPLE
2024-08-01,XLRE,XLRE,3,39.46343612670898,15.0,LIME,1,NASDAQ,0.24,0.16,0.0384,0.1,0.1,PURPLE,PURPLE
2024-08-01,VNQ,VNQ,4,85.38209533691406,15.0,LIME,1,NASDAQ,0.24,0.1,0.024,0.1,0.1,PURPLE,PURPLE
2024-08-01,449450,방산주,5,18270.0,14.25,LIME,1,KOSPI,0.22,0.1,0.022,0.1,0.1,PURPLE,PURPLE
2024-08-01,ITA,ITA,6,139.87283325195312,15.0,LIME,2,NASDAQ,0.22,0.08,0.0176,0.1,0.1,PURPLE,PURPLE
2024-08-02,XLRE,XLRE,1,39.49173355102539,15.5,LIME,1,NASDAQ,0.24,0.31,0.0744,0.1,0.1,PURPLE,PURPLE
2024-08-02,VNQ,VNQ,2,85.33534240722656,15.5,LIME,1,NASDAQ,0.24,0.25,0.06,0.1,0.1,PURPLE,PURPLE
2024-08-02,AGG,AGG,3,94.0517578125,16.0,LIME,1,FIXED,1.0,0.16,0.16,0.1,0.1,PURPLE,PURPLE
2024-08-02,BND,BND,4,69.79901123046875,16.0,LIME,1,FIXED,1.0,0.1,0.1,0.1,0.1,PURPLE,PURPLE
2024-08-02,IEF,IEF,5,91.74018096923828,15.75,LIME,1,FIXED,1.0,0.1,0.1,0.1,0.1,PURPLE,PURPLE
2024-08-02,139230,조선주,6,4929.0,13.0,-,4,KOSPI,0.2,0.08,0.016,0.1,0.1,PURPLE,PURPLE
2024-08-05,IEF,IEF,1,91.8341064453125,16.0,LIME,1,FIXED,1.0,0.31,0.31,0.0,0.0,RED,RED
2024-08-05,AGG,AGG,2,93.97674560546876,16.0,LIME,1,FIXED,1.0,0.25,0.25,0.0,0.0,RED,RED
2024-08-05,BND,BND,3,69.73333740234375,16.0,LIME,1,FIXED,1.0,0.16,0.16,0.0,0.0,RED,RED
2024-08-05,LQD,LQD,4,102.43099212646484,16.0,LIME,1,FIXED,1.0,0.1,0.1,0.0,0.0,RED,RED
2024-08-05,TLT,TLT,5,91.94947052001952,15.0,LIME,1,FIXED,1.0,0.1,0.1,0.0,0.0,RED,RED
2024-08-05,XLRE,XLRE,6,38.350189208984375,13.0,-,3,NASDAQ,0.2,0.08,0.016,0.0,0.0,RED,RED
2024-08-06,IEF,IEF,1,91.01700592041016,16.0,LIME,1,FIXED,1.0,0.31,0.31,0.0,0.1,RED,PURPLE
2024-08-06,TLT,TLT,2,89.89270782470703,14.75,LIME,2,FIXED,1.0,0.25,0.25,0.0,0.1,RED,PURPLE
2024-08-06,AGG,AGG,3,93.41429901123048,15.0,LIME,2,FIXED,1.0,0.16,0.16,0.0,0.1,RED,PURPLE
2024-08-06,BND,BND,4,69.30186462402344,15.0,LIME,2,FIXED,1.0,0.1,0.1,0.0,0.1,RED,PURPLE
2024-08-06,LQD,LQD,5,101.7624969482422,15.0,LIME,2,FIXED,1.0,0.1,0.1,0.0,0.1,RED,PURPLE
2024-08-06,XLRE,XLRE,6,39.19926452636719,13.0,-,1,NASDAQ,0.2,0.08,0.016,0.0,0.1,RED,PURPLE
2024-08-07,IEF,IEF,1,90.68828582763672,15.0,LIME,2,FIXED,1.0,0.31,0.31,0.0,0.1,RED,PURPLE
2024-08-07,TLT,TLT,2,89.2598648071289,14.0,LIME,2,FIXED,1.0,0.25,0.25,0.0,0.1,RED,PURPLE
2024-08-07,411060,금현물,3,15500.0,14.0,-,2,FIXED,1.0,0.16,0.16,0.0,0.1,RED,PURPLE
2024-08-07,AGG,AGG,4,93.13307189941406,13.75,LIME,2,FIXED,1.0,0.1,0.1,0.0,0.1,RED,PURPLE
2024-08-07,BND,BND,5,69.13299560546875,13.75,LIME,2,FIXED,1.0,0.1,0.1,0.0,0.1,RED,PURPLE
2024-08-07,LQD,LQD,6,101.2982406616211,12.75,LIME,3,FIXED,1.0,0.08,0.08,0.0,0.1,RED,PURPLE
2024-08-08,IEF,IEF,1,90.41590881347656,13.75,LIME,2,FIXED,1.0,0.33,0.33,0.0,0.1,RED,PURPLE
2024-08-08,411060,금현물,2,15535.0,13.0,-,2,FIXED,1.0,0.27,0.27,0.0,0.1,RED,PURPLE
2024-08-08,TLT,TLT,3,88.71075439453125,12.25,LIME,3,FIXED,1.0,0.2,0.2,0.0,0.1,RED,PURPLE
2024-08-08,BND,BND,4,69.02981567382812,12.5,LIME,2,FIXED,1.0,0.1,0.1,0.0,0.1,RED,PURPLE
2024-08-08,AGG,AGG,5,92.99246215820312,12.0,LIME,2,FIXED,1.0,0.1,0.1,0.0,0.1,RED,PURPLE
2024-08-09,XLRE,XLRE,1,39.44456100463867,12.75,-,1,NASDAQ,0.2,0.35,0.07,0.1,0.1,PURPLE,PURPLE
2024-08-09,XLP,XLP,2,75.63536071777344,12.75,-,1,NASDAQ,0.2,0.3,0.06,0.1,0.1,PURPLE,PURPLE
2024-08-09,IEF,IEF,3,90.78221130371094,12.0,LIME,2,FIXED,1.0,0.25,0.25,0.1,0.1,PURPLE,PURPLE
2024-08-09,XLU,XLU,4,35.00525665283203,12.25,LIME,1,NASDAQ,0.2,0.1,0.02,0.1,0.1,PURPLE,PURPLE
2024-08-12,XLP,XLP,1,75.25312042236328,13.5,-,1,NASDAQ,0.2,0.31,0.062,0.1,0.1,PURPLE,PURPLE
2024-08-12,XLRE,XLRE,2,39.20870590209961,12.5,-,1,NASDAQ,0.2,0.25,0.05,0.1,0.1,PURPLE,PURPLE
2024-08-12,XLU,XLU,3,35.06707000732422,13.0,LIME,1,NASDAQ,0.2,0.16,0.032,0.1,0.1,PURPLE,PURPLE
2024-08-12,EWM,EWM,4,22.70734977722168,11.5,LIME,1,NASDAQ,0.2,0.1,0.02,0.1,0.1,PURPLE,PURPLE
2024-08-12,HYG,HYG,5,70.83674621582031,12.0,-,1,FIXED,1.0,0.1,0.1,0.1,0.1,PURPLE,PURPLE
2024-08-12,IEF,IEF,6,91.03580474853516,11.25,LIME,1,FIXED,1.0,0.08,0.08,0.1,0.1,PURPLE,PURPLE
2024-08-13,EWM,EWM,1,22.887115478515625,14.25,LIME,1,NASDAQ,0.55,0.31,0.1705,0.1,0.4,PURPLE,-
2024-08-13,XLP,XLP,2,75.59712982177734,14.5,LIME,1,NASDAQ,0.55,0.25,0.1375,0.1,0.4,PURPLE,-
2024-08-13,XLRE,XLRE,3,39.4822998046875,13.5,-,1,NASDAQ,0.5,0.16,0.08,0.1,0.4,PURPLE,-
2024-08-13,HYG,HYG,4,71.16361999511719,14.25,LIME,1,FIXED,1.0,0.1,0.1,0.1,0.4,PURPLE,-
2024-08-13,XLU,XLU,5,35.27155685424805,14.0,LIME,1,NASDAQ,0.55,0.1,0.055,0.1,0.4,PURPLE,-
2024-08-13,IEF,IEF,6,91.43963623046876,11.5,LIME,1,FIXED,1.0,0.08,0.08,0.1,0.4,PURPLE,-
2024-08-14,EWM,EWM,1,23.029035568237305,14.5,LIME,1,NASDAQ,0.55,0.31,0.1705,0.4,0.4,-,-
2024-08-14,XLRE,XLRE,2,39.623809814453125,14.25,-,1,NASDAQ,0.55,0.25,0.1375,0.4,0.4,-,-
2024-08-14,HYG,HYG,3,71.29071044921875,15.0,LIME,1,FIXED,1.0,0.16,0.16,0.4,0.4,-,-
2024-08-14,XLU,XLU,4,35.24778747558594,14.5,LIME,1,NASDAQ,0.55,0.1,0.055,0.4,0.4,-,-
2024-08-14,XLP,XLP,5,75.94114685058594,14.75,LIME,1,NASDAQ,0.55,0.1,0.055,0.4,0.4,-,-
2024-08-14,IEF,IEF,6,91.56171417236328,12.0,LIME,1,FIXED,1.0,0.08,0.08,0.4,0.4,-,-
2024-08-15,XLRE,XLRE,1,39.51060485839844,15.5,-,1,NASDAQ,0.6,0.31,0.186,0.4,0.4,-,-
2024-08-15,EWM,EWM,2,22.92495918273925,15.75,LIME,1,NASDAQ,0.6,0.25,0.15,0.4,0.4,-,-
2024-08-15,HYG,HYG,3,71.35427856445312,15.75,LIME,1,FIXED,1.0,0.16,0.16,0.4,0.4,-,-
2024-08-15,XLP,XLP,4,76.7247314453125,15.5,LIME,1,NASDAQ,0.6,0.1,0.06,0.4,0.4,-,-
2024-08-15,VNQ,VNQ,5,85.43819427490234,14.0,-,1,NASDAQ,0.55,0.1,0.055,0.4,0.4,-,-
2024-08-15,XLU,XLU,6,35.2430305480957,15.0,LIME,1,NASDAQ,0.6,0.08,0.048,0.4,0.4,-,-
2024-08-16,XLRE,XLRE,1,39.49173355102539,15.75,-,1,NASDAQ,0.6,0.31,0.186,0.4,0.4,-,-
2024-08-16,VNQ,VNQ,2,85.39144134521484,15.75,-,1,NASDAQ,0.6,0.25,0.15,0.4,0.4,-,-
2024-08-16,EWM,EWM,3,23.085803985595703,16.0,LIME,1,NASDAQ,0.6,0.16,0.096,0.4,0.4,-,-
2024-08-16,ENZL,ENZL,4,46.43208694458008,15.0,LIME,1,NASDAQ,0.6,0.1,0.06,0.4,0.4,-,-
2024-08-16,LQD,LQD,5,103.2387924194336,15.5,LIME,1,FIXED,1.0,0.1,0.1,0.4,0.4,-,-
2024-08-16,XLP,XLP,6,76.93496704101562,15.75,LIME,1,NASDAQ,0.6,0.08,0.048,0.4,0.4,-,-
2024-08-19,VNQ,VNQ,1,86.10202026367188,16.0,-,1,NASDAQ,0.6,0.31,0.186,0.4,0.4,-,-
2024-08-19,XLRE,XLRE,2,39.72758865356445,16.0,-,1,NASDAQ,0.6,0.25,0.15,0.4,0.4,-,-
2024-08-19,EWM,EWM,3,23.767024993896484,16.0,LIME,1,NASDAQ,0.6,0.16,0.096,0.4,0.4,-,-
2024-08-19,ENZL,ENZL,4,46.98208999633789,15.75,LIME,1,NASDAQ,0.6,0.1,0.06,0.4,0.4,-,-
2024-08-19,LQD,LQD,5,103.4801788330078,16.0,LIME,1,FIXED,1.0,0.1,0.1,0.4,0.4,-,-
2024-08-19,XLP,XLP,6,77.19296264648438,16.0,LIME,1,NASDAQ,0.6,0.08,0.048,0.4,0.4,-,-
2024-08-20,XLRE,XLRE,1,39.76532745361328,16.0,-,1,NASDAQ,1.0,0.31,0.31,0.4,1.0,-,LIME
2024-08-20,VNQ,VNQ,2,85.99918365478516,16.0,-,1,NASDAQ,1.0,0.25,0.25,0.4,1.0,-,LIME
2024-08-20,EZA,EZA,3,42.11613464355469,16.0,LIME,1,NASDAQ,1.0,0.16,0.16,0.4,1.0,-,LIME
2024-08-20,EWM,EWM,4,23.691335678100582,16.0,LIME,1,NASDAQ,1.0,0.1,0.1,0.4,1.0,-,LIME
2024-08-20,ENZL,ENZL,5,46.89524841308594,16.0,LIME,1,NASDAQ,1.0,0.1,0.1,0.4,1.0,-,LIME
2024-08-20,LQD,LQD,6,103.74945068359376,16.0,LIME,1,FIXED,1.0,0.08,0.08,0.4,1.0,-,LIME
2024-08-21,VNQ,VNQ,1,86.45732116699219,16.0,-,1,NASDAQ,1.0,0.31,0.31,0.4,1.0,-,LIME
2024-08-21,XLRE,XLRE,2,39.89740753173828,16.0,-,1,NASDAQ,1.0,0.25,0.25,0.4,1.0,-,LIME
2024-08-21,EZA,EZA,3,42.34773635864258,16.0,LIME,1,NASDAQ,1.0,0.16,0.16,0.4,1.0,-,LIME
2024-08-21,EWM,EWM,4,23.644025802612305,16.0,LIME,1,NASDAQ,1.0,0.1,0.1,0.4,1.0,-,LIME
2024-08-21,ENZL,ENZL,5,46.673316955566406,16.0,LIME,1,NASDAQ,1.0,0.1,0.1,0.4,1.0,-,LIME
2024-08-21,LQD,LQD,6,103.9815902709961,16.0,LIME,1,FIXED,1.0,0.08,0.08,0.4,1.0,-,LIME
2024-08-22,XLRE,XLRE,1,40.142696380615234,16.0,-,1,NASDAQ,1.0,0.31,0.31,0.4,1.0,-,LIME
2024-08-22,VNQ,VNQ,2,86.70975494384766,16.0,-,1,NASDAQ,1.0,0.25,0.25,0.4,1.0,-,LIME
2024-08-22,SRVR,SRVR,3,28.66205406188965,16.0,LIME,1,NASDAQ,1.0,0.16,0.16,0.4,1.0,-,LIME
2024-08-22,EWL,EWL,4,50.663692474365234,16.0,LIME,1,NASDAQ,1.0,0.1,0.1,0.4,1.0,-,LIME
2024-08-22,XLV,XLV,5,150.23880004882812,16.0,LIME,1,NASDAQ,1.0,0.1,0.1,0.4,1.0,-,LIME
2024-08-22,EWM,EWM,6,23.58725929260254,15.75,LIME,1,NASDAQ,1.0,0.08,0.08,0.4,1.0,-,LIME
2024-08-23,VNQ,VNQ,1,88.61711120605469,16.0,LIME,1,NASDAQ,1.0,0.31,0.31,0.4,1.0,-,LIME
2024-08-23,XLRE,XLRE,2,40.91630554199219,16.0,LIME,1,NASDAQ,1.0,0.25,0.25,0.4,1.0,-,LIME
2024-08-23,SRVR,SRVR,3,29.28792381286621,16.0,LIME,1,NASDAQ,1.0,0.16,0.16,0.4,1.0,-,LIME
2024-08-23,EWL,EWL,4,51.53720474243164,16.0,LIME,1,NASDAQ,1.0,0.1,0.1,0.4,1.0,-,LIME
2024-08-23,XLV,XLV,5,150.8891143798828,16.0,LIME,1,NASDAQ,1.0,0.1,0.1,0.4,1.0,-,LIME
2024-08-23,EWM,EWM,6,23.79541015625,15.75,LIME,1,NASDAQ,1.0,0.08,0.08,0.4,1.0,-,LIME
2024-08-26,VNQ,VNQ,1,88.5797119140625,16.0,LIME,1,NASDAQ,1.0,0.31,0.31,0.4,1.0,-,LIME
2024-08-26,XLRE,XLRE,2,40.88800048828125,16.0,LIME,1,NASDAQ,1.0,0.25,0.25,0.4,1.0,-,LIME
2024-08-26,102970,증권주,3,7664.0,16.0,LIME,1,KOSPI,0.6,0.16,0.096,0.4,1.0,-,LIME
2024-08-26,SRVR,SRVR,4,29.252302169799805,16.0,LIME,1,NASDAQ,1.0,0.1,0.1,0.4,1.0,-,LIME
2024-08-26,EWL,EWL,5,51.57646179199219,16.0,LIME,1,NASDAQ,1.0,0.1,0.1,0.4,1.0,-,LIME
2024-08-26,XLV,XLV,6,150.81146240234375,16.0,LIME,1,NASDAQ,1.0,0.08,0.08,0.4,1.0,-,LIME
2024-08-27,XLRE,XLRE,1,40.99177932739258,16.0,LIME,1,NASDAQ,1.0,0.31,0.31,0.4,1.0,-,LIME
2024-08-27,VNQ,VNQ,2,88.71060943603516,16.0,LIME,1,NASDAQ,1.0,0.25,0.25,0.4,1.0,-,LIME
2024-08-27,SRVR,SRVR,3,29.20415496826172,16.0,LIME,1,NASDAQ,1.0,0.16,0.16,0.4,1.0,-,LIME
2024-08-27,EWL,EWL,4,51.7138671875,16.0,LIME,1,NASDAQ,1.0,0.1,0.1,0.4,1.0,-,LIME
2024-08-27,XLV,XLV,5,151.04443359375,16.0,LIME,1,NASDAQ,1.0,0.1,0.1,0.4,1.0,-,LIME
2024-08-27,102970,증권주,6,7554.0,15.0,LIME,2,KOSPI,0.55,0.08,0.044,0.4,1.0,-,LIME
2024-08-28,XLRE,XLRE,1,40.85026168823242,16.0,LIME,1,NASDAQ,1.0,0.31,0.31,0.4,1.0,-,LIME
2024-08-28,VNQ,VNQ,2,88.36467742919922,16.0,LIME,1,NASDAQ,1.0,0.25,0.25,0.4,1.0,-,LIME
2024-08-28,EWM,EWM,3,24.391477584838867,16.0,LIME,1,NASDAQ,1.0,0.16,0.16,0.4,1.0,-,LIME
2024-08-28,EWL,EWL,4,51.733497619628906,16.0,LIME,1,NASDAQ,1.0,0.1,0.1,0.4,1.0,-,LIME
2024-08-28,XLV,XLV,5,151.21914672851562,16.0,LIME,1,NASDAQ,1.0,0.1,0.1,0.4,1.0,-,LIME
2024-08-28,SRVR,SRVR,6,28.982696533203125,14.75,LIME,2,NASDAQ,1.0,0.08,0.08,0.4,1.0,-,LIME
2024-08-29,EWM,EWM,1,24.126558303833008,16.0,LIME,1,NASDAQ,1.0,0.31,0.31,0.4,1.0,-,LIME
2024-08-29,XLF,XLF,2,44.11070251464844,16.0,LIME,1,NASDAQ,1.0,0.25,0.25,0.4,1.0,-,LIME
2024-08-29,EWL,EWL,3,51.80220031738281,16.0,LIME,1,NASDAQ,1.0,0.16,0.16,0.4,1.0,-,LIME
2024-08-29,VIG,VIG,4,188.7702789306641,16.0,LIME,1,NASDAQ,1.0,0.1,0.1,0.4,1.0,-,LIME
2024-08-29,SCHD,SCHD,5,26.19189453125,16.0,LIME,1,NASDAQ,1.0,0.1,0.1,0.4,1.0,-,LIME
2024-08-29,XLV,XLV,6,151.53945922851562,16.0,LIME,1,NASDAQ,1.0,0.08,0.08,0.4,1.0,-,LIME
2024-08-30,EWM,EWM,1,24.523935317993164,16.0,LIME,1,NASDAQ,0.6,0.31,0.186,0.1,0.4,PURPLE,-
2024-08-30,XLF,XLF,2,44.529327392578125,16.0,LIME,1,NASDAQ,0.6,0.25,0.15,0.1,0.4,PURPLE,-
2024-08-30,EIS,EIS,3,65.54335021972656,16.0,LIME,1,NASDAQ,0.6,0.16,0.096,0.1,0.4,PURPLE,-
2024-08-30,SCHD,SCHD,4,26.40115547180176,16.0,LIME,1,NASDAQ,0.6,0.1,0.06,0.1,0.4,PURPLE,-
2024-08-30,VIG,VIG,5,190.35256958007807,16.0,LIME,1,NASDAQ,0.6,0.1,0.06,0.1,0.4,PURPLE,-
2024-08-30,XLV,XLV,6,152.5877685546875,16.0,LIME,1,NASDAQ,0.6,0.08,0.048,0.1,0.4,PURPLE,-
2024-09-02,244580,바이오,1,8744.0,11.5,-,1,KOSPI,0.2,0.55,0.11,0.1,1.0,PURPLE,LIME
2024-09-02,241180,니케이,2,20758.0,11.5,LIME,2,NASDAQ,1.0,0.45,0.45,0.1,1.0,PURPLE,LIME
2024-09-03,XLF,XLF,1,44.19832229614258,16.0,LIME,1,NASDAQ,1.0,0.31,0.31,0.4,1.0,-,LIME
2024-09-03,XLV,XLV,2,152.2965545654297,16.0,LIME,1,NASDAQ,1.0,0.25,0.25,0.4,1.0,-,LIME
2024-09-03,XLRE,XLRE,3,41.180458068847656,15.0,LIME,1,NASDAQ,1.0,0.16,0.16,0.4,1.0,-,LIME
2024-09-03,VNQ,VNQ,4,88.8976058959961,15.0,LIME,1,NASDAQ,1.0,0.1,0.1,0.4,1.0,-,LIME
2024-09-03,EWM,EWM,5,24.06978988647461,15.0,-,2,NASDAQ,1.0,0.1,0.1,0.4,1.0,-,LIME
2024-09-03,241180,니케이,6,20880.0,11.5,LIME,1,NASDAQ,1.0,0.08,0.08,0.4,1.0,-,LIME
2024-09-04,XLF,XLF,1,44.24699783325195,16.0,LIME,1,NASDAQ,0.6,0.31,0.186,0.1,0.4,PURPLE,-
2024-09-04,XLU,XLU,2,36.53652572631836,15.75,LIME,1,NASDAQ,0.6,0.25,0.15,0.1,0.4,PURPLE,-
2024-09-04,XLV,XLV,3,152.03451538085938,16.0,LIME,1,NASDAQ,0.6,0.16,0.096,0.1,0.4,PURPLE,-
2024-09-04,XLRE,XLRE,4,41.27480697631836,15.0,LIME,1,NASDAQ,0.6,0.1,0.06,0.1,0.4,PURPLE,-
2024-09-04,VNQ,VNQ,5,89.15005493164062,15.0,LIME,1,NASDAQ,0.6,0.1,0.06,0.1,0.4,PURPLE,-
2024-09-04,EWM,EWM,6,24.268478393554688,14.0,-,2,NASDAQ,0.5,0.08,0.04,0.1,0.4,PURPLE,-
2024-09-05,XLRE,XLRE,1,41.16159439086914,16.0,LIME,1,NASDAQ,0.6,0.31,0.186,0.0,0.4,RED,-
2024-09-05,VNQ,VNQ,2,88.8602066040039,16.0,LIME,1,NASDAQ,0.6,0.25,0.15,0.0,0.4,RED,-
2024-09-05,XLU,XLU,3,36.44617462158203,16.0,LIME,1,NASDAQ,0.6,0.16,0.096,0.0,0.4,RED,-
2024-09-05,EWS,EWS,4,19.4291934967041,16.0,LIME,1,NASDAQ,0.6,0.1,0.06,0.0,0.4,RED,-
2024-09-05,XLP,XLP,5,79.46729278564453,15.75,LIME,1,NASDAQ,0.6,0.1,0.06,0.0,0.4,RED,-
2024-09-05,XLF,XLF,6,43.76023483276367,14.25,LIME,3,NASDAQ,0.5,0.08,0.04,0.0,0.4,RED,-
2024-09-06,XLRE,XLRE,1,41.16159439086914,15.0,LIME,2,NASDAQ,0.55,0.31,0.1705,0.0,0.4,RED,-
2024-09-06,VNQ,VNQ,2,88.77606201171875,15.0,LIME,2,NASDAQ,0.55,0.25,0.1375,0.0,0.4,RED,-
2024-09-06,SRVR,SRVR,3,29.42561912536621,15.0,LIME,1,NASDAQ,0.6,0.16,0.096,0.0,0.4,RED,-
2024-09-06,XLP,XLP,4,79.3048324584961,15.0,LIME,2,NASDAQ,0.55,0.1,0.055,0.0,0.4,RED,-
2024-09-06,EWS,EWS,5,19.2330322265625,15.0,-,2,NASDAQ,0.55,0.1,0.055,0.0,0.4,RED,-
2024-09-06,XLU,XLU,6,36.09902191162109,14.5,-,3,NASDAQ,0.5,0.08,0.04,0.0,0.4,RED,-
2024-09-09,SRVR,SRVR,1,29.598939895629883,15.75,LIME,1,NASDAQ,0.6,0.31,0.186,0.0,0.4,RED,-
2024-09-09,TLT,TLT,2,93.35982513427734,15.5,LIME,1,FIXED,1.0,0.25,0.25,0.0,0.4,RED,-
2024-09-09,XLRE,XLRE,3,41.65217590332031,15.0,LIME,1,NASDAQ,0.6,0.16,0.096,0.0,0.4,RED,-
2024-09-09,VNQ,VNQ,4,89.76712799072266,15.0,LIME,1,NASDAQ,0.6,0.1,0.06,0.0,0.4,RED,-
2024-09-09,IEF,IEF,5,92.78560638427734,15.5,LIME,1,FIXED,1.0,0.1,0.1,0.0,0.4,RED,-
2024-09-09,EWS,EWS,6,19.6440372467041,15.0,-,1,NASDAQ,0.6,0.08,0.048,0.0,0.4,RED,-
2024-09-10,SRVR,SRVR,1,30.292211532592773,16.0,LIME,1,NASDAQ,0.6,0.31,0.186,0.0,0.4,RED,-
2024-09-10,TLT,TLT,2,94.01339721679688,16.0,LIME,1,FIXED,1.0,0.25,0.25,0.0,0.4,RED,-
2024-09-10,THD,THD,3,62.49389266967773,15.25,LIME,1,NASDAQ,0.6,0.16,0.096,0.0,0.4,RED,-
2024-09-10,IEF,IEF,4,93.18122100830078,16.0,LIME,1,FIXED,1.0,0.1,0.1,0.0,0.4,RED,-
2024-09-10,XLRE,XLRE,5,42.38804626464844,15.0,LIME,1,NASDAQ,0.6,0.1,0.06,0.0,0.4,RED,-
2024-09-10,VNQ,VNQ,6,91.0667495727539,15.0,LIME,1,NASDAQ,0.6,0.08,0.048,0.0,0.4,RED,-
2024-09-11,SRVR,SRVR,1,30.31147003173828,16.0,LIME,1,NASDAQ,0.6,0.31,0.186,0.0,0.4,RED,-
2024-09-11,TLT,TLT,2,93.9386978149414,16.0,LIME,1,FIXED,1.0,0.25,0.25,0.0,0.4,RED,-
2024-09-11,IEF,IEF,3,93.11530303955078,16.0,LIME,1,FIXED,1.0,0.16,0.16,0.0,0.4,RED,-
2024-09-11,XLRE,XLRE,4,42.27483367919922,15.0,LIME,1,NASDAQ,0.6,0.1,0.06,0.0,0.4,RED,-
2024-09-11,VNQ,VNQ,5,90.88909912109376,15.0,LIME,1,NASDAQ,0.6,0.1,0.06,0.0,0.4,RED,-
2024-09-11,THD,THD,6,61.86505508422852,14.25,LIME,2,NASDAQ,0.5,0.08,0.04,0.0,0.4,RED,-
2024-09-12,XLRE,XLRE,1,42.35030364990234,16.0,LIME,1,NASDAQ,0.6,0.31,0.186,0.0,0.4,RED,-
2024-09-12,VNQ,VNQ,2,91.27245330810548,16.0,LIME,1,NASDAQ,0.6,0.25,0.15,0.0,0.4,RED,-
2024-09-12,SRVR,SRVR,3,30.292211532592773,16.0,LIME,1,NASDAQ,0.6,0.16,0.096,0.0,0.4,RED,-
2024-09-12,EWS,EWS,4,20.12976455688477,16.0,LIME,1,NASDAQ,0.6,0.1,0.06,0.0,0.4,RED,-
2024-09-12,XLU,XLU,5,36.83136749267578,15.75,LIME,1,NASDAQ,0.6,0.1,0.06,0.0,0.4,RED,-
2024-09-12,THD,THD,6,62.64634704589844,14.5,LIME,1,NASDAQ,0.55,0.08,0.044,0.0,0.4,RED,-
2024-09-13,VNQ,VNQ,1,92.22612762451172,16.0,LIME,1,NASDAQ,0.24,0.31,0.0744,0.1,0.1,PURPLE,PURPLE
2024-09-13,XLRE,XLRE,2,42.65220260620117,16.0,LIME,1,NASDAQ,0.24,0.25,0.06,0.1,0.1,PURPLE,PURPLE
2024-09-13,SRVR,SRVR,3,30.54256057739257,16.0,LIME,1,NASDAQ,0.24,0.16,0.0384,0.1,0.1,PURPLE,PURPLE
2024-09-13,EPHE,EPHE,4,27.37150382995605,16.0,-,1,NASDAQ,0.24,0.1,0.024,0.1,0.1,PURPLE,PURPLE
2024-09-13,XLU,XLU,5,37.34971618652344,16.0,LIME,1,NASDAQ,0.24,0.1,0.024,0.1,0.1,PURPLE,PURPLE
2024-09-13,EWS,EWS,6,20.20449447631836,16.0,LIME,1,NASDAQ,0.24,0.08,0.0192,0.1,0.1,PURPLE,PURPLE
2024-09-16,VNQ,VNQ,1,92.53467559814452,16.0,LIME,1,NASDAQ,0.24,0.31,0.0744,0.4,0.1,-,PURPLE
2024-09-16,XLRE,XLRE,2,42.79371643066406,16.0,LIME,1,NASDAQ,0.24,0.25,0.06,0.4,0.1,-,PURPLE
2024-09-16,EPHE,EPHE,3,27.75058364868164,16.0,-,1,NASDAQ,0.24,0.16,0.0384,0.4,0.1,-,PURPLE
2024-09-16,SRVR,SRVR,4,30.82179450988769,16.0,LIME,1,NASDAQ,0.24,0.1,0.024,0.4,0.1,-,PURPLE
2024-09-16,XLU,XLU,5,37.63504409790039,16.0,LIME,1,NASDAQ,0.24,0.1,0.024,0.4,0.1,-,PURPLE
2024-09-16,EWS,EWS,6,20.3072452545166,16.0,LIME,1,NASDAQ,0.24,0.08,0.0192,0.4,0.1,-,PURPLE
2024-09-17,EIDO,EIDO,1,21.51569557189941,16.0,LIME,1,NASDAQ,0.24,0.31,0.0744,0.4,0.1,-,PURPLE
2024-09-17,THD,THD,2,63.29425048828125,16.0,LIME,1,NASDAQ,0.24,0.25,0.06,0.4,0.1,-,PURPLE
2024-09-17,EPHE,EPHE,3,27.93526268005371,16.0,-,1,NASDAQ,0.24,0.16,0.0384,0.4,0.1,-,PURPLE
2024-09-17,VNQ,VNQ,4,91.88953399658205,16.0,-,1,NASDAQ,0.24,0.1,0.024,0.4,0.1,-,PURPLE
2024-09-17,SRVR,SRVR,5,30.65810775756836,16.0,LIME,1,NASDAQ,0.24,0.1,0.024,0.4,0.1,-,PURPLE
2024-09-17,EWS,EWS,6,20.335268020629883,16.0,LIME,1,NASDAQ,0.24,0.08,0.0192,0.4,0.1,-,PURPLE
2024-09-18,EPHE,EPHE,1,27.799184799194336,16.0,-,1,NASDAQ,0.6,0.31,0.186,0.4,0.4,-,-
2024-09-18,THD,THD,2,63.26566696166992,16.0,LIME,1,NASDAQ,0.6,0.25,0.15,0.4,0.4,-,-
2024-09-18,EIDO,EIDO,3,21.62018585205078,16.0,LIME,1,NASDAQ,0.6,0.16,0.096,0.4,0.4,-,-
2024-09-18,EWS,EWS,4,20.38197326660156,16.0,LIME,1,NASDAQ,0.6,0.1,0.06,0.4,0.4,-,-
2024-09-18,EWP,EWP,5,33.1117057800293,16.0,LIME,1,NASDAQ,0.6,0.1,0.06,0.4,0.4,-,-
2024-09-18,VNQ,VNQ,6,91.77734375,15.0,-,2,NASDAQ,0.55,0.08,0.044,0.4,0.4,-,-
2024-09-19,EPHE,EPHE,1,28.28518486022949,16.0,LIME,1,NASDAQ,0.6,0.31,0.186,0.1,0.4,PURPLE,-
2024-09-19,EIDO,EIDO,2,22.15213966369629,16.0,LIME,1,NASDAQ,0.6,0.25,0.15,0.1,0.4,PURPLE,-
2024-09-19,THD,THD,3,64.51383209228516,16.0,LIME,1,NASDAQ,0.6,0.16,0.096,0.1,0.4,PURPLE,-
2024-09-19,EWM,EWM,4,25.29977035522461,16.0,LIME,1,NASDAQ,0.6,0.1,0.06,0.1,0.4,PURPLE,-
2024-09-19,EWS,EWS,5,20.783634185791016,16.0,LIME,1,NASDAQ,0.6,0.1,0.06,0.1,0.4,PURPLE,-
2024-09-19,EWP,EWP,6,33.34944152832031,16.0,LIME,1,NASDAQ,0.6,0.08,0.048,0.1,0.4,PURPLE,-
2024-09-20,EIDO,EIDO,1,22.028654098510746,16.0,LIME,1,NASDAQ,1.0,0.31,0.31,0.1,1.0,PURPLE,LIME
2024-09-20,EPHE,EPHE,2,28.489303588867188,16.0,LIME,1,NASDAQ,1.0,0.25,0.25,0.1,1.0,PURPLE,LIME
2024-09-20,THD,THD,3,64.87588500976562,16.0,LIME,1,NASDAQ,1.0,0.16,0.16,0.1,1.0,PURPLE,LIME
2024-09-20,EWM,EWM,4,25.48900032043457,16.0,LIME,1,NASDAQ,1.0,0.1,0.1,0.1,1.0,PURPLE,LIME
2024-09-20,EWS,EWS,5,20.63417625427246,16.0,LIME,1,NASDAQ,1.0,0.1,0.1,0.1,1.0,PURPLE,LIME
2024-09-20,EWP,EWP,6,33.25434494018555,16.0,LIME,1,NASDAQ,1.0,0.08,0.08,0.1,1.0,PURPLE,LIME
2024-09-23,EPHE,EPHE,1,28.76146507263184,16.0,LIME,1,NASDAQ,1.0,0.31,0.31,0.1,1.0,PURPLE,LIME
2024-09-23,EIDO,EIDO,2,22.23763465881348,16.0,LIME,1,NASDAQ,1.0,0.25,0.25,0.1,1.0,PURPLE,LIME
2024-09-23,THD,THD,3,64.7710952758789,16.0,LIME,1,NASDAQ,1.0,0.16,0.16,0.1,1.0,PURPLE,LIME
2024-09-23,EWM,EWM,4,25.384923934936523,16.0,LIME,1,NASDAQ,1.0,0.1,0.1,0.1,1.0,PURPLE,LIME
2024-09-23,EWS,EWS,5,20.89572525024414,16.0,LIME,1,NASDAQ,1.0,0.1,0.1,0.1,1.0,PURPLE,LIME
2024-09-23,EWP,EWP,6,33.28287124633789,16.0,LIME,1,NASDAQ,1.0,0.08,0.08,0.1,1.0,PURPLE,LIME
2024-09-24,THD,THD,1,66.4098892211914,16.0,LIME,1,NASDAQ,1.0,0.31,0.31,0.4,1.0,-,LIME
2024-09-24,EIDO,EIDO,2,22.38962173461914,16.0,LIME,1,NASDAQ,1.0,0.25,0.25,0.4,1.0,-,LIME
2024-09-24,EPHE,EPHE,3,28.99474334716797,16.0,LIME,1,NASDAQ,1.0,0.16,0.16,0.4,1.0,-,LIME
2024-09-24,EWM,EWM,4,25.86745262145996,16.0,LIME,1,NASDAQ,1.0,0.1,0.1,0.4,1.0,-,LIME
2024-09-24,EWS,EWS,5,20.951770782470703,16.0,LIME,1,NASDAQ,1.0,0.1,0.1,0.4,1.0,-,LIME
2024-09-24,EWP,EWP,6,33.454044342041016,16.0,LIME,1,NASDAQ,1.0,0.08,0.08,0.4,1.0,-,LIME
2024-09-25,THD,THD,1,66.10498809814453,16.0,LIME,1,NASDAQ,1.0,0.31,0.31,0.4,1.0,-,LIME
2024-09-25,EWM,EWM,2,25.810686111450195,16.0,LIME,1,NASDAQ,1.0,0.25,0.25,0.4,1.0,-,LIME
2024-09-25,XLU,XLU,3,38.387996673583984,16.0,-,1,NASDAQ,1.0,0.16,0.16,0.4,1.0,-,LIME
2024-09-25,GLD,GLD,4,245.72999572753903,16.0,LIME,1,FIXED,1.0,0.1,0.1,0.4,1.0,-,LIME
2024-09-25,ITA,ITA,5,147.27442932128906,16.0,LIME,1,NASDAQ,1.0,0.1,0.1,0.4,1.0,-,LIME
2024-09-25,EPHE,EPHE,6,28.576784133911133,15.0,LIME,2,NASDAQ,1.0,0.08,0.08,0.4,1.0,-,LIME
2024-09-26,THD,THD,1,66.39083099365234,16.0,LIME,1,NASDAQ,1.0,0.31,0.31,0.4,1.0,-,LIME
2024-09-26,EWM,EWM,2,25.96206855773925,16.0,LIME,1,NASDAQ,1.0,0.25,0.25,0.4,1.0,-,LIME
2024-09-26,EZA,EZA,3,45.84850311279297,16.0,LIME,1,NASDAQ,1.0,0.16,0.16,0.4,1.0,-,LIME
2024-09-26,SRVR,SRVR,4,30.95656394958496,16.0,LIME,1,NASDAQ,1.0,0.1,0.1,0.4,1.0,-,LIME
2024-09-26,GLD,GLD,5,246.97999572753903,16.0,LIME,1,FIXED,1.0,0.1,0.1,0.4,1.0,-,LIME
2024-09-26,EPHE,EPHE,6,29.091943740844727,15.0,LIME,1,NASDAQ,1.0,0.08,0.08,0.4,1.0,-,LIME
2024-09-27,EZA,EZA,1,45.91976547241211,16.0,LIME,1,NASDAQ,1.0,0.31,0.31,0.4,1.0,-,LIME
2024-09-27,EWM,EWM,2,25.78230094909668,16.0,LIME,1,NASDAQ,1.0,0.25,0.25,0.4,1.0,-,LIME
2024-09-27,THD,THD,3,66.29556274414062,15.75,LIME,1,NASDAQ,1.0,0.16,0.16,0.4,1.0,-,LIME
2024-09-27,XLB,XLB,4,47.05796432495117,16.0,LIME,1,NASDAQ,1.0,0.1,0.1,0.4,1.0,-,LIME
2024-09-27,XLI,XLI,5,131.9656219482422,16.0,LIME,1,NASDAQ,1.0,0.1,0.1,0.4,1.0,-,LIME
2024-09-27,EPHE,EPHE,6,28.868385314941406,15.0,LIME,1,NASDAQ,1.0,0.08,0.08,0.4,1.0,-,LIME
2024-09-30,XLI,XLI,1,132.56265258789062,16.0,LIME,1,NASDAQ,1.0,0.31,0.31,0.4,1.0,-,LIME
2024-09-30,XLB,XLB,2,46.7957763671875,16.0,LIME,1,NASDAQ,1.0,0.25,0.25,0.4,1.0,-,LIME
2024-09-30,FXI,FXI,3,30.544214248657227,15.25,LIME,1,NASDAQ,1.0,0.16,0.16,0.4,1.0,-,LIME
2024-09-30,EWH,EWH,4,17.33852195739746,15.0,LIME,1,NASDAQ,1.0,0.1,0.1,0.4,1.0,-,LIME
2024-09-30,EWM,EWM,5,25.59307289123535,15.0,LIME,2,NASDAQ,1.0,0.1,0.1,0.4,1.0,-,LIME
2024-09-30,EZA,EZA,6,44.89537048339844,15.0,LIME,2,NASDAQ,1.0,0.08,0.08,0.4,1.0,-,LIME
2024-10-01,FXI,FXI,1,31.812883377075195,15.5,LIME,1,NASDAQ,1.0,0.31,0.31,0.4,1.0,-,LIME
2024-10-01,XLI,XLI,2,132.6311492919922,16.0,LIME,1,NASDAQ,1.0,0.25,0.25,0.4,1.0,-,LIME
2024-10-01,VTV,VTV,3,168.5269775390625,16.0,LIME,1,NASDAQ,1.0,0.16,0.16,0.4,1.0,-,LIME
2024-10-01,EWH,EWH,4,17.728776931762695,15.0,LIME,1,NASDAQ,1.0,0.1,0.1,0.4,1.0,-,LIME
2024-10-01,VYM,VYM,5,122.9923324584961,16.0,LIME,1,NASDAQ,1.0,0.1,0.1,0.4,1.0,-,LIME
2024-10-01,XLB,XLB,6,46.67924499511719,14.75,LIME,2,NASDAQ,1.0,0.08,0.08,0.4,1.0,-,LIME
2024-10-02,XLU,XLU,1,39.005619049072266,16.0,LIME,1,NASDAQ,1.0,0.31,0.31,0.0,1.0,RED,LIME
2024-10-02,FXI,FXI,2,34.100337982177734,15.75,LIME,1,NASDAQ,1.0,0.25,0.25,0.0,1.0,RED,LIME
2024-10-02,XAR,XAR,3,157.8990020751953,16.0,LIME,1,NASDAQ,1.0,0.16,0.16,0.0,1.0,RED,LIME
2024-10-02,XLI,XLI,4,132.386474609375,16.0,LIME,1,NASDAQ,1.0,0.1,0.1,0.0,1.0,RED,LIME
2024-10-02,EWH,EWH,5,18.61149978637696,15.25,LIME,1,NASDAQ,1.0,0.1,0.1,0.0,1.0,RED,LIME
2024-10-02,VTV,VTV,6,168.41082763671875,16.0,LIME,1,NASDAQ,1.0,0.08,0.08,0.0,1.0,RED,LIME
2024-10-03,FXI,FXI,1,33.158443450927734,16.0,LIME,1,NASDAQ,0.6,0.31,0.186,0.4,0.4,-,-
2024-10-03,XLU,XLU,2,38.99125289916992,16.0,LIME,1,NASDAQ,0.6,0.25,0.15,0.4,0.4,-,-
2024-10-03,ITA,ITA,3,148.88836669921875,16.0,LIME,1,NASDAQ,0.6,0.16,0.096,0.4,0.4,-,-
2024-10-03,EWH,EWH,4,18.10044860839844,15.5,LIME,1,NASDAQ,0.6,0.1,0.06,0.4,0.4,-,-
2024-10-03,VWO,VWO,5,45.995361328125,15.75,LIME,1,NASDAQ,0.6,0.1,0.06,0.4,0.4,-,-
2024-10-03,XAR,XAR,6,156.23313903808594,15.0,LIME,2,NASDAQ,0.55,0.08,0.044,0.4,0.4,-,-
2024-10-04,FXI,FXI,1,34.32139587402344,16.0,LIME,1,NASDAQ,1.0,0.31,0.31,0.0,1.0,RED,LIME
2024-10-04,XLU,XLU,2,38.929012298583984,16.0,-,1,NASDAQ,1.0,0.25,0.25,0.0,1.0,RED,LIME
2024-10-04,EWH,EWH,3,18.61149978637696,15.75,LIME,1,NASDAQ,1.0,0.16,0.16,0.0,1.0,RED,LIME
2024-10-04,ITA,ITA,4,150.30426025390625,16.0,LIME,1,NASDAQ,1.0,0.1,0.1,0.0,1.0,RED,LIME
2024-10-04,371160,항셈테,5,7602.0,15.0,LIME,1,NASDAQ,1.0,0.1,0.1,0.0,1.0,RED,LIME
2024-10-04,VWO,VWO,6,46.55524444580078,15.75,LIME,1,NASDAQ,1.0,0.08,0.08,0.0,1.0,RED,LIME
2024-10-07,FXI,FXI,1,35.263282775878906,16.0,LIME,1,NASDAQ,1.0,0.31,0.31,0.4,1.0,-,LIME
2024-10-07,EWH,EWH,2,18.908838272094727,16.0,LIME,1,NASDAQ,1.0,0.25,0.25,0.4,1.0,-,LIME
2024-10-07,ITA,ITA,3,149.8389129638672,16.0,LIME,1,NASDAQ,1.0,0.16,0.16,0.4,1.0,-,LIME
2024-10-07,VWO,VWO,4,46.963287353515625,16.0,LIME,1,NASDAQ,1.0,0.1,0.1,0.4,1.0,-,LIME
2024-10-07,371160,항셈테,5,7980.0,15.0,LIME,1,NASDAQ,1.0,0.1,0.1,0.4,1.0,-,LIME
2024-10-07,XLU,XLU,6,38.0337142944336,12.75,-,3,NASDAQ,1.0,0.08,0.08,0.4,1.0,-,LIME
2024-10-08,ITA,ITA,1,149.888427734375,16.0,LIME,1,NASDAQ,1.0,0.31,0.31,0.4,1.0,-,LIME
2024-10-08,449450,방산주,2,19577.0,15.25,LIME,1,KOSPI,0.6,0.25,0.15,0.4,1.0,-,LIME
2024-10-08,FXI,FXI,3,32.03394317626953,14.5,LIME,3,NASDAQ,1.0,0.16,0.16,0.4,1.0,-,LIME
2024-10-08,371160,항셈테,4,7261.0,14.25,LIME,2,NASDAQ,1.0,0.1,0.1,0.4,1.0,-,LIME
2024-10-08,LIT,LIT,5,46.47316360473633,14.5,GREEN,1,NASDAQ,1.0,0.1,0.1,0.4,1.0,-,LIME
2024-10-08,EWH,EWH,6,17.431440353393555,14.0,-,3,NASDAQ,1.0,0.08,0.08,0.4,1.0,-,LIME
2024-10-09,ITA,ITA,1,150.34388732910156,16.0,LIME,1,NASDAQ,1.0,0.31,0.31,0.4,1.0,-,LIME
2024-10-09,QMOM,QMOM,2,63.910919189453125,16.0,LIME,1,NASDAQ,1.0,0.25,0.25,0.4,1.0,-,LIME
2024-10-09,LIT,LIT,3,45.30415344238281,14.0,GREEN,2,NASDAQ,1.0,0.16,0.16,0.4,1.0,-,LIME
2024-10-09,XLI,XLI,4,133.78610229492188,14.0,LIME,1,NASDAQ,1.0,0.1,0.1,0.4,1.0,-,LIME
2024-10-09,XAR,XAR,5,157.39328002929688,13.75,LIME,1,NASDAQ,1.0,0.1,0.1,0.4,1.0,-,LIME
2024-10-09,FXI,FXI,6,31.51494026184082,12.5,-,3,NASDAQ,1.0,0.08,0.08,0.4,1.0,-,LIME
2024-10-10,449450,방산주,1,19397.0,16.0,LIME,1,KOSPI,0.6,0.31,0.186,0.4,1.0,-,LIME
2024-10-10,411060,금현물,2,16200.0,15.0,LIME,2,FIXED,1.0,0.25,0.25,0.4,1.0,-,LIME
2024-10-10,ITA,ITA,3,148.90818786621094,14.5,-,3,NASDAQ,1.0,0.16,0.16,0.4,1.0,-,LIME
2024-10-10,117680,철강주,4,8751.0,14.75,GREEN,1,KOSPI,0.55,0.1,0.055,0.4,1.0,-,LIME
2024-10-10,QMOM,QMOM,5,62.978981018066406,14.5,-,3,NASDAQ,1.0,0.1,0.1,0.4,1.0,-,LIME
2024-10-10,XLI,XLI,6,133.10096740722656,14.0,LIME,1,NASDAQ,1.0,0.08,0.08,0.4,1.0,-,LIME
2024-10-11,449450,방산주,1,19442.0,16.0,LIME,1,KOSPI,0.6,0.31,0.186,0.4,1.0,-,LIME
2024-10-11,PDP,PDP,2,105.89695739746094,16.0,LIME,1,NASDAQ,1.0,0.25,0.25,0.4,1.0,-,LIME
2024-10-11,PTF,PTF,3,66.57310485839844,15.75,LIME,1,NASDAQ,1.0,0.16,0.16,0.4,1.0,-,LIME
2024-10-11,XLF,XLF,4,45.44314956665039,16.0,-,1,NASDAQ,1.0,0.1,0.1,0.4,1.0,-,LIME
2024-10-11,XLI,XLI,5,135.47933959960938,15.5,LIME,1,NASDAQ,1.0,0.1,0.1,0.4,1.0,-,LIME
2024-10-11,411060,금현물,6,16290.0,15.0,LIME,1,FIXED,1.0,0.08,0.08,0.4,1.0,-,LIME
2024-10-14,XLI,XLI,1,136.2917022705078,16.0,LIME,1,NASDAQ,1.0,0.31,0.31,1.0,1.0,LIME,LIME
2024-10-14,ARKF,ARKF,2,31.222700119018555,16.0,LIME,1,NASDAQ,1.0,0.25,0.25,1.0,1.0,LIME,LIME
2024-10-14,PTF,PTF,3,66.89230346679688,16.0,LIME,1,NASDAQ,1.0,0.16,0.16,1.0,1.0,LIME,LIME
2024-10-14,PDP,PDP,4,106.97367095947266,16.0,LIME,1,NASDAQ,1.0,0.1,0.1,1.0,1.0,LIME,LIME
2024-10-14,XLF,XLF,5,45.72650146484375,16.0,LIME,1,NASDAQ,1.0,0.1,0.1,1.0,1.0,LIME,LIME
2024-10-14,449450,방산주,6,19432.0,14.75,LIME,2,KOSPI,1.0,0.08,0.08,1.0,1.0,LIME,LIME
2024-10-15,XLI,XLI,1,135.2444305419922,16.0,LIME,1,NASDAQ,1.0,0.31,0.31,1.0,1.0,LIME,LIME
2024-10-15,XLF,XLF,2,45.82421112060547,16.0,LIME,1,NASDAQ,1.0,0.25,0.25,1.0,1.0,LIME,LIME
2024-10-15,PDP,PDP,3,105.82716369628906,16.0,LIME,1,NASDAQ,1.0,0.16,0.16,1.0,1.0,LIME,LIME
2024-10-15,ARKF,ARKF,4,31.11279487609864,16.0,LIME,1,NASDAQ,1.0,0.1,0.1,1.0,1.0,LIME,LIME
2024-10-15,VTV,VTV,5,170.76239013671875,16.0,LIME,1,NASDAQ,1.0,0.1,0.1,1.0,1.0,LIME,LIME
2024-10-15,449450,방산주,6,19786.0,14.75,LIME,1,KOSPI,1.0,0.08,0.08,1.0,1.0,LIME,LIME
2024-10-16,ITA,ITA,1,153.16580200195312,16.0,LIME,1,NASDAQ,1.0,0.31,0.31,1.0,1.0,LIME,LIME
2024-10-16,QMOM,QMOM,2,65.3627700805664,16.0,-,1,NASDAQ,1.0,0.25,0.25,1.0,1.0,LIME,LIME
2024-10-16,XAR,XAR,3,161.86532592773438,16.0,LIME,1,NASDAQ,1.0,0.16,0.16,1.0,1.0,LIME,LIME
2024-10-16,XLI,XLI,4,136.2917022705078,16.0,LIME,1,NASDAQ,1.0,0.1,0.1,1.0,1.0,LIME,LIME
2024-10-16,XLF,XLF,5,46.39090347290039,16.0,LIME,1,NASDAQ,1.0,0.1,0.1,1.0,1.0,LIME,LIME
2024-10-16,ARKF,ARKF,6,31.332603454589844,16.0,LIME,1,NASDAQ,1.0,0.08,0.08,1.0,1.0,LIME,LIME
2024-10-17,ITA,ITA,1,153.3737030029297,16.0,LIME,1,NASDAQ,0.6,0.31,0.186,1.0,0.4,LIME,-
2024-10-17,XLF,XLF,2,46.51792144775391,16.0,LIME,1,NASDAQ,0.6,0.25,0.15,1.0,0.4,LIME,-
2024-10-17,XLI,XLI,3,135.9002227783203,16.0,LIME,1,NASDAQ,0.6,0.16,0.096,1.0,0.4,LIME,-
2024-10-17,411060,금현물,4,16855.0,16.0,LIME,1,FIXED,1.0,0.1,0.1,1.0,0.4,LIME,-
2024-10-17,XAR,XAR,5,161.52816772460938,16.0,LIME,1,NASDAQ,0.6,0.1,0.06,1.0,0.4,LIME,-
2024-10-17,ARKF,ARKF,6,31.13277816772461,16.0,LIME,1,NASDAQ,0.6,0.08,0.048,1.0,0.4,LIME,-
2024-10-18,449450,방산주,1,20195.0,16.0,LIME,1,KOSPI,1.0,0.31,0.31,1.0,0.4,LIME,-
2024-10-18,ARKF,ARKF,2,31.87213134765625,16.0,LIME,1,NASDAQ,0.6,0.25,0.15,1.0,0.4,LIME,-
2024-10-18,ITA,ITA,3,153.33412170410156,16.0,LIME,1,NASDAQ,0.6,0.16,0.096,1.0,0.4,LIME,-
2024-10-18,ARKW,ARKW,4,87.31012725830078,16.0,LIME,1,NASDAQ,0.6,0.1,0.06,1.0,0.4,LIME,-
2024-10-18,XLI,XLI,5,136.311279296875,16.0,-,1,NASDAQ,0.6,0.1,0.06,1.0,0.4,LIME,-
2024-10-18,XLF,XLF,6,46.52769470214844,16.0,LIME,1,NASDAQ,0.6,0.08,0.048,1.0,0.4,LIME,-
2024-10-21,449450,방산주,1,20370.0,16.0,LIME,1,KOSPI,1.0,0.31,0.31,1.0,0.4,LIME,-
2024-10-21,ARKF,ARKF,2,31.652324676513672,16.0,LIME,1,NASDAQ,0.6,0.25,0.15,1.0,0.4,LIME,-
2024-10-21,ARKW,ARKW,3,86.47306823730469,16.0,LIME,1,NASDAQ,0.6,0.16,0.096,1.0,0.4,LIME,-
2024-10-21,411060,금현물,4,17570.0,16.0,LIME,1,FIXED,1.0,0.1,0.1,1.0,0.4,LIME,-
2024-10-21,GLD,GLD,5,251.22000122070312,15.5,LIME,1,FIXED,1.0,0.1,0.1,1.0,0.4,LIME,-
2024-10-21,ITA,ITA,6,154.07672119140625,16.0,LIME,1,NASDAQ,0.6,0.08,0.048,1.0,0.4,LIME,-
2024-10-22,449450,방산주,1,20644.0,16.0,LIME,1,KOSPI,0.24,0.31,0.0744,0.0,0.4,RED,-
2024-10-22,ARKF,ARKF,2,31.54241943359375,16.0,LIME,1,NASDAQ,0.6,0.25,0.15,0.0,0.4,RED,-
2024-10-22,411060,금현물,3,17970.0,16.0,LIME,1,FIXED,1.0,0.16,0.16,0.0,0.4,RED,-
2024-10-22,GLD,GLD,4,253.92999267578125,15.5,LIME,1,FIXED,1.0,0.1,0.1,0.0,0.4,RED,-
2024-10-22,JETS,JETS,5,22.356884002685547,15.0,LIME,1,NASDAQ,0.6,0.1,0.06,0.0,0.4,RED,-
2024-10-22,ARKW,ARKW,6,86.0693130493164,15.0,LIME,2,NASDAQ,0.55,0.08,0.044,0.0,0.4,RED,-
2024-10-23,411060,금현물,1,18700.0,16.0,LIME,1,FIXED,1.0,0.31,0.31,0.4,1.0,-,LIME
2024-10-23,SLV,SLV,2,30.709999084472656,15.0,LIME,1,FIXED,1.0,0.25,0.25,0.4,1.0,-,LIME
2024-10-23,JETS,JETS,3,22.456069946289062,15.0,LIME,1,NASDAQ,1.0,0.16,0.16,0.4,1.0,-,LIME
2024-10-23,449450,방산주,4,20160.0,15.0,LIME,2,KOSPI,0.55,0.1,0.055,0.4,1.0,-,LIME
2024-10-23,GLD,GLD,5,250.8699951171875,15.0,LIME,2,FIXED,1.0,0.1,0.1,0.4,1.0,-,LIME
2024-10-23,ARKF,ARKF,6,30.8530216217041,13.75,LIME,3,NASDAQ,1.0,0.08,0.08,0.4,1.0,-,LIME
2024-10-24,411060,금현물,1,18305.0,16.0,LIME,1,FIXED,1.0,0.31,0.31,0.0,1.0,RED,LIME
2024-10-24,GLD,GLD,2,252.8000030517578,15.0,LIME,1,FIXED,1.0,0.25,0.25,0.0,1.0,RED,LIME
2024-10-24,SLV,SLV,3,30.690000534057617,14.5,LIME,2,FIXED,1.0,0.16,0.16,0.0,1.0,RED,LIME
2024-10-24,JETS,JETS,4,22.18826484680176,14.25,LIME,2,NASDAQ,1.0,0.1,0.1,0.0,1.0,RED,LIME
2024-10-24,449450,방산주,5,20150.0,13.5,LIME,2,KOSPI,0.2,0.1,0.02,0.0,1.0,RED,LIME
2024-10-24,ARKF,ARKF,6,31.39255142211914,12.5,LIME,2,NASDAQ,1.0,0.08,0.08,0.0,1.0,RED,LIME
2024-10-25,411060,금현물,1,18225.0,16.0,LIME,1,FIXED,1.0,0.31,0.31,0.0,1.0,RED,LIME
2024-10-25,GLD,GLD,2,253.32000732421875,14.75,LIME,1,FIXED,1.0,0.25,0.25,0.0,1.0,RED,LIME
2024-10-25,JETS,JETS,3,22.356884002685547,13.75,LIME,1,NASDAQ,1.0,0.16,0.16,0.0,1.0,RED,LIME
2024-10-25,SLV,SLV,4,30.6299991607666,13.25,LIME,2,FIXED,1.0,0.1,0.1,0.0,1.0,RED,LIME
2024-10-25,139230,조선주,5,5191.0,14.5,LIME,1,KOSPI,0.22,0.1,0.022,0.0,1.0,RED,LIME
2024-10-25,449450,방산주,6,20150.0,11.75,LIME,2,KOSPI,0.2,0.08,0.016,0.0,1.0,RED,LIME
2024-10-28,411060,금현물,1,18365.0,15.75,LIME,1,FIXED,1.0,0.31,0.31,0.1,1.0,PURPLE,LIME
2024-10-28,GLD,GLD,2,253.3300018310547,14.5,LIME,1,FIXED,1.0,0.25,0.25,0.1,1.0,PURPLE,LIME
2024-10-28,117680,철강주,3,10146.0,13.75,-,1,KOSPI,0.2,0.16,0.032,0.1,1.0,PURPLE,LIME
2024-10-28,JETS,JETS,4,22.84290313720703,13.75,LIME,1,NASDAQ,1.0,0.1,0.1,0.1,1.0,PURPLE,LIME
2024-10-28,ARKW,ARKW,5,88.41307067871094,11.75,LIME,1,NASDAQ,1.0,0.1,0.1,0.1,1.0,PURPLE,LIME
2024-10-28,SLV,SLV,6,30.729999542236328,11.5,LIME,2,FIXED,1.0,0.08,0.08,0.1,1.0,PURPLE,LIME
2024-10-29,117680,철강주,1,10531.0,15.0,LIME,1,KOSPI,0.24,0.33,0.0792,0.1,1.0,PURPLE,LIME
2024-10-29,GLD,GLD,2,256.0899963378906,15.5,LIME,1,FIXED,1.0,0.27,0.27,0.1,1.0,PURPLE,LIME
2024-10-29,ARKW,ARKW,3,89.32891082763672,14.5,LIME,1,NASDAQ,1.0,0.2,0.2,0.1,1.0,PURPLE,LIME
2024-10-29,411060,금현물,4,18340.0,14.5,LIME,2,FIXED,1.0,0.1,0.1,0.1,1.0,PURPLE,LIME
2024-10-29,JETS,JETS,5,22.6147689819336,14.0,LIME,1,NASDAQ,1.0,0.1,0.1,0.1,1.0,PURPLE,LIME
2024-10-30,JETS,JETS,1,22.872657775878903,15.0,LIME,1,NASDAQ,1.0,0.31,0.31,0.0,1.0,RED,LIME
2024-10-30,ARKW,ARKW,2,89.32891082763672,14.75,LIME,1,NASDAQ,1.0,0.25,0.25,0.0,1.0,RED,LIME
2024-10-30,GLD,GLD,3,257.5,15.5,LIME,1,FIXED,1.0,0.16,0.16,0.0,1.0,RED,LIME
2024-10-30,VUG,VUG,4,391.5262145996094,15.0,LIME,1,NASDAQ,1.0,0.1,0.1,0.0,1.0,RED,LIME
2024-10-30,117680,철강주,5,9573.0,14.25,-,2,KOSPI,0.2,0.1,0.02,0.0,1.0,RED,LIME
2024-10-30,411060,금현물,6,18435.0,13.75,LIME,1,FIXED,1.0,0.08,0.08,0.0,1.0,RED,LIME
2024-10-31,JETS,JETS,1,22.55525779724121,14.75,-,2,NASDAQ,0.5,0.31,0.155,0.0,0.4,RED,-
2024-10-31,XLC,XLC,2,90.40937042236328,15.5,LIME,1,NASDAQ,0.6,0.25,0.15,0.0,0.4,RED,-
2024-10-31,GLD,GLD,3,253.509994506836,14.75,-,2,FIXED,1.0,0.16,0.16,0.0,0.4,RED,-
2024-10-31,IBIT,IBIT,4,39.77999877929688,14.0,GREEN,2,NASDAQ,0.5,0.1,0.05,0.0,0.4,RED,-
2024-10-31,EIS,EIS,5,66.76471710205078,14.25,LIME,2,NASDAQ,0.5,0.1,0.05,0.0,0.4,RED,-
2024-10-31,117680,철강주,6,9418.0,13.0,-,2,KOSPI,0.2,0.08,0.016,0.0,0.4,RED,-
2024-11-01,JETS,JETS,1,22.9619255065918,15.0,-,1,NASDAQ,0.6,0.31,0.186,0.0,0.4,RED,-
2024-11-01,XLC,XLC,2,90.76299285888672,16.0,LIME,1,NASDAQ,0.6,0.25,0.15,0.0,0.4,RED,-
2024-11-01,IBIT,IBIT,3,39.369998931884766,13.25,GREEN,2,NASDAQ,0.45,0.16,0.072,0.0,0.4,RED,-
2024-11-01,EIS,EIS,4,66.64746856689453,13.5,LIME,2,NASDAQ,0.45,0.1,0.045,0.0,0.4,RED,-
2024-11-01,GLD,GLD,5,252.47000122070312,13.0,-,3,FIXED,1.0,0.1,0.1,0.0,0.4,RED,-
2024-11-01,117680,철강주,6,9323.0,11.0,-,3,KOSPI,0.2,0.08,0.016,0.0,0.4,RED,-
2024-11-04,XLC,XLC,1,90.4584732055664,14.75,-,2,NASDAQ,0.5,0.55,0.275,0.0,0.4,RED,-
2024-11-04,JETS,JETS,2,22.65444564819336,13.5,-,2,NASDAQ,0.45,0.45,0.2025,0.0,0.4,RED,-
2024-11-05,XLC,XLC,1,91.4604034423828,14.75,-,1,NASDAQ,0.22,0.55,0.121,0.0,0.1,RED,PURPLE
2024-11-05,JETS,JETS,2,23.15038299560547,13.5,-,1,NASDAQ,0.2,0.45,0.09,0.0,0.1,RED,PURPLE
2024-11-06,JETS,JETS,1,24.31087875366211,14.5,-,1,NASDAQ,0.55,0.33,0.1815,0.0,0.4,RED,-
2024-11-06,XLY,XLY,2,103.40773010253906,14.5,LIME,1,NASDAQ,0.55,0.27,0.1485,0.0,0.4,RED,-
2024-11-06,XLC,XLC,3,93.70984649658205,14.75,LIME,1,NASDAQ,0.55,0.2,0.11,0.0,0.4,RED,-
2024-11-06,EIS,EIS,4,67.81998443603516,11.75,LIME,1,NASDAQ,0.4,0.1,0.04,0.0,0.4,RED,-
2024-11-06,BOTZ,BOTZ,5,33.03595352172852,11.25,LIME,1,NASDAQ,0.4,0.1,0.04,0.0,0.4,RED,-
2024-11-07,XLY,XLY,1,104.73600769042967,15.25,LIME,1,NASDAQ,1.0,0.31,0.31,0.0,1.0,RED,LIME
2024-11-07,JETS,JETS,2,23.95380210876465,14.5,-,1,NASDAQ,1.0,0.25,0.25,0.0,1.0,RED,LIME
2024-11-07,XLC,XLC,3,94.9376983642578,14.75,LIME,1,NASDAQ,1.0,0.16,0.16,0.0,1.0,RED,LIME
2024-11-07,BOTZ,BOTZ,4,33.31407165527344,14.25,LIME,1,NASDAQ,1.0,0.1,0.1,0.0,1.0,RED,LIME
2024-11-07,434730,원자력,5,18508.0,12.25,-,1,KOSPI,0.2,0.1,0.02,0.0,1.0,RED,LIME
2024-11-07,EIS,EIS,6,68.6309585571289,13.0,LIME,1,NASDAQ,1.0,0.08,0.08,0.0,1.0,RED,LIME
2024-11-08,JETS,JETS,1,24.251365661621094,16.0,-,1,NASDAQ,1.0,0.31,0.31,0.0,1.0,RED,LIME
2024-11-08,XLY,XLY,2,106.2222900390625,16.0,LIME,1,NASDAQ,1.0,0.25,0.25,0.0,1.0,RED,LIME
2024-11-08,XLC,XLC,3,94.47602081298828,16.0,LIME,1,NASDAQ,1.0,0.16,0.16,0.0,1.0,RED,LIME
2024-11-08,BOTZ,BOTZ,4,33.50279235839844,16.0,LIME,1,NASDAQ,1.0,0.1,0.1,0.0,1.0,RED,LIME
2024-11-08,ARKW,ARKW,5,97.226806640625,14.25,LIME,1,NASDAQ,1.0,0.1,0.1,0.0,1.0,RED,LIME
2024-11-08,EIS,EIS,6,68.50393676757812,15.75,LIME,1,NASDAQ,1.0,0.08,0.08,0.0,1.0,RED,LIME
2024-11-11,JETS,JETS,1,24.80681610107422,16.0,-,1,NASDAQ,1.0,0.31,0.31,0.0,1.0,RED,LIME
2024-11-11,XLY,XLY,2,108.36530303955078,16.0,LIME,1,NASDAQ,1.0,0.25,0.25,0.0,1.0,RED,LIME
2024-11-11,ARKW,ARKW,3,103.1551513671875,15.5,LIME,1,NASDAQ,1.0,0.16,0.16,0.0,1.0,RED,LIME
2024-11-11,ARKF,ARKF,4,37.10755157470703,15.5,LIME,1,NASDAQ,1.0,0.1,0.1,0.0,1.0,RED,LIME
2024-11-11,XLF,XLF,5,48.74562454223633,16.0,LIME,1,NASDAQ,1.0,0.1,0.1,0.0,1.0,RED,LIME
2024-11-11,XLC,XLC,6,95.00645446777344,16.0,LIME,1,NASDAQ,1.0,0.08,0.08,0.0,1.0,RED,LIME
2024-11-12,JETS,JETS,1,24.5191707611084,16.0,-,1,NASDAQ,1.0,0.31,0.31,0.0,1.0,RED,LIME
2024-11-12,ARKF,ARKF,2,37.92683792114258,16.0,LIME,1,NASDAQ,1.0,0.25,0.25,0.0,1.0,RED,LIME
2024-11-12,ARKW,ARKW,3,103.80510711669922,16.0,LIME,1,NASDAQ,1.0,0.16,0.16,0.0,1.0,RED,LIME
2024-11-12,ARKK,ARKK,4,56.810001373291016,16.0,LIME,1,NASDAQ,1.0,0.1,0.1,0.0,1.0,RED,LIME
2024-11-12,XLY,XLY,5,106.91851806640624,16.0,LIME,1,NASDAQ,1.0,0.1,0.1,0.0,1.0,RED,LIME
2024-11-12,XLF,XLF,6,48.599063873291016,16.0,LIME,1,NASDAQ,1.0,0.08,0.08,0.0,1.0,RED,LIME
2024-11-13,ARKF,ARKF,1,37.557159423828125,16.0,LIME,1,NASDAQ,1.0,0.31,0.31,0.0,1.0,RED,LIME
2024-11-13,ARKW,ARKW,2,103.01728057861328,16.0,LIME,1,NASDAQ,1.0,0.25,0.25,0.0,1.0,RED,LIME
2024-11-13,IBIT,IBIT,3,51.040000915527344,15.75,LIME,1,NASDAQ,1.0,0.16,0.16,0.0,1.0,RED,LIME
2024-11-13,ARKK,ARKK,4,55.84000015258789,16.0,LIME,1,NASDAQ,1.0,0.1,0.1,0.0,1.0,RED,LIME
2024-11-13,XLY,XLY,5,107.83201599121094,16.0,LIME,1,NASDAQ,1.0,0.1,0.1,0.0,1.0,RED,LIME
2024-11-13,XLF,XLF,6,48.62837600708008,16.0,LIME,1,NASDAQ,1.0,0.08,0.08,0.0,1.0,RED,LIME
2024-11-14,IBIT,IBIT,1,49.72999954223633,16.0,LIME,1,NASDAQ,1.0,0.31,0.31,0.0,1.0,RED,LIME
2024-11-14,ARKF,ARKF,2,36.87775421142578,16.0,LIME,1,NASDAQ,1.0,0.25,0.25,0.0,1.0,RED,LIME
2024-11-14,478150,우주방,3,13552.0,16.0,GREEN,1,NASDAQ,1.0,0.16,0.16,0.0,1.0,RED,LIME
2024-11-14,XLC,XLC,4,95.3698959350586,16.0,LIME,1,NASDAQ,1.0,0.1,0.1,0.0,1.0,RED,LIME
2024-11-14,ARKW,ARKW,5,100.92955780029295,15.0,LIME,2,NASDAQ,1.0,0.1,0.1,0.0,1.0,RED,LIME
2024-11-14,ARKK,ARKK,6,53.84999847412109,14.75,LIME,2,NASDAQ,1.0,0.08,0.08,0.0,1.0,RED,LIME
2024-11-15,IBIT,IBIT,1,52.130001068115234,16.0,LIME,1,NASDAQ,1.0,0.31,0.31,0.0,1.0,RED,LIME
2024-11-15,449450,방산주,2,21971.0,15.0,-,1,KOSPI,0.24,0.25,0.06,0.0,1.0,RED,LIME
2024-11-15,478150,우주방,3,12920.0,15.0,GREEN,2,NASDAQ,1.0,0.16,0.16,0.0,1.0,RED,LIME
2024-11-15,ARKF,ARKF,4,36.96767425537109,14.75,LIME,2,NASDAQ,1.0,0.1,0.1,0.0,1.0,RED,LIME
2024-11-15,XLE,XLE,5,45.15767288208008,15.5,LIME,1,FIXED,1.0,0.1,0.1,0.0,1.0,RED,LIME
2024-11-15,ARKW,ARKW,6,100.8507843017578,13.75,LIME,2,NASDAQ,1.0,0.08,0.08,0.0,1.0,RED,LIME
2024-11-18,IBIT,IBIT,1,52.130001068115234,16.0,LIME,1,NASDAQ,1.0,0.31,0.31,0.0,1.0,RED,LIME
2024-11-18,XLE,XLE,2,45.75831604003906,15.75,LIME,1,FIXED,1.0,0.25,0.25,0.0,1.0,RED,LIME
2024-11-18,EWS,EWS,3,21.101226806640625,15.25,LIME,1,NASDAQ,1.0,0.16,0.16,0.0,1.0,RED,LIME
2024-11-18,ARKF,ARKF,4,37.69703674316406,14.5,LIME,1,NASDAQ,1.0,0.1,0.1,0.0,1.0,RED,LIME
2024-11-18,XLF,XLF,5,48.87264633178711,14.5,LIME,1,NASDAQ,1.0,0.1,0.1,0.0,1.0,RED,LIME
2024-11-18,478150,우주방,6,12994.0,13.5,GREEN,2,NASDAQ,1.0,0.08,0.08,0.0,1.0,RED,LIME
2024-11-19,IBIT,IBIT,1,52.70000076293945,16.0,LIME,1,NASDAQ,1.0,0.31,0.31,0.0,1.0,RED,LIME
2024-11-19,XLE,XLE,2,45.46752548217773,16.0,LIME,1,FIXED,1.0,0.25,0.25,0.0,1.0,RED,LIME
2024-11-19,EWS,EWS,3,21.33475112915039,15.5,LIME,1,NASDAQ,1.0,0.16,0.16,0.0,1.0,RED,LIME
2024-11-19,ARKF,ARKF,4,38.19660186767578,14.5,LIME,1,NASDAQ,1.0,0.1,0.1,0.0,1.0,RED,LIME
2024-11-19,139230,조선주,5,5554.0,15.25,LIME,1,KOSPI,0.24,0.1,0.024,0.0,1.0,RED,LIME
2024-11-19,XLF,XLF,6,48.55021286010742,13.0,LIME,2,NASDAQ,1.0,0.08,0.08,0.0,1.0,RED,LIME
2024-11-20,IBIT,IBIT,1,53.720001220703125,16.0,LIME,1,NASDAQ,1.0,0.31,0.31,0.4,1.0,-,LIME
2024-11-20,EWS,EWS,2,21.316068649291992,15.75,LIME,1,NASDAQ,1.0,0.25,0.25,0.4,1.0,-,LIME
2024-11-20,XLE,XLE,3,45.92516326904297,16.0,LIME,1,FIXED,1.0,0.16,0.16,0.4,1.0,-,LIME
2024-11-20,ARKF,ARKF,4,38.0966911315918,14.5,LIME,1,NASDAQ,1.0,0.1,0.1,0.4,1.0,-,LIME
2024-11-20,139230,조선주,5,5593.0,15.0,LIME,1,KOSPI,0.6,0.1,0.06,0.4,1.0,-,LIME
2024-11-20,XLF,XLF,6,48.403656005859375,11.25,LIME,3,NASDAQ,1.0,0.08,0.08,0.4,1.0,-,LIME
2024-11-21,IBIT,IBIT,1,55.900001525878906,16.0,LIME,1,NASDAQ,1.0,0.31,0.31,0.4,1.0,-,LIME
2024-11-21,ARKF,ARKF,2,38.31649398803711,15.75,LIME,1,NASDAQ,1.0,0.25,0.25,0.4,1.0,-,LIME
2024-11-21,EWS,EWS,3,21.362773895263672,16.0,LIME,1,NASDAQ,1.0,0.16,0.16,0.4,1.0,-,LIME
2024-11-21,ARKW,ARKW,4,104.8095703125,15.25,LIME,1,NASDAQ,1.0,0.1,0.1,0.4,1.0,-,LIME
2024-11-21,XLE,XLE,5,46.29698944091797,16.0,LIME,1,FIXED,1.0,0.1,0.1,0.4,1.0,-,LIME
2024-11-21,139230,조선주,6,5464.0,12.75,LIME,3,KOSPI,0.4,0.08,0.032,0.4,1.0,-,LIME
2024-11-22,IBIT,IBIT,1,56.4900016784668,16.0,LIME,1,NASDAQ,1.0,0.31,0.31,0.4,1.0,-,LIME
2024-11-22,ARKF,ARKF,2,38.79607772827149,16.0,LIME,1,NASDAQ,1.0,0.25,0.25,0.4,1.0,-,LIME
2024-11-22,ARKW,ARKW,3,106.69049072265624,16.0,LIME,1,NASDAQ,1.0,0.16,0.16,0.4,1.0,-,LIME
2024-11-22,XLE,XLE,4,46.36849212646485,16.0,LIME,1,FIXED,1.0,0.1,0.1,0.4,1.0,-,LIME
2024-11-22,EWC,EWC,5,41.7498893737793,16.0,LIME,1,NASDAQ,1.0,0.1,0.1,0.4,1.0,-,LIME
2024-11-22,EWS,EWS,6,21.24134063720703,15.0,LIME,2,NASDAQ,1.0,0.08,0.08,0.4,1.0,-,LIME
2024-11-25,ARKF,ARKF,1,39.175743103027344,16.0,LIME,1,NASDAQ,1.0,0.31,0.31,0.4,1.0,-,LIME
2024-11-25,ARKW,ARKW,2,106.1390151977539,16.0,LIME,1,NASDAQ,1.0,0.25,0.25,0.4,1.0,-,LIME
2024-11-25,IBIT,IBIT,3,54.02000045776367,15.0,LIME,2,NASDAQ,1.0,0.16,0.16,0.4,1.0,-,LIME
2024-11-25,EIS,EIS,4,72.42208862304688,15.5,LIME,1,NASDAQ,1.0,0.1,0.1,0.4,1.0,-,LIME
2024-11-25,EWC,EWC,5,41.67216110229492,16.0,LIME,1,NASDAQ,1.0,0.1,0.1,0.4,1.0,-,LIME
2024-11-25,EWS,EWS,6,21.129249572753903,14.0,LIME,2,NASDAQ,1.0,0.08,0.08,0.4,1.0,-,LIME
2024-11-26,ARKF,ARKF,1,38.71614837646485,16.0,LIME,1,NASDAQ,1.0,0.31,0.31,0.4,1.0,-,LIME
2024-11-26,XLF,XLF,2,49.98649215698242,16.0,LIME,1,NASDAQ,1.0,0.25,0.25,0.4,1.0,-,LIME
2024-11-26,EIS,EIS,3,72.93017578125,16.0,LIME,1,NASDAQ,1.0,0.16,0.16,0.4,1.0,-,LIME
2024-11-26,PTF,PTF,4,75.93962860107422,15.25,LIME,1,NASDAQ,1.0,0.1,0.1,0.4,1.0,-,LIME
2024-11-26,ARKW,ARKW,5,104.76033020019533,15.0,-,2,NASDAQ,1.0,0.1,0.1,0.4,1.0,-,LIME
2024-11-26,EWC,EWC,6,41.39039611816406,15.0,LIME,2,NASDAQ,1.0,0.08,0.08,0.4,1.0,-,LIME
2024-11-27,ARKF,ARKF,1,39.19572830200195,16.0,LIME,1,NASDAQ,1.0,0.31,0.31,0.4,1.0,-,LIME
2024-11-27,PDP,PDP,2,115.51760864257812,16.0,LIME,1,NASDAQ,1.0,0.25,0.25,0.4,1.0,-,LIME
2024-11-27,XAR,XAR,3,172.306640625,16.0,LIME,1,NASDAQ,1.0,0.16,0.16,0.4,1.0,-,LIME
2024-11-27,XLC,XLC,4,96.1360855102539,16.0,LIME,1,NASDAQ,1.0,0.1,0.1,0.4,1.0,-,LIME
2024-11-27,XLF,XLF,5,50.08419799804688,16.0,LIME,1,NASDAQ,1.0,0.1,0.1,0.4,1.0,-,LIME
2024-11-27,EIS,EIS,6,71.8162841796875,16.0,LIME,1,NASDAQ,1.0,0.08,0.08,0.4,1.0,-,LIME
2024-11-28,475050,K팝,1,8605.0,14.25,GREEN,2,KOSPI,0.5,0.35,0.175,0.4,1.0,-,LIME
2024-11-28,449180,에센피,2,13811.0,13.0,LIME,1,NASDAQ,1.0,0.3,0.3,0.4,1.0,-,LIME
2024-11-28,091170,은행주,3,8611.0,12.5,LIME,1,KOSPI,0.4,0.25,0.1,0.4,1.0,-,LIME
2024-11-28,469070,ai로봇,4,8485.0,11.25,GREEN,1,KOSPI,0.4,0.1,0.04,0.4,1.0,-,LIME
2024-11-29,ARKF,ARKF,1,39.23569488525391,16.0,LIME,1,NASDAQ,1.0,0.31,0.31,0.4,1.0,-,LIME
2024-11-29,XLY,XLY,2,109.76764678955078,16.0,LIME,1,NASDAQ,1.0,0.25,0.25,0.4,1.0,-,LIME
2024-11-29,PDP,PDP,3,116.38495635986328,16.0,LIME,1,NASDAQ,1.0,0.16,0.16,0.4,1.0,-,LIME
2024-11-29,XAR,XAR,4,175.03347778320312,16.0,LIME,1,NASDAQ,1.0,0.1,0.1,0.4,1.0,-,LIME
2024-11-29,XLC,XLC,5,96.6566925048828,16.0,LIME,1,NASDAQ,1.0,0.1,0.1,0.4,1.0,-,LIME
2024-11-29,475050,K팝,6,8660.0,14.25,GREEN,1,KOSPI,0.55,0.08,0.044,0.4,1.0,-,LIME
2024-12-02,ARKF,ARKF,1,39.39555358886719,16.0,LIME,1,NASDAQ,1.0,0.31,0.31,0.0,1.0,RED,LIME
2024-12-02,XLY,XLY,2,110.7255859375,16.0,LIME,1,NASDAQ,1.0,0.25,0.25,0.0,1.0,RED,LIME
2024-12-02,XLC,XLC,3,97.4523468017578,16.0,LIME,1,NASDAQ,1.0,0.16,0.16,0.0,1.0,RED,LIME
2024-12-02,EIS,EIS,4,72.7152099609375,15.75,LIME,1,NASDAQ,1.0,0.1,0.1,0.0,1.0,RED,LIME
2024-12-02,ITOT,ITOT,5,131.0429229736328,16.0,LIME,1,NASDAQ,1.0,0.1,0.1,0.0,1.0,RED,LIME
2024-12-02,XAR,XAR,6,171.6422882080078,15.0,LIME,2,NASDAQ,1.0,0.08,0.08,0.0,1.0,RED,LIME
2024-12-03,ARKF,ARKF,1,39.62535095214844,16.0,LIME,1,NASDAQ,1.0,0.31,0.31,0.4,1.0,-,LIME
2024-12-03,ARKK,ARKK,2,58.9900016784668,15.75,-,1,NASDAQ,1.0,0.25,0.25,0.4,1.0,-,LIME
2024-12-03,XLY,XLY,3,110.64163970947266,16.0,LIME,1,NASDAQ,1.0,0.16,0.16,0.4,1.0,-,LIME
2024-12-03,ARKW,ARKW,4,109.60543060302734,15.5,-,1,NASDAQ,1.0,0.1,0.1,0.4,1.0,-,LIME
2024-12-03,XLC,XLC,5,98.23817443847656,16.0,LIME,1,NASDAQ,1.0,0.1,0.1,0.4,1.0,-,LIME
2024-12-03,EIS,EIS,6,73.95611572265625,15.75,LIME,1,NASDAQ,1.0,0.08,0.08,0.4,1.0,-,LIME
2024-12-04,ARKF,ARKF,1,40.69441604614258,16.0,LIME,1,NASDAQ,1.0,0.31,0.31,0.0,1.0,RED,LIME
2024-12-04,ARKK,ARKK,2,60.83000183105469,16.0,LIME,1,NASDAQ,1.0,0.25,0.25,0.0,1.0,RED,LIME
2024-12-04,PTF,PTF,3,79.7001953125,16.0,LIME,1,NASDAQ,1.0,0.16,0.16,0.0,1.0,RED,LIME
2024-12-04,ARKW,ARKW,4,113.20970153808594,15.75,LIME,1,NASDAQ,1.0,0.1,0.1,0.0,1.0,RED,LIME
2024-12-04,XLY,XLY,5,111.66869354248048,16.0,LIME,1,NASDAQ,1.0,0.1,0.1,0.0,1.0,RED,LIME
2024-12-04,XLC,XLC,6,98.4640884399414,16.0,LIME,1,NASDAQ,1.0,0.08,0.08,0.0,1.0,RED,LIME
2024-12-05,ARKW,ARKW,1,113.28848266601562,16.0,LIME,1,NASDAQ,1.0,0.31,0.31,0.0,1.0,RED,LIME
2024-12-05,ARKF,ARKF,2,40.43464660644531,16.0,LIME,1,NASDAQ,1.0,0.25,0.25,0.0,1.0,RED,LIME
2024-12-05,ARKK,ARKK,3,60.380001068115234,16.0,LIME,1,NASDAQ,1.0,0.16,0.16,0.0,1.0,RED,LIME
2024-12-05,PTF,PTF,4,78.82239532470703,16.0,LIME,1,NASDAQ,1.0,0.1,0.1,0.0,1.0,RED,LIME
2024-12-05,XLY,XLY,5,112.58219909667967,16.0,LIME,1,NASDAQ,1.0,0.1,0.1,0.0,1.0,RED,LIME
2024-12-05,XLC,XLC,6,98.23817443847656,16.0,-,1,NASDAQ,1.0,0.08,0.08,0.0,1.0,RED,LIME
2024-12-06,ARKW,ARKW,1,116.8829116821289,16.0,LIME,1,NASDAQ,1.0,0.31,0.31,0.0,1.0,RED,LIME
2024-12-06,ARKF,ARKF,2,41.55366516113281,16.0,LIME,1,NASDAQ,1.0,0.25,0.25,0.0,1.0,RED,LIME
2024-12-06,ARKK,ARKK,3,62.900001525878906,16.0,LIME,1,NASDAQ,1.0,0.16,0.16,0.0,1.0,RED,LIME
2024-12-06,PTF,PTF,4,80.26876831054688,16.0,LIME,1,NASDAQ,1.0,0.1,0.1,0.0,1.0,RED,LIME
2024-12-06,XLY,XLY,5,114.9523468017578,16.0,LIME,1,NASDAQ,1.0,0.1,0.1,0.0,1.0,RED,LIME
2024-12-06,XLC,XLC,6,99.1418685913086,16.0,-,1,NASDAQ,1.0,0.08,0.08,0.0,1.0,RED,LIME
2024-12-09,ARKW,ARKW,1,113.6528549194336,16.0,-,1,NASDAQ,1.0,0.31,0.31,0.0,1.0,RED,LIME
2024-12-09,ARKK,ARKK,2,61.310001373291016,16.0,LIME,1,NASDAQ,1.0,0.25,0.25,0.0,1.0,RED,LIME
2024-12-09,XLY,XLY,3,114.58694458007812,16.0,LIME,1,NASDAQ,1.0,0.16,0.16,0.0,1.0,RED,LIME
2024-12-09,JETS,JETS,4,25.005189895629883,15.75,LIME,1,NASDAQ,1.0,0.1,0.1,0.0,1.0,RED,LIME
2024-12-09,EIS,EIS,5,75.96892547607422,16.0,LIME,1,NASDAQ,1.0,0.1,0.1,0.0,1.0,RED,LIME
2024-12-09,ARKF,ARKF,6,40.274784088134766,15.0,-,2,NASDAQ,1.0,0.08,0.08,0.0,1.0,RED,LIME
2024-12-10,XLY,XLY,1,114.77458953857422,16.0,LIME,1,NASDAQ,1.0,0.31,0.31,0.0,1.0,RED,LIME
2024-12-10,JETS,JETS,2,25.263078689575195,15.75,LIME,1,NASDAQ,1.0,0.25,0.25,0.0,1.0,RED,LIME
2024-12-10,241180,니케이,3,21903.0,16.0,LIME,1,NASDAQ,1.0,0.16,0.16,0.0,1.0,RED,LIME
2024-12-10,ARKW,ARKW,4,112.00827026367188,15.0,-,2,NASDAQ,1.0,0.1,0.1,0.0,1.0,RED,LIME
2024-12-10,DBA,DBA,5,25.57445526123047,16.0,LIME,1,FIXED,1.0,0.1,0.1,0.0,1.0,RED,LIME
2024-12-10,ARKK,ARKK,6,60.59000015258789,15.0,-,2,NASDAQ,1.0,0.08,0.08,0.0,1.0,RED,LIME
2024-12-11,XLY,XLY,1,116.78921508789062,16.0,LIME,1,NASDAQ,1.0,0.31,0.31,0.0,1.0,RED,LIME
2024-12-11,JETS,JETS,2,25.71934127807617,15.75,LIME,1,NASDAQ,1.0,0.25,0.25,0.0,1.0,RED,LIME
2024-12-11,ARKW,ARKW,3,115.40575408935548,14.75,-,1,NASDAQ,1.0,0.16,0.16,0.0,1.0,RED,LIME
2024-12-11,DBA,DBA,4,25.49099922180176,16.0,LIME,1,FIXED,1.0,0.1,0.1,0.0,1.0,RED,LIME
2024-12-11,ARKK,ARKK,5,61.810001373291016,14.75,-,1,NASDAQ,1.0,0.1,0.1,0.0,1.0,RED,LIME
2024-12-11,241180,니케이,6,21937.0,15.0,LIME,2,NASDAQ,1.0,0.08,0.08,0.0,1.0,RED,LIME
2024-12-12,XLY,XLY,1,115.82140350341795,16.0,LIME,1,NASDAQ,1.0,0.31,0.31,0.4,1.0,-,LIME
2024-12-12,DBA,DBA,2,25.463180541992188,16.0,LIME,1,FIXED,1.0,0.25,0.25,0.4,1.0,-,LIME
2024-12-12,ARKW,ARKW,3,114.81488037109376,14.5,-,1,NASDAQ,1.0,0.16,0.16,0.4,1.0,-,LIME
2024-12-12,411060,금현물,4,17835.0,15.0,LIME,1,FIXED,1.0,0.1,0.1,0.4,1.0,-,LIME
2024-12-12,VUG,VUG,5,421.3984375,15.0,LIME,1,NASDAQ,1.0,0.1,0.1,0.4,1.0,-,LIME
2024-12-12,241180,니케이,6,22133.0,15.0,LIME,1,NASDAQ,1.0,0.08,0.08,0.4,1.0,-,LIME
2024-12-13,XLY,XLY,1,116.28062438964844,16.0,LIME,1,NASDAQ,1.0,0.31,0.31,0.8,1.0,GREEN,LIME
2024-12-13,XLC,XLC,2,99.15168762207033,16.0,-,1,NASDAQ,1.0,0.25,0.25,0.8,1.0,GREEN,LIME
2024-12-13,DBA,DBA,3,25.630090713500977,16.0,LIME,1,FIXED,1.0,0.16,0.16,0.8,1.0,GREEN,LIME
2024-12-13,411060,금현물,4,17660.0,15.0,LIME,1,FIXED,1.0,0.1,0.1,0.8,1.0,GREEN,LIME
2024-12-13,VUG,VUG,5,420.7926330566406,15.0,LIME,1,NASDAQ,1.0,0.1,0.1,0.8,1.0,GREEN,LIME
2024-12-13,ARKW,ARKW,6,115.3171157836914,13.75,-,1,NASDAQ,1.0,0.08,0.08,0.8,1.0,GREEN,LIME
2024-12-16,XLY,XLY,1,117.85577392578124,16.0,LIME,1,NASDAQ,1.0,0.31,0.31,0.8,1.0,GREEN,LIME
2024-12-16,IBIT,IBIT,2,60.220001220703125,15.5,-,1,NASDAQ,1.0,0.25,0.25,0.8,1.0,GREEN,LIME
2024-12-16,VUG,VUG,3,425.1523132324219,16.0,LIME,1,NASDAQ,1.0,0.16,0.16,0.8,1.0,GREEN,LIME
2024-12-16,QQQ,QQQ,4,533.9190673828125,16.0,LIME,1,NASDAQ,1.0,0.1,0.1,0.8,1.0,GREEN,LIME
2024-12-16,DBA,DBA,5,25.74136543273925,16.0,LIME,1,FIXED,1.0,0.1,0.1,0.8,1.0,GREEN,LIME
2024-12-16,ARKW,ARKW,6,118.2123565673828,14.75,-,1,NASDAQ,1.0,0.08,0.08,0.8,1.0,GREEN,LIME
2024-12-17,IBIT,IBIT,1,60.72999954223633,15.75,LIME,1,NASDAQ,1.0,0.31,0.31,0.4,1.0,-,LIME
2024-12-17,XLY,XLY,2,118.22611236572266,16.0,LIME,1,NASDAQ,1.0,0.25,0.25,0.4,1.0,-,LIME
2024-12-17,449190,나스닥,3,17237.0,16.0,LIME,1,NASDAQ,1.0,0.16,0.16,0.4,1.0,-,LIME
2024-12-17,VUG,VUG,4,423.98046875,16.0,LIME,1,NASDAQ,1.0,0.1,0.1,0.4,1.0,-,LIME
2024-12-17,QQQ,QQQ,5,531.5677490234375,16.0,LIME,1,NASDAQ,1.0,0.1,0.1,0.4,1.0,-,LIME
2024-12-17,DBA,DBA,6,25.69500160217285,16.0,LIME,1,FIXED,1.0,0.08,0.08,0.4,1.0,-,LIME
2024-12-18,449190,나스닥,1,17197.0,16.0,LIME,1,NASDAQ,1.0,0.31,0.31,0.8,1.0,GREEN,LIME
2024-12-18,DBA,DBA,2,25.806276321411133,16.0,LIME,1,FIXED,1.0,0.25,0.25,0.8,1.0,GREEN,LIME
2024-12-18,IBIT,IBIT,3,57.18000030517578,14.0,-,3,NASDAQ,1.0,0.16,0.16,0.8,1.0,GREEN,LIME
2024-12-18,XLY,XLY,4,112.8982162475586,14.0,-,3,NASDAQ,1.0,0.1,0.1,0.8,1.0,GREEN,LIME
2024-12-18,VUG,VUG,5,409.71966552734375,12.5,-,4,NASDAQ,1.0,0.1,0.1,0.8,1.0,GREEN,LIME
2024-12-18,QQQ,QQQ,6,512.3905029296875,12.5,-,4,NASDAQ,1.0,0.08,0.08,0.8,1.0,GREEN,LIME
2024-12-19,DBA,DBA,1,25.342634201049805,14.0,-,3,FIXED,1.0,0.45,0.45,0.0,0.4,RED,-
2024-12-19,449190,나스닥,2,16527.0,12.5,-,4,NASDAQ,0.4,0.3,0.12,0.0,0.4,RED,-
2024-12-19,XLY,XLY,3,112.7451400756836,12.0,-,3,NASDAQ,0.4,0.25,0.1,0.0,0.4,RED,-
2024-12-20,DBA,DBA,1,25.593000411987305,12.5,-,2,FIXED,1.0,1.0,1.0,0.0,0.4,RED,-
2024-12-23,371160,항셈테,1,7127.0,11.0,LIME,2,NASDAQ,0.4,1.0,0.4,0.4,0.4,-,-
2024-12-24,371160,항셈테,1,7251.0,11.5,LIME,1,NASDAQ,0.4,0.55,0.22,0.4,0.4,-,-
2024-12-24,UNG,UNG,2,16.139999389648438,11.0,GREEN,1,FIXED,1.0,0.45,0.45,0.4,0.4,-,-
2024-12-26,EIS,EIS,1,75.40327453613281,13.5,-,1,NASDAQ,0.5,0.45,0.225,0.0,0.4,RED,-
2024-12-26,371160,항셈테,2,7301.0,12.5,LIME,1,NASDAQ,0.4,0.3,0.12,0.0,0.4,RED,-
2024-12-26,139230,조선주,3,5623.0,12.25,LIME,1,KOSPI,0.2,0.25,0.05,0.0,0.4,RED,-
2024-12-27,139230,조선주,1,5569.0,14.0,LIME,1,KOSPI,0.22,0.31,0.0682,0.0,0.4,RED,-
2024-12-27,446770,톱반도,2,25865.0,14.0,LIME,1,NASDAQ,0.55,0.25,0.1375,0.0,0.4,RED,-
2024-12-27,478150,우주방,3,13990.0,13.5,GREEN,1,NASDAQ,0.5,0.16,0.08,0.0,0.4,RED,-
2024-12-27,411060,금현물,4,17985.0,13.5,-,1,FIXED,1.0,0.1,0.1,0.0,0.4,RED,-
2024-12-27,371160,항셈테,5,7350.0,13.0,LIME,1,NASDAQ,0.5,0.1,0.05,0.0,0.4,RED,-
2024-12-27,EIS,EIS,6,74.46835327148438,11.25,-,4,NASDAQ,0.4,0.08,0.032,0.0,0.4,RED,-
2024-12-30,478150,우주방,1,13890.0,14.75,GREEN,1,NASDAQ,0.55,0.33,0.1815,0.4,0.4,-,-
2024-12-30,446770,톱반도,2,25925.0,15.0,LIME,1,NASDAQ,0.6,0.27,0.162,0.4,0.4,-,-
2024-12-30,411060,금현물,3,18155.0,14.0,LIME,1,FIXED,1.0,0.2,0.2,0.4,0.4,-,-
2024-12-30,139230,조선주,4,5534.0,14.0,LIME,2,KOSPI,0.5,0.1,0.05,0.4,0.4,-,-
2024-12-30,371160,항셈테,5,7355.0,13.25,LIME,1,NASDAQ,0.5,0.1,0.05,0.4,0.4,-,-
2024-12-31,UNG,UNG,1,16.809999465942383,11.75,GREEN,1,FIXED,1.0,1.0,1.0,0.4,0.1,-,PURPLE
2025-01-02,478150,우주방,1,13602.0,14.5,-,2,NASDAQ,0.5,0.33,0.165,0.0,0.4,RED,-
2025-01-02,411060,금현물,2,18310.0,14.5,LIME,1,FIXED,1.0,0.27,0.27,0.0,0.4,RED,-
2025-01-02,139230,조선주,3,5668.0,14.0,LIME,1,KOSPI,0.22,0.2,0.044,0.0,0.4,RED,-
2025-01-02,UNG,UNG,4,17.010000228881836,14.0,LIME,1,FIXED,1.0,0.1,0.1,0.0,0.4,RED,-
2025-01-02,446770,톱반도,5,25490.0,13.0,LIME,3,NASDAQ,0.45,0.1,0.045,0.0,0.4,RED,-
2025-01-03,411060,금현물,1,18305.0,15.0,LIME,1,FIXED,1.0,0.31,0.31,0.4,0.1,-,PURPLE
2025-01-03,139230,조선주,2,5653.0,14.0,LIME,1,KOSPI,0.55,0.25,0.1375,0.4,0.1,-,PURPLE
2025-01-03,241180,니케이,3,22063.0,13.75,-,1,NASDAQ,0.2,0.16,0.032,0.4,0.1,-,PURPLE
2025-01-03,478150,우주방,4,13542.0,12.25,-,3,NASDAQ,0.2,0.1,0.02,0.4,0.1,-,PURPLE
2025-01-03,UNG,UNG,5,15.59000015258789,13.5,-,3,FIXED,1.0,0.1,0.1,0.4,0.1,-,PURPLE
2025-01-03,446770,톱반도,6,25766.0,11.0,LIME,2,NASDAQ,0.2,0.08,0.016,0.4,0.1,-,PURPLE
2025-01-06,411060,금현물,1,18295.0,15.0,LIME,1,FIXED,1.0,0.31,0.31,0.8,0.1,GREEN,PURPLE
2025-01-06,139230,조선주,2,5673.0,14.0,LIME,1,KOSPI,0.8,0.25,0.2,0.8,0.1,GREEN,PURPLE
2025-01-06,EIS,EIS,3,76.90897369384766,13.25,LIME,1,NASDAQ,0.2,0.16,0.032,0.8,0.1,GREEN,PURPLE
2025-01-06,UNG,UNG,4,17.15999984741211,13.25,-,1,FIXED,1.0,0.1,0.1,0.8,0.1,GREEN,PURPLE
2025-01-06,478150,우주방,5,14050.0,12.25,-,1,NASDAQ,0.2,0.1,0.02,0.8,0.1,GREEN,PURPLE
2025-01-06,446770,톱반도,6,26806.0,11.0,LIME,1,NASDAQ,0.2,0.08,0.016,0.8,0.1,GREEN,PURPLE
2025-01-07,139230,조선주,1,5801.0,15.25,LIME,1,KOSPI,0.8,0.31,0.248,0.8,0.4,GREEN,-
2025-01-07,469070,ai로봇,2,9029.0,14.0,GREEN,1,KOSPI,0.8,0.25,0.2,0.8,0.4,GREEN,-
2025-01-07,411060,금현물,3,18095.0,14.0,LIME,2,FIXED,1.0,0.16,0.16,0.8,0.4,GREEN,-
2025-01-07,EIS,EIS,4,76.48580169677734,13.5,LIME,1,NASDAQ,0.5,0.1,0.05,0.8,0.4,GREEN,-
2025-01-07,449450,방산주,5,20694.0,12.5,LIME,1,KOSPI,0.8,0.1,0.08,0.8,0.4,GREEN,-
2025-01-07,478150,우주방,6,13791.0,11.75,-,1,NASDAQ,0.4,0.08,0.032,0.8,0.4,GREEN,-
2025-01-08,139230,조선주,1,5861.0,15.5,LIME,1,KOSPI,0.8,0.31,0.248,0.8,0.4,GREEN,-
2025-01-08,EIS,EIS,2,76.22008514404297,15.25,-,1,NASDAQ,0.6,0.25,0.15,0.8,0.4,GREEN,-
2025-01-08,469070,ai로봇,3,8809.0,12.75,GREEN,2,KOSPI,0.8,0.16,0.128,0.8,0.4,GREEN,-
2025-01-08,411060,금현물,4,18125.0,12.5,LIME,2,FIXED,1.0,0.1,0.1,0.8,0.4,GREEN,-
2025-01-08,446770,톱반도,5,27104.0,12.5,LIME,1,NASDAQ,0.4,0.1,0.04,0.8,0.4,GREEN,-
2025-01-08,449450,방산주,6,20589.0,12.75,LIME,1,KOSPI,0.8,0.08,0.064,0.8,0.4,GREEN,-
2025-01-09,139230,조선주,1,5881.0,15.75,LIME,1,KOSPI,0.8,0.33,0.264,0.8,0.1,GREEN,PURPLE
2025-01-09,446770,톱반도,2,27109.0,14.0,LIME,1,NASDAQ,0.22,0.27,0.0594,0.8,0.1,GREEN,PURPLE
2025-01-09,449450,방산주,3,20684.0,13.0,LIME,1,KOSPI,0.8,0.2,0.16,0.8,0.1,GREEN,PURPLE
2025-01-09,469070,ai로봇,4,9014.0,12.25,GREEN,1,KOSPI,0.8,0.1,0.08,0.8,0.1,GREEN,PURPLE
2025-01-09,411060,금현물,5,18270.0,12.0,LIME,1,FIXED,1.0,0.1,0.1,0.8,0.1,GREEN,PURPLE
2025-01-10,139230,조선주,1,5975.0,16.0,LIME,1,KOSPI,0.8,0.31,0.248,0.8,0.1,GREEN,PURPLE
2025-01-10,487230,전력인,2,13568.0,13.25,GREEN,1,NASDAQ,0.2,0.25,0.05,0.8,0.1,GREEN,PURPLE
2025-01-10,JETS,JETS,3,26.00698471069336,12.75,LIME,1,NASDAQ,0.2,0.16,0.032,0.8,0.1,GREEN,PURPLE
2025-01-10,446770,톱반도,4,27020.0,13.0,LIME,2,NASDAQ,0.2,0.1,0.02,0.8,0.1,GREEN,PURPLE
2025-01-10,UNG,UNG,5,18.420000076293945,12.5,-,1,FIXED,1.0,0.1,0.1,0.8,0.1,GREEN,PURPLE
2025-01-10,449450,방산주,6,20325.0,12.5,LIME,2,KOSPI,0.8,0.08,0.064,0.8,0.1,GREEN,PURPLE
2025-01-13,139230,조선주,1,5890.0,16.0,LIME,1,KOSPI,0.8,0.31,0.248,0.8,0.1,GREEN,PURPLE
2025-01-13,487230,전력인,2,13916.0,13.75,GREEN,1,NASDAQ,0.2,0.25,0.05,0.8,0.1,GREEN,PURPLE
2025-01-13,UNG,UNG,3,18.21999931335449,12.75,LIME,1,FIXED,1.0,0.16,0.16,0.8,0.1,GREEN,PURPLE
2025-01-13,411060,금현물,4,18570.0,13.0,LIME,1,FIXED,1.0,0.1,0.1,0.8,0.1,GREEN,PURPLE
2025-01-13,PDBC,PDBC,5,13.014737129211426,12.5,GREEN,1,FIXED,1.0,0.1,0.1,0.8,0.1,GREEN,PURPLE
2025-01-13,JETS,JETS,6,25.421777725219727,11.75,-,2,NASDAQ,0.2,0.08,0.016,0.8,0.1,GREEN,PURPLE
2025-01-14,139230,조선주,1,5940.0,16.0,LIME,1,KOSPI,0.8,0.31,0.248,0.8,0.1,GREEN,PURPLE
2025-01-14,UNG,UNG,2,18.46999931335449,15.0,LIME,1,FIXED,1.0,0.25,0.25,0.8,0.1,GREEN,PURPLE
2025-01-14,411060,금현물,3,18460.0,14.5,LIME,1,FIXED,1.0,0.16,0.16,0.8,0.1,GREEN,PURPLE
2025-01-14,487230,전력인,4,13731.0,13.75,GREEN,1,NASDAQ,0.2,0.1,0.02,0.8,0.1,GREEN,PURPLE
2025-01-14,PDBC,PDBC,5,13.02436351776123,13.75,LIME,1,FIXED,1.0,0.1,0.1,0.8,0.1,GREEN,PURPLE
2025-01-14,JETS,JETS,6,25.93755340576172,12.5,LIME,1,NASDAQ,0.2,0.08,0.016,0.8,0.1,GREEN,PURPLE
2025-01-15,139230,조선주,1,6144.0,16.0,LIME,1,KOSPI,0.8,0.31,0.248,0.8,0.1,GREEN,PURPLE
2025-01-15,UNG,UNG,2,19.1200008392334,15.5,LIME,1,FIXED,1.0,0.25,0.25,0.8,0.1,GREEN,PURPLE
2025-01-15,487230,전력인,3,14005.0,15.75,GREEN,1,NASDAQ,0.24,0.16,0.0384,0.8,0.1,GREEN,PURPLE
2025-01-15,PDBC,PDBC,4,13.188010215759276,15.25,LIME,1,FIXED,1.0,0.1,0.1,0.8,0.1,GREEN,PURPLE
2025-01-15,411060,금현물,5,18395.0,14.0,LIME,2,FIXED,1.0,0.1,0.1,0.8,0.1,GREEN,PURPLE
2025-01-15,JETS,JETS,6,25.81852912902832,13.0,LIME,1,NASDAQ,0.2,0.08,0.016,0.8,0.1,GREEN,PURPLE
2025-01-16,UNG,UNG,1,19.940000534057617,15.75,LIME,1,FIXED,1.0,0.31,0.31,0.8,0.1,GREEN,PURPLE
2025-01-16,139230,조선주,2,6174.0,16.0,LIME,1,KOSPI,0.8,0.25,0.2,0.8,0.1,GREEN,PURPLE
2025-01-16,487230,전력인,3,14210.0,16.0,GREEN,1,NASDAQ,0.24,0.16,0.0384,0.8,0.1,GREEN,PURPLE
2025-01-16,EIS,EIS,4,79.41847229003906,15.75,LIME,1,NASDAQ,0.24,0.1,0.024,0.8,0.1,GREEN,PURPLE
2025-01-16,PDBC,PDBC,5,13.14950466156006,15.5,LIME,1,FIXED,1.0,0.1,0.1,0.8,0.1,GREEN,PURPLE
2025-01-16,JETS,JETS,6,25.79869270324707,12.75,LIME,1,NASDAQ,0.2,0.08,0.016,0.8,0.1,GREEN,PURPLE
2025-01-17,139230,조선주,1,6263.0,16.0,LIME,1,KOSPI,0.8,0.31,0.248,0.8,0.1,GREEN,PURPLE
2025-01-17,487230,전력인,2,14573.0,16.0,GREEN,1,NASDAQ,0.24,0.25,0.06,0.8,0.1,GREEN,PURPLE
2025-01-17,EIS,EIS,3,80.3533935546875,16.0,LIME,1,NASDAQ,0.24,0.16,0.0384,0.8,0.1,GREEN,PURPLE
2025-01-17,UNG,UNG,4,18.34000015258789,14.5,LIME,2,FIXED,1.0,0.1,0.1,0.8,0.1,GREEN,PURPLE
2025-01-17,475050,K팝,5,8845.0,14.5,LIME,1,KOSPI,0.8,0.1,0.08,0.8,0.1,GREEN,PURPLE
2025-01-17,JETS,JETS,6,25.977230072021484,14.75,LIME,1,NASDAQ,0.22,0.08,0.0176,0.8,0.1,GREEN,PURPLE
2025-01-20,139230,조선주,1,6189.0,16.0,LIME,1,KOSPI,0.8,0.33,0.264,0.8,0.1,GREEN,PURPLE
2025-01-20,487230,전력인,2,14528.0,16.0,GREEN,1,NASDAQ,0.24,0.27,0.0648,0.8,0.1,GREEN,PURPLE
2025-01-20,475050,K팝,3,8755.0,14.0,LIME,2,KOSPI,0.8,0.2,0.16,0.8,0.1,GREEN,PURPLE
2025-01-20,195930,유로스,4,18329.0,14.0,LIME,1,NASDAQ,0.22,0.1,0.022,0.8,0.1,GREEN,PURPLE
2025-01-20,434730,원자력,5,19237.0,13.0,LIME,1,KOSPI,0.8,0.1,0.08,0.8,0.1,GREEN,PURPLE
2025-01-21,139230,조선주,1,6352.0,16.0,LIME,1,KOSPI,0.8,0.31,0.248,0.8,0.4,GREEN,-
2025-01-21,EIS,EIS,2,81.23909759521484,16.0,LIME,1,NASDAQ,0.6,0.25,0.15,0.8,0.4,GREEN,-
2025-01-21,487230,전력인,3,14528.0,16.0,GREEN,1,NASDAQ,0.6,0.16,0.096,0.8,0.4,GREEN,-
2025-01-21,XAR,XAR,4,179.85403442382812,15.25,LIME,1,NASDAQ,0.6,0.1,0.06,0.8,0.4,GREEN,-
2025-01-21,195930,유로스,5,18384.0,15.75,LIME,1,NASDAQ,0.6,0.1,0.06,0.8,0.4,GREEN,-
2025-01-21,434730,원자력,6,19380.0,14.25,LIME,1,KOSPI,0.8,0.08,0.064,0.8,0.4,GREEN,-
2025-01-22,487230,전력인,1,15280.0,16.0,GREEN,1,NASDAQ,1.0,0.31,0.31,0.8,1.0,GREEN,LIME
2025-01-22,139230,조선주,2,6421.0,16.0,LIME,1,KOSPI,0.8,0.25,0.2,0.8,1.0,GREEN,LIME
2025-01-22,EIS,EIS,3,81.0521240234375,16.0,LIME,1,NASDAQ,1.0,0.16,0.16,0.8,1.0,GREEN,LIME
2025-01-22,469070,ai로봇,4,9254.0,15.0,GREEN,1,KOSPI,0.8,0.1,0.08,0.8,1.0,GREEN,LIME
2025-01-22,XAR,XAR,5,178.19239807128906,15.5,LIME,1,NASDAQ,1.0,0.1,0.1,0.8,1.0,GREEN,LIME
2025-01-22,195930,유로스,6,18514.0,16.0,LIME,1,NASDAQ,1.0,0.08,0.08,0.8,1.0,GREEN,LIME
2025-01-23,487230,전력인,1,15580.0,16.0,GREEN,1,NASDAQ,1.0,0.31,0.31,0.8,1.0,GREEN,LIME
2025-01-23,XAR,XAR,2,179.86399841308594,15.75,LIME,1,NASDAQ,1.0,0.25,0.25,0.8,1.0,GREEN,LIME
2025-01-23,434730,원자력,3,20554.0,15.5,LIME,1,KOSPI,0.8,0.16,0.128,0.8,1.0,GREEN,LIME
2025-01-23,EIS,EIS,4,80.08767700195312,15.0,LIME,2,NASDAQ,1.0,0.1,0.1,0.8,1.0,GREEN,LIME
2025-01-23,139230,조선주,5,6218.0,15.0,LIME,2,KOSPI,0.8,0.1,0.08,0.8,1.0,GREEN,LIME
2025-01-23,469070,ai로봇,6,9084.0,14.75,-,2,KOSPI,0.8,0.08,0.064,0.8,1.0,GREEN,LIME
2025-01-24,487230,전력인,1,15878.0,16.0,GREEN,1,NASDAQ,1.0,0.31,0.31,0.8,1.0,GREEN,LIME
2025-01-24,434730,원자력,2,21426.0,16.0,LIME,1,KOSPI,0.8,0.25,0.2,0.8,1.0,GREEN,LIME
2025-01-24,DBA,DBA,3,26.407621383666992,16.0,LIME,1,FIXED,1.0,0.16,0.16,0.8,1.0,GREEN,LIME
2025-01-24,XAR,XAR,4,178.04315185546875,16.0,LIME,1,NASDAQ,1.0,0.1,0.1,0.8,1.0,GREEN,LIME
2025-01-24,ARKW,ARKW,5,117.00108337402344,15.0,LIME,1,NASDAQ,1.0,0.1,0.1,0.8,1.0,GREEN,LIME
2025-01-24,139230,조선주,6,6446.0,15.0,LIME,1,KOSPI,0.8,0.08,0.064,0.8,1.0,GREEN,LIME
2025-01-27,DBA,DBA,1,26.3690128326416,16.0,LIME,1,FIXED,1.0,0.33,0.33,0.4,1.0,-,LIME
2025-01-27,EWG,EWG,2,33.94550323486328,16.0,LIME,1,NASDAQ,1.0,0.27,0.27,0.4,1.0,-,LIME
2025-01-27,XAR,XAR,3,174.0233917236328,15.0,LIME,2,NASDAQ,1.0,0.2,0.2,0.4,1.0,-,LIME
2025-01-27,EWS,EWS,4,21.48016357421875,15.0,LIME,1,NASDAQ,1.0,0.1,0.1,0.4,1.0,-,LIME
2025-01-27,ARKW,ARKW,5,113.86949920654295,14.0,LIME,2,NASDAQ,1.0,0.1,0.1,0.4,1.0,-,LIME
2025-01-28,DBA,DBA,1,26.600658416748047,16.0,LIME,1,FIXED,1.0,0.31,0.31,0.4,1.0,-,LIME
2025-01-28,EWG,EWG,2,33.994686126708984,16.0,LIME,1,NASDAQ,1.0,0.25,0.25,0.4,1.0,-,LIME
2025-01-28,HYG,HYG,3,74.2208023071289,16.0,LIME,1,FIXED,1.0,0.16,0.16,0.4,1.0,-,LIME
2025-01-28,EWS,EWS,4,21.5664291381836,15.0,LIME,1,NASDAQ,1.0,0.1,0.1,0.4,1.0,-,LIME
2025-01-28,ARKW,ARKW,5,117.4737777709961,14.0,LIME,1,NASDAQ,1.0,0.1,0.1,0.4,1.0,-,LIME
2025-01-28,XAR,XAR,6,173.3070068359375,12.75,LIME,3,NASDAQ,1.0,0.08,0.08,0.4,1.0,-,LIME
2025-01-29,DBA,DBA,1,26.94812774658203,16.0,LIME,1,FIXED,1.0,0.31,0.31,0.4,1.0,-,LIME
2025-01-29,EWG,EWG,2,34.1717414855957,16.0,LIME,1,NASDAQ,1.0,0.25,0.25,0.4,1.0,-,LIME
2025-01-29,XLF,XLF,3,50.317413330078125,15.25,LIME,1,NASDAQ,1.0,0.16,0.16,0.4,1.0,-,LIME
2025-01-29,EWS,EWS,4,21.57601547241211,15.0,LIME,1,NASDAQ,1.0,0.1,0.1,0.4,1.0,-,LIME
2025-01-29,ARKW,ARKW,5,118.20250701904295,14.0,LIME,1,NASDAQ,1.0,0.1,0.1,0.4,1.0,-,LIME
2025-01-29,HYG,HYG,6,74.17428588867188,15.0,LIME,2,FIXED,1.0,0.08,0.08,0.4,1.0,-,LIME
2025-01-30,DBA,DBA,1,26.755088806152344,16.0,LIME,1,FIXED,1.0,0.31,0.31,0.4,1.0,-,LIME
2025-01-30,XLF,XLF,2,50.7982177734375,16.0,LIME,1,NASDAQ,1.0,0.25,0.25,0.4,1.0,-,LIME
2025-01-30,EWG,EWG,3,34.338958740234375,16.0,LIME,1,NASDAQ,1.0,0.16,0.16,0.4,1.0,-,LIME
2025-01-30,XLC,XLC,4,100.42383575439452,15.25,LIME,1,NASDAQ,1.0,0.1,0.1,0.4,1.0,-,LIME
2025-01-30,EWS,EWS,5,21.7293758392334,15.25,LIME,1,NASDAQ,1.0,0.1,0.1,0.4,1.0,-,LIME
2025-01-30,ARKW,ARKW,6,119.916015625,14.25,LIME,1,NASDAQ,1.0,0.08,0.08,0.4,1.0,-,LIME
2025-01-31,ARKW,ARKW,1,118.60626983642578,15.5,LIME,1,NASDAQ,1.0,0.31,0.31,0.8,1.0,GREEN,LIME
2025-01-31,434730,원자력,2,20431.0,16.0,LIME,1,KOSPI,0.8,0.25,0.2,0.8,1.0,GREEN,LIME
2025-01-31,ARKF,ARKF,3,41.663570404052734,15.5,LIME,1,NASDAQ,1.0,0.16,0.16,0.8,1.0,GREEN,LIME
2025-01-31,XLF,XLF,4,50.503849029541016,16.0,LIME,1,NASDAQ,1.0,0.1,0.1,0.8,1.0,GREEN,LIME
2025-01-31,XLC,XLC,5,100.8276138305664,15.5,LIME,1,NASDAQ,1.0,0.1,0.1,0.8,1.0,GREEN,LIME
2025-01-31,EWS,EWS,6,21.64310836791992,15.5,LIME,1,NASDAQ,1.0,0.08,0.08,0.8,1.0,GREEN,LIME
2025-02-03,XLC,XLC,1,101.04428100585938,15.75,LIME,1,NASDAQ,1.0,0.31,0.31,0.4,1.0,-,LIME
2025-02-03,ARKF,ARKF,2,41.09407043457031,14.75,LIME,2,NASDAQ,1.0,0.25,0.25,0.4,1.0,-,LIME
2025-02-03,434730,원자력,3,20049.0,15.0,LIME,2,KOSPI,0.55,0.16,0.088,0.4,1.0,-,LIME
2025-02-03,478150,우주방,4,14070.0,14.5,GREEN,2,NASDAQ,1.0,0.1,0.1,0.4,1.0,-,LIME
2025-02-03,ARKW,ARKW,5,116.74504852294922,14.25,LIME,3,NASDAQ,1.0,0.1,0.1,0.4,1.0,-,LIME
2025-02-03,EWS,EWS,6,21.547258377075195,14.75,LIME,2,NASDAQ,1.0,0.08,0.08,0.4,1.0,-,LIME
2025-02-04,475050,K팝,1,9360.0,16.0,LIME,1,KOSPI,0.6,0.31,0.186,0.4,1.0,-,LIME
2025-02-04,XLC,XLC,2,101.95033264160156,16.0,LIME,1,NASDAQ,1.0,0.25,0.25,0.4,1.0,-,LIME
2025-02-04,411060,금현물,3,20210.0,15.75,LIME,1,FIXED,1.0,0.16,0.16,0.4,1.0,-,LIME
2025-02-04,469070,ai로봇,4,9949.0,15.0,GREEN,1,KOSPI,0.6,0.1,0.06,0.4,1.0,-,LIME
2025-02-04,478150,우주방,5,14558.0,15.0,GREEN,1,NASDAQ,1.0,0.1,0.1,0.4,1.0,-,LIME
2025-02-04,ARKF,ARKF,6,41.80344772338867,14.75,LIME,1,NASDAQ,1.0,0.08,0.08,0.4,1.0,-,LIME
2025-02-05,469070,ai로봇,1,10528.0,16.0,GREEN,1,KOSPI,0.6,0.31,0.186,0.4,1.0,-,LIME
2025-02-05,475050,K팝,2,9435.0,16.0,LIME,1,KOSPI,0.6,0.25,0.15,0.4,1.0,-,LIME
2025-02-05,411060,금현물,3,21300.0,16.0,LIME,1,FIXED,1.0,0.16,0.16,0.4,1.0,-,LIME
2025-02-05,478150,우주방,4,14528.0,15.0,GREEN,1,NASDAQ,1.0,0.1,0.1,0.4,1.0,-,LIME
2025-02-05,371160,항셈테,5,7840.0,15.0,LIME,1,NASDAQ,1.0,0.1,0.1,0.4,1.0,-,LIME
2025-02-05,ARKF,ARKF,6,42.24306106567383,14.5,LIME,1,NASDAQ,1.0,0.08,0.08,0.4,1.0,-,LIME
2025-02-06,469070,ai로봇,1,10449.0,16.0,GREEN,1,KOSPI,0.6,0.31,0.186,0.4,1.0,-,LIME
2025-02-06,475050,K팝,2,9410.0,16.0,LIME,1,KOSPI,0.6,0.25,0.15,0.4,1.0,-,LIME
2025-02-06,411060,금현물,3,20880.0,16.0,LIME,1,FIXED,1.0,0.16,0.16,0.4,1.0,-,LIME
2025-02-06,GLD,GLD,4,263.42999267578125,16.0,LIME,1,FIXED,1.0,0.1,0.1,0.4,1.0,-,LIME
2025-02-06,371160,항셈테,5,7999.0,15.25,LIME,1,NASDAQ,1.0,0.1,0.1,0.4,1.0,-,LIME
2025-02-06,478150,우주방,6,14543.0,15.0,GREEN,1,NASDAQ,1.0,0.08,0.08,0.4,1.0,-,LIME
2025-02-07,469070,ai로봇,1,10643.0,16.0,GREEN,1,KOSPI,0.6,0.31,0.186,0.4,1.0,-,LIME
2025-02-07,449450,방산주,2,24235.0,16.0,LIME,1,KOSPI,0.6,0.25,0.15,0.4,1.0,-,LIME
2025-02-07,475050,K팝,3,9390.0,16.0,LIME,1,KOSPI,0.6,0.16,0.096,0.4,1.0,-,LIME
2025-02-07,411060,금현물,4,20765.0,16.0,LIME,1,FIXED,1.0,0.1,0.1,0.4,1.0,-,LIME
2025-02-07,478150,우주방,5,14453.0,15.75,GREEN,1,NASDAQ,1.0,0.1,0.1,0.4,1.0,-,LIME
2025-02-07,371160,항셈테,6,8133.0,15.5,LIME,1,NASDAQ,1.0,0.08,0.08,0.4,1.0,-,LIME
2025-02-10,469070,ai로봇,1,10678.0,16.0,GREEN,1,KOSPI,0.6,0.31,0.186,0.4,1.0,-,LIME
2025-02-10,475050,K팝,2,9570.0,16.0,LIME,1,KOSPI,0.6,0.25,0.15,0.4,1.0,-,LIME
2025-02-10,411060,금현물,3,21810.0,16.0,LIME,1,FIXED,1.0,0.16,0.16,0.4,1.0,-,LIME
2025-02-10,449450,방산주,4,23636.0,16.0,LIME,1,KOSPI,0.6,0.1,0.06,0.4,1.0,-,LIME
2025-02-10,371160,항셈테,5,8454.0,15.75,LIME,1,NASDAQ,1.0,0.1,0.1,0.4,1.0,-,LIME
2025-02-10,478150,우주방,6,14319.0,14.0,GREEN,3,NASDAQ,1.0,0.08,0.08,0.4,1.0,-,LIME
2025-02-11,469070,ai로봇,1,10643.0,16.0,GREEN,1,KOSPI,0.6,0.31,0.186,0.4,1.0,-,LIME
2025-02-11,411060,금현물,2,22795.0,16.0,LIME,1,FIXED,1.0,0.25,0.25,0.4,1.0,-,LIME
2025-02-11,475050,K팝,3,9925.0,16.0,LIME,1,KOSPI,0.6,0.16,0.096,0.4,1.0,-,LIME
2025-02-11,449450,방산주,4,25252.0,16.0,LIME,1,KOSPI,0.6,0.1,0.06,0.4,1.0,-,LIME
2025-02-11,371160,항셈테,5,8341.0,16.0,LIME,1,NASDAQ,1.0,0.1,0.1,0.4,1.0,-,LIME
2025-02-11,478150,우주방,6,14737.0,14.0,GREEN,1,NASDAQ,1.0,0.08,0.08,0.4,1.0,-,LIME
2025-02-12,411060,금현물,1,22605.0,16.0,LIME,1,FIXED,1.0,0.31,0.31,0.4,1.0,-,LIME
2025-02-12,475050,K팝,2,9950.0,16.0,LIME,1,KOSPI,0.6,0.25,0.15,0.4,1.0,-,LIME
2025-02-12,449450,방산주,3,27665.0,16.0,LIME,1,KOSPI,0.6,0.16,0.096,0.4,1.0,-,LIME
2025-02-12,371160,항셈테,4,8405.0,16.0,LIME,1,NASDAQ,1.0,0.1,0.1,0.4,1.0,-,LIME
2025-02-12,GLD,GLD,5,267.6700134277344,16.0,LIME,1,FIXED,1.0,0.1,0.1,0.4,1.0,-,LIME
2025-02-12,469070,ai로봇,6,10274.0,14.5,GREEN,2,KOSPI,0.5,0.08,0.04,0.4,1.0,-,LIME
2025-02-13,411060,금현물,1,23100.0,16.0,LIME,1,FIXED,1.0,0.31,0.31,0.8,1.0,GREEN,LIME
2025-02-13,475050,K팝,2,9835.0,16.0,LIME,1,KOSPI,0.8,0.25,0.2,0.8,1.0,GREEN,LIME
2025-02-13,449450,방산주,3,28224.0,16.0,LIME,1,KOSPI,0.8,0.16,0.128,0.8,1.0,GREEN,LIME
2025-02-13,371160,항셈테,4,8658.0,16.0,LIME,1,NASDAQ,1.0,0.1,0.1,0.8,1.0,GREEN,LIME
2025-02-13,EWG,EWG,5,35.814422607421875,16.0,-,1,NASDAQ,1.0,0.1,0.1,0.8,1.0,GREEN,LIME
2025-02-13,GLD,GLD,6,270.3099975585937,16.0,LIME,1,FIXED,1.0,0.08,0.08,0.8,1.0,GREEN,LIME
2025-02-14,411060,금현물,1,23370.0,16.0,LIME,1,FIXED,1.0,0.31,0.31,0.8,1.0,GREEN,LIME
2025-02-14,449450,방산주,2,28563.0,16.0,LIME,1,KOSPI,0.8,0.25,0.2,0.8,1.0,GREEN,LIME
2025-02-14,371160,항셈테,3,8593.0,16.0,LIME,1,NASDAQ,1.0,0.16,0.16,0.8,1.0,GREEN,LIME
2025-02-14,EWG,EWG,4,35.824256896972656,16.0,LIME,1,NASDAQ,1.0,0.1,0.1,0.8,1.0,GREEN,LIME
2025-02-14,195930,유로스,5,19637.0,16.0,LIME,1,NASDAQ,1.0,0.1,0.1,0.8,1.0,GREEN,LIME
2025-02-14,475050,K팝,6,9725.0,15.0,LIME,2,KOSPI,0.8,0.08,0.064,0.8,1.0,GREEN,LIME
2025-02-17,449450,방산주,1,29206.0,16.0,LIME,1,KOSPI,0.8,0.31,0.248,0.8,1.0,GREEN,LIME
2025-02-17,139230,조선주,2,6823.0,16.0,LIME,1,KOSPI,0.8,0.25,0.2,0.8,1.0,GREEN,LIME
2025-02-17,371160,항셈테,3,8713.0,16.0,LIME,1,NASDAQ,1.0,0.16,0.16,0.8,1.0,GREEN,LIME
2025-02-17,411060,금현물,4,22550.0,15.0,LIME,2,FIXED,1.0,0.1,0.1,0.8,1.0,GREEN,LIME
2025-02-17,195930,유로스,5,19657.0,16.0,LIME,1,NASDAQ,1.0,0.1,0.1,0.8,1.0,GREEN,LIME
2025-02-17,475050,K팝,6,9480.0,12.75,-,3,KOSPI,0.8,0.08,0.064,0.8,1.0,GREEN,LIME
2025-02-18,449450,방산주,1,31156.0,16.0,LIME,1,KOSPI,0.8,0.31,0.248,0.8,1.0,GREEN,LIME
2025-02-18,371160,항셈테,2,8876.0,16.0,LIME,1,NASDAQ,1.0,0.25,0.25,0.8,1.0,GREEN,LIME
2025-02-18,139230,조선주,3,7091.0,16.0,LIME,1,KOSPI,0.8,0.16,0.128,0.8,1.0,GREEN,LIME
2025-02-18,ARKF,ARKF,4,43.97154998779297,16.0,LIME,1,NASDAQ,1.0,0.1,0.1,0.8,1.0,GREEN,LIME
2025-02-18,EWG,EWG,5,36.2964096069336,16.0,LIME,1,NASDAQ,1.0,0.1,0.1,0.8,1.0,GREEN,LIME
2025-02-18,195930,유로스,6,19787.0,16.0,LIME,1,NASDAQ,1.0,0.08,0.08,0.8,1.0,GREEN,LIME
2025-02-19,449450,방산주,1,30632.0,16.0,LIME,1,KOSPI,0.8,0.31,0.248,0.8,1.0,GREEN,LIME
2025-02-19,371160,항셈테,2,8971.0,16.0,LIME,1,NASDAQ,1.0,0.25,0.25,0.8,1.0,GREEN,LIME
2025-02-19,139230,조선주,3,7185.0,16.0,LIME,1,KOSPI,0.8,0.16,0.128,0.8,1.0,GREEN,LIME
2025-02-19,EIS,EIS,4,81.99687194824219,16.0,LIME,1,NASDAQ,1.0,0.1,0.1,0.8,1.0,GREEN,LIME
2025-02-19,195930,유로스,5,19846.0,16.0,LIME,1,NASDAQ,1.0,0.1,0.1,0.8,1.0,GREEN,LIME
2025-02-19,ARKF,ARKF,6,43.0523567199707,15.0,-,2,NASDAQ,1.0,0.08,0.08,0.8,1.0,GREEN,LIME
2025-02-20,449450,방산주,1,30388.0,16.0,LIME,1,KOSPI,0.8,0.31,0.248,0.8,1.0,GREEN,LIME
2025-02-20,371160,항셈테,2,8816.0,16.0,LIME,1,NASDAQ,1.0,0.25,0.25,0.8,1.0,GREEN,LIME
2025-02-20,434730,원자력,3,22026.0,15.75,-,1,KOSPI,0.8,0.16,0.128,0.8,1.0,GREEN,LIME
2025-02-20,147970,티모멘,4,32634.0,16.0,LIME,1,KOSPI,0.8,0.1,0.08,0.8,1.0,GREEN,LIME
2025-02-20,GREK,GREK,5,41.73793411254883,15.5,LIME,1,NASDAQ,1.0,0.1,0.1,0.8,1.0,GREEN,LIME
2025-02-20,195930,유로스,6,19637.0,15.0,-,2,NASDAQ,1.0,0.08,0.08,0.8,1.0,GREEN,LIME
2025-02-21,UNG,UNG,1,22.09000015258789,16.0,LIME,1,FIXED,1.0,0.31,0.31,0.8,1.0,GREEN,LIME
2025-02-21,371160,항셈테,2,9174.0,16.0,LIME,1,NASDAQ,1.0,0.25,0.25,0.8,1.0,GREEN,LIME
2025-02-21,449450,방산주,3,30912.0,15.75,LIME,1,KOSPI,0.8,0.16,0.128,0.8,1.0,GREEN,LIME
2025-02-21,GREK,GREK,4,41.58356475830078,16.0,LIME,1,NASDAQ,1.0,0.1,0.1,0.8,1.0,GREEN,LIME
2025-02-21,147970,티모멘,5,32843.0,16.0,LIME,1,KOSPI,0.8,0.1,0.08,0.8,1.0,GREEN,LIME
2025-02-21,434730,원자력,6,21902.0,14.75,-,2,KOSPI,0.8,0.08,0.064,0.8,1.0,GREEN,LIME
2025-02-24,371160,항셈테,1,9129.0,16.0,LIME,1,NASDAQ,1.0,0.31,0.31,0.8,1.0,GREEN,LIME
2025-02-24,GLD,GLD,2,272.2099914550781,16.0,LIME,1,FIXED,1.0,0.25,0.25,0.8,1.0,GREEN,LIME
2025-02-24,475050,K팝,3,10190.0,15.25,-,1,KOSPI,0.8,0.16,0.128,0.8,1.0,GREEN,LIME
2025-02-24,UNG,UNG,4,21.239999771118164,14.75,LIME,2,FIXED,1.0,0.1,0.1,0.8,1.0,GREEN,LIME
2025-02-24,449450,방산주,5,30184.0,14.5,LIME,2,KOSPI,0.8,0.1,0.08,0.8,1.0,GREEN,LIME
2025-02-24,147970,티모멘,6,32668.0,15.0,LIME,2,KOSPI,0.8,0.08,0.064,0.8,1.0,GREEN,LIME
2025-02-25,371160,항셈테,1,9074.0,16.0,LIME,1,NASDAQ,0.24,0.31,0.0744,0.8,0.1,GREEN,PURPLE
2025-02-25,475050,K팝,2,10415.0,16.0,-,1,KOSPI,0.8,0.25,0.2,0.8,0.1,GREEN,PURPLE
2025-02-25,EWI,EWI,3,40.22493743896485,14.25,LIME,1,NASDAQ,0.22,0.16,0.0352,0.8,0.1,GREEN,PURPLE
2025-02-25,449450,방산주,4,31081.0,13.75,LIME,1,KOSPI,0.8,0.1,0.08,0.8,0.1,GREEN,PURPLE
2025-02-25,UNG,UNG,5,21.75,13.5,LIME,2,FIXED,1.0,0.1,0.1,0.8,0.1,GREEN,PURPLE
2025-02-25,147970,티모멘,6,32673.0,14.0,LIME,2,KOSPI,0.8,0.08,0.064,0.8,0.1,GREEN,PURPLE
2025-02-26,371160,항셈테,1,9436.0,16.0,LIME,1,NASDAQ,0.24,0.31,0.0744,0.8,0.1,GREEN,PURPLE
2025-02-26,475050,K팝,2,10370.0,16.0,-,1,KOSPI,0.8,0.25,0.2,0.8,0.1,GREEN,PURPLE
2025-02-26,EWI,EWI,3,40.03094100952149,14.5,LIME,1,NASDAQ,0.22,0.16,0.0352,0.8,0.1,GREEN,PURPLE
2025-02-26,FXI,FXI,4,35.547088623046875,13.5,LIME,1,NASDAQ,0.2,0.1,0.02,0.8,0.1,GREEN,PURPLE
2025-02-26,EWP,EWP,5,35.39223861694336,13.75,-,1,NASDAQ,0.2,0.1,0.02,0.8,0.1,GREEN,PURPLE
2025-02-26,147970,티모멘,6,32834.0,13.75,LIME,1,KOSPI,0.8,0.08,0.064,0.8,0.1,GREEN,PURPLE
2025-02-27,371160,항셈테,1,9461.0,16.0,LIME,1,NASDAQ,0.24,0.31,0.0744,0.8,0.1,GREEN,PURPLE
2025-02-27,475050,K팝,2,10644.0,16.0,LIME,1,KOSPI,0.8,0.25,0.2,0.8,0.1,GREEN,PURPLE
2025-02-27,EWP,EWP,3,34.92411422729492,14.75,-,1,NASDAQ,0.22,0.16,0.0352,0.8,0.1,GREEN,PURPLE
2025-02-27,HYG,HYG,4,74.67898559570312,15.5,LIME,1,FIXED,1.0,0.1,0.1,0.8,0.1,GREEN,PURPLE
2025-02-27,EWI,EWI,5,39.3907585144043,13.75,-,3,NASDAQ,0.2,0.1,0.02,0.8,0.1,GREEN,PURPLE
2025-02-27,FXI,FXI,6,35.16664505004883,13.5,LIME,1,NASDAQ,0.2,0.08,0.016,0.8,0.1,GREEN,PURPLE
2025-02-28,475050,K팝,1,10564.0,16.0,LIME,1,KOSPI,0.6,0.31,0.186,0.4,0.1,-,PURPLE
2025-02-28,EWP,EWP,2,35.187435150146484,15.0,-,1,NASDAQ,0.24,0.25,0.06,0.4,0.1,-,PURPLE
2025-02-28,HYG,HYG,3,74.88458251953125,16.0,LIME,1,FIXED,1.0,0.16,0.16,0.4,0.1,-,PURPLE
2025-02-28,371160,항셈테,4,8996.0,14.0,-,3,NASDAQ,0.2,0.1,0.02,0.4,0.1,-,PURPLE
2025-02-28,FXI,FXI,5,34.36674118041992,13.0,-,3,NASDAQ,0.2,0.1,0.02,0.4,0.1,-,PURPLE
2025-02-28,EWI,EWI,6,39.57505035400391,12.25,-,3,NASDAQ,0.2,0.08,0.016,0.4,0.1,-,PURPLE
2025-03-03,EWP,EWP,1,35.47025680541992,15.0,-,1,NASDAQ,0.24,0.31,0.0744,0.4,0.1,-,PURPLE
2025-03-03,HYG,HYG,2,74.72872924804688,15.0,LIME,2,FIXED,1.0,0.25,0.25,0.4,0.1,-,PURPLE
2025-03-03,EWU,EWU,3,35.974365234375,14.0,-,1,NASDAQ,0.22,0.16,0.0352,0.4,0.1,-,PURPLE
2025-03-03,IEF,IEF,4,91.52957916259766,14.0,LIME,1,FIXED,1.0,0.1,0.1,0.4,0.1,-,PURPLE
2025-03-03,BND,BND,5,70.55801391601562,14.0,LIME,1,FIXED,1.0,0.1,0.1,0.4,0.1,-,PURPLE
2025-03-03,EWI,EWI,6,40.06974411010742,12.0,-,1,NASDAQ,0.2,0.08,0.016,0.4,0.1,-,PURPLE
2025-03-04,475050,K팝,1,10594.0,16.0,LIME,1,KOSPI,0.6,0.31,0.186,0.4,0.1,-,PURPLE
2025-03-04,EWP,EWP,2,35.60679244995117,15.0,-,1,NASDAQ,0.24,0.25,0.06,0.4,0.1,-,PURPLE
2025-03-04,EWU,EWU,3,36.099342346191406,14.5,-,1,NASDAQ,0.22,0.16,0.0352,0.4,0.1,-,PURPLE
2025-03-04,HYG,HYG,4,74.71934509277344,14.0,LIME,2,FIXED,1.0,0.1,0.1,0.4,0.1,-,PURPLE
2025-03-04,IEF,IEF,5,91.2417221069336,14.0,LIME,1,FIXED,1.0,0.1,0.1,0.4,0.1,-,PURPLE
2025-03-04,BND,BND,6,70.35670471191406,14.0,LIME,1,FIXED,1.0,0.08,0.08,0.4,0.1,-,PURPLE
2025-03-05,EWP,EWP,1,36.59181213378906,15.0,LIME,1,NASDAQ,0.24,0.31,0.0744,0.4,0.1,-,PURPLE
2025-03-05,475050,K팝,2,10380.0,14.25,-,2,KOSPI,0.5,0.25,0.125,0.4,0.1,-,PURPLE
2025-03-05,EWU,EWU,3,36.45504760742188,15.0,LIME,1,NASDAQ,0.24,0.16,0.0384,0.4,0.1,-,PURPLE
2025-03-05,EWL,EWL,4,51.88072204589844,14.25,-,1,NASDAQ,0.22,0.1,0.022,0.4,0.1,-,PURPLE
2025-03-05,EWI,EWI,5,41.40830612182617,13.25,LIME,1,NASDAQ,0.2,0.1,0.02,0.4,0.1,-,PURPLE
2025-03-05,HYG,HYG,6,74.75689697265625,13.25,LIME,1,FIXED,1.0,0.08,0.08,0.4,0.1,-,PURPLE
2025-03-06,EWG,EWG,1,37.958763122558594,16.0,LIME,1,NASDAQ,0.24,0.31,0.0744,0.4,0.1,-,PURPLE
2025-03-06,EZU,EZU,2,53.37321472167969,16.0,LIME,1,NASDAQ,0.24,0.25,0.06,0.4,0.1,-,PURPLE
2025-03-06,UNG,UNG,3,22.770000457763672,14.75,LIME,1,FIXED,1.0,0.16,0.16,0.4,0.1,-,PURPLE
2025-03-06,EWI,EWI,4,41.000919342041016,15.0,LIME,1,NASDAQ,0.24,0.1,0.024,0.4,0.1,-,PURPLE
2025-03-06,EWP,EWP,5,36.10417556762695,15.25,LIME,1,NASDAQ,0.24,0.1,0.024,0.4,0.1,-,PURPLE
2025-03-06,EWL,EWL,6,51.61572265625,14.5,-,1,NASDAQ,0.22,0.08,0.0176,0.4,0.1,-,PURPLE
2025-03-07,EWG,EWG,1,38.17516708374024,16.0,LIME,1,NASDAQ,0.24,0.31,0.0744,0.4,0.1,-,PURPLE
2025-03-07,449450,방산주,2,33943.0,15.5,-,1,KOSPI,0.6,0.25,0.15,0.4,0.1,-,PURPLE
2025-03-07,UNG,UNG,3,23.190000534057617,15.5,LIME,1,FIXED,1.0,0.16,0.16,0.4,0.1,-,PURPLE
2025-03-07,EZU,EZU,4,54.013458251953125,16.0,LIME,1,NASDAQ,0.24,0.1,0.024,0.4,0.1,-,PURPLE
2025-03-07,GREK,GREK,5,43.92806625366211,15.5,LIME,1,NASDAQ,0.24,0.1,0.024,0.4,0.1,-,PURPLE
2025-03-07,EWP,EWP,6,36.92339706420898,15.5,LIME,1,NASDAQ,0.24,0.08,0.0192,0.4,0.1,-,PURPLE
2025-03-10,449450,방산주,1,34238.0,16.0,-,1,KOSPI,0.6,0.31,0.186,0.4,0.1,-,PURPLE
2025-03-10,UNG,UNG,2,23.82999992370605,16.0,LIME,1,FIXED,1.0,0.25,0.25,0.4,0.1,-,PURPLE
2025-03-10,GREK,GREK,3,43.19480895996094,16.0,LIME,1,NASDAQ,0.24,0.16,0.0384,0.4,0.1,-,PURPLE
2025-03-10,371160,항셈테,4,9476.0,14.75,-,1,NASDAQ,0.22,0.1,0.022,0.4,0.1,-,PURPLE
2025-03-10,EWI,EWI,5,40.884521484375,15.0,LIME,2,NASDAQ,0.22,0.1,0.022,0.4,0.1,-,PURPLE
2025-03-10,EWG,EWG,6,37.171852111816406,15.0,-,2,NASDAQ,0.22,0.08,0.0176,0.4,0.1,-,PURPLE
2025-03-11,449450,방산주,1,33679.0,16.0,-,1,KOSPI,0.6,0.31,0.186,0.4,0.1,-,PURPLE
2025-03-11,GREK,GREK,2,44.03419876098633,16.0,LIME,1,NASDAQ,0.24,0.25,0.06,0.4,0.1,-,PURPLE
2025-03-11,371160,항셈테,3,9501.0,15.75,-,1,NASDAQ,0.24,0.16,0.0384,0.4,0.1,-,PURPLE
2025-03-11,UNG,UNG,4,23.280000686645508,15.0,LIME,2,FIXED,1.0,0.1,0.1,0.4,0.1,-,PURPLE
2025-03-11,EWI,EWI,5,41.000919342041016,14.0,LIME,2,NASDAQ,0.2,0.1,0.02,0.4,0.1,-,PURPLE
2025-03-11,EWG,EWG,6,37.1226692199707,14.0,-,2,NASDAQ,0.2,0.08,0.016,0.4,0.1,-,PURPLE
2025-03-12,GREK,GREK,1,45.20162582397461,16.0,LIME,1,NASDAQ,0.24,0.31,0.0744,0.4,0.1,-,PURPLE
2025-03-12,449450,방산주,2,32153.0,14.5,-,2,KOSPI,0.5,0.25,0.125,0.4,0.1,-,PURPLE
2025-03-12,371160,항셈테,3,9411.0,14.5,-,2,NASDAQ,0.2,0.16,0.032,0.4,0.1,-,PURPLE
2025-03-12,117680,철강주,4,10545.0,15.25,LIME,1,KOSPI,0.6,0.1,0.06,0.4,0.1,-,PURPLE
2025-03-12,EWI,EWI,5,41.2240104675293,13.25,LIME,1,NASDAQ,0.2,0.1,0.02,0.4,0.1,-,PURPLE
2025-03-12,UNG,UNG,6,21.64999961853028,12.5,-,4,FIXED,1.0,0.08,0.08,0.4,0.1,-,PURPLE
2025-03-13,GREK,GREK,1,45.18233108520508,16.0,LIME,1,NASDAQ,0.24,0.31,0.0744,0.4,0.1,-,PURPLE
2025-03-13,117680,철강주,2,10497.0,15.5,LIME,1,KOSPI,0.6,0.25,0.15,0.4,0.1,-,PURPLE
2025-03-13,449450,방산주,3,33525.0,14.25,-,1,KOSPI,0.55,0.16,0.088,0.4,0.1,-,PURPLE
2025-03-13,VNM,VNM,4,12.414294242858888,14.0,GREEN,1,NASDAQ,0.22,0.1,0.022,0.4,0.1,-,PURPLE
2025-03-13,371160,항셈테,5,9154.0,11.25,-,3,NASDAQ,0.2,0.1,0.02,0.4,0.1,-,PURPLE
2025-03-13,EWI,EWI,6,40.68082046508789,11.0,-,3,NASDAQ,0.2,0.08,0.016,0.4,0.1,-,PURPLE
2025-03-14,GREK,GREK,1,46.26292419433594,16.0,LIME,1,NASDAQ,0.24,0.31,0.0744,0.4,0.1,-,PURPLE
2025-03-14,449450,방산주,2,33574.0,13.5,-,1,KOSPI,0.5,0.25,0.125,0.4,0.1,-,PURPLE
2025-03-14,117680,철강주,3,10252.0,14.25,-,2,KOSPI,0.5,0.16,0.08,0.4,0.1,-,PURPLE
2025-03-14,GLD,GLD,4,275.239990234375,14.0,-,1,FIXED,1.0,0.1,0.1,0.4,0.1,-,PURPLE
2025-03-14,228790,화장품,5,2906.0,13.25,LIME,1,KOSPI,0.5,0.1,0.05,0.4,0.1,-,PURPLE
2025-03-14,VNM,VNM,6,12.633840560913086,14.0,GREEN,1,NASDAQ,0.22,0.08,0.0176,0.4,0.1,-,PURPLE
2025-03-17,GREK,GREK,1,46.88040542602539,16.0,LIME,1,NASDAQ,0.24,0.31,0.0744,0.4,0.1,-,PURPLE
2025-03-17,GLD,GLD,2,276.7300109863281,14.75,LIME,1,FIXED,1.0,0.25,0.25,0.4,0.1,-,PURPLE
2025-03-17,449450,방산주,3,35699.0,13.5,-,1,KOSPI,0.5,0.16,0.08,0.4,0.1,-,PURPLE
2025-03-17,228790,화장품,4,2901.0,14.0,LIME,1,KOSPI,0.55,0.1,0.055,0.4,0.1,-,PURPLE
2025-03-17,VNM,VNM,5,12.733633995056152,14.0,GREEN,1,NASDAQ,0.22,0.1,0.022,0.4,0.1,-,PURPLE
2025-03-17,117680,철강주,6,10261.0,12.75,-,2,KOSPI,0.4,0.08,0.032,0.4,0.1,-,PURPLE
2025-03-18,GREK,GREK,1,46.45588684082031,16.0,LIME,1,NASDAQ,0.24,0.31,0.0744,0.4,0.1,-,PURPLE
2025-03-18,FXI,FXI,2,37.54685974121094,15.25,LIME,1,NASDAQ,0.24,0.25,0.06,0.4,0.1,-,PURPLE
2025-03-18,147970,티모멘,3,33693.0,15.5,-,1,KOSPI,0.6,0.16,0.096,0.4,0.1,-,PURPLE
2025-03-18,449450,방산주,4,35868.0,15.0,-,1,KOSPI,0.6,0.1,0.06,0.4,0.1,-,PURPLE
2025-03-18,GLD,GLD,5,279.9599914550781,15.5,LIME,1,FIXED,1.0,0.1,0.1,0.4,0.1,-,PURPLE
2025-03-18,VNM,VNM,6,12.59392261505127,14.0,GREEN,1,NASDAQ,0.22,0.08,0.0176,0.4,0.1,-,PURPLE
2025-03-19,FXI,FXI,1,37.39078140258789,16.0,LIME,1,NASDAQ,0.24,0.31,0.0744,0.8,0.1,GREEN,PURPLE
2025-03-19,GREK,GREK,2,46.34010696411133,16.0,LIME,1,NASDAQ,0.24,0.25,0.06,0.8,0.1,GREEN,PURPLE
2025-03-19,EWI,EWI,3,42.66927719116211,16.0,LIME,1,NASDAQ,0.24,0.16,0.0384,0.8,0.1,GREEN,PURPLE
2025-03-19,GLD,GLD,4,281.1099853515625,16.0,LIME,1,FIXED,1.0,0.1,0.1,0.8,0.1,GREEN,PURPLE
2025-03-19,449450,방산주,5,36177.0,15.25,-,1,KOSPI,0.8,0.1,0.08,0.8,0.1,GREEN,PURPLE
2025-03-19,147970,티모멘,6,33809.0,15.5,-,1,KOSPI,0.8,0.08,0.064,0.8,0.1,GREEN,PURPLE
2025-03-20,GLD,GLD,1,280.75,16.0,LIME,1,FIXED,1.0,0.31,0.31,0.8,0.1,GREEN,PURPLE
2025-03-20,449450,방산주,2,34467.0,15.0,-,2,KOSPI,0.8,0.25,0.2,0.8,0.1,GREEN,PURPLE
2025-03-20,EWP,EWP,3,37.37201690673828,15.0,LIME,2,NASDAQ,0.22,0.16,0.0352,0.8,0.1,GREEN,PURPLE
2025-03-20,EWI,EWI,4,41.9611930847168,15.0,LIME,2,NASDAQ,0.22,0.1,0.022,0.8,0.1,GREEN,PURPLE
2025-03-20,GREK,GREK,5,46.18573760986328,14.75,LIME,2,NASDAQ,0.2,0.1,0.02,0.8,0.1,GREEN,PURPLE
2025-03-20,147970,티모멘,6,33502.0,15.0,-,2,KOSPI,0.8,0.08,0.064,0.8,0.1,GREEN,PURPLE
2025-03-21,GLD,GLD,1,278.489990234375,15.0,LIME,2,FIXED,1.0,0.31,0.31,0.8,0.4,GREEN,-
2025-03-21,102970,증권주,2,7942.0,15.5,LIME,1,KOSPI,0.8,0.25,0.2,0.8,0.4,GREEN,-
2025-03-21,478150,우주방,3,14827.0,15.0,LIME,2,NASDAQ,0.55,0.16,0.088,0.8,0.4,GREEN,-
2025-03-21,EWP,EWP,4,37.48904800415039,13.75,-,2,NASDAQ,0.45,0.1,0.045,0.8,0.4,GREEN,-
2025-03-21,147970,티모멘,5,33282.0,14.0,-,2,KOSPI,0.8,0.1,0.08,0.8,0.4,GREEN,-
2025-03-21,EWI,EWI,6,41.66050338745117,13.0,-,3,NASDAQ,0.45,0.08,0.036,0.8,0.4,GREEN,-
2025-03-24,069500,코스피,1,35012.0,15.25,GREEN,1,KOSPI,0.8,0.31,0.248,0.8,0.4,GREEN,-
2025-03-24,091180,자동차,2,18895.0,15.0,GREEN,1,KOSPI,0.8,0.25,0.2,0.8,0.4,GREEN,-
2025-03-24,102970,증권주,3,7908.0,15.0,LIME,2,KOSPI,0.8,0.16,0.128,0.8,0.4,GREEN,-
2025-03-24,GLD,GLD,4,277.25,13.75,LIME,2,FIXED,1.0,0.1,0.1,0.8,0.4,GREEN,-
2025-03-24,325020,케모멘,5,13663.0,14.5,GREEN,1,KOSPI,0.8,0.1,0.08,0.8,0.4,GREEN,-
2025-03-24,EWP,EWP,6,37.22572708129883,12.0,-,2,NASDAQ,0.4,0.08,0.032,0.8,0.4,GREEN,-
2025-03-25,091180,자동차,1,19190.0,15.5,GREEN,1,KOSPI,0.8,0.31,0.248,0.8,0.4,GREEN,-
2025-03-25,069500,코스피,2,34849.0,15.0,GREEN,2,KOSPI,0.8,0.25,0.2,0.8,0.4,GREEN,-
2025-03-25,325020,케모멘,3,13683.0,14.75,GREEN,1,KOSPI,0.8,0.16,0.128,0.8,0.4,GREEN,-
2025-03-25,XLE,XLE,4,45.16499710083008,13.25,LIME,1,FIXED,1.0,0.1,0.1,0.8,0.4,GREEN,-
2025-03-25,102970,증권주,5,7913.0,14.0,LIME,2,KOSPI,0.8,0.1,0.08,0.8,0.4,GREEN,-
2025-03-25,GLD,GLD,6,278.4700012207031,12.0,LIME,2,FIXED,1.0,0.08,0.08,0.8,0.4,GREEN,-
2025-03-26,091180,자동차,1,19287.0,15.75,GREEN,1,KOSPI,0.8,0.31,0.248,0.8,0.4,GREEN,-
2025-03-26,069500,코스피,2,35143.0,15.0,GREEN,1,KOSPI,0.8,0.25,0.2,0.8,0.4,GREEN,-
2025-03-26,325020,케모멘,3,13702.0,15.0,GREEN,1,KOSPI,0.8,0.16,0.128,0.8,0.4,GREEN,-
2025-03-26,ITA,ITA,4,156.2952423095703,14.5,LIME,1,NASDAQ,0.55,0.1,0.055,0.8,0.4,GREEN,-
2025-03-26,102970,증권주,5,8004.0,14.0,LIME,1,KOSPI,0.8,0.1,0.08,0.8,0.4,GREEN,-
2025-03-26,XLE,XLE,6,45.43144226074219,13.25,LIME,1,FIXED,1.0,0.08,0.08,0.8,0.4,GREEN,-
2025-03-27,GREK,GREK,1,47.179500579833984,14.75,-,1,NASDAQ,0.55,0.31,0.1705,0.8,0.4,GREEN,-
2025-03-27,091180,자동차,2,18809.0,15.0,GREEN,2,KOSPI,0.8,0.25,0.2,0.8,0.4,GREEN,-
2025-03-27,EWS,EWS,3,23.167137145996094,14.75,LIME,1,NASDAQ,0.55,0.16,0.088,0.8,0.4,GREEN,-
2025-03-27,ITA,ITA,4,155.53927612304688,14.25,LIME,2,NASDAQ,0.5,0.1,0.05,0.8,0.4,GREEN,-
2025-03-27,069500,코스피,5,34712.0,13.5,GREEN,2,KOSPI,0.8,0.1,0.08,0.8,0.4,GREEN,-
2025-03-27,325020,케모멘,6,13601.0,13.75,GREEN,2,KOSPI,0.8,0.08,0.064,0.8,0.4,GREEN,-
2025-03-28,GREK,GREK,1,46.76462936401367,14.5,-,2,NASDAQ,0.5,0.31,0.155,0.8,0.4,GREEN,-
2025-03-28,EWS,EWS,2,22.87958526611328,14.5,LIME,2,NASDAQ,0.5,0.25,0.125,0.8,0.4,GREEN,-
2025-03-28,GLD,GLD,3,284.0599975585937,12.5,LIME,1,FIXED,1.0,0.16,0.16,0.8,0.4,GREEN,-
2025-03-28,SLV,SLV,4,31.0,12.0,LIME,1,FIXED,1.0,0.1,0.1,0.8,0.4,GREEN,-
2025-03-28,XLE,XLE,5,44.777442932128906,12.25,LIME,2,FIXED,1.0,0.1,0.1,0.8,0.4,GREEN,-
2025-03-28,091180,자동차,6,18335.0,12.5,-,3,KOSPI,0.8,0.08,0.064,0.8,0.4,GREEN,-
2025-03-31,GLD,GLD,1,288.1400146484375,14.25,LIME,1,FIXED,1.0,0.31,0.31,0.4,0.0,-,RED
2025-03-31,SLV,SLV,2,30.989999771118164,13.0,LIME,1,FIXED,1.0,0.25,0.25,0.4,0.0,-,RED
2025-03-31,XLE,XLE,3,45.27157211303711,12.75,LIME,1,FIXED,1.0,0.16,0.16,0.4,0.0,-,RED
2025-03-31,411060,금현물,4,21105.0,12.0,LIME,1,FIXED,1.0,0.1,0.1,0.4,0.0,-,RED
2025-03-31,EWS,EWS,5,22.77414894104004,12.75,LIME,3,NASDAQ,0.2,0.1,0.02,0.4,0.0,-,RED
2025-03-31,GREK,GREK,6,45.3174057006836,11.25,-,4,NASDAQ,0.2,0.08,0.016,0.4,0.0,-,RED
2025-04-01,GLD,GLD,1,287.57000732421875,16.0,LIME,1,FIXED,1.0,0.33,0.33,0.4,0.0,-,RED
2025-04-01,411060,금현물,2,21075.0,14.5,LIME,1,FIXED,1.0,0.27,0.27,0.4,0.0,-,RED
2025-04-01,EZA,EZA,3,45.0692024230957,12.75,LIME,1,NASDAQ,0.2,0.2,0.04,0.4,0.0,-,RED
2025-04-01,XLE,XLE,4,45.53801727294922,13.0,LIME,1,FIXED,1.0,0.1,0.1,0.4,0.0,-,RED
2025-04-01,SLV,SLV,5,30.6299991607666,12.5,-,2,FIXED,1.0,0.1,0.1,0.4,0.0,-,RED
2025-04-02,GLD,GLD,1,288.1600036621094,16.0,LIME,1,FIXED,1.0,0.33,0.33,0.4,0.0,-,RED
2025-04-02,411060,금현물,2,20825.0,15.0,LIME,1,FIXED,1.0,0.27,0.27,0.4,0.0,-,RED
2025-04-02,XLE,XLE,3,45.60099792480469,14.0,LIME,1,FIXED,1.0,0.2,0.2,0.4,0.0,-,RED
2025-04-02,SLV,SLV,4,30.76000022888184,12.0,-,2,FIXED,1.0,0.1,0.1,0.4,0.0,-,RED
2025-04-02,IEF,IEF,5,91.74524688720705,13.0,LIME,1,FIXED,1.0,0.1,0.1,0.4,0.0,-,RED
2025-04-03,GLD,GLD,1,286.4200134277344,15.0,LIME,2,FIXED,1.0,0.33,0.33,0.0,0.0,RED,RED
2025-04-03,411060,금현물,2,20905.0,14.0,LIME,2,FIXED,1.0,0.27,0.27,0.0,0.0,RED,RED
2025-04-03,IEF,IEF,3,92.68861389160156,13.75,LIME,1,FIXED,1.0,0.2,0.2,0.0,0.0,RED,RED
2025-04-03,AGG,AGG,4,95.54411315917967,13.75,LIME,1,FIXED,1.0,0.1,0.1,0.0,0.0,RED,RED
2025-04-03,BND,BND,5,70.9335708618164,13.75,LIME,1,FIXED,1.0,0.1,0.1,0.0,0.0,RED,RED
2025-04-04,IEF,IEF,1,92.94852447509766,15.5,LIME,1,FIXED,1.0,0.31,0.31,0.0,0.0,RED,RED
2025-04-04,AGG,AGG,2,95.63063049316406,15.5,LIME,1,FIXED,1.0,0.25,0.25,0.0,0.0,RED,RED
2025-04-04,BND,BND,3,70.99124145507812,15.5,LIME,1,FIXED,1.0,0.16,0.16,0.0,0.0,RED,RED
2025-04-04,GLD,GLD,4,279.7200012207031,13.0,-,3,FIXED,1.0,0.1,0.1,0.0,0.0,RED,RED
2025-04-04,TLT,TLT,5,88.81968688964844,13.25,LIME,1,FIXED,1.0,0.1,0.1,0.0,0.0,RED,RED
2025-04-04,411060,금현물,6,20310.0,11.0,LIME,3,FIXED,1.0,0.08,0.08,0.0,0.0,RED,RED
2025-04-07,IEF,IEF,1,91.8415298461914,14.75,LIME,2,FIXED,1.0,0.45,0.45,0.0,0.0,RED,RED
2025-04-07,BND,BND,2,70.13536071777344,12.25,-,4,FIXED,1.0,0.3,0.3,0.0,0.0,RED,RED
2025-04-07,AGG,AGG,3,94.41915130615234,12.25,-,4,FIXED,1.0,0.25,0.25,0.0,0.0,RED,RED
2025-04-08,IEF,IEF,1,91.37947845458984,13.0,-,3,FIXED,1.0,1.0,1.0,0.0,0.0,RED,RED
2025-04-14,GLD,GLD,1,296.2300109863281,13.75,-,1,FIXED,1.0,1.0,1.0,0.0,0.4,RED,-
2025-04-15,GLD,GLD,1,297.7799987792969,15.0,LIME,1,FIXED,1.0,0.55,0.55,0.0,0.4,RED,-
2025-04-15,411060,금현물,2,20855.0,11.0,-,1,FIXED,1.0,0.45,0.45,0.0,0.4,RED,-
2025-04-16,GLD,GLD,1,307.4700012207031,15.5,LIME,1,FIXED,1.0,0.45,0.45,0.0,0.4,RED,-
2025-04-16,411060,금현물,2,21395.0,12.0,LIME,1,FIXED,1.0,0.3,0.3,0.0,0.4,RED,-
2025-04-16,228790,화장품,3,2960.0,12.0,LIME,1,KOSPI,0.2,0.25,0.05,0.0,0.4,RED,-
2025-04-17,GLD,GLD,1,306.1199951171875,16.0,LIME,1,FIXED,1.0,0.35,0.35,0.0,0.0,RED,RED
2025-04-17,228790,화장품,2,3060.0,13.5,LIME,1,KOSPI,0.2,0.3,0.06,0.0,0.0,RED,RED
2025-04-17,411060,금현물,3,21440.0,12.5,LIME,1,FIXED,1.0,0.25,0.25,0.0,0.0,RED,RED
2025-04-17,449450,방산주,4,35798.0,11.0,LIME,1,KOSPI,0.2,0.1,0.02,0.0,0.0,RED,RED
2025-04-18,411060,금현물,1,21450.0,14.0,LIME,1,FIXED,1.0,0.35,0.35,0.4,0.0,-,RED
2025-04-18,228790,화장품,2,3045.0,14.25,LIME,1,KOSPI,0.55,0.3,0.165,0.4,0.0,-,RED
2025-04-18,449450,방산주,3,35903.0,12.5,LIME,1,KOSPI,0.4,0.25,0.1,0.4,0.0,-,RED
2025-04-18,117700,건설주,4,3151.0,11.0,LIME,1,KOSPI,0.4,0.1,0.04,0.4,0.0,-,RED
2025-04-21,GLD,GLD,1,315.5899963378906,16.0,LIME,1,FIXED,1.0,0.33,0.33,0.4,0.4,-,-
2025-04-21,411060,금현물,2,21860.0,15.0,LIME,1,FIXED,1.0,0.27,0.27,0.4,0.4,-,-
2025-04-21,228790,화장품,3,3040.0,15.0,LIME,1,KOSPI,0.6,0.2,0.12,0.4,0.4,-,-
2025-04-21,449450,방산주,4,35774.0,14.0,LIME,1,KOSPI,0.55,0.1,0.055,0.4,0.4,-,-
2025-04-21,117700,건설주,5,3132.0,12.25,LIME,1,KOSPI,0.4,0.1,0.04,0.4,0.4,-,-
2025-04-22,GLD,GLD,1,311.1099853515625,16.0,LIME,1,FIXED,1.0,0.31,0.31,0.4,0.4,-,-
2025-04-22,449450,방산주,2,36596.0,15.25,LIME,1,KOSPI,0.6,0.25,0.15,0.4,0.4,-,-
2025-04-22,411060,금현물,3,22510.0,15.0,LIME,1,FIXED,1.0,0.16,0.16,0.4,0.4,-,-
2025-04-22,228790,화장품,4,3020.0,14.25,LIME,2,KOSPI,0.5,0.1,0.05,0.4,0.4,-,-
2025-04-22,EWP,EWP,5,39.1469955444336,13.75,LIME,1,NASDAQ,0.5,0.1,0.05,0.4,0.4,-,-
2025-04-22,117700,건설주,6,3112.0,11.5,LIME,2,KOSPI,0.4,0.08,0.032,0.4,0.4,-,-
2025-04-23,449450,방산주,1,36043.0,15.5,LIME,1,KOSPI,0.6,0.31,0.186,0.4,0.4,-,-
2025-04-23,GLD,GLD,2,303.6499938964844,15.0,LIME,2,FIXED,1.0,0.25,0.25,0.4,0.4,-,-
2025-04-23,EWP,EWP,3,39.03971099853516,14.75,LIME,1,NASDAQ,0.55,0.16,0.088,0.4,0.4,-,-
2025-04-23,EWW,EWW,4,54.46259689331055,14.75,GREEN,1,NASDAQ,0.55,0.1,0.055,0.4,0.4,-,-
2025-04-23,411060,금현물,5,21390.0,13.5,LIME,2,FIXED,1.0,0.1,0.1,0.4,0.4,-,-
2025-04-23,228790,화장품,6,3000.0,13.5,LIME,2,KOSPI,0.45,0.08,0.036,0.4,0.4,-,-
2025-04-24,449450,방산주,1,36222.0,15.75,LIME,1,KOSPI,0.6,0.31,0.186,0.4,0.4,-,-
2025-04-24,EWP,EWP,2,39.38105392456055,15.5,LIME,1,NASDAQ,0.6,0.25,0.15,0.4,0.4,-,-
2025-04-24,EWW,EWW,3,55.26252746582031,15.5,GREEN,1,NASDAQ,0.6,0.16,0.096,0.4,0.4,-,-
2025-04-24,GREK,GREK,4,48.19255447387695,14.0,LIME,1,NASDAQ,0.55,0.1,0.055,0.4,0.4,-,-
2025-04-24,GLD,GLD,5,308.07000732421875,13.75,LIME,2,FIXED,1.0,0.1,0.1,0.4,0.4,-,-
2025-04-24,411060,금현물,6,21695.0,12.5,LIME,2,FIXED,1.0,0.08,0.08,0.4,0.4,-,-
2025-04-25,449450,방산주,1,37349.0,16.0,LIME,1,KOSPI,0.6,0.31,0.186,0.4,0.4,-,-
2025-04-25,EWP,EWP,2,39.84918212890625,16.0,LIME,1,NASDAQ,0.6,0.25,0.15,0.4,0.4,-,-
2025-04-25,EWW,EWW,3,55.84078979492188,16.0,GREEN,1,NASDAQ,0.6,0.16,0.096,0.4,0.4,-,-
2025-04-25,GREK,GREK,4,47.77768707275391,15.5,LIME,1,NASDAQ,0.6,0.1,0.06,0.4,0.4,-,-
2025-04-25,139230,조선주,5,7443.0,13.25,LIME,1,KOSPI,0.5,0.1,0.05,0.4,0.4,-,-
2025-04-25,GLD,GLD,6,304.7300109863281,11.5,LIME,3,FIXED,1.0,0.08,0.08,0.4,0.4,-,-
2025-04-28,449450,방산주,1,37285.0,16.0,LIME,1,KOSPI,0.8,0.31,0.248,0.8,0.8,GREEN,GREEN
2025-04-28,EWP,EWP,2,40.288047790527344,16.0,LIME,1,NASDAQ,0.8,0.25,0.2,0.8,0.8,GREEN,GREEN
2025-04-28,GREK,GREK,3,47.96099853515625,16.0,LIME,1,NASDAQ,0.8,0.16,0.128,0.8,0.8,GREEN,GREEN
2025-04-28,EWW,EWW,4,56.01426696777344,16.0,GREEN,1,NASDAQ,0.8,0.1,0.08,0.8,0.8,GREEN,GREEN
2025-04-28,117700,건설주,5,3265.0,14.75,LIME,1,KOSPI,0.8,0.1,0.08,0.8,0.8,GREEN,GREEN
2025-04-28,139230,조선주,6,7548.0,13.5,LIME,1,KOSPI,0.8,0.08,0.064,0.8,0.8,GREEN,GREEN
2025-04-29,EWP,EWP,1,40.10274887084961,16.0,LIME,1,NASDAQ,0.8,0.31,0.248,0.8,0.8,GREEN,GREEN
2025-04-29,GREK,GREK,2,48.23114776611328,16.0,LIME,1,NASDAQ,0.8,0.25,0.2,0.8,0.8,GREEN,GREEN
2025-04-29,117700,건설주,3,3275.0,15.5,LIME,1,KOSPI,0.8,0.16,0.128,0.8,0.8,GREEN,GREEN
2025-04-29,228790,화장품,4,3175.0,15.25,LIME,1,KOSPI,0.8,0.1,0.08,0.8,0.8,GREEN,GREEN
2025-04-29,EWI,EWI,5,43.328861236572266,15.25,LIME,1,NASDAQ,0.8,0.1,0.08,0.8,0.8,GREEN,GREEN
2025-04-29,EWW,EWW,6,54.375858306884766,15.0,GREEN,2,NASDAQ,0.8,0.08,0.064,0.8,0.8,GREEN,GREEN
2025-04-30,228790,화장품,1,3130.0,16.0,LIME,1,KOSPI,0.8,0.31,0.248,0.8,0.8,GREEN,GREEN
2025-04-30,117700,건설주,2,3290.0,16.0,LIME,1,KOSPI,0.8,0.25,0.2,0.8,0.8,GREEN,GREEN
2025-04-30,EWG,EWG,3,38.84404373168945,15.5,LIME,1,NASDAQ,0.8,0.16,0.128,0.8,0.8,GREEN,GREEN
2025-04-30,EWP,EWP,4,39.595611572265625,15.0,LIME,2,NASDAQ,0.8,0.1,0.08,0.8,0.8,GREEN,GREEN
2025-04-30,139230,조선주,5,7498.0,15.0,LIME,1,KOSPI,0.8,0.1,0.08,0.8,0.8,GREEN,GREEN
2025-04-30,GREK,GREK,6,47.77768707275391,15.0,LIME,2,NASDAQ,0.8,0.08,0.064,0.8,0.8,GREEN,GREEN
2025-05-01,EWG,EWG,1,38.81453323364258,15.0,LIME,2,NASDAQ,0.8,0.33,0.264,0.4,0.8,-,GREEN
2025-05-01,EWI,EWI,2,42.93116760253906,14.0,LIME,2,NASDAQ,0.8,0.27,0.216,0.4,0.8,-,GREEN
2025-05-01,EWP,EWP,3,39.46883010864258,13.75,LIME,2,NASDAQ,0.8,0.2,0.16,0.4,0.8,-,GREEN
2025-05-01,EZA,EZA,4,46.16547775268555,14.0,LIME,1,NASDAQ,0.8,0.1,0.08,0.4,0.8,-,GREEN
2025-05-01,GREK,GREK,5,47.565425872802734,13.5,LIME,2,NASDAQ,0.8,0.1,0.08,0.4,0.8,-,GREEN
2025-05-02,228790,화장품,1,3175.0,16.0,LIME,1,KOSPI,0.8,0.31,0.248,0.8,0.8,GREEN,GREEN
2025-05-02,117700,건설주,2,3260.0,16.0,LIME,1,KOSPI,0.8,0.25,0.2,0.8,0.8,GREEN,GREEN
2025-05-02,139230,조선주,3,7548.0,15.5,LIME,1,KOSPI,0.8,0.16,0.128,0.8,0.8,GREEN,GREEN
2025-05-02,102970,증권주,4,8870.0,15.0,LIME,1,KOSPI,0.8,0.1,0.08,0.8,0.8,GREEN,GREEN
2025-05-02,EWG,EWG,5,39.680137634277344,15.0,LIME,1,NASDAQ,0.8,0.1,0.08,0.8,0.8,GREEN,GREEN
2025-05-02,EWI,EWI,6,43.63925552368164,14.5,LIME,1,NASDAQ,0.8,0.08,0.064,0.8,0.8,GREEN,GREEN
2025-05-05,EWG,EWG,1,40.05392456054688,15.0,LIME,1,NASDAQ,0.8,0.33,0.264,0.4,0.8,-,GREEN
2025-05-05,EZA,EZA,2,47.261756896972656,15.0,LIME,1,NASDAQ,0.8,0.27,0.216,0.4,0.8,-,GREEN
2025-05-05,EWI,EWI,3,43.71685409545898,14.5,LIME,1,NASDAQ,0.8,0.2,0.16,0.4,0.8,-,GREEN
2025-05-05,EWS,EWS,4,24.001039505004883,14.0,LIME,1,NASDAQ,0.8,0.1,0.08,0.4,0.8,-,GREEN
2025-05-05,GREK,GREK,5,48.665313720703125,13.5,LIME,1,NASDAQ,0.8,0.1,0.08,0.4,0.8,-,GREEN
2025-05-06,EZA,EZA,1,47.51474380493164,15.5,LIME,1,NASDAQ,0.8,0.33,0.264,0.4,0.8,-,GREEN
2025-05-06,EWG,EWG,2,40.00473785400391,15.0,LIME,1,NASDAQ,0.8,0.27,0.216,0.4,0.8,-,GREEN
2025-05-06,EWI,EWI,3,43.86235046386719,15.0,LIME,1,NASDAQ,0.8,0.2,0.16,0.4,0.8,-,GREEN
2025-05-06,GREK,GREK,4,48.3662223815918,14.5,LIME,1,NASDAQ,0.8,0.1,0.08,0.4,0.8,-,GREEN
2025-05-06,EWS,EWS,5,23.991455078125,14.0,LIME,1,NASDAQ,0.8,0.1,0.08,0.4,0.8,-,GREEN
2025-05-07,GREK,GREK,1,48.5977783203125,16.0,LIME,1,NASDAQ,0.8,0.31,0.248,0.8,0.8,GREEN,GREEN
2025-05-07,139230,조선주,2,7677.0,16.0,LIME,1,KOSPI,0.8,0.25,0.2,0.8,0.8,GREEN,GREEN
2025-05-07,228790,화장품,3,3165.0,16.0,LIME,1,KOSPI,0.8,0.16,0.128,0.8,0.8,GREEN,GREEN
2025-05-07,EWG,EWG,4,39.77850341796875,16.0,LIME,1,NASDAQ,0.8,0.1,0.08,0.8,0.8,GREEN,GREEN
2025-05-07,EWI,EWI,5,43.63925552368164,16.0,LIME,1,NASDAQ,0.8,0.1,0.08,0.8,0.8,GREEN,GREEN
2025-05-07,EZA,EZA,6,47.06499099731445,16.0,LIME,1,NASDAQ,0.8,0.08,0.064,0.8,0.8,GREEN,GREEN
2025-05-08,228790,화장품,1,3405.0,16.0,LIME,1,KOSPI,0.8,0.31,0.248,0.8,0.8,GREEN,GREEN
2025-05-08,139230,조선주,2,7787.0,16.0,LIME,1,KOSPI,0.8,0.25,0.2,0.8,0.8,GREEN,GREEN
2025-05-08,102970,증권주,3,9015.0,16.0,LIME,1,KOSPI,0.8,0.16,0.128,0.8,0.8,GREEN,GREEN
2025-05-08,475050,K팝,4,10975.0,16.0,LIME,1,KOSPI,0.8,0.1,0.08,0.8,0.8,GREEN,GREEN
2025-05-08,EWI,EWI,5,43.998146057128906,16.0,LIME,1,NASDAQ,0.8,0.1,0.08,0.8,0.8,GREEN,GREEN
2025-05-08,GREK,GREK,6,48.49164581298828,14.75,LIME,2,NASDAQ,0.8,0.08,0.064,0.8,0.8,GREEN,GREEN
2025-05-09,228790,화장품,1,3440.0,16.0,LIME,1,KOSPI,0.8,0.31,0.248,0.8,0.8,GREEN,GREEN
2025-05-09,139230,조선주,2,7812.0,16.0,LIME,1,KOSPI,0.8,0.25,0.2,0.8,0.8,GREEN,GREEN
2025-05-09,475050,K팝,3,11300.0,16.0,LIME,1,KOSPI,0.8,0.16,0.128,0.8,0.8,GREEN,GREEN
2025-05-09,102970,증권주,4,9020.0,16.0,LIME,1,KOSPI,0.8,0.1,0.08,0.8,0.8,GREEN,GREEN
2025-05-09,EWI,EWI,5,44.43463516235352,16.0,LIME,1,NASDAQ,0.8,0.1,0.08,0.8,0.8,GREEN,GREEN
2025-05-09,GREK,GREK,6,49.25385284423828,14.75,LIME,1,NASDAQ,0.8,0.08,0.064,0.8,0.8,GREEN,GREEN
2025-05-12,228790,화장품,1,3375.0,16.0,LIME,1,KOSPI,0.8,0.31,0.248,0.8,0.8,GREEN,GREEN
2025-05-12,102970,증권주,2,9360.0,16.0,LIME,1,KOSPI,0.8,0.25,0.2,0.8,0.8,GREEN,GREEN
2025-05-12,EWI,EWI,3,44.28913879394531,16.0,LIME,1,NASDAQ,0.8,0.16,0.128,0.8,0.8,GREEN,GREEN
2025-05-12,147970,티모멘,4,34945.0,15.5,LIME,1,KOSPI,0.8,0.1,0.08,0.8,0.8,GREEN,GREEN
2025-05-12,139230,조선주,5,7618.0,15.0,LIME,2,KOSPI,0.8,0.1,0.08,0.8,0.8,GREEN,GREEN
2025-05-12,GREK,GREK,6,49.78450012207031,14.75,LIME,1,NASDAQ,0.8,0.08,0.064,0.8,0.8,GREEN,GREEN
2025-05-13,228790,화장품,1,3400.0,16.0,LIME,1,KOSPI,0.8,0.31,0.248,0.8,0.8,GREEN,GREEN
2025-05-13,102970,증권주,2,9565.0,16.0,LIME,1,KOSPI,0.8,0.25,0.2,0.8,0.8,GREEN,GREEN
2025-05-13,EWI,EWI,3,44.61893081665039,16.0,LIME,1,NASDAQ,0.8,0.16,0.128,0.8,0.8,GREEN,GREEN
2025-05-13,147970,티모멘,4,35289.0,16.0,LIME,1,KOSPI,0.8,0.1,0.08,0.8,0.8,GREEN,GREEN
2025-05-13,ITA,ITA,5,166.05311584472656,16.0,LIME,1,NASDAQ,0.8,0.1,0.08,0.8,0.8,GREEN,GREEN
2025-05-13,GREK,GREK,6,50.23796463012695,14.75,LIME,1,NASDAQ,0.8,0.08,0.064,0.8,0.8,GREEN,GREEN
2025-05-14,228790,화장품,1,3480.0,16.0,LIME,1,KOSPI,0.8,0.31,0.248,0.8,0.8,GREEN,GREEN
2025-05-14,102970,증권주,2,9525.0,16.0,LIME,1,KOSPI,0.8,0.25,0.2,0.8,0.8,GREEN,GREEN
2025-05-14,GREK,GREK,3,50.3826904296875,16.0,LIME,1,NASDAQ,0.8,0.16,0.128,0.8,0.8,GREEN,GREEN
2025-05-14,EPHE,EPHE,4,27.4591007232666,16.0,LIME,1,NASDAQ,0.8,0.1,0.08,0.8,0.8,GREEN,GREEN
2025-05-14,EWI,EWI,5,44.87112045288086,16.0,LIME,1,NASDAQ,0.8,0.1,0.08,0.8,0.8,GREEN,GREEN
2025-05-14,147970,티모멘,6,35688.0,16.0,LIME,1,KOSPI,0.8,0.08,0.064,0.8,0.8,GREEN,GREEN
2025-05-15,228790,화장품,1,3430.0,16.0,LIME,1,KOSPI,0.8,0.31,0.248,0.8,0.8,GREEN,GREEN
2025-05-15,102970,증권주,2,9540.0,16.0,LIME,1,KOSPI,0.8,0.25,0.2,0.8,0.8,GREEN,GREEN
2025-05-15,GREK,GREK,3,50.31515121459961,16.0,LIME,1,NASDAQ,0.8,0.16,0.128,0.8,0.8,GREEN,GREEN
2025-05-15,147970,티모멘,4,35708.0,16.0,LIME,1,KOSPI,0.8,0.1,0.08,0.8,0.8,GREEN,GREEN
2025-05-15,EWI,EWI,5,45.13301849365234,16.0,LIME,1,NASDAQ,0.8,0.1,0.08,0.8,0.8,GREEN,GREEN
2025-05-15,EPHE,EPHE,6,27.076772689819336,15.0,LIME,2,NASDAQ,0.8,0.08,0.064,0.8,0.8,GREEN,GREEN
2025-05-16,102970,증권주,1,9640.0,16.0,LIME,1,KOSPI,0.8,0.31,0.248,0.8,0.8,GREEN,GREEN
2025-05-16,GREK,GREK,2,50.65283584594727,16.0,LIME,1,NASDAQ,0.8,0.25,0.2,0.8,0.8,GREEN,GREEN
2025-05-16,EWI,EWI,3,45.44341278076172,16.0,LIME,1,NASDAQ,0.8,0.16,0.128,0.8,0.8,GREEN,GREEN
2025-05-16,377990,신재생,4,10650.0,15.75,LIME,1,KOSPI,0.8,0.1,0.08,0.8,0.8,GREEN,GREEN
2025-05-16,147970,티모멘,5,35858.0,16.0,LIME,1,KOSPI,0.8,0.1,0.08,0.8,0.8,GREEN,GREEN
2025-05-16,228790,화장품,6,3420.0,14.5,LIME,2,KOSPI,0.8,0.08,0.064,0.8,0.8,GREEN,GREEN
2025-05-19,GREK,GREK,1,51.038761138916016,16.0,LIME,1,NASDAQ,0.8,0.31,0.248,0.8,0.8,GREEN,GREEN
2025-05-19,EWP,EWP,2,41.6436653137207,16.0,LIME,1,NASDAQ,0.8,0.25,0.2,0.8,0.8,GREEN,GREEN
2025-05-19,139230,조선주,3,7992.0,16.0,LIME,1,KOSPI,0.8,0.16,0.128,0.8,0.8,GREEN,GREEN
2025-05-19,EWI,EWI,4,45.87990188598633,16.0,LIME,1,NASDAQ,0.8,0.1,0.08,0.8,0.8,GREEN,GREEN
2025-05-19,377990,신재생,5,10615.0,16.0,LIME,1,KOSPI,0.8,0.1,0.08,0.8,0.8,GREEN,GREEN
2025-05-19,102970,증권주,6,9465.0,15.0,LIME,2,KOSPI,0.8,0.08,0.064,0.8,0.8,GREEN,GREEN
2025-05-20,GREK,GREK,1,51.993927001953125,16.0,LIME,1,NASDAQ,0.8,0.31,0.248,0.8,0.8,GREEN,GREEN
2025-05-20,EWP,EWP,2,42.42387390136719,16.0,LIME,1,NASDAQ,0.8,0.25,0.2,0.8,0.8,GREEN,GREEN
2025-05-20,EWI,EWI,3,46.4036865234375,16.0,LIME,1,NASDAQ,0.8,0.16,0.128,0.8,0.8,GREEN,GREEN
2025-05-20,EWW,EWW,4,58.336952209472656,16.0,LIME,1,NASDAQ,0.8,0.1,0.08,0.8,0.8,GREEN,GREEN
2025-05-20,ITA,ITA,5,172.48875427246094,16.0,LIME,1,NASDAQ,0.8,0.1,0.08,0.8,0.8,GREEN,GREEN
2025-05-20,139230,조선주,6,8117.0,16.0,LIME,1,KOSPI,0.8,0.08,0.064,0.8,0.8,GREEN,GREEN
2025-05-21,GREK,GREK,1,52.23513412475586,16.0,LIME,1,NASDAQ,0.8,0.31,0.248,0.8,0.8,GREEN,GREEN
2025-05-21,EWP,EWP,2,42.092281341552734,16.0,LIME,1,NASDAQ,0.8,0.25,0.2,0.8,0.8,GREEN,GREEN
2025-05-21,EWI,EWI,3,46.21939468383789,16.0,LIME,1,NASDAQ,0.8,0.16,0.128,0.8,0.8,GREEN,GREEN
2025-05-21,EWW,EWW,4,58.134559631347656,16.0,LIME,1,NASDAQ,0.8,0.1,0.08,0.8,0.8,GREEN,GREEN
2025-05-21,139230,조선주,5,8376.0,16.0,LIME,1,KOSPI,0.8,0.1,0.08,0.8,0.8,GREEN,GREEN
2025-05-21,ITA,ITA,6,169.88265991210938,15.0,LIME,2,NASDAQ,0.8,0.08,0.064,0.8,0.8,GREEN,GREEN
2025-05-22,GREK,GREK,1,51.98427963256836,16.0,LIME,1,NASDAQ,0.8,0.31,0.248,0.4,0.8,-,GREEN
2025-05-22,139230,조선주,2,8416.0,16.0,LIME,1,KOSPI,0.6,0.25,0.15,0.4,0.8,-,GREEN
2025-05-22,EWP,EWP,3,42.28733444213867,16.0,LIME,1,NASDAQ,0.8,0.16,0.128,0.4,0.8,-,GREEN
2025-05-22,434730,원자력,4,25325.0,16.0,LIME,1,KOSPI,0.6,0.1,0.06,0.4,0.8,-,GREEN
2025-05-22,EWI,EWI,5,46.11269378662109,16.0,LIME,1,NASDAQ,0.8,0.1,0.08,0.4,0.8,-,GREEN
2025-05-22,EWW,EWW,6,57.66231536865234,14.75,LIME,2,NASDAQ,0.8,0.08,0.064,0.4,0.8,-,GREEN
2025-05-23,102970,증권주,1,9940.0,16.0,-,1,KOSPI,0.6,0.31,0.186,0.4,0.8,-,GREEN
2025-05-23,228790,화장품,2,3565.0,16.0,LIME,1,KOSPI,0.6,0.25,0.15,0.4,0.8,-,GREEN
2025-05-23,139230,조선주,3,8376.0,16.0,LIME,1,KOSPI,0.6,0.16,0.096,0.4,0.8,-,GREEN
2025-05-23,434730,원자력,4,26490.0,16.0,LIME,1,KOSPI,0.6,0.1,0.06,0.4,0.8,-,GREEN
2025-05-23,475050,K팝,5,11990.0,16.0,LIME,1,KOSPI,0.6,0.1,0.06,0.4,0.8,-,GREEN
2025-05-23,EWP,EWP,6,42.23857116699219,15.75,LIME,1,NASDAQ,0.8,0.08,0.064,0.4,0.8,-,GREEN
2025-05-26,228790,화장품,1,3550.0,16.0,LIME,1,KOSPI,0.6,0.31,0.186,0.4,0.8,-,GREEN
2025-05-26,139230,조선주,2,8631.0,16.0,LIME,1,KOSPI,0.6,0.25,0.15,0.4,0.8,-,GREEN
2025-05-26,102970,증권주,3,9970.0,16.0,-,1,KOSPI,0.6,0.16,0.096,0.4,0.8,-,GREEN
2025-05-26,434730,원자력,4,27000.0,16.0,LIME,1,KOSPI,0.6,0.1,0.06,0.4,0.8,-,GREEN
2025-05-26,117700,건설주,5,3715.0,16.0,LIME,1,KOSPI,0.6,0.1,0.06,0.4,0.8,-,GREEN
2025-05-26,475050,K팝,6,12100.0,16.0,LIME,1,KOSPI,0.6,0.08,0.048,0.4,0.8,-,GREEN
2025-05-27,228790,화장품,1,3595.0,16.0,LIME,1,KOSPI,0.6,0.31,0.186,0.4,0.8,-,GREEN
2025-05-27,434730,원자력,2,27435.0,16.0,LIME,1,KOSPI,0.6,0.25,0.15,0.4,0.8,-,GREEN
2025-05-27,102970,증권주,3,9930.0,16.0,-,1,KOSPI,0.6,0.16,0.096,0.4,0.8,-,GREEN
2025-05-27,139230,조선주,4,8816.0,16.0,LIME,1,KOSPI,0.6,0.1,0.06,0.4,0.8,-,GREEN
2025-05-27,117700,건설주,5,3810.0,16.0,LIME,1,KOSPI,0.6,0.1,0.06,0.4,0.8,-,GREEN
2025-05-27,475050,K팝,6,11950.0,16.0,LIME,1,KOSPI,0.6,0.08,0.048,0.4,0.8,-,GREEN
2025-05-28,228790,화장품,1,3585.0,16.0,-,1,KOSPI,0.6,0.31,0.186,0.4,0.8,-,GREEN
2025-05-28,102970,증권주,2,9965.0,16.0,-,1,KOSPI,0.6,0.25,0.15,0.4,0.8,-,GREEN
2025-05-28,139230,조선주,3,8566.0,16.0,-,1,KOSPI,0.6,0.16,0.096,0.4,0.8,-,GREEN
2025-05-28,117700,건설주,4,3780.0,16.0,LIME,1,KOSPI,0.6,0.1,0.06,0.4,0.8,-,GREEN
2025-05-28,EZA,EZA,5,48.75157165527344,16.0,-,1,NASDAQ,0.8,0.1,0.08,0.4,0.8,-,GREEN
2025-05-28,434730,원자력,6,26460.0,15.0,LIME,2,KOSPI,0.55,0.08,0.044,0.4,0.8,-,GREEN
2025-05-29,102970,증권주,1,11080.0,16.0,LIME,1,KOSPI,0.8,0.31,0.248,0.8,1.0,GREEN,LIME
2025-05-29,139230,조선주,2,8916.0,16.0,-,1,KOSPI,0.8,0.25,0.2,0.8,1.0,GREEN,LIME
2025-05-29,228790,화장품,3,3595.0,16.0,-,1,KOSPI,0.8,0.16,0.128,0.8,1.0,GREEN,LIME
2025-05-29,117700,건설주,4,3970.0,16.0,LIME,1,KOSPI,0.8,0.1,0.08,0.8,1.0,GREEN,LIME
2025-05-29,EWW,EWW,5,59.01158905029297,16.0,-,1,NASDAQ,1.0,0.1,0.1,0.8,1.0,GREEN,LIME
2025-05-29,EZA,EZA,6,49.707298278808594,16.0,LIME,1,NASDAQ,1.0,0.08,0.08,0.8,1.0,GREEN,LIME
2025-05-30,102970,증권주,1,10840.0,16.0,-,1,KOSPI,0.8,0.31,0.248,0.8,0.4,GREEN,-
2025-05-30,139230,조선주,2,8911.0,16.0,LIME,1,KOSPI,0.8,0.25,0.2,0.8,0.4,GREEN,-
2025-05-30,228790,화장품,3,3610.0,16.0,-,1,KOSPI,0.8,0.16,0.128,0.8,0.4,GREEN,-
2025-05-30,117700,건설주,4,3865.0,16.0,LIME,1,KOSPI,0.8,0.1,0.08,0.8,0.4,GREEN,-
2025-05-30,GREK,GREK,5,53.06487274169922,16.0,LIME,1,NASDAQ,0.6,0.1,0.06,0.8,0.4,GREEN,-
2025-05-30,EZA,EZA,6,48.92022705078125,15.0,-,2,NASDAQ,0.55,0.08,0.044,0.8,0.4,GREEN,-
2025-06-02,102970,증권주,1,10750.0,16.0,-,1,KOSPI,0.8,0.31,0.248,0.8,0.4,GREEN,-
2025-06-02,228790,화장품,2,3769.0,16.0,LIME,1,KOSPI,0.8,0.25,0.2,0.8,0.4,GREEN,-
2025-06-02,139230,조선주,3,8950.0,16.0,LIME,1,KOSPI,0.8,0.16,0.128,0.8,0.4,GREEN,-
2025-06-02,117700,건설주,4,3895.0,16.0,LIME,1,KOSPI,0.8,0.1,0.08,0.8,0.4,GREEN,-
2025-06-02,ITA,ITA,5,177.2930908203125,16.0,LIME,1,NASDAQ,0.6,0.1,0.06,0.8,0.4,GREEN,-
2025-06-02,GREK,GREK,6,53.74024963378906,15.75,LIME,1,NASDAQ,0.6,0.08,0.048,0.8,0.4,GREEN,-
2025-06-03,ITA,ITA,1,178.39718627929688,16.0,LIME,1,NASDAQ,1.0,0.31,0.31,0.4,1.0,-,LIME
2025-06-03,VNM,VNM,2,13.931154251098633,16.0,LIME,1,NASDAQ,1.0,0.25,0.25,0.4,1.0,-,LIME
2025-06-03,EWY,EWY,3,60.530460357666016,16.0,GREEN,1,KOSPI,0.6,0.16,0.096,0.4,1.0,-,LIME
2025-06-03,EWC,EWC,4,44.63996505737305,16.0,LIME,1,NASDAQ,1.0,0.1,0.1,0.4,1.0,-,LIME
2025-06-03,XAR,XAR,5,193.49009704589844,15.25,LIME,1,NASDAQ,1.0,0.1,0.1,0.4,1.0,-,LIME
2025-06-03,GREK,GREK,6,53.34467315673828,14.5,-,2,NASDAQ,1.0,0.08,0.08,0.4,1.0,-,LIME
2025-06-04,102970,증권주,1,11575.0,16.0,-,1,KOSPI,0.8,0.31,0.248,0.8,0.4,GREEN,-
2025-06-04,228790,화장품,2,3814.0,16.0,LIME,1,KOSPI,0.8,0.25,0.2,0.8,0.4,GREEN,-
2025-06-04,139230,조선주,3,9175.0,16.0,LIME,1,KOSPI,0.8,0.16,0.128,0.8,0.4,GREEN,-
2025-06-04,117700,건설주,4,4015.0,16.0,LIME,1,KOSPI,0.8,0.1,0.08,0.8,0.4,GREEN,-
2025-06-04,ITA,ITA,5,179.1829833984375,16.0,LIME,1,NASDAQ,0.6,0.1,0.06,0.8,0.4,GREEN,-
2025-06-04,EWY,EWY,6,62.57455062866211,16.0,LIME,1,KOSPI,0.8,0.08,0.064,0.8,0.4,GREEN,-
2025-06-05,102970,증권주,1,11655.0,16.0,-,1,KOSPI,0.8,0.31,0.248,0.8,0.4,GREEN,-
2025-06-05,139230,조선주,2,9305.0,16.0,LIME,1,KOSPI,0.8,0.25,0.2,0.8,0.4,GREEN,-
2025-06-05,228790,화장품,3,3794.0,16.0,LIME,1,KOSPI,0.8,0.16,0.128,0.8,0.4,GREEN,-
2025-06-05,117700,건설주,4,4065.0,16.0,LIME,1,KOSPI,0.8,0.1,0.08,0.8,0.4,GREEN,-
2025-06-05,ITA,ITA,5,179.282470703125,16.0,LIME,1,NASDAQ,0.6,0.1,0.06,0.8,0.4,GREEN,-
2025-06-05,EWY,EWY,6,63.92423629760742,16.0,LIME,1,KOSPI,0.8,0.08,0.064,0.8,0.4,GREEN,-
2025-06-06,XAR,XAR,1,197.56430053710932,16.0,LIME,1,NASDAQ,1.0,0.33,0.33,0.4,1.0,-,LIME
2025-06-06,ITA,ITA,2,180.99331665039065,16.0,LIME,1,NASDAQ,1.0,0.27,0.27,0.4,1.0,-,LIME
2025-06-06,EWY,EWY,3,64.12962341308594,16.0,LIME,1,KOSPI,0.6,0.2,0.12,0.4,1.0,-,LIME
2025-06-06,EZA,EZA,4,50.54122161865234,16.0,LIME,1,NASDAQ,1.0,0.1,0.1,0.4,1.0,-,LIME
2025-06-06,EWS,EWS,5,25.21834373474121,16.0,LIME,1,NASDAQ,1.0,0.1,0.1,0.4,1.0,-,LIME
2025-06-09,102970,증권주,1,12050.0,16.0,-,1,KOSPI,0.8,0.31,0.248,0.8,0.4,GREEN,-
2025-06-09,228790,화장품,2,3859.0,16.0,LIME,1,KOSPI,0.8,0.25,0.2,0.8,0.4,GREEN,-
2025-06-09,139230,조선주,3,9365.0,16.0,LIME,1,KOSPI,0.8,0.16,0.128,0.8,0.4,GREEN,-
2025-06-09,117700,건설주,4,4070.0,16.0,LIME,1,KOSPI,0.8,0.1,0.08,0.8,0.4,GREEN,-
2025-06-09,XAR,XAR,5,199.96499633789065,16.0,LIME,1,NASDAQ,0.6,0.1,0.06,0.8,0.4,GREEN,-
2025-06-09,ITA,ITA,6,181.66970825195312,16.0,LIME,1,NASDAQ,0.6,0.08,0.048,0.8,0.4,GREEN,-
2025-06-10,102970,증권주,1,12030.0,16.0,-,1,KOSPI,1.0,0.31,0.31,1.0,0.4,LIME,-
2025-06-10,434730,원자력,2,29170.0,16.0,LIME,1,KOSPI,1.0,0.25,0.25,1.0,0.4,LIME,-
2025-06-10,139230,조선주,3,9689.0,16.0,LIME,1,KOSPI,1.0,0.16,0.16,1.0,0.4,LIME,-
2025-06-10,228790,화장품,4,3924.0,16.0,LIME,1,KOSPI,1.0,0.1,0.1,1.0,0.4,LIME,-
2025-06-10,117700,건설주,5,4245.0,16.0,LIME,1,KOSPI,1.0,0.1,0.1,1.0,0.4,LIME,-
2025-06-10,XAR,XAR,6,196.279296875,15.0,-,2,NASDAQ,0.55,0.08,0.044,1.0,0.4,LIME,-
2025-06-11,102970,증권주,1,12410.0,16.0,-,1,KOSPI,1.0,0.31,0.31,1.0,0.4,LIME,-
2025-06-11,434730,원자력,2,29650.0,16.0,LIME,1,KOSPI,1.0,0.25,0.25,1.0,0.4,LIME,-
2025-06-11,139230,조선주,3,9819.0,16.0,LIME,1,KOSPI,1.0,0.16,0.16,1.0,0.4,LIME,-
2025-06-11,228790,화장품,4,4079.0,16.0,LIME,1,KOSPI,1.0,0.1,0.1,1.0,0.4,LIME,-
2025-06-11,377990,신재생,5,12115.0,16.0,-,1,KOSPI,1.0,0.1,0.1,1.0,0.4,LIME,-
2025-06-11,117700,건설주,6,4275.0,16.0,LIME,1,KOSPI,1.0,0.08,0.08,1.0,0.4,LIME,-
2025-06-12,102970,증권주,1,12405.0,16.0,-,1,KOSPI,1.0,0.31,0.31,1.0,0.4,LIME,-
2025-06-12,434730,원자력,2,31125.0,16.0,LIME,1,KOSPI,1.0,0.25,0.25,1.0,0.4,LIME,-
2025-06-12,139230,조선주,3,10149.0,16.0,LIME,1,KOSPI,1.0,0.16,0.16,1.0,0.4,LIME,-
2025-06-12,449450,방산주,4,47160.0,16.0,LIME,1,KOSPI,1.0,0.1,0.1,1.0,0.4,LIME,-
2025-06-12,377990,신재생,5,12230.0,16.0,-,1,KOSPI,1.0,0.1,0.1,1.0,0.4,LIME,-
2025-06-12,117700,건설주,6,4415.0,16.0,LIME,1,KOSPI,1.0,0.08,0.08,1.0,0.4,LIME,-
2025-06-13,102970,증권주,1,12325.0,16.0,-,1,KOSPI,1.0,0.31,0.31,1.0,0.4,LIME,-
2025-06-13,434730,원자력,2,30900.0,16.0,LIME,1,KOSPI,1.0,0.25,0.25,1.0,0.4,LIME,-
2025-06-13,139230,조선주,3,10218.0,16.0,LIME,1,KOSPI,1.0,0.16,0.16,1.0,0.4,LIME,-
2025-06-13,449450,방산주,4,49060.0,16.0,LIME,1,KOSPI,1.0,0.1,0.1,1.0,0.4,LIME,-
2025-06-13,117700,건설주,5,4355.0,16.0,LIME,1,KOSPI,1.0,0.1,0.1,1.0,0.4,LIME,-
2025-06-13,377990,신재생,6,11990.0,16.0,-,1,KOSPI,1.0,0.08,0.08,1.0,0.4,LIME,-
2025-06-16,102970,증권주,1,12855.0,16.0,-,1,KOSPI,1.0,0.31,0.31,1.0,0.4,LIME,-
2025-06-16,434730,원자력,2,33200.0,16.0,LIME,1,KOSPI,1.0,0.25,0.25,1.0,0.4,LIME,-
2025-06-16,139230,조선주,3,10743.0,16.0,LIME,1,KOSPI,1.0,0.16,0.16,1.0,0.4,LIME,-
2025-06-16,449450,방산주,4,51250.0,16.0,LIME,1,KOSPI,1.0,0.1,0.1,1.0,0.4,LIME,-
2025-06-16,117700,건설주,5,4535.0,16.0,LIME,1,KOSPI,1.0,0.1,0.1,1.0,0.4,LIME,-
2025-06-16,377990,신재생,6,12700.0,16.0,LIME,1,KOSPI,1.0,0.08,0.08,1.0,0.4,LIME,-
2025-06-17,434730,원자력,1,33250.0,16.0,LIME,1,KOSPI,1.0,0.31,0.31,1.0,0.4,LIME,-
2025-06-17,102970,증권주,2,12895.0,16.0,-,1,KOSPI,1.0,0.25,0.25,1.0,0.4,LIME,-
2025-06-17,139230,조선주,3,10872.0,16.0,LIME,1,KOSPI,1.0,0.16,0.16,1.0,0.4,LIME,-
2025-06-17,449450,방산주,4,51870.0,16.0,LIME,1,KOSPI,1.0,0.1,0.1,1.0,0.4,LIME,-
2025-06-17,117700,건설주,5,4465.0,16.0,LIME,1,KOSPI,1.0,0.1,0.1,1.0,0.4,LIME,-
2025-06-17,377990,신재생,6,12410.0,16.0,LIME,1,KOSPI,1.0,0.08,0.08,1.0,0.4,LIME,-
2025-06-18,434730,원자력,1,33440.0,16.0,LIME,1,KOSPI,1.0,0.31,0.31,1.0,0.4,LIME,-
2025-06-18,102970,증권주,2,13030.0,16.0,-,1,KOSPI,1.0,0.25,0.25,1.0,0.4,LIME,-
2025-06-18,139230,조선주,3,10912.0,16.0,LIME,1,KOSPI,1.0,0.16,0.16,1.0,0.4,LIME,-
2025-06-18,449450,방산주,4,51780.0,16.0,LIME,1,KOSPI,1.0,0.1,0.1,1.0,0.4,LIME,-
2025-06-18,377990,신재생,5,12395.0,16.0,LIME,1,KOSPI,1.0,0.1,0.1,1.0,0.4,LIME,-
2025-06-18,117700,건설주,6,4435.0,15.0,-,2,KOSPI,1.0,0.08,0.08,1.0,0.4,LIME,-
2025-06-19,434730,원자력,1,34060.0,16.0,LIME,1,KOSPI,1.0,0.31,0.31,1.0,0.4,LIME,-
2025-06-19,102970,증권주,2,12895.0,16.0,-,1,KOSPI,1.0,0.25,0.25,1.0,0.4,LIME,-
2025-06-19,139230,조선주,3,10962.0,16.0,LIME,1,KOSPI,1.0,0.16,0.16,1.0,0.4,LIME,-
2025-06-19,449450,방산주,4,53100.0,16.0,LIME,1,KOSPI,1.0,0.1,0.1,1.0,0.4,LIME,-
2025-06-19,377990,신재생,5,12570.0,15.75,LIME,1,KOSPI,1.0,0.1,0.1,1.0,0.4,LIME,-
2025-06-19,117700,건설주,6,4470.0,14.75,-,1,KOSPI,1.0,0.08,0.08,1.0,0.4,LIME,-
2025-06-20,434730,원자력,1,33655.0,16.0,LIME,1,KOSPI,1.0,0.31,0.31,1.0,0.4,LIME,-
2025-06-20,102970,증권주,2,13010.0,16.0,-,1,KOSPI,1.0,0.25,0.25,1.0,0.4,LIME,-
2025-06-20,139230,조선주,3,10897.0,16.0,LIME,1,KOSPI,1.0,0.16,0.16,1.0,0.4,LIME,-
2025-06-20,449450,방산주,4,52880.0,16.0,LIME,1,KOSPI,1.0,0.1,0.1,1.0,0.4,LIME,-
2025-06-20,147970,티모멘,5,42617.0,16.0,LIME,1,KOSPI,1.0,0.1,0.1,1.0,0.4,LIME,-
2025-06-20,377990,신재생,6,12635.0,15.5,LIME,1,KOSPI,1.0,0.08,0.08,1.0,0.4,LIME,-
2025-06-23,434730,원자력,1,34225.0,16.0,LIME,1,KOSPI,1.0,0.31,0.31,1.0,0.4,LIME,-
2025-06-23,102970,증권주,2,13515.0,16.0,-,1,KOSPI,1.0,0.25,0.25,1.0,0.4,LIME,-
2025-06-23,139230,조선주,3,11232.0,16.0,LIME,1,KOSPI,1.0,0.16,0.16,1.0,0.4,LIME,-
2025-06-23,449450,방산주,4,53145.0,16.0,LIME,1,KOSPI,1.0,0.1,0.1,1.0,0.4,LIME,-
2025-06-23,147970,티모멘,5,42906.0,16.0,LIME,1,KOSPI,1.0,0.1,0.1,1.0,0.4,LIME,-
2025-06-23,377990,신재생,6,12915.0,15.5,LIME,1,KOSPI,1.0,0.08,0.08,1.0,0.4,LIME,-
2025-06-24,434730,원자력,1,36065.0,16.0,LIME,1,KOSPI,1.0,0.31,0.31,1.0,1.0,LIME,LIME
2025-06-24,102970,증권주,2,14475.0,16.0,LIME,1,KOSPI,1.0,0.25,0.25,1.0,1.0,LIME,LIME
2025-06-24,139230,조선주,3,11422.0,16.0,LIME,1,KOSPI,1.0,0.16,0.16,1.0,1.0,LIME,LIME
2025-06-24,147970,티모멘,4,43620.0,16.0,LIME,1,KOSPI,1.0,0.1,0.1,1.0,1.0,LIME,LIME
2025-06-24,EWY,EWY,5,71.0541000366211,16.0,LIME,1,KOSPI,1.0,0.1,0.1,1.0,1.0,LIME,LIME
2025-06-24,377990,신재생,6,13260.0,15.5,LIME,1,KOSPI,1.0,0.08,0.08,1.0,1.0,LIME,LIME
2025-06-25,434730,원자력,1,36940.0,16.0,LIME,1,KOSPI,1.0,0.31,0.31,1.0,1.0,LIME,LIME
2025-06-25,102970,증권주,2,14645.0,16.0,LIME,1,KOSPI,1.0,0.25,0.25,1.0,1.0,LIME,LIME
2025-06-25,091170,은행주,3,11137.0,16.0,LIME,1,KOSPI,1.0,0.16,0.16,1.0,1.0,LIME,LIME
2025-06-25,377990,신재생,4,13130.0,15.75,LIME,1,KOSPI,1.0,0.1,0.1,1.0,1.0,LIME,LIME
2025-06-25,147970,티모멘,5,44019.0,16.0,LIME,1,KOSPI,1.0,0.1,0.1,1.0,1.0,LIME,LIME
2025-06-25,EWY,EWY,6,70.7802505493164,16.0,LIME,1,KOSPI,1.0,0.08,0.08,1.0,1.0,LIME,LIME
2025-06-26,434730,원자력,1,36725.0,16.0,LIME,1,KOSPI,1.0,0.31,0.31,1.0,1.0,LIME,LIME
2025-06-26,102970,증권주,2,14115.0,16.0,LIME,1,KOSPI,1.0,0.25,0.25,1.0,1.0,LIME,LIME
2025-06-26,377990,신재생,3,12995.0,16.0,-,1,KOSPI,1.0,0.16,0.16,1.0,1.0,LIME,LIME
2025-06-26,147970,티모멘,4,43600.0,16.0,LIME,1,KOSPI,1.0,0.1,0.1,1.0,1.0,LIME,LIME
2025-06-26,091170,은행주,5,10913.0,16.0,LIME,1,KOSPI,1.0,0.1,0.1,1.0,1.0,LIME,LIME
2025-06-26,EWY,EWY,6,70.35969543457031,16.0,LIME,1,KOSPI,1.0,0.08,0.08,1.0,1.0,LIME,LIME
2025-06-27,434730,원자력,1,36545.0,16.0,LIME,1,KOSPI,0.6,0.31,0.186,0.4,1.0,-,LIME
2025-06-27,XAR,XAR,2,209.13894653320312,16.0,LIME,1,NASDAQ,1.0,0.25,0.25,0.4,1.0,-,LIME
2025-06-27,EIS,EIS,3,91.17464447021484,16.0,LIME,1,NASDAQ,1.0,0.16,0.16,0.4,1.0,-,LIME
2025-06-27,495050,밸류업,4,12073.0,16.0,GREEN,1,KOSPI,0.6,0.1,0.06,0.4,1.0,-,LIME
2025-06-27,102970,증권주,5,13865.0,15.0,-,2,KOSPI,0.55,0.1,0.055,0.4,1.0,-,LIME
2025-06-27,377990,신재생,6,13005.0,14.75,-,2,KOSPI,0.5,0.08,0.04,0.4,1.0,-,LIME
2025-06-30,434730,원자력,1,37490.0,16.0,LIME,1,KOSPI,0.6,0.31,0.186,0.4,1.0,-,LIME
2025-06-30,XAR,XAR,2,210.2653350830078,16.0,LIME,1,NASDAQ,1.0,0.25,0.25,0.4,1.0,-,LIME
2025-06-30,EIS,EIS,3,93.9369125366211,16.0,LIME,1,NASDAQ,1.0,0.16,0.16,0.4,1.0,-,LIME
2025-06-30,GREK,GREK,4,56.84420776367188,16.0,LIME,1,NASDAQ,1.0,0.1,0.1,0.4,1.0,-,LIME
2025-06-30,ITA,ITA,5,187.81707763671875,16.0,-,1,NASDAQ,1.0,0.1,0.1,0.4,1.0,-,LIME
2025-06-30,495050,밸류업,6,12108.0,16.0,GREEN,1,KOSPI,0.6,0.08,0.048,0.4,1.0,-,LIME
2025-07-01,GREK,GREK,1,57.42205047607422,16.0,LIME,1,NASDAQ,1.0,0.31,0.31,0.4,1.0,-,LIME
2025-07-01,EIS,EIS,2,92.39242553710938,16.0,LIME,1,NASDAQ,1.0,0.25,0.25,0.4,1.0,-,LIME
2025-07-01,434730,원자력,3,36380.0,15.0,-,2,KOSPI,0.55,0.16,0.088,0.4,1.0,-,LIME
2025-07-01,325020,케모멘,4,15975.0,15.75,-,1,KOSPI,0.6,0.1,0.06,0.4,1.0,-,LIME
2025-07-01,SCZ,SCZ,5,71.22893524169922,16.0,LIME,1,NASDAQ,1.0,0.1,0.1,0.4,1.0,-,LIME
2025-07-01,XAR,XAR,6,205.181640625,15.0,-,2,NASDAQ,1.0,0.08,0.08,0.4,1.0,-,LIME
2025-07-02,EIS,EIS,1,94.14482879638672,16.0,LIME,1,NASDAQ,1.0,0.31,0.31,0.4,1.0,-,LIME
2025-07-02,GREK,GREK,2,58.1174201965332,16.0,LIME,1,NASDAQ,1.0,0.25,0.25,0.4,1.0,-,LIME
2025-07-02,SCZ,SCZ,3,71.37605285644531,16.0,LIME,1,NASDAQ,1.0,0.16,0.16,0.4,1.0,-,LIME
2025-07-02,XLI,XLI,4,146.63473510742188,16.0,LIME,1,NASDAQ,1.0,0.1,0.1,0.4,1.0,-,LIME
2025-07-02,325020,케모멘,5,16030.0,15.75,-,1,KOSPI,0.6,0.1,0.06,0.4,1.0,-,LIME
2025-07-02,XAR,XAR,6,205.80963134765625,14.0,-,2,NASDAQ,1.0,0.08,0.08,0.4,1.0,-,LIME
2025-07-03,GREK,GREK,1,58.489593505859375,16.0,LIME,1,NASDAQ,1.0,0.31,0.31,1.0,1.0,LIME,LIME
2025-07-03,EIS,EIS,2,95.94674682617188,16.0,LIME,1,NASDAQ,1.0,0.25,0.25,1.0,1.0,LIME,LIME
2025-07-03,377990,신재생,3,13235.0,15.0,-,1,KOSPI,1.0,0.16,0.16,1.0,1.0,LIME,LIME
2025-07-03,XLI,XLI,4,147.88177490234375,16.0,LIME,1,NASDAQ,1.0,0.1,0.1,1.0,1.0,LIME,LIME
2025-07-03,SCZ,SCZ,5,71.62126922607422,16.0,LIME,1,NASDAQ,1.0,0.1,0.1,1.0,1.0,LIME,LIME
2025-07-03,325020,케모멘,6,16322.0,15.75,LIME,1,KOSPI,1.0,0.08,0.08,1.0,1.0,LIME,LIME
2025-07-04,117680,철강주,1,11693.0,16.0,-,1,KOSPI,0.6,0.33,0.198,0.4,1.0,-,LIME
2025-07-04,325020,케모멘,2,16073.0,16.0,LIME,1,KOSPI,0.6,0.27,0.162,0.4,1.0,-,LIME
2025-07-04,091170,은행주,3,11138.0,14.5,LIME,1,KOSPI,0.55,0.2,0.11,0.4,1.0,-,LIME
2025-07-04,117460,에너지,4,11325.0,15.0,GREEN,1,KOSPI,0.6,0.1,0.06,0.4,1.0,-,LIME
2025-07-04,377990,신재생,5,12885.0,13.25,-,3,KOSPI,0.45,0.1,0.045,0.4,1.0,-,LIME
2025-07-07,GREK,GREK,1,57.901954650878906,16.0,LIME,1,NASDAQ,1.0,0.31,0.31,0.4,1.0,-,LIME
2025-07-07,EIS,EIS,2,94.97647857666016,16.0,LIME,1,NASDAQ,1.0,0.25,0.25,0.4,1.0,-,LIME
2025-07-07,117680,철강주,3,11922.0,16.0,LIME,1,KOSPI,0.6,0.16,0.096,0.4,1.0,-,LIME
2025-07-07,091170,은행주,4,11312.0,15.25,LIME,1,KOSPI,0.6,0.1,0.06,0.4,1.0,-,LIME
2025-07-07,XLI,XLI,5,147.36712646484375,16.0,LIME,1,NASDAQ,1.0,0.1,0.1,0.4,1.0,-,LIME
2025-07-07,325020,케모멘,6,16087.0,15.0,-,2,KOSPI,0.55,0.08,0.044,0.4,1.0,-,LIME
2025-07-08,091170,은행주,1,12135.0,16.0,LIME,1,KOSPI,0.6,0.31,0.186,0.4,1.0,-,LIME
2025-07-08,ARKF,ARKF,2,50.20610046386719,15.75,-,1,NASDAQ,1.0,0.25,0.25,0.4,1.0,-,LIME
2025-07-08,GREK,GREK,3,59.64528274536133,16.0,LIME,1,NASDAQ,1.0,0.16,0.16,0.4,1.0,-,LIME
2025-07-08,ARKK,ARKK,4,70.9000015258789,15.5,-,1,NASDAQ,1.0,0.1,0.1,0.4,1.0,-,LIME
2025-07-08,117680,철강주,5,11887.0,16.0,LIME,1,KOSPI,0.6,0.1,0.06,0.4,1.0,-,LIME
2025-07-08,EIS,EIS,6,94.45175170898438,16.0,LIME,1,NASDAQ,1.0,0.08,0.08,0.4,1.0,-,LIME
2025-07-09,091170,은행주,1,12035.0,16.0,LIME,1,KOSPI,0.6,0.31,0.186,0.4,1.0,-,LIME
2025-07-09,ARKK,ARKK,2,72.37000274658203,16.0,LIME,1,NASDAQ,1.0,0.25,0.25,0.4,1.0,-,LIME
2025-07-09,117680,철강주,3,11932.0,16.0,LIME,1,KOSPI,0.6,0.16,0.096,0.4,1.0,-,LIME
2025-07-09,GREK,GREK,4,59.82157516479492,16.0,LIME,1,NASDAQ,1.0,0.1,0.1,0.4,1.0,-,LIME
2025-07-09,ARKF,ARKF,5,51.185245513916016,15.75,LIME,1,NASDAQ,1.0,0.1,0.1,0.4,1.0,-,LIME
2025-07-09,EIS,EIS,6,96.70909118652344,16.0,LIME,1,NASDAQ,1.0,0.08,0.08,0.4,1.0,-,LIME
2025-07-10,ARKK,ARKK,1,73.55999755859375,16.0,LIME,1,NASDAQ,1.0,0.31,0.31,0.4,1.0,-,LIME
2025-07-10,091170,은행주,2,12086.0,16.0,LIME,1,KOSPI,0.6,0.25,0.15,0.4,1.0,-,LIME
2025-07-10,ARKF,ARKF,3,51.52494812011719,16.0,LIME,1,NASDAQ,1.0,0.16,0.16,0.4,1.0,-,LIME
2025-07-10,117680,철강주,4,12017.0,16.0,-,1,KOSPI,0.6,0.1,0.06,0.4,1.0,-,LIME
2025-07-10,ARKW,ARKW,5,148.5040283203125,15.5,LIME,1,NASDAQ,1.0,0.1,0.1,0.4,1.0,-,LIME
2025-07-10,GREK,GREK,6,60.0566291809082,16.0,LIME,1,NASDAQ,1.0,0.08,0.08,0.4,1.0,-,LIME
2025-07-11,091170,은행주,1,12170.0,16.0,LIME,1,KOSPI,0.6,0.31,0.186,0.4,1.0,-,LIME
2025-07-11,ARKK,ARKK,2,72.29000091552734,16.0,-,1,NASDAQ,1.0,0.25,0.25,0.4,1.0,-,LIME
2025-07-11,ARKF,ARKF,3,50.9554443359375,16.0,-,1,NASDAQ,1.0,0.16,0.16,0.4,1.0,-,LIME
2025-07-11,SMH,SMH,4,286.59820556640625,16.0,-,1,NASDAQ,1.0,0.1,0.1,0.4,1.0,-,LIME
2025-07-11,117680,철강주,5,12262.0,16.0,-,1,KOSPI,0.6,0.1,0.06,0.4,1.0,-,LIME
2025-07-11,ARKW,ARKW,6,147.05641174316406,15.5,-,1,NASDAQ,1.0,0.08,0.08,0.4,1.0,-,LIME
2025-07-14,ARKW,ARKW,1,150.1781463623047,16.0,-,1,NASDAQ,0.6,0.31,0.186,0.4,0.4,-,-
2025-07-14,091170,은행주,2,12456.0,16.0,LIME,1,KOSPI,0.6,0.25,0.15,0.4,0.4,-,-
2025-07-14,ARKF,ARKF,3,52.13441467285156,16.0,-,1,NASDAQ,0.6,0.16,0.096,0.4,0.4,-,-
2025-07-14,ARKK,ARKK,4,73.6500015258789,16.0,-,1,NASDAQ,0.6,0.1,0.06,0.4,0.4,-,-
2025-07-14,117680,철강주,5,12242.0,16.0,-,1,KOSPI,0.6,0.1,0.06,0.4,0.4,-,-
2025-07-14,SMH,SMH,6,284.4349670410156,15.0,-,2,NASDAQ,0.55,0.08,0.044,0.4,0.4,-,-
2025-07-15,102970,증권주,1,15360.0,16.0,-,1,KOSPI,0.6,0.31,0.186,0.4,1.0,-,LIME
2025-07-15,ARKW,ARKW,2,149.6365203857422,16.0,-,1,NASDAQ,1.0,0.25,0.25,0.4,1.0,-,LIME
2025-07-15,091170,은행주,3,12436.0,16.0,LIME,1,KOSPI,0.6,0.16,0.096,0.4,1.0,-,LIME
2025-07-15,ARKF,ARKF,4,51.64484024047852,16.0,-,1,NASDAQ,1.0,0.1,0.1,0.4,1.0,-,LIME
2025-07-15,228790,화장품,5,4334.0,16.0,-,1,KOSPI,0.6,0.1,0.06,0.4,1.0,-,LIME
2025-07-15,117680,철강주,6,12550.0,16.0,-,1,KOSPI,0.6,0.08,0.048,0.4,1.0,-,LIME
2025-07-16,ARKW,ARKW,1,154.64901733398438,16.0,-,1,NASDAQ,1.0,0.31,0.31,0.4,1.0,-,LIME
2025-07-16,ARKF,ARKF,2,53.35335159301758,16.0,-,1,NASDAQ,1.0,0.25,0.25,0.4,1.0,-,LIME
2025-07-16,117680,철강주,3,12565.0,16.0,-,1,KOSPI,0.6,0.16,0.096,0.4,1.0,-,LIME
2025-07-16,446770,톱반도,4,31814.0,16.0,LIME,1,NASDAQ,1.0,0.1,0.1,0.4,1.0,-,LIME
2025-07-16,IBIT,IBIT,5,67.83000183105469,16.0,LIME,1,NASDAQ,1.0,0.1,0.1,0.4,1.0,-,LIME
2025-07-16,102970,증권주,6,14560.0,14.5,-,2,KOSPI,0.5,0.08,0.04,0.4,1.0,-,LIME
2025-07-17,ARKW,ARKW,1,156.539794921875,16.0,-,1,NASDAQ,1.0,0.31,0.31,0.4,1.0,-,LIME
2025-07-17,ARKF,ARKF,2,54.37245559692383,16.0,-,1,NASDAQ,1.0,0.25,0.25,0.4,1.0,-,LIME
2025-07-17,117680,철강주,3,12605.0,16.0,-,1,KOSPI,0.6,0.16,0.096,0.4,1.0,-,LIME
2025-07-17,446770,톱반도,4,31367.0,16.0,LIME,1,NASDAQ,1.0,0.1,0.1,0.4,1.0,-,LIME
2025-07-17,XAR,XAR,5,222.23692321777344,16.0,LIME,1,NASDAQ,1.0,0.1,0.1,0.4,1.0,-,LIME
2025-07-17,IBIT,IBIT,6,67.6500015258789,15.75,LIME,1,NASDAQ,1.0,0.08,0.08,0.4,1.0,-,LIME
2025-07-18,ARKW,ARKW,1,157.59349060058594,16.0,-,1,NASDAQ,1.0,0.31,0.31,0.4,1.0,-,LIME
2025-07-18,ARKF,ARKF,2,54.68218612670898,16.0,-,1,NASDAQ,1.0,0.25,0.25,0.4,1.0,-,LIME
2025-07-18,SMH,SMH,3,289.40948486328125,16.0,-,1,NASDAQ,1.0,0.16,0.16,0.4,1.0,-,LIME
2025-07-18,446770,톱반도,4,31661.0,16.0,LIME,1,NASDAQ,1.0,0.1,0.1,0.4,1.0,-,LIME
2025-07-18,117680,철강주,5,12560.0,16.0,-,1,KOSPI,0.6,0.1,0.06,0.4,1.0,-,LIME
2025-07-18,XAR,XAR,6,221.63885498046875,16.0,LIME,1,NASDAQ,1.0,0.08,0.08,0.4,1.0,-,LIME
2025-07-21,ARKW,ARKW,1,156.96324157714844,16.0,-,1,NASDAQ,1.0,0.31,0.31,0.4,1.0,-,LIME
2025-07-21,ARKK,ARKK,2,76.80999755859375,16.0,-,1,NASDAQ,1.0,0.25,0.25,0.4,1.0,-,LIME
2025-07-21,ARKF,ARKF,3,54.47237014770508,16.0,-,1,NASDAQ,1.0,0.16,0.16,0.4,1.0,-,LIME
2025-07-21,117680,철강주,4,12850.0,16.0,-,1,KOSPI,0.6,0.1,0.06,0.4,1.0,-,LIME
2025-07-21,ETHA,ETHA,5,28.31999969482422,15.5,LIME,1,NASDAQ,1.0,0.1,0.1,0.4,1.0,-,LIME
2025-07-21,SMH,SMH,6,289.6088562011719,15.0,-,2,NASDAQ,1.0,0.08,0.08,0.4,1.0,-,LIME
2025-07-22,ETHA,ETHA,1,27.809999465942383,15.75,LIME,1,NASDAQ,1.0,0.31,0.31,0.4,1.0,-,LIME
2025-07-22,117680,철강주,2,12785.0,16.0,-,1,KOSPI,0.6,0.25,0.15,0.4,1.0,-,LIME
2025-07-22,487230,전력인,3,16018.0,15.75,LIME,1,NASDAQ,1.0,0.16,0.16,0.4,1.0,-,LIME
2025-07-22,REMX,REMX,4,52.226749420166016,15.5,LIME,1,FIXED,1.0,0.1,0.1,0.4,1.0,-,LIME
2025-07-22,CARZ,CARZ,5,63.85438537597656,16.0,LIME,1,NASDAQ,1.0,0.1,0.1,0.4,1.0,-,LIME
2025-07-22,ARKW,ARKW,6,154.58009338378906,15.0,-,2,NASDAQ,1.0,0.08,0.08,0.4,1.0,-,LIME
2025-07-23,117680,철강주,1,13054.0,16.0,-,1,KOSPI,0.6,0.31,0.186,0.4,1.0,-,LIME
2025-07-23,REMX,REMX,2,51.62768173217773,15.75,LIME,1,FIXED,1.0,0.25,0.25,0.4,1.0,-,LIME
2025-07-23,ETHA,ETHA,3,27.170000076293945,15.0,LIME,2,NASDAQ,1.0,0.16,0.16,0.4,1.0,-,LIME
2025-07-23,GREK,GREK,4,61.29066848754883,16.0,-,1,NASDAQ,1.0,0.1,0.1,0.4,1.0,-,LIME
2025-07-23,CARZ,CARZ,5,64.38495635986328,16.0,LIME,1,NASDAQ,1.0,0.1,0.1,0.4,1.0,-,LIME
2025-07-23,487230,전력인,6,16048.0,15.0,LIME,2,NASDAQ,1.0,0.08,0.08,0.4,1.0,-,LIME
2025-07-24,117680,철강주,1,12949.0,16.0,-,1,KOSPI,0.6,0.31,0.186,0.4,0.4,-,-
2025-07-24,REMX,REMX,2,53.89627456665039,16.0,LIME,1,FIXED,1.0,0.25,0.25,0.4,0.4,-,-
2025-07-24,117460,에너지,3,12050.0,16.0,LIME,1,KOSPI,0.6,0.16,0.096,0.4,0.4,-,-
2025-07-24,ETHA,ETHA,4,28.3799991607666,15.0,LIME,1,NASDAQ,0.6,0.1,0.06,0.4,0.4,-,-
2025-07-24,377990,신재생,5,14110.0,15.0,LIME,1,KOSPI,0.6,0.1,0.06,0.4,0.4,-,-
2025-07-24,GREK,GREK,6,60.722618103027344,16.0,-,1,NASDAQ,0.6,0.08,0.048,0.4,0.4,-,-
2025-07-25,117680,철강주,1,13034.0,16.0,LIME,1,KOSPI,0.6,0.31,0.186,0.4,0.4,-,-
2025-07-25,REMX,REMX,2,53.93555450439453,16.0,LIME,1,FIXED,1.0,0.25,0.25,0.4,0.4,-,-
2025-07-25,VNM,VNM,3,16.43596649169922,16.0,LIME,1,NASDAQ,0.6,0.16,0.096,0.4,0.4,-,-
2025-07-25,117460,에너지,4,12140.0,16.0,LIME,1,KOSPI,0.6,0.1,0.06,0.4,0.4,-,-
2025-07-25,GREK,GREK,5,60.86952972412109,16.0,-,1,NASDAQ,0.6,0.1,0.06,0.4,0.4,-,-
2025-07-25,377990,신재생,6,14280.0,15.0,LIME,1,KOSPI,0.6,0.08,0.048,0.4,0.4,-,-
2025-07-28,377990,신재생,1,14590.0,16.0,LIME,1,KOSPI,0.6,0.31,0.186,0.4,1.0,-,LIME
2025-07-28,VNM,VNM,2,16.74532699584961,16.0,LIME,1,NASDAQ,1.0,0.25,0.25,0.4,1.0,-,LIME
2025-07-28,117460,에너지,3,12135.0,16.0,LIME,1,KOSPI,0.6,0.16,0.096,0.4,1.0,-,LIME
2025-07-28,ITA,ITA,4,197.18603515625,16.0,-,1,NASDAQ,1.0,0.1,0.1,0.4,1.0,-,LIME
2025-07-28,EWH,EWH,5,20.414552688598636,16.0,LIME,1,NASDAQ,1.0,0.1,0.1,0.4,1.0,-,LIME
2025-07-28,REMX,REMX,6,52.42316436767578,15.0,LIME,2,FIXED,1.0,0.08,0.08,0.4,1.0,-,LIME
2025-07-29,377990,신재생,1,14735.0,16.0,LIME,1,KOSPI,0.6,0.31,0.186,0.4,1.0,-,LIME
2025-07-29,487230,전력인,2,17476.0,16.0,LIME,1,NASDAQ,1.0,0.25,0.25,0.4,1.0,-,LIME
2025-07-29,449450,방산주,3,54550.0,15.5,LIME,1,KOSPI,0.6,0.16,0.096,0.4,1.0,-,LIME
2025-07-29,139230,조선주,4,11481.0,15.25,LIME,1,KOSPI,0.6,0.1,0.06,0.4,1.0,-,LIME
2025-07-29,ETHA,ETHA,5,28.489999771118164,15.0,LIME,1,NASDAQ,1.0,0.1,0.1,0.4,1.0,-,LIME
2025-07-29,EWH,EWH,6,20.530820846557617,16.0,LIME,1,NASDAQ,1.0,0.08,0.08,0.4,1.0,-,LIME
2025-07-30,487230,전력인,1,17171.0,16.0,LIME,1,NASDAQ,1.0,0.31,0.31,0.4,1.0,-,LIME
2025-07-30,449450,방산주,2,53695.0,15.75,LIME,1,KOSPI,0.6,0.25,0.15,0.4,1.0,-,LIME
2025-07-30,139230,조선주,3,11417.0,15.5,LIME,1,KOSPI,0.6,0.16,0.096,0.4,1.0,-,LIME
2025-07-30,ETHA,ETHA,4,28.479999542236328,15.0,LIME,1,NASDAQ,1.0,0.1,0.1,0.4,1.0,-,LIME
2025-07-30,377990,신재생,5,14315.0,15.0,-,2,KOSPI,0.55,0.1,0.055,0.4,1.0,-,LIME
2025-07-30,EWH,EWH,6,20.288597106933597,15.0,LIME,2,NASDAQ,1.0,0.08,0.08,0.4,1.0,-,LIME
2025-07-31,487230,전력인,1,17596.0,16.0,LIME,1,NASDAQ,1.0,0.31,0.31,0.4,1.0,-,LIME
2025-07-31,449450,방산주,2,55840.0,16.0,LIME,1,KOSPI,0.6,0.25,0.15,0.4,1.0,-,LIME
2025-07-31,139230,조선주,3,11761.0,15.75,LIME,1,KOSPI,0.6,0.16,0.096,0.4,1.0,-,LIME
2025-07-31,449190,나스닥,4,18254.0,16.0,LIME,1,NASDAQ,1.0,0.1,0.1,0.4,1.0,-,LIME
2025-07-31,434730,원자력,5,37465.0,14.75,LIME,1,KOSPI,0.55,0.1,0.055,0.4,1.0,-,LIME
2025-07-31,ETHA,ETHA,6,28.270000457763672,14.25,LIME,2,NASDAQ,1.0,0.08,0.08,0.4,1.0,-,LIME
2025-08-01,139230,조선주,1,11531.0,16.0,LIME,1,KOSPI,0.6,0.31,0.186,0.4,0.4,-,-
2025-08-01,487230,전력인,2,17551.0,16.0,LIME,1,NASDAQ,0.6,0.25,0.15,0.4,0.4,-,-
2025-08-01,449450,방산주,3,54360.0,16.0,LIME,1,KOSPI,0.6,0.16,0.096,0.4,0.4,-,-
2025-08-01,XLU,XLU,4,42.002628326416016,15.25,LIME,1,NASDAQ,0.6,0.1,0.06,0.4,0.4,-,-
2025-08-01,434730,원자력,5,35615.0,12.25,-,4,KOSPI,0.4,0.1,0.04,0.4,0.4,-,-
2025-08-01,449190,나스닥,6,17840.0,13.0,-,3,NASDAQ,0.45,0.08,0.036,0.4,0.4,-,-
2025-08-04,139230,조선주,1,11531.0,15.0,LIME,2,KOSPI,0.55,0.33,0.1815,0.4,0.4,-,-
2025-08-04,449450,방산주,2,54420.0,15.0,LIME,2,KOSPI,0.55,0.27,0.1485,0.4,0.4,-,-
2025-08-04,487230,전력인,3,17251.0,14.5,-,2,NASDAQ,0.5,0.2,0.1,0.4,0.4,-,-
2025-08-04,XLU,XLU,4,42.746726989746094,16.0,LIME,1,NASDAQ,0.6,0.1,0.06,0.4,0.4,-,-
2025-08-04,LQD,LQD,5,106.61212158203124,14.0,LIME,1,FIXED,1.0,0.1,0.1,0.4,0.4,-,-
2025-08-05,139230,조선주,1,11811.0,15.0,LIME,1,KOSPI,0.6,0.33,0.198,0.4,0.4,-,-
2025-08-05,449450,방산주,2,55250.0,14.75,LIME,1,KOSPI,0.55,0.27,0.1485,0.4,0.4,-,-
2025-08-05,487230,전력인,3,17660.0,14.5,-,1,NASDAQ,0.55,0.2,0.11,0.4,0.4,-,-
2025-08-05,XLU,XLU,4,42.29145050048828,16.0,LIME,1,NASDAQ,0.6,0.1,0.06,0.4,0.4,-,-
2025-08-05,LQD,LQD,5,106.68978881835938,15.0,LIME,1,FIXED,1.0,0.1,0.1,0.4,0.4,-,-
2025-08-06,139230,조선주,1,11776.0,15.0,LIME,1,KOSPI,0.6,0.33,0.198,0.4,0.4,-,-
2025-08-06,487230,전력인,2,17411.0,13.5,-,2,NASDAQ,0.45,0.27,0.1215,0.4,0.4,-,-
2025-08-06,449450,방산주,3,54400.0,13.5,-,2,KOSPI,0.45,0.2,0.09,0.4,0.4,-,-
2025-08-06,LQD,LQD,4,106.66067504882812,16.0,LIME,1,FIXED,1.0,0.1,0.1,0.4,0.4,-,-
2025-08-06,XLU,XLU,5,41.91450881958008,15.0,LIME,2,NASDAQ,0.55,0.1,0.055,0.4,0.4,-,-
2025-08-07,139230,조선주,1,11746.0,14.5,LIME,1,KOSPI,0.55,0.31,0.1705,0.4,0.4,-,-
2025-08-07,434730,원자력,2,38680.0,14.25,LIME,1,KOSPI,0.55,0.25,0.1375,0.4,0.4,-,-
2025-08-07,GREK,GREK,3,63.24946212768555,14.75,LIME,1,NASDAQ,0.55,0.16,0.088,0.4,0.4,-,-
2025-08-07,VNM,VNM,4,16.76528549194336,14.5,-,1,NASDAQ,0.55,0.1,0.055,0.4,0.4,-,-
2025-08-07,EWP,EWP,5,46.03056716918945,14.75,LIME,1,NASDAQ,0.55,0.1,0.055,0.4,0.4,-,-
2025-08-07,XLU,XLU,6,42.36978530883789,14.75,LIME,1,NASDAQ,0.55,0.08,0.044,0.4,0.4,-,-
2025-08-08,VNM,VNM,1,17.144500732421875,15.75,-,1,NASDAQ,0.6,0.31,0.186,0.4,0.4,-,-
2025-08-08,GREK,GREK,2,63.72936630249024,15.5,LIME,1,NASDAQ,0.6,0.25,0.15,0.4,0.4,-,-
2025-08-08,434730,원자력,3,37730.0,15.0,LIME,2,KOSPI,0.55,0.16,0.088,0.4,0.4,-,-
2025-08-08,EWP,EWP,4,46.4941291809082,15.5,LIME,1,NASDAQ,0.6,0.1,0.06,0.4,0.4,-,-
2025-08-08,139230,조선주,5,11676.0,14.25,-,2,KOSPI,0.5,0.1,0.05,0.4,0.4,-,-
2025-08-08,XLU,XLU,6,42.18864822387695,13.5,LIME,2,NASDAQ,0.45,0.08,0.036,0.4,0.4,-,-
2025-08-11,VNM,VNM,1,17.234315872192383,16.0,-,1,NASDAQ,0.6,0.31,0.186,0.4,0.4,-,-
2025-08-11,GREK,GREK,2,64.32679748535156,16.0,LIME,1,NASDAQ,0.6,0.25,0.15,0.4,0.4,-,-
2025-08-11,EWP,EWP,3,46.4448127746582,16.0,LIME,1,NASDAQ,0.6,0.16,0.096,0.4,0.4,-,-
2025-08-11,434730,원자력,4,38000.0,13.75,LIME,2,KOSPI,0.45,0.1,0.045,0.4,0.4,-,-
2025-08-11,ETHA,ETHA,5,32.25,13.75,-,1,NASDAQ,0.5,0.1,0.05,0.4,0.4,-,-
2025-08-11,139230,조선주,6,11661.0,13.0,-,2,KOSPI,0.45,0.08,0.036,0.4,0.4,-,-
2025-08-12,VNM,VNM,1,17.403963088989258,16.0,-,1,NASDAQ,0.6,0.33,0.198,0.1,0.4,PURPLE,-
2025-08-12,GREK,GREK,2,64.98299407958984,16.0,LIME,1,NASDAQ,0.6,0.27,0.162,0.1,0.4,PURPLE,-
2025-08-12,ETHA,ETHA,3,34.25,15.5,LIME,1,NASDAQ,0.6,0.2,0.12,0.1,0.4,PURPLE,-
2025-08-12,EZA,EZA,4,54.5172004699707,16.0,LIME,1,NASDAQ,0.6,0.1,0.06,0.1,0.4,PURPLE,-
2025-08-12,EWP,EWP,5,46.73084259033203,16.0,LIME,1,NASDAQ,0.6,0.1,0.06,0.1,0.4,PURPLE,-
2025-08-13,ETHA,ETHA,1,35.900001525878906,16.0,LIME,1,NASDAQ,0.6,0.31,0.186,0.1,0.4,PURPLE,-
2025-08-13,VNM,VNM,2,17.423921585083008,16.0,-,1,NASDAQ,0.6,0.25,0.15,0.1,0.4,PURPLE,-
2025-08-13,GREK,GREK,3,65.43351745605469,16.0,LIME,1,NASDAQ,0.6,0.16,0.096,0.1,0.4,PURPLE,-
2025-08-13,EWP,EWP,4,47.3127555847168,16.0,LIME,1,NASDAQ,0.6,0.1,0.06,0.1,0.4,PURPLE,-
2025-08-13,REMX,REMX,5,56.51841354370117,14.75,-,1,FIXED,1.0,0.1,0.1,0.1,0.4,PURPLE,-
2025-08-13,EZA,EZA,6,55.33258819580078,16.0,LIME,1,NASDAQ,0.6,0.08,0.048,0.1,0.4,PURPLE,-
2025-08-14,ETHA,ETHA,1,34.369998931884766,16.0,LIME,1,NASDAQ,0.6,0.31,0.186,0.1,0.4,PURPLE,-
2025-08-14,REMX,REMX,2,55.77203750610352,16.0,-,1,FIXED,1.0,0.25,0.25,0.1,0.4,PURPLE,-
2025-08-14,VNM,VNM,3,17.723302841186523,16.0,-,1,NASDAQ,0.6,0.16,0.096,0.1,0.4,PURPLE,-
2025-08-14,GREK,GREK,4,65.15928649902344,16.0,LIME,1,NASDAQ,0.6,0.1,0.06,0.1,0.4,PURPLE,-
2025-08-14,EWP,EWP,5,47.75658798217773,16.0,LIME,1,NASDAQ,0.6,0.1,0.06,0.1,0.4,PURPLE,-
2025-08-14,EZA,EZA,6,54.64993667602539,16.0,LIME,1,NASDAQ,0.6,0.08,0.048,0.1,0.4,PURPLE,-
2025-08-15,REMX,REMX,1,57.25497055053711,16.0,-,1,FIXED,1.0,0.31,0.31,0.4,0.4,-,-
2025-08-15,VNM,VNM,2,17.673404693603516,16.0,-,1,NASDAQ,0.6,0.25,0.15,0.4,0.4,-,-
2025-08-15,GREK,GREK,3,65.51187133789062,16.0,LIME,1,NASDAQ,0.6,0.16,0.096,0.4,0.4,-,-
2025-08-15,EWP,EWP,4,48.17083740234375,16.0,LIME,1,NASDAQ,0.6,0.1,0.06,0.4,0.4,-,-
2025-08-15,EZA,EZA,5,54.63097381591797,16.0,LIME,1,NASDAQ,0.6,0.1,0.06,0.4,0.4,-,-
2025-08-15,ETHA,ETHA,6,33.150001525878906,15.0,-,2,NASDAQ,0.55,0.08,0.044,0.4,0.4,-,-
2025-08-18,REMX,REMX,1,58.50220489501953,16.0,LIME,1,FIXED,1.0,0.31,0.31,0.1,0.4,PURPLE,-
2025-08-18,VNM,VNM,2,17.803136825561523,16.0,LIME,1,NASDAQ,0.6,0.25,0.15,0.1,0.4,PURPLE,-
2025-08-18,241180,니케이,3,24527.0,16.0,LIME,1,NASDAQ,0.6,0.16,0.096,0.1,0.4,PURPLE,-
2025-08-18,EWP,EWP,4,47.93412399291992,16.0,LIME,1,NASDAQ,0.6,0.1,0.06,0.1,0.4,PURPLE,-
2025-08-18,EWJ,EWJ,5,77.40382385253906,16.0,LIME,1,NASDAQ,0.6,0.1,0.06,0.1,0.4,PURPLE,-
2025-08-18,GREK,GREK,6,64.2288589477539,14.5,LIME,2,NASDAQ,0.5,0.08,0.04,0.1,0.4,PURPLE,-
2025-08-19,REMX,REMX,1,57.03891754150391,16.0,LIME,1,FIXED,1.0,0.31,0.31,0.1,0.4,PURPLE,-
2025-08-19,VNM,VNM,2,17.863012313842773,16.0,LIME,1,NASDAQ,0.6,0.25,0.15,0.1,0.4,PURPLE,-
2025-08-19,241180,니케이,3,24522.0,16.0,LIME,1,NASDAQ,0.6,0.16,0.096,0.1,0.4,PURPLE,-
2025-08-19,EWJ,EWJ,4,77.13391876220703,16.0,LIME,1,NASDAQ,0.6,0.1,0.06,0.1,0.4,PURPLE,-
2025-08-19,SCZ,SCZ,5,74.09300231933594,16.0,LIME,1,NASDAQ,0.6,0.1,0.06,0.1,0.4,PURPLE,-
2025-08-19,EWP,EWP,6,47.78617858886719,15.0,LIME,2,NASDAQ,0.55,0.08,0.044,0.1,0.4,PURPLE,-
2025-08-20,VNM,VNM,1,17.6534481048584,15.0,LIME,2,NASDAQ,0.55,0.31,0.1705,0.1,0.4,PURPLE,-
2025-08-20,ICLN,ICLN,2,14.27890682220459,15.5,LIME,1,NASDAQ,0.6,0.25,0.15,0.1,0.4,PURPLE,-
2025-08-20,TAN,TAN,3,41.02999877929688,14.5,LIME,1,NASDAQ,0.55,0.16,0.088,0.1,0.4,PURPLE,-
2025-08-20,REMX,REMX,4,55.58544158935547,14.0,LIME,3,FIXED,1.0,0.1,0.1,0.1,0.4,PURPLE,-
2025-08-20,SCZ,SCZ,5,74.0145263671875,16.0,LIME,1,NASDAQ,0.6,0.1,0.06,0.1,0.4,PURPLE,-
2025-08-20,241180,니케이,6,24330.0,15.0,LIME,2,NASDAQ,0.55,0.08,0.044,0.1,0.4,PURPLE,-
2025-08-21,TAN,TAN,1,39.619998931884766,14.25,LIME,2,NASDAQ,0.5,0.31,0.155,0.1,0.4,PURPLE,-
2025-08-21,IBB,IBB,2,138.4272003173828,15.0,GREEN,1,NASDAQ,0.6,0.25,0.15,0.1,0.4,PURPLE,-
2025-08-21,ICLN,ICLN,3,14.070528030395508,14.75,LIME,2,NASDAQ,0.5,0.16,0.08,0.1,0.4,PURPLE,-
2025-08-21,VNM,VNM,4,17.56363296508789,13.5,LIME,2,NASDAQ,0.45,0.1,0.045,0.1,0.4,PURPLE,-
2025-08-21,VTV,VTV,5,178.12281799316406,15.75,LIME,1,NASDAQ,0.6,0.1,0.06,0.1,0.4,PURPLE,-
2025-08-21,REMX,REMX,6,56.33182144165039,12.25,LIME,3,FIXED,1.0,0.08,0.08,0.1,0.4,PURPLE,-
2025-08-22,TAN,TAN,1,41.88999938964844,14.75,LIME,1,NASDAQ,0.22,0.31,0.0682,0.1,0.1,PURPLE,PURPLE
2025-08-22,ICLN,ICLN,2,14.556745529174805,14.75,LIME,1,NASDAQ,0.22,0.25,0.055,0.1,0.1,PURPLE,PURPLE
2025-08-22,IBB,IBB,3,139.50462341308594,15.25,GREEN,1,NASDAQ,0.24,0.16,0.0384,0.1,0.1,PURPLE,PURPLE
2025-08-22,VTV,VTV,4,180.6329803466797,16.0,LIME,1,NASDAQ,0.24,0.1,0.024,0.1,0.1,PURPLE,PURPLE
2025-08-22,TUR,TUR,5,35.32693099975586,13.5,LIME,1,NASDAQ,0.2,0.1,0.02,0.1,0.1,PURPLE,PURPLE
2025-08-22,REMX,REMX,6,57.82457733154297,12.0,LIME,1,FIXED,1.0,0.08,0.08,0.1,0.1,PURPLE,PURPLE
2025-08-25,TAN,TAN,1,41.66999816894531,14.25,LIME,1,NASDAQ,0.55,0.31,0.1705,1.0,0.4,LIME,-
2025-08-25,TUR,TUR,2,35.564491271972656,14.5,LIME,1,NASDAQ,0.55,0.25,0.1375,1.0,0.4,LIME,-
2025-08-25,EWU,EWU,3,40.99814224243164,16.0,LIME,1,NASDAQ,0.6,0.16,0.096,1.0,0.4,LIME,-
2025-08-25,VTV,VTV,4,179.18594360351562,16.0,LIME,1,NASDAQ,0.6,0.1,0.06,1.0,0.4,LIME,-
2025-08-25,EWS,EWS,5,27.42308616638184,14.5,LIME,1,NASDAQ,0.55,0.1,0.055,1.0,0.4,LIME,-
2025-08-25,REMX,REMX,6,60.132450103759766,12.0,LIME,1,FIXED,1.0,0.08,0.08,1.0,0.4,LIME,-
2025-08-26,TUR,TUR,1,35.60408401489258,15.0,LIME,1,NASDAQ,0.24,0.31,0.0744,0.4,0.1,-,PURPLE
2025-08-26,REMX,REMX,2,58.53166580200195,14.0,LIME,1,FIXED,1.0,0.25,0.25,0.4,0.1,-,PURPLE
2025-08-26,TAN,TAN,3,41.810001373291016,14.25,LIME,1,NASDAQ,0.22,0.16,0.0352,0.4,0.1,-,PURPLE
2025-08-26,EWS,EWS,4,27.364532470703125,15.25,LIME,1,NASDAQ,0.24,0.1,0.024,0.4,0.1,-,PURPLE
2025-08-26,VTV,VTV,5,179.67813110351562,16.0,LIME,1,NASDAQ,0.24,0.1,0.024,0.4,0.1,-,PURPLE
2025-08-26,EWU,EWU,6,40.94908905029297,15.0,LIME,2,NASDAQ,0.22,0.08,0.0176,0.4,0.1,-,PURPLE
2025-08-27,REMX,REMX,1,60.81990432739258,15.75,LIME,1,FIXED,1.0,0.31,0.31,0.4,0.1,-,PURPLE
2025-08-27,IWM,IWM,2,234.0699462890625,16.0,LIME,1,NASDAQ,0.24,0.25,0.06,0.4,0.1,-,PURPLE
2025-08-27,JETS,JETS,3,25.91771697998047,16.0,LIME,1,NASDAQ,0.24,0.16,0.0384,0.4,0.1,-,PURPLE
2025-08-27,IJR,IJR,4,117.58245849609376,16.0,LIME,1,NASDAQ,0.24,0.1,0.024,0.4,0.1,-,PURPLE
2025-08-27,LIT,LIT,5,46.653316497802734,14.5,LIME,1,NASDAQ,0.22,0.1,0.022,0.4,0.1,-,PURPLE
2025-08-27,TAN,TAN,6,40.959999084472656,13.75,LIME,2,NASDAQ,0.2,0.08,0.016,0.4,0.1,-,PURPLE
2025-08-28,REMX,REMX,1,60.59402847290039,16.0,LIME,1,FIXED,1.0,0.31,0.31,0.4,0.1,-,PURPLE
2025-08-28,JETS,JETS,2,26.096254348754883,16.0,LIME,1,NASDAQ,0.24,0.25,0.06,0.4,0.1,-,PURPLE
2025-08-28,IWM,IWM,3,234.3477325439453,16.0,LIME,1,NASDAQ,0.24,0.16,0.0384,0.4,0.1,-,PURPLE
2025-08-28,LIT,LIT,4,46.613426208496094,15.0,LIME,1,NASDAQ,0.24,0.1,0.024,0.4,0.1,-,PURPLE
2025-08-28,IJR,IJR,5,117.35474395751952,16.0,LIME,1,NASDAQ,0.24,0.1,0.024,0.4,0.1,-,PURPLE
2025-08-28,TAN,TAN,6,41.459999084472656,12.5,LIME,2,NASDAQ,0.2,0.08,0.016,0.4,0.1,-,PURPLE
2025-08-29,REMX,REMX,1,61.93946838378906,16.0,LIME,1,FIXED,1.0,0.31,0.31,0.4,0.1,-,PURPLE
2025-08-29,LIT,LIT,2,47.33147430419922,15.5,LIME,1,NASDAQ,0.24,0.25,0.06,0.4,0.1,-,PURPLE
2025-08-29,JETS,JETS,3,26.096254348754883,16.0,LIME,1,NASDAQ,0.24,0.16,0.0384,0.4,0.1,-,PURPLE
2025-08-29,VNM,VNM,4,18.2522087097168,15.0,-,1,NASDAQ,0.24,0.1,0.024,0.4,0.1,-,PURPLE
2025-08-29,IWM,IWM,5,233.30604553222656,16.0,LIME,1,NASDAQ,0.24,0.1,0.024,0.4,0.1,-,PURPLE
2025-08-29,IJR,IJR,6,116.86959838867188,14.5,LIME,2,NASDAQ,0.2,0.08,0.016,0.4,0.1,-,PURPLE
2025-09-01,139230,조선주,1,11731.0,13.0,-,1,KOSPI,0.2,0.33,0.066,0.1,0.1,PURPLE,PURPLE
2025-09-01,091180,자동차,2,20063.0,13.0,LIME,1,KOSPI,0.2,0.27,0.054,0.1,0.1,PURPLE,PURPLE
2025-09-01,411060,금현물,3,22045.0,15.0,LIME,1,FIXED,1.0,0.2,0.2,0.1,0.1,PURPLE,PURPLE
2025-09-01,449180,에센피,4,14654.0,13.0,-,2,NASDAQ,0.2,0.1,0.02,0.1,0.1,PURPLE,PURPLE
2025-09-01,478150,우주방,5,18103.0,12.0,-,1,NASDAQ,0.2,0.1,0.02,0.1,0.1,PURPLE,PURPLE
2025-09-02,JETS,JETS,1,26.05657958984375,16.0,LIME,1,NASDAQ,0.24,0.31,0.0744,0.4,0.1,-,PURPLE
2025-09-02,LIT,LIT,2,46.68323516845703,15.0,-,2,NASDAQ,0.22,0.25,0.055,0.4,0.1,-,PURPLE
2025-09-02,REMX,REMX,3,59.81818771362305,14.5,-,2,FIXED,1.0,0.16,0.16,0.4,0.1,-,PURPLE
2025-09-02,VNM,VNM,4,18.102516174316406,14.5,-,2,NASDAQ,0.2,0.1,0.02,0.4,0.1,-,PURPLE
2025-09-02,IWM,IWM,5,232.04612731933597,15.0,LIME,2,NASDAQ,0.22,0.1,0.022,0.4,0.1,-,PURPLE
2025-09-02,091180,자동차,6,20058.0,14.0,LIME,1,KOSPI,0.55,0.08,0.044,0.4,0.1,-,PURPLE
2025-09-03,JETS,JETS,1,26.22519874572754,16.0,-,1,NASDAQ,0.6,0.31,0.186,0.4,0.4,-,-
2025-09-03,SLV,SLV,2,37.34000015258789,15.75,LIME,1,FIXED,1.0,0.25,0.25,0.4,0.4,-,-
2025-09-03,VNM,VNM,3,18.212289810180664,14.75,-,1,NASDAQ,0.55,0.16,0.088,0.4,0.4,-,-
2025-09-03,EWC,EWC,4,48.43852615356445,16.0,LIME,1,NASDAQ,0.6,0.1,0.06,0.4,0.4,-,-
2025-09-03,139230,조선주,5,11951.0,14.0,LIME,1,KOSPI,0.55,0.1,0.055,0.4,0.4,-,-
2025-09-03,LIT,LIT,6,46.782962799072266,14.0,-,2,NASDAQ,0.5,0.08,0.04,0.4,0.4,-,-
2025-09-04,SLV,SLV,1,36.93000030517578,16.0,LIME,1,FIXED,1.0,0.31,0.31,0.4,0.4,-,-
2025-09-04,VNM,VNM,2,18.391918182373047,14.75,-,1,NASDAQ,0.55,0.25,0.1375,0.4,0.4,-,-
2025-09-04,139230,조선주,3,12016.0,14.75,LIME,1,KOSPI,0.55,0.16,0.088,0.4,0.4,-,-
2025-09-04,EWC,EWC,4,48.686317443847656,16.0,LIME,1,NASDAQ,0.6,0.1,0.06,0.4,0.4,-,-
2025-09-04,091180,자동차,5,20108.0,15.0,LIME,1,KOSPI,0.6,0.1,0.06,0.4,0.4,-,-
2025-09-04,LIT,LIT,6,46.89266586303711,13.75,-,1,NASDAQ,0.5,0.08,0.04,0.4,0.4,-,-
2025-09-05,139230,조선주,1,12056.0,15.5,LIME,1,KOSPI,1.0,0.31,0.31,1.0,0.4,LIME,-
2025-09-05,XBI,XBI,2,95.12832641601562,16.0,GREEN,1,NASDAQ,0.6,0.25,0.15,1.0,0.4,LIME,-
2025-09-05,IBB,IBB,3,142.7767333984375,16.0,GREEN,1,NASDAQ,0.6,0.16,0.096,1.0,0.4,LIME,-
2025-09-05,SLV,SLV,4,37.209999084472656,16.0,LIME,1,FIXED,1.0,0.1,0.1,1.0,0.4,LIME,-
2025-09-05,EWC,EWC,5,48.735877990722656,16.0,LIME,1,NASDAQ,0.6,0.1,0.06,1.0,0.4,LIME,-
2025-09-05,LIT,LIT,6,50.42308044433594,13.75,LIME,1,NASDAQ,0.5,0.08,0.04,1.0,0.4,LIME,-
2025-09-08,139230,조선주,1,12051.0,16.0,LIME,1,KOSPI,1.0,0.31,0.31,1.0,0.4,LIME,-
2025-09-08,SLV,SLV,2,37.5099983215332,16.0,LIME,1,FIXED,1.0,0.25,0.25,1.0,0.4,LIME,-
2025-09-08,TAN,TAN,3,43.33000183105469,15.25,LIME,1,NASDAQ,0.6,0.16,0.096,1.0,0.4,LIME,-
2025-09-08,LIT,LIT,4,51.41039657592773,14.75,LIME,1,NASDAQ,0.55,0.1,0.055,1.0,0.4,LIME,-
2025-09-08,XBI,XBI,5,94.09204864501952,16.0,GREEN,1,NASDAQ,0.6,0.1,0.06,1.0,0.4,LIME,-
2025-09-08,IBB,IBB,6,141.86895751953125,16.0,GREEN,1,NASDAQ,0.6,0.08,0.048,1.0,0.4,LIME,-
2025-09-09,LIT,LIT,1,49.55543518066406,15.75,LIME,1,NASDAQ,1.0,0.31,0.31,1.0,1.0,LIME,LIME
2025-09-09,EWS,EWS,2,27.852487564086918,16.0,LIME,1,NASDAQ,1.0,0.25,0.25,1.0,1.0,LIME,LIME
2025-09-09,XBI,XBI,3,94.64008331298828,16.0,GREEN,1,NASDAQ,1.0,0.16,0.16,1.0,1.0,LIME,LIME
2025-09-09,TAN,TAN,4,41.970001220703125,15.0,-,2,NASDAQ,1.0,0.1,0.1,1.0,1.0,LIME,LIME
2025-09-09,IBB,IBB,5,142.59718322753906,16.0,GREEN,1,NASDAQ,1.0,0.1,0.1,1.0,1.0,LIME,LIME
2025-09-09,139230,조선주,6,12001.0,15.0,LIME,2,KOSPI,1.0,0.08,0.08,1.0,1.0,LIME,LIME
2025-09-10,THD,THD,1,59.45014953613281,16.0,GREEN,1,NASDAQ,1.0,0.31,0.31,1.0,1.0,LIME,LIME
2025-09-10,EWS,EWS,2,28.24285125732422,16.0,LIME,1,NASDAQ,1.0,0.25,0.25,1.0,1.0,LIME,LIME
2025-09-10,LIT,LIT,3,48.6678466796875,15.0,LIME,2,NASDAQ,1.0,0.16,0.16,1.0,1.0,LIME,LIME
2025-09-10,091160,반도체,4,40495.0,15.0,LIME,1,KOSPI,1.0,0.1,0.1,1.0,1.0,LIME,LIME
2025-09-10,139230,조선주,5,12235.0,15.0,LIME,1,KOSPI,1.0,0.1,0.1,1.0,1.0,LIME,LIME
2025-09-10,XBI,XBI,6,93.5639419555664,14.75,GREEN,2,NASDAQ,1.0,0.08,0.08,1.0,1.0,LIME,LIME
2025-09-11,THD,THD,1,60.35793685913086,16.0,GREEN,1,NASDAQ,1.0,0.31,0.31,1.0,1.0,LIME,LIME
2025-09-11,091160,반도체,2,40815.0,15.75,LIME,1,KOSPI,1.0,0.25,0.25,1.0,1.0,LIME,LIME
2025-09-11,EWS,EWS,3,28.447792053222656,16.0,LIME,1,NASDAQ,1.0,0.16,0.16,1.0,1.0,LIME,LIME
2025-09-11,EZA,EZA,4,57.41846466064453,16.0,LIME,1,NASDAQ,1.0,0.1,0.1,1.0,1.0,LIME,LIME
2025-09-11,EIS,EIS,5,96.01604461669922,15.25,LIME,1,NASDAQ,1.0,0.1,0.1,1.0,1.0,LIME,LIME
2025-09-11,LIT,LIT,6,50.24356842041016,14.75,LIME,1,NASDAQ,1.0,0.08,0.08,1.0,1.0,LIME,LIME
2025-09-12,091160,반도체,1,42040.0,16.0,LIME,1,KOSPI,1.0,0.31,0.31,1.0,1.0,LIME,LIME
2025-09-12,THD,THD,2,60.24939727783203,16.0,GREEN,1,NASDAQ,1.0,0.25,0.25,1.0,1.0,LIME,LIME
2025-09-12,455850,반소부,3,13515.0,16.0,LIME,1,KOSPI,1.0,0.16,0.16,1.0,1.0,LIME,LIME
2025-09-12,069500,코스피,4,46222.0,16.0,LIME,1,KOSPI,1.0,0.1,0.1,1.0,1.0,LIME,LIME
2025-09-12,EWY,EWY,5,76.93208312988281,16.0,LIME,1,KOSPI,1.0,0.1,0.1,1.0,1.0,LIME,LIME
2025-09-12,EZA,EZA,6,57.42794418334961,16.0,LIME,1,NASDAQ,1.0,0.08,0.08,1.0,1.0,LIME,LIME
2025-09-15,091160,반도체,1,42805.0,16.0,LIME,1,KOSPI,1.0,0.31,0.31,1.0,1.0,LIME,LIME
2025-09-15,446770,톱반도,2,33805.0,16.0,LIME,1,NASDAQ,1.0,0.25,0.25,1.0,1.0,LIME,LIME
2025-09-15,THD,THD,3,60.45661163330078,16.0,GREEN,1,NASDAQ,1.0,0.16,0.16,1.0,1.0,LIME,LIME
2025-09-15,377990,신재생,4,15550.0,15.75,LIME,1,KOSPI,1.0,0.1,0.1,1.0,1.0,LIME,LIME
2025-09-15,455850,반소부,5,14030.0,16.0,LIME,1,KOSPI,1.0,0.1,0.1,1.0,1.0,LIME,LIME
2025-09-15,EWY,EWY,6,77.450439453125,16.0,LIME,1,KOSPI,1.0,0.08,0.08,1.0,1.0,LIME,LIME
2025-09-16,446770,톱반도,1,34677.0,16.0,LIME,1,NASDAQ,1.0,0.31,0.31,1.0,1.0,LIME,LIME
2025-09-16,091160,반도체,2,44030.0,16.0,LIME,1,KOSPI,1.0,0.25,0.25,1.0,1.0,LIME,LIME
2025-09-16,THD,THD,3,60.88090133666992,16.0,GREEN,1,NASDAQ,1.0,0.16,0.16,1.0,1.0,LIME,LIME
2025-09-16,377990,신재생,4,15440.0,16.0,LIME,1,KOSPI,1.0,0.1,0.1,1.0,1.0,LIME,LIME
2025-09-16,ARKK,ARKK,5,81.02999877929688,16.0,LIME,1,NASDAQ,1.0,0.1,0.1,1.0,1.0,LIME,LIME
2025-09-16,455850,반소부,6,14240.0,16.0,LIME,1,KOSPI,1.0,0.08,0.08,1.0,1.0,LIME,LIME
2025-09-17,0023A0,양자컴,1,20145.0,16.0,GREEN,1,NASDAQ,1.0,0.31,0.31,1.0,1.0,LIME,LIME
2025-09-17,THD,THD,2,60.900638580322266,16.0,GREEN,1,NASDAQ,1.0,0.25,0.25,1.0,1.0,LIME,LIME
2025-09-17,091160,반도체,3,43270.0,16.0,LIME,1,KOSPI,1.0,0.16,0.16,1.0,1.0,LIME,LIME
2025-09-17,455850,반소부,4,14080.0,16.0,LIME,1,KOSPI,1.0,0.1,0.1,1.0,1.0,LIME,LIME
2025-09-17,446770,톱반도,5,34283.0,16.0,LIME,1,NASDAQ,1.0,0.1,0.1,1.0,1.0,LIME,LIME
2025-09-17,ARKK,ARKK,6,80.66999816894531,16.0,LIME,1,NASDAQ,1.0,0.08,0.08,1.0,1.0,LIME,LIME
2025-09-18,0023A0,양자컴,1,22063.0,16.0,GREEN,1,NASDAQ,1.0,0.31,0.31,1.0,1.0,LIME,LIME
2025-09-18,LIT,LIT,2,52.37777328491211,16.0,LIME,1,NASDAQ,1.0,0.25,0.25,1.0,1.0,LIME,LIME
2025-09-18,455850,반소부,3,14540.0,16.0,LIME,1,KOSPI,1.0,0.16,0.16,1.0,1.0,LIME,LIME
2025-09-18,091160,반도체,4,44950.0,16.0,LIME,1,KOSPI,1.0,0.1,0.1,1.0,1.0,LIME,LIME
2025-09-18,CARZ,CARZ,5,70.7517318725586,16.0,LIME,1,NASDAQ,1.0,0.1,0.1,1.0,1.0,LIME,LIME
2025-09-18,446770,톱반도,6,34712.0,16.0,LIME,1,NASDAQ,1.0,0.08,0.08,1.0,1.0,LIME,LIME
2025-09-19,0023A0,양자컴,1,22698.0,16.0,GREEN,1,NASDAQ,1.0,0.31,0.31,1.0,1.0,LIME,LIME
2025-09-19,LIT,LIT,2,52.70687484741211,16.0,LIME,1,NASDAQ,1.0,0.25,0.25,1.0,1.0,LIME,LIME
2025-09-19,455850,반소부,3,14630.0,16.0,LIME,1,KOSPI,1.0,0.16,0.16,1.0,1.0,LIME,LIME
2025-09-19,091160,반도체,4,45150.0,16.0,LIME,1,KOSPI,1.0,0.1,0.1,1.0,1.0,LIME,LIME
2025-09-19,ARKK,ARKK,5,84.95999908447266,16.0,LIME,1,NASDAQ,1.0,0.1,0.1,1.0,1.0,LIME,LIME
2025-09-19,446770,톱반도,6,35414.0,16.0,LIME,1,NASDAQ,1.0,0.08,0.08,1.0,1.0,LIME,LIME
2025-09-22,0023A0,양자컴,1,24781.0,16.0,GREEN,1,NASDAQ,1.0,0.31,0.31,1.0,1.0,LIME,LIME
2025-09-22,LIT,LIT,2,52.956199645996094,16.0,LIME,1,NASDAQ,1.0,0.25,0.25,1.0,1.0,LIME,LIME
2025-09-22,091160,반도체,3,46265.0,16.0,LIME,1,KOSPI,1.0,0.16,0.16,1.0,1.0,LIME,LIME
2025-09-22,ARKK,ARKK,4,84.69000244140625,16.0,LIME,1,NASDAQ,1.0,0.1,0.1,1.0,1.0,LIME,LIME
2025-09-22,CARZ,CARZ,5,71.75390625,16.0,LIME,1,NASDAQ,1.0,0.1,0.1,1.0,1.0,LIME,LIME
2025-09-22,455850,반소부,6,14850.0,16.0,LIME,1,KOSPI,1.0,0.08,0.08,1.0,1.0,LIME,LIME
2025-09-23,0023A0,양자컴,1,23937.0,16.0,GREEN,1,NASDAQ,1.0,0.31,0.31,1.0,1.0,LIME,LIME
2025-09-23,LIT,LIT,2,52.94622802734375,16.0,LIME,1,NASDAQ,1.0,0.25,0.25,1.0,1.0,LIME,LIME
2025-09-23,091160,반도체,3,46930.0,16.0,LIME,1,KOSPI,1.0,0.16,0.16,1.0,1.0,LIME,LIME
2025-09-23,446770,톱반도,4,36505.0,16.0,LIME,1,NASDAQ,1.0,0.1,0.1,1.0,1.0,LIME,LIME
2025-09-23,455850,반소부,5,14880.0,16.0,LIME,1,KOSPI,1.0,0.1,0.1,1.0,1.0,LIME,LIME
2025-09-23,CARZ,CARZ,6,71.55740356445312,16.0,LIME,1,NASDAQ,1.0,0.08,0.08,1.0,1.0,LIME,LIME
2025-09-24,0023A0,양자컴,1,25456.0,16.0,GREEN,1,NASDAQ,1.0,0.31,0.31,1.0,1.0,LIME,LIME
2025-09-24,LIT,LIT,2,54.99067687988281,16.0,LIME,1,NASDAQ,1.0,0.25,0.25,1.0,1.0,LIME,LIME
2025-09-24,091160,반도체,3,47150.0,16.0,LIME,1,KOSPI,1.0,0.16,0.16,1.0,1.0,LIME,LIME
2025-09-24,455850,반소부,4,14975.0,16.0,LIME,1,KOSPI,1.0,0.1,0.1,1.0,1.0,LIME,LIME
2025-09-24,SLV,SLV,5,39.81999969482422,16.0,LIME,1,FIXED,1.0,0.1,0.1,1.0,1.0,LIME,LIME
2025-09-24,446770,톱반도,6,36660.0,16.0,LIME,1,NASDAQ,1.0,0.08,0.08,1.0,1.0,LIME,LIME
2025-09-25,0023A0,양자컴,1,25166.0,16.0,GREEN,1,NASDAQ,1.0,0.31,0.31,1.0,1.0,LIME,LIME
2025-09-25,LIT,LIT,2,55.798484802246094,16.0,LIME,1,NASDAQ,1.0,0.25,0.25,1.0,1.0,LIME,LIME
2025-09-25,091160,반도체,3,46600.0,16.0,LIME,1,KOSPI,1.0,0.16,0.16,1.0,1.0,LIME,LIME
2025-09-25,SLV,SLV,4,41.02999877929688,16.0,LIME,1,FIXED,1.0,0.1,0.1,1.0,1.0,LIME,LIME
2025-09-25,446770,톱반도,5,36450.0,16.0,LIME,1,NASDAQ,1.0,0.1,0.1,1.0,1.0,LIME,LIME
2025-09-25,455850,반소부,6,14695.0,15.0,LIME,2,KOSPI,1.0,0.08,0.08,1.0,1.0,LIME,LIME
2025-09-26,0023A0,양자컴,1,25176.0,16.0,GREEN,1,NASDAQ,1.0,0.31,0.31,1.0,1.0,LIME,LIME
2025-09-26,LIT,LIT,2,55.39956665039063,16.0,LIME,1,NASDAQ,1.0,0.25,0.25,1.0,1.0,LIME,LIME
2025-09-26,SLV,SLV,3,41.86000061035156,16.0,LIME,1,FIXED,1.0,0.16,0.16,1.0,1.0,LIME,LIME
2025-09-26,411060,금현물,4,25225.0,16.0,LIME,1,FIXED,1.0,0.1,0.1,1.0,1.0,LIME,LIME
2025-09-26,478150,우주방,5,19407.0,16.0,LIME,1,NASDAQ,1.0,0.1,0.1,1.0,1.0,LIME,LIME
2025-09-26,446770,톱반도,6,36012.0,15.0,LIME,2,NASDAQ,1.0,0.08,0.08,1.0,1.0,LIME,LIME
2025-09-29,REMX,REMX,1,64.36519622802734,16.0,LIME,1,FIXED,1.0,0.31,0.31,1.0,1.0,LIME,LIME
2025-09-29,LIT,LIT,2,56.34699249267578,16.0,LIME,1,NASDAQ,1.0,0.25,0.25,1.0,1.0,LIME,LIME
2025-09-29,SLV,SLV,3,42.5,16.0,LIME,1,FIXED,1.0,0.16,0.16,1.0,1.0,LIME,LIME
2025-09-29,411060,금현물,4,26150.0,16.0,LIME,1,FIXED,1.0,0.1,0.1,1.0,1.0,LIME,LIME
2025-09-29,0023A0,양자컴,5,25151.0,15.75,GREEN,1,NASDAQ,1.0,0.1,0.1,1.0,1.0,LIME,LIME
2025-09-29,478150,우주방,6,19422.0,16.0,LIME,1,NASDAQ,1.0,0.08,0.08,1.0,1.0,LIME,LIME
2025-09-30,LIT,LIT,1,56.696044921875,16.0,LIME,1,NASDAQ,1.0,0.31,0.31,0.4,1.0,-,LIME
2025-09-30,411060,금현물,2,27400.0,16.0,LIME,1,FIXED,1.0,0.25,0.25,0.4,1.0,-,LIME
2025-09-30,SLV,SLV,3,42.369998931884766,16.0,LIME,1,FIXED,1.0,0.16,0.16,0.4,1.0,-,LIME
2025-09-30,371160,항셈테,4,9943.0,15.75,LIME,1,NASDAQ,1.0,0.1,0.1,0.4,1.0,-,LIME
2025-09-30,478150,우주방,5,19556.0,16.0,LIME,1,NASDAQ,1.0,0.1,0.1,0.4,1.0,-,LIME
2025-09-30,REMX,REMX,6,64.64017486572266,14.75,LIME,2,FIXED,1.0,0.08,0.08,0.4,1.0,-,LIME
2025-10-01,LIT,LIT,1,57.41409683227539,16.0,LIME,1,NASDAQ,1.0,0.31,0.31,0.4,1.0,-,LIME
2025-10-01,411060,금현물,2,26990.0,16.0,LIME,1,FIXED,1.0,0.25,0.25,0.4,1.0,-,LIME
2025-10-01,SLV,SLV,3,42.90999984741211,16.0,LIME,1,FIXED,1.0,0.16,0.16,0.4,1.0,-,LIME
2025-10-01,371160,항셈테,4,10038.0,15.75,LIME,1,NASDAQ,1.0,0.1,0.1,0.4,1.0,-,LIME
2025-10-01,XBI,XBI,5,101.05567932128906,16.0,GREEN,1,NASDAQ,1.0,0.1,0.1,0.4,1.0,-,LIME
2025-10-01,478150,우주방,6,19865.0,16.0,LIME,1,NASDAQ,1.0,0.08,0.08,0.4,1.0,-,LIME
2025-10-02,LIT,LIT,1,58.271766662597656,16.0,LIME,1,NASDAQ,1.0,0.31,0.31,0.4,1.0,-,LIME
2025-10-02,SLV,SLV,2,42.52999877929688,16.0,LIME,1,FIXED,1.0,0.25,0.25,0.4,1.0,-,LIME
2025-10-02,ARKK,ARKK,3,89.22000122070312,16.0,LIME,1,NASDAQ,1.0,0.16,0.16,0.4,1.0,-,LIME
2025-10-02,371160,항셈테,4,10366.0,15.75,LIME,1,NASDAQ,1.0,0.1,0.1,0.4,1.0,-,LIME
2025-10-02,XBI,XBI,5,102.25171661376952,16.0,LIME,1,NASDAQ,1.0,0.1,0.1,0.4,1.0,-,LIME
2025-10-02,478150,우주방,6,19915.0,16.0,LIME,1,NASDAQ,1.0,0.08,0.08,0.4,1.0,-,LIME
2025-10-03,LIT,LIT,1,58.720550537109375,16.0,LIME,1,NASDAQ,1.0,0.31,0.31,0.4,1.0,-,LIME
2025-10-03,SLV,SLV,2,43.52000045776367,16.0,LIME,1,FIXED,1.0,0.25,0.25,0.4,1.0,-,LIME
2025-10-03,ARKK,ARKK,3,88.31999969482422,16.0,LIME,1,NASDAQ,1.0,0.16,0.16,0.4,1.0,-,LIME
2025-10-03,EZA,EZA,4,61.68502426147461,16.0,LIME,1,NASDAQ,1.0,0.1,0.1,0.4,1.0,-,LIME
2025-10-03,SMH,SMH,5,335.6356201171875,16.0,LIME,1,NASDAQ,1.0,0.1,0.1,0.4,1.0,-,LIME
2025-10-03,XBI,XBI,6,103.25839233398438,16.0,LIME,1,NASDAQ,1.0,0.08,0.08,0.4,1.0,-,LIME
2025-10-06,REMX,REMX,1,72.73246765136719,16.0,LIME,1,FIXED,1.0,0.31,0.31,0.4,1.0,-,LIME
2025-10-06,LIT,LIT,2,59.42862701416016,16.0,LIME,1,NASDAQ,1.0,0.25,0.25,0.4,1.0,-,LIME
2025-10-06,SLV,SLV,3,44.060001373291016,16.0,LIME,1,FIXED,1.0,0.16,0.16,0.4,1.0,-,LIME
2025-10-06,ARKK,ARKK,4,91.58999633789062,16.0,LIME,1,NASDAQ,1.0,0.1,0.1,0.4,1.0,-,LIME
2025-10-06,EZA,EZA,5,61.93154144287109,16.0,LIME,1,NASDAQ,1.0,0.1,0.1,0.4,1.0,-,LIME
2025-10-06,SMH,SMH,6,342.3148498535156,16.0,LIME,1,NASDAQ,1.0,0.08,0.08,0.4,1.0,-,LIME
2025-10-07,REMX,REMX,1,72.42803192138672,16.0,LIME,1,FIXED,1.0,0.31,0.31,0.4,0.4,-,-
2025-10-07,LIT,LIT,2,58.60087203979492,16.0,LIME,1,NASDAQ,0.6,0.25,0.15,0.4,0.4,-,-
2025-10-07,SLV,SLV,3,43.38999938964844,16.0,LIME,1,FIXED,1.0,0.16,0.16,0.4,0.4,-,-
2025-10-07,ARKK,ARKK,4,89.11000061035156,16.0,-,1,NASDAQ,0.6,0.1,0.06,0.4,0.4,-,-
2025-10-07,XBI,XBI,5,103.33812713623048,16.0,LIME,1,NASDAQ,0.6,0.1,0.06,0.4,0.4,-,-
2025-10-07,EZA,EZA,6,61.42903518676758,15.0,LIME,2,NASDAQ,0.55,0.08,0.044,0.4,0.4,-,-
2025-10-08,REMX,REMX,1,73.21369171142578,16.0,LIME,1,FIXED,1.0,0.31,0.31,0.4,0.4,-,-
2025-10-08,LIT,LIT,2,59.52835464477539,16.0,LIME,1,NASDAQ,0.6,0.25,0.15,0.4,0.4,-,-
2025-10-08,SLV,SLV,3,44.560001373291016,16.0,LIME,1,FIXED,1.0,0.16,0.16,0.4,0.4,-,-
2025-10-08,ARKK,ARKK,4,92.52999877929688,16.0,-,1,NASDAQ,0.6,0.1,0.06,0.4,0.4,-,-
2025-10-08,CARZ,CARZ,5,75.21676635742188,16.0,-,1,NASDAQ,0.6,0.1,0.06,0.4,0.4,-,-
2025-10-08,XBI,XBI,6,105.09232330322266,16.0,LIME,1,NASDAQ,0.6,0.08,0.048,0.4,0.4,-,-
2025-10-09,REMX,REMX,1,73.43956756591797,16.0,LIME,1,FIXED,1.0,0.31,0.31,0.4,0.4,-,-
2025-10-09,SLV,SLV,2,44.709999084472656,16.0,LIME,1,FIXED,1.0,0.25,0.25,0.4,0.4,-,-
2025-10-09,ARKK,ARKK,3,91.66000366210938,16.0,-,1,NASDAQ,0.6,0.16,0.096,0.4,0.4,-,-
2025-10-09,XBI,XBI,4,106.16876220703124,16.0,LIME,1,NASDAQ,0.6,0.1,0.06,0.4,0.4,-,-
2025-10-09,PTF,PTF,5,80.88999938964844,16.0,-,1,NASDAQ,0.6,0.1,0.06,0.4,0.4,-,-
2025-10-09,LIT,LIT,6,58.95989608764648,15.0,LIME,2,NASDAQ,0.55,0.08,0.044,0.4,0.4,-,-
2025-10-10,SLV,SLV,1,45.43000030517578,16.0,LIME,1,FIXED,1.0,0.31,0.31,1.0,1.0,LIME,LIME
2025-10-10,478150,우주방,2,20373.0,16.0,LIME,1,NASDAQ,1.0,0.25,0.25,1.0,1.0,LIME,LIME
2025-10-10,GLD,GLD,3,369.1199951171875,16.0,-,1,FIXED,1.0,0.16,0.16,1.0,1.0,LIME,LIME
2025-10-10,XBI,XBI,4,104.64380645751952,16.0,LIME,1,NASDAQ,1.0,0.1,0.1,1.0,1.0,LIME,LIME
2025-10-10,VNM,VNM,5,18.94078063964844,15.5,LIME,1,NASDAQ,1.0,0.1,0.1,1.0,1.0,LIME,LIME
2025-10-10,REMX,REMX,6,68.22474670410156,14.0,-,3,FIXED,1.0,0.08,0.08,1.0,1.0,LIME,LIME
2025-10-13,SLV,SLV,1,47.2599983215332,16.0,LIME,1,FIXED,1.0,0.31,0.31,1.0,0.4,LIME,-
2025-10-13,446770,톱반도,2,40057.0,16.0,LIME,1,NASDAQ,0.6,0.25,0.15,1.0,0.4,LIME,-
2025-10-13,VNM,VNM,3,19.54952049255371,16.0,LIME,1,NASDAQ,0.6,0.16,0.096,1.0,0.4,LIME,-
2025-10-13,GLD,GLD,4,378.0899963378906,16.0,-,1,FIXED,1.0,0.1,0.1,1.0,0.4,LIME,-
2025-10-13,XBI,XBI,5,104.92288208007812,16.0,LIME,1,NASDAQ,0.6,0.1,0.06,1.0,0.4,LIME,-
2025-10-13,478150,우주방,6,20199.0,16.0,LIME,1,NASDAQ,0.6,0.08,0.048,1.0,0.4,LIME,-
2025-10-14,091160,반도체,1,50880.0,16.0,-,1,KOSPI,1.0,0.31,0.31,1.0,0.4,LIME,-
2025-10-14,SLV,SLV,2,46.79999923706055,16.0,LIME,1,FIXED,1.0,0.25,0.25,1.0,0.4,LIME,-
2025-10-14,446770,톱반도,3,40157.0,16.0,LIME,1,NASDAQ,0.6,0.16,0.096,1.0,0.4,LIME,-
2025-10-14,VNM,VNM,4,19.649314880371094,16.0,LIME,1,NASDAQ,0.6,0.1,0.06,1.0,0.4,LIME,-
2025-10-14,GLD,GLD,5,380.7900085449219,16.0,-,1,FIXED,1.0,0.1,0.1,1.0,0.4,LIME,-
2025-10-14,478150,우주방,6,20303.0,16.0,LIME,1,NASDAQ,0.6,0.08,0.048,1.0,0.4,LIME,-
2025-10-15,0023A0,양자컴,1,33395.0,16.0,GREEN,1,NASDAQ,0.6,0.31,0.186,1.0,0.4,LIME,-
2025-10-15,411060,금현물,2,32015.0,16.0,-,1,FIXED,1.0,0.25,0.25,1.0,0.4,LIME,-
2025-10-15,091160,반도체,3,52950.0,16.0,-,1,KOSPI,1.0,0.16,0.16,1.0,0.4,LIME,-
2025-10-15,SLV,SLV,4,48.33000183105469,16.0,LIME,1,FIXED,1.0,0.1,0.1,1.0,0.4,LIME,-
2025-10-15,455850,반소부,5,16410.0,16.0,LIME,1,KOSPI,1.0,0.1,0.1,1.0,0.4,LIME,-
2025-10-15,VNM,VNM,6,19.379871368408203,16.0,LIME,1,NASDAQ,0.6,0.08,0.048,1.0,0.4,LIME,-
2025-10-16,0023A0,양자컴,1,33085.0,16.0,GREEN,1,NASDAQ,0.6,0.31,0.186,1.0,0.4,LIME,-
2025-10-16,411060,금현물,2,30710.0,16.0,-,1,FIXED,1.0,0.25,0.25,1.0,0.4,LIME,-
2025-10-16,091160,반도체,3,54040.0,16.0,-,1,KOSPI,1.0,0.16,0.16,1.0,0.4,LIME,-
2025-10-16,SLV,SLV,4,49.16999816894531,16.0,LIME,1,FIXED,1.0,0.1,0.1,1.0,0.4,LIME,-
2025-10-16,455850,반소부,5,16640.0,16.0,LIME,1,KOSPI,1.0,0.1,0.1,1.0,0.4,LIME,-
2025-10-16,VNM,VNM,6,19.59941673278809,16.0,LIME,1,NASDAQ,0.6,0.08,0.048,1.0,0.4,LIME,-
2025-10-17,411060,금현물,1,31275.0,16.0,-,1,FIXED,1.0,0.31,0.31,1.0,0.4,LIME,-
2025-10-17,091160,반도체,2,53890.0,16.0,-,1,KOSPI,1.0,0.25,0.25,1.0,0.4,LIME,-
2025-10-17,455850,반소부,3,16455.0,16.0,LIME,1,KOSPI,1.0,0.16,0.16,1.0,0.4,LIME,-
2025-10-17,GLD,GLD,4,388.989990234375,16.0,-,1,FIXED,1.0,0.1,0.1,1.0,0.4,LIME,-
2025-10-17,241180,니케이,5,27091.0,16.0,-,1,NASDAQ,0.6,0.1,0.06,1.0,0.4,LIME,-
2025-10-17,SLV,SLV,6,46.9900016784668,15.0,-,2,FIXED,1.0,0.08,0.08,1.0,0.4,LIME,-
2025-10-20,091160,반도체,1,55145.0,16.0,-,1,KOSPI,1.0,0.31,0.31,1.0,0.4,LIME,-
2025-10-20,455850,반소부,2,16650.0,16.0,LIME,1,KOSPI,1.0,0.25,0.25,1.0,0.4,LIME,-
2025-10-20,GLD,GLD,3,403.1499938964844,16.0,LIME,1,FIXED,1.0,0.16,0.16,1.0,0.4,LIME,-
2025-10-20,XBI,XBI,4,109.80672454833984,16.0,LIME,1,NASDAQ,0.6,0.1,0.06,1.0,0.4,LIME,-
2025-10-20,139230,조선주,5,13528.0,16.0,LIME,1,KOSPI,1.0,0.1,0.1,1.0,0.4,LIME,-
2025-10-20,241180,니케이,6,27822.0,16.0,LIME,1,NASDAQ,0.6,0.08,0.048,1.0,0.4,LIME,-
2025-10-21,091160,반도체,1,54550.0,16.0,-,1,KOSPI,1.0,0.31,0.31,1.0,0.4,LIME,-
2025-10-21,446770,톱반도,2,42464.0,16.0,LIME,1,NASDAQ,0.6,0.25,0.15,1.0,0.4,LIME,-
2025-10-21,139230,조선주,3,13868.0,16.0,LIME,1,KOSPI,1.0,0.16,0.16,1.0,0.4,LIME,-
2025-10-21,XBI,XBI,4,109.19873809814452,16.0,LIME,1,NASDAQ,0.6,0.1,0.06,1.0,0.4,LIME,-
2025-10-21,241180,니케이,5,27762.0,16.0,LIME,1,NASDAQ,0.6,0.1,0.06,1.0,0.4,LIME,-
2025-10-21,455850,반소부,6,16450.0,15.0,LIME,2,KOSPI,1.0,0.08,0.08,1.0,0.4,LIME,-
2025-10-22,091160,반도체,1,55045.0,16.0,-,1,KOSPI,1.0,0.31,0.31,1.0,0.4,LIME,-
2025-10-22,446770,톱반도,2,42151.0,16.0,LIME,1,NASDAQ,0.6,0.25,0.15,1.0,0.4,LIME,-
2025-10-22,139230,조선주,3,14292.0,16.0,LIME,1,KOSPI,1.0,0.16,0.16,1.0,0.4,LIME,-
2025-10-22,069500,코스피,4,54234.0,16.0,LIME,1,KOSPI,1.0,0.1,0.1,1.0,0.4,LIME,-
2025-10-22,241180,니케이,5,27812.0,16.0,LIME,1,NASDAQ,0.6,0.1,0.06,1.0,0.4,LIME,-
2025-10-22,455850,반소부,6,16645.0,15.0,-,1,KOSPI,1.0,0.08,0.08,1.0,0.4,LIME,-
2025-10-23,139230,조선주,1,14397.0,16.0,LIME,1,KOSPI,1.0,0.31,0.31,1.0,0.4,LIME,-
2025-10-23,091160,반도체,2,54685.0,15.75,-,1,KOSPI,1.0,0.25,0.25,1.0,0.4,LIME,-
2025-10-23,305720,이차전,3,15190.0,16.0,LIME,1,KOSPI,1.0,0.16,0.16,1.0,0.4,LIME,-
2025-10-23,434730,원자력,4,44595.0,16.0,LIME,1,KOSPI,1.0,0.1,0.1,1.0,0.4,LIME,-
2025-10-23,069500,코스피,5,53661.0,16.0,LIME,1,KOSPI,1.0,0.1,0.1,1.0,0.4,LIME,-
2025-10-23,446770,톱반도,6,41647.0,15.0,LIME,2,NASDAQ,0.55,0.08,0.044,1.0,0.4,LIME,-
2025-10-24,305720,이차전,1,16570.0,16.0,LIME,1,KOSPI,1.0,0.31,0.31,1.0,0.4,LIME,-
2025-10-24,139230,조선주,2,14766.0,16.0,LIME,1,KOSPI,1.0,0.25,0.25,1.0,0.4,LIME,-
2025-10-24,091160,반도체,3,56360.0,15.75,LIME,1,KOSPI,1.0,0.16,0.16,1.0,0.4,LIME,-
2025-10-24,434730,원자력,4,46710.0,16.0,LIME,1,KOSPI,1.0,0.1,0.1,1.0,0.4,LIME,-
2025-10-24,069500,코스피,5,55062.0,16.0,LIME,1,KOSPI,1.0,0.1,0.1,1.0,0.4,LIME,-
2025-10-24,446770,톱반도,6,42688.0,15.0,LIME,1,NASDAQ,0.6,0.08,0.048,1.0,0.4,LIME,-
2025-10-27,139230,조선주,1,15410.0,16.0,LIME,1,KOSPI,1.0,0.31,0.31,1.0,1.0,LIME,LIME
2025-10-27,091160,반도체,2,57630.0,15.75,LIME,1,KOSPI,1.0,0.25,0.25,1.0,1.0,LIME,LIME
2025-10-27,305720,이차전,3,16630.0,16.0,LIME,1,KOSPI,1.0,0.16,0.16,1.0,1.0,LIME,LIME
2025-10-27,069500,코스피,4,56576.0,16.0,LIME,1,KOSPI,1.0,0.1,0.1,1.0,1.0,LIME,LIME
2025-10-27,434730,원자력,5,47460.0,16.0,LIME,1,KOSPI,1.0,0.1,0.1,1.0,1.0,LIME,LIME
2025-10-27,446770,톱반도,6,43839.0,15.0,LIME,1,NASDAQ,1.0,0.08,0.08,1.0,1.0,LIME,LIME
2025-10-28,139230,조선주,1,15575.0,16.0,LIME,1,KOSPI,1.0,0.31,0.31,1.0,1.0,LIME,LIME
2025-10-28,305720,이차전,2,17100.0,16.0,LIME,1,KOSPI,1.0,0.25,0.25,1.0,1.0,LIME,LIME
2025-10-28,091160,반도체,3,56375.0,15.75,LIME,1,KOSPI,1.0,0.16,0.16,1.0,1.0,LIME,LIME
2025-10-28,434730,원자력,4,48500.0,16.0,LIME,1,KOSPI,1.0,0.1,0.1,1.0,1.0,LIME,LIME
2025-10-28,377990,신재생,5,18960.0,16.0,LIME,1,KOSPI,1.0,0.1,0.1,1.0,1.0,LIME,LIME
2025-10-28,069500,코스피,6,56013.0,16.0,LIME,1,KOSPI,1.0,0.08,0.08,1.0,1.0,LIME,LIME
2025-10-29,091160,반도체,1,57890.0,16.0,LIME,1,KOSPI,1.0,0.31,0.31,1.0,1.0,LIME,LIME
2025-10-29,446770,톱반도,2,45349.0,16.0,LIME,1,NASDAQ,1.0,0.25,0.25,1.0,1.0,LIME,LIME
2025-10-29,455850,반소부,3,17460.0,16.0,LIME,1,KOSPI,1.0,0.16,0.16,1.0,1.0,LIME,LIME
2025-10-29,139230,조선주,4,15940.0,16.0,LIME,1,KOSPI,1.0,0.1,0.1,1.0,1.0,LIME,LIME
2025-10-29,305720,이차전,5,17245.0,16.0,LIME,1,KOSPI,1.0,0.1,0.1,1.0,1.0,LIME,LIME
2025-10-29,434730,원자력,6,51030.0,16.0,LIME,1,KOSPI,1.0,0.08,0.08,1.0,1.0,LIME,LIME
2025-10-30,091160,반도체,1,58480.0,16.0,LIME,1,KOSPI,1.0,0.31,0.31,1.0,1.0,LIME,LIME
2025-10-30,446770,톱반도,2,45864.0,16.0,LIME,1,NASDAQ,1.0,0.25,0.25,1.0,1.0,LIME,LIME
2025-10-30,455850,반소부,3,17490.0,16.0,LIME,1,KOSPI,1.0,0.16,0.16,1.0,1.0,LIME,LIME
2025-10-30,139230,조선주,4,16000.0,16.0,LIME,1,KOSPI,1.0,0.1,0.1,1.0,1.0,LIME,LIME
2025-10-30,434730,원자력,5,50580.0,16.0,LIME,1,KOSPI,1.0,0.1,0.1,1.0,1.0,LIME,LIME
2025-10-30,305720,이차전,6,16500.0,15.0,-,2,KOSPI,1.0,0.08,0.08,1.0,1.0,LIME,LIME
2025-10-31,091160,반도체,1,58740.0,16.0,LIME,1,KOSPI,1.0,0.31,0.31,1.0,1.0,LIME,LIME
2025-10-31,446770,톱반도,2,45704.0,16.0,LIME,1,NASDAQ,1.0,0.25,0.25,1.0,1.0,LIME,LIME
2025-10-31,LIT,LIT,3,62.1512336730957,16.0,LIME,1,NASDAQ,1.0,0.16,0.16,1.0,1.0,LIME,LIME
2025-10-31,455850,반소부,4,17700.0,16.0,LIME,1,KOSPI,1.0,0.1,0.1,1.0,1.0,LIME,LIME
2025-10-31,139230,조선주,5,15770.0,16.0,LIME,1,KOSPI,1.0,0.1,0.1,1.0,1.0,LIME,LIME
2025-10-31,434730,원자력,6,50250.0,16.0,LIME,1,KOSPI,1.0,0.08,0.08,1.0,1.0,LIME,LIME
2025-11-03,091160,반도체,1,61050.0,16.0,LIME,1,KOSPI,1.0,0.31,0.31,1.0,1.0,LIME,LIME
2025-11-03,446770,톱반도,2,46703.0,16.0,LIME,1,NASDAQ,1.0,0.25,0.25,1.0,1.0,LIME,LIME
2025-11-03,377990,신재생,3,20810.0,16.0,LIME,1,KOSPI,1.0,0.16,0.16,1.0,1.0,LIME,LIME
2025-11-03,434730,원자력,4,52980.0,16.0,LIME,1,KOSPI,1.0,0.1,0.1,1.0,1.0,LIME,LIME
2025-11-03,455850,반소부,5,17820.0,16.0,LIME,1,KOSPI,1.0,0.1,0.1,1.0,1.0,LIME,LIME
2025-11-03,139230,조선주,6,16160.0,16.0,LIME,1,KOSPI,1.0,0.08,0.08,1.0,1.0,LIME,LIME
2025-11-04,091160,반도체,1,60095.0,16.0,LIME,1,KOSPI,0.6,0.31,0.186,0.4,1.0,-,LIME
2025-11-04,455850,반소부,2,18120.0,16.0,LIME,1,KOSPI,0.6,0.25,0.15,0.4,1.0,-,LIME
2025-11-04,377990,신재생,3,20540.0,16.0,LIME,1,KOSPI,0.6,0.16,0.096,0.4,1.0,-,LIME
2025-11-04,434730,원자력,4,52345.0,16.0,LIME,1,KOSPI,0.6,0.1,0.06,0.4,1.0,-,LIME
2025-11-04,469070,ai로봇,5,13295.0,16.0,LIME,1,KOSPI,0.6,0.1,0.06,0.4,1.0,-,LIME
2025-11-04,139230,조선주,6,16000.0,16.0,LIME,1,KOSPI,0.6,0.08,0.048,0.4,1.0,-,LIME
2025-11-05,244580,바이오,1,11480.0,16.0,LIME,1,KOSPI,0.6,0.31,0.186,0.4,0.4,-,-
2025-11-05,091160,반도체,2,58170.0,15.0,-,2,KOSPI,0.55,0.25,0.1375,0.4,0.4,-,-
2025-11-05,229200,코스닥,3,15635.0,15.75,LIME,1,KOSPI,0.6,0.16,0.096,0.4,0.4,-,-
2025-11-05,ICLN,ICLN,4,17.96026611328125,15.0,-,1,NASDAQ,0.6,0.1,0.06,0.4,0.4,-,-
2025-11-05,469070,ai로봇,5,12495.0,15.0,-,2,KOSPI,0.55,0.1,0.055,0.4,0.4,-,-
2025-11-05,377990,신재생,6,19380.0,14.5,-,2,KOSPI,0.5,0.08,0.04,0.4,0.4,-,-
2025-11-06,ICLN,ICLN,1,17.6328125,15.0,-,1,NASDAQ,0.6,0.31,0.186,0.4,0.4,-,-
2025-11-06,244580,바이오,2,11315.0,15.0,LIME,2,KOSPI,0.55,0.25,0.1375,0.4,0.4,-,-
2025-11-06,229200,코스닥,3,15620.0,15.0,LIME,2,KOSPI,0.55,0.16,0.088,0.4,0.4,-,-
2025-11-06,TAN,TAN,4,50.2400016784668,14.0,LIME,1,NASDAQ,0.55,0.1,0.055,0.4,0.4,-,-
2025-11-06,EWZ,EWZ,5,30.95531463623047,15.0,LIME,1,NASDAQ,0.6,0.1,0.06,0.4,0.4,-,-
2025-11-06,091160,반도체,6,58910.0,13.75,-,2,KOSPI,0.45,0.08,0.036,0.4,0.4,-,-
2025-11-07,EWZ,EWZ,1,31.206512451171875,15.0,LIME,1,NASDAQ,0.6,0.31,0.186,0.4,0.4,-,-
2025-11-07,TAN,TAN,2,50.38999938964844,14.0,LIME,1,NASDAQ,0.55,0.25,0.1375,0.4,0.4,-,-
2025-11-07,ICLN,ICLN,3,17.52366065979004,14.0,-,2,NASDAQ,0.5,0.16,0.08,0.4,0.4,-,-
2025-11-07,EIS,EIS,4,101.84750366210938,14.0,LIME,1,NASDAQ,0.55,0.1,0.055,0.4,0.4,-,-
2025-11-07,244580,바이오,5,11130.0,13.75,LIME,2,KOSPI,0.45,0.1,0.045,0.4,0.4,-,-
2025-11-07,229200,코스닥,6,15185.0,12.75,-,3,KOSPI,0.4,0.08,0.032,0.4,0.4,-,-
2025-11-10,TAN,TAN,1,52.86000061035156,16.0,LIME,1,NASDAQ,0.6,0.31,0.186,0.4,0.4,-,-
2025-11-10,EWZ,EWZ,2,31.612293243408203,16.0,LIME,1,NASDAQ,0.6,0.25,0.15,0.4,0.4,-,-
2025-11-10,ICLN,ICLN,3,17.870960235595703,14.75,-,1,NASDAQ,0.55,0.16,0.088,0.4,0.4,-,-
2025-11-10,EIS,EIS,4,104.07514190673828,15.0,LIME,1,NASDAQ,0.6,0.1,0.06,0.4,0.4,-,-
2025-11-10,091170,은행주,5,12517.0,15.25,LIME,1,KOSPI,0.6,0.1,0.06,0.4,0.4,-,-
2025-11-10,244580,바이오,6,11175.0,12.5,LIME,2,KOSPI,0.4,0.08,0.032,0.4,0.4,-,-
2025-11-11,TAN,TAN,1,51.84999847412109,16.0,LIME,1,NASDAQ,0.6,0.31,0.186,0.4,0.4,-,-
2025-11-11,EWZ,EWZ,2,32.356224060058594,16.0,LIME,1,NASDAQ,0.6,0.25,0.15,0.4,0.4,-,-
2025-11-11,EIS,EIS,3,104.5701675415039,15.0,LIME,1,NASDAQ,0.6,0.16,0.096,0.4,0.4,-,-
2025-11-11,EWH,EWH,4,22.1101131439209,16.0,LIME,1,NASDAQ,0.6,0.1,0.06,0.4,0.4,-,-
2025-11-11,IBB,IBB,5,163.84298706054688,14.5,LIME,1,NASDAQ,0.55,0.1,0.055,0.4,0.4,-,-
2025-11-11,091170,은행주,6,12413.0,15.5,LIME,1,KOSPI,0.6,0.08,0.048,0.4,0.4,-,-
2025-11-12,EWZ,EWZ,1,32.095367431640625,16.0,LIME,1,NASDAQ,0.6,0.31,0.186,0.4,0.4,-,-
2025-11-12,EIS,EIS,2,106.07505798339844,16.0,LIME,1,NASDAQ,0.6,0.25,0.15,0.4,0.4,-,-
2025-11-12,XLV,XLV,3,151.54898071289062,15.75,LIME,1,NASDAQ,0.6,0.16,0.096,0.4,0.4,-,-
2025-11-12,EWH,EWH,4,22.42015838623047,16.0,LIME,1,NASDAQ,0.6,0.1,0.06,0.4,0.4,-,-
2025-11-12,091170,은행주,5,12857.0,15.75,LIME,1,KOSPI,0.6,0.1,0.06,0.4,0.4,-,-
2025-11-12,IBB,IBB,6,164.66151428222656,14.75,LIME,1,NASDAQ,0.55,0.08,0.044,0.4,0.4,-,-
2025-11-13,EWZ,EWZ,1,31.863489151000977,16.0,LIME,1,NASDAQ,0.6,0.31,0.186,0.4,0.4,-,-
2025-11-13,IBB,IBB,2,163.02447509765625,16.0,LIME,1,NASDAQ,0.6,0.25,0.15,0.4,0.4,-,-
2025-11-13,EIS,EIS,3,104.8869857788086,16.0,LIME,1,NASDAQ,0.6,0.16,0.096,0.4,0.4,-,-
2025-11-13,XLV,XLV,4,151.4696502685547,16.0,LIME,1,NASDAQ,0.6,0.1,0.06,0.4,0.4,-,-
2025-11-13,091170,은행주,5,12886.0,16.0,LIME,1,KOSPI,0.6,0.1,0.06,0.4,0.4,-,-
2025-11-13,EWH,EWH,6,22.177934646606445,16.0,LIME,1,NASDAQ,0.6,0.08,0.048,0.4,0.4,-,-
2025-11-14,IBB,IBB,1,163.8928985595703,16.0,LIME,1,NASDAQ,0.6,0.31,0.186,0.4,0.4,-,-
2025-11-14,XBI,XBI,2,113.63406372070312,15.5,LIME,1,NASDAQ,0.6,0.25,0.15,0.4,0.4,-,-
2025-11-14,EWZ,EWZ,3,32.05671691894531,15.75,LIME,1,NASDAQ,0.6,0.16,0.096,0.4,0.4,-,-
2025-11-14,LIT,LIT,4,63.59730529785156,15.0,LIME,1,NASDAQ,0.6,0.1,0.06,0.4,0.4,-,-
2025-11-14,XLV,XLV,5,150.5672149658203,16.0,LIME,1,NASDAQ,0.6,0.1,0.06,0.4,0.4,-,-
2025-11-14,EIS,EIS,6,104.47115325927734,15.0,LIME,2,NASDAQ,0.55,0.08,0.044,0.4,0.4,-,-
2025-11-17,LIT,LIT,1,63.55741500854492,15.75,LIME,1,NASDAQ,0.6,0.31,0.186,0.4,0.4,-,-
2025-11-17,XBI,XBI,2,114.45136260986328,16.0,LIME,1,NASDAQ,0.6,0.25,0.15,0.4,0.4,-,-
2025-11-17,244580,바이오,3,12215.0,16.0,LIME,1,KOSPI,0.6,0.16,0.096,0.4,0.4,-,-
2025-11-17,IBB,IBB,4,164.96095275878906,16.0,LIME,1,NASDAQ,0.6,0.1,0.06,0.4,0.4,-,-
2025-11-17,EWZ,EWZ,5,31.670259475708008,14.5,LIME,2,NASDAQ,0.5,0.1,0.05,0.4,0.4,-,-
2025-11-17,XLV,XLV,6,150.43829345703125,14.75,LIME,2,NASDAQ,0.5,0.08,0.04,0.4,0.4,-,-
2025-11-18,244580,바이오,1,11980.0,16.0,LIME,1,KOSPI,0.6,0.31,0.186,0.4,0.1,-,PURPLE
2025-11-18,XBI,XBI,2,114.80020904541016,16.0,LIME,1,NASDAQ,0.24,0.25,0.06,0.4,0.1,-,PURPLE
2025-11-18,IBB,IBB,3,166.16876220703125,16.0,LIME,1,NASDAQ,0.24,0.16,0.0384,0.4,0.1,-,PURPLE
2025-11-18,LIT,LIT,4,62.35069274902344,15.0,LIME,2,NASDAQ,0.22,0.1,0.022,0.4,0.1,-,PURPLE
2025-11-18,453810,인디아,5,14557.0,14.75,-,1,NASDAQ,0.22,0.1,0.022,0.4,0.1,-,PURPLE
2025-11-18,XLV,XLV,6,151.32089233398438,14.5,LIME,1,NASDAQ,0.22,0.08,0.0176,0.4,0.1,-,PURPLE
2025-11-19,XBI,XBI,1,114.12245178222656,16.0,LIME,1,NASDAQ,0.24,0.31,0.0744,0.4,0.1,-,PURPLE
2025-11-19,IBB,IBB,2,164.92103576660156,16.0,-,1,NASDAQ,0.24,0.25,0.06,0.4,0.1,-,PURPLE
2025-11-19,244580,바이오,3,11720.0,14.5,-,2,KOSPI,0.5,0.16,0.08,0.4,0.1,-,PURPLE
2025-11-19,LIT,LIT,4,62.97898483276367,13.75,LIME,2,NASDAQ,0.2,0.1,0.02,0.4,0.1,-,PURPLE
2025-11-19,453810,인디아,5,14612.0,14.5,-,1,NASDAQ,0.22,0.1,0.022,0.4,0.1,-,PURPLE
2025-11-19,XLV,XLV,6,151.06304931640625,13.75,LIME,1,NASDAQ,0.2,0.08,0.016,0.4,0.1,-,PURPLE
2025-11-20,XBI,XBI,1,113.45465850830078,15.0,LIME,2,NASDAQ,0.22,0.31,0.0682,0.4,0.1,-,PURPLE
2025-11-20,IBB,IBB,2,163.94281005859375,15.0,-,2,NASDAQ,0.22,0.25,0.055,0.4,0.1,-,PURPLE
2025-11-20,453810,인디아,3,14722.0,15.5,LIME,1,NASDAQ,0.24,0.16,0.0384,0.4,0.1,-,PURPLE
2025-11-20,244580,바이오,4,12050.0,14.25,-,1,KOSPI,0.55,0.1,0.055,0.4,0.1,-,PURPLE
2025-11-20,XLV,XLV,5,150.16061401367188,12.0,LIME,2,NASDAQ,0.2,0.1,0.02,0.4,0.1,-,PURPLE
2025-11-20,LIT,LIT,6,61.1539421081543,11.0,-,4,NASDAQ,0.2,0.08,0.016,0.4,0.1,-,PURPLE
2025-11-21,XBI,XBI,1,116.2653579711914,15.0,LIME,1,NASDAQ,0.24,0.33,0.0792,0.1,0.1,PURPLE,PURPLE
2025-11-21,IBB,IBB,2,167.2168731689453,15.0,LIME,1,NASDAQ,0.24,0.27,0.0648,0.1,0.1,PURPLE,PURPLE
2025-11-21,453810,인디아,3,14697.0,15.5,LIME,1,NASDAQ,0.24,0.2,0.048,0.1,0.1,PURPLE,PURPLE
2025-11-21,XLV,XLV,4,153.3240966796875,13.25,LIME,1,NASDAQ,0.2,0.1,0.02,0.1,0.1,PURPLE,PURPLE
2025-11-21,244580,바이오,5,11820.0,12.5,-,2,KOSPI,0.2,0.1,0.02,0.1,0.1,PURPLE,PURPLE
2025-11-24,XBI,XBI,1,119.18569946289062,15.0,LIME,1,NASDAQ,0.24,0.35,0.084,0.1,0.1,PURPLE,PURPLE
2025-11-24,IBB,IBB,2,169.40292358398438,15.0,LIME,1,NASDAQ,0.24,0.3,0.072,0.1,0.1,PURPLE,PURPLE
2025-11-24,453810,인디아,3,14647.0,15.75,LIME,1,NASDAQ,0.24,0.25,0.06,0.1,0.1,PURPLE,PURPLE
2025-11-24,XLV,XLV,4,153.9686737060547,13.5,LIME,1,NASDAQ,0.2,0.1,0.02,0.1,0.1,PURPLE,PURPLE
2025-11-25,XBI,XBI,1,120.96979522705078,15.0,LIME,1,NASDAQ,0.24,0.33,0.0792,0.1,0.1,PURPLE,PURPLE
2025-11-25,IBB,IBB,2,172.01815795898438,15.0,LIME,1,NASDAQ,0.24,0.27,0.0648,0.1,0.1,PURPLE,PURPLE
2025-11-25,XLV,XLV,3,157.4495086669922,14.25,LIME,1,NASDAQ,0.22,0.2,0.044,0.1,0.1,PURPLE,PURPLE
2025-11-25,453810,인디아,4,14557.0,14.25,LIME,3,NASDAQ,0.2,0.1,0.02,0.1,0.1,PURPLE,PURPLE
2025-11-25,IEF,IEF,5,96.07225799560548,13.75,LIME,1,FIXED,1.0,0.1,0.1,0.1,0.1,PURPLE,PURPLE
2025-11-26,XBI,XBI,1,122.44491577148438,16.0,LIME,1,NASDAQ,0.24,0.31,0.0744,0.1,0.1,PURPLE,PURPLE
2025-11-26,IBB,IBB,2,173.34576416015625,16.0,LIME,1,NASDAQ,0.24,0.25,0.06,0.1,0.1,PURPLE,PURPLE
2025-11-26,XLV,XLV,3,157.10240173339844,16.0,LIME,1,NASDAQ,0.24,0.16,0.0384,0.1,0.1,PURPLE,PURPLE
2025-11-26,IEF,IEF,4,96.15100860595705,15.5,LIME,1,FIXED,1.0,0.1,0.1,0.1,0.1,PURPLE,PURPLE
2025-11-26,SLV,SLV,5,48.400001525878906,12.0,LIME,1,FIXED,1.0,0.1,0.1,0.1,0.1,PURPLE,PURPLE
2025-11-26,453810,인디아,6,14582.0,12.5,-,2,NASDAQ,0.2,0.08,0.016,0.1,0.1,PURPLE,PURPLE
2025-11-28,XBI,XBI,1,122.75389862060548,16.0,LIME,1,NASDAQ,0.6,0.33,0.198,0.1,0.4,PURPLE,-
2025-11-28,IBB,IBB,2,173.5154571533203,16.0,LIME,1,NASDAQ,0.6,0.27,0.162,0.1,0.4,PURPLE,-
2025-11-28,XLV,XLV,3,156.33880615234375,16.0,LIME,1,NASDAQ,0.6,0.2,0.12,0.1,0.4,PURPLE,-
2025-11-28,SLV,SLV,4,51.209999084472656,14.25,LIME,1,FIXED,1.0,0.1,0.1,0.1,0.4,PURPLE,-
2025-11-28,EWC,EWC,5,52.234710693359375,14.5,LIME,1,NASDAQ,0.55,0.1,0.055,0.1,0.4,PURPLE,-
2025-12-01,SLV,SLV,1,52.52000045776367,15.0,LIME,1,FIXED,1.0,0.33,0.33,0.1,0.4,PURPLE,-
2025-12-01,XBI,XBI,2,119.45480346679688,15.0,LIME,2,NASDAQ,0.55,0.27,0.1485,0.1,0.4,PURPLE,-
2025-12-01,IBB,IBB,3,169.8021697998047,15.0,-,2,NASDAQ,0.55,0.2,0.11,0.1,0.4,PURPLE,-
2025-12-01,XLV,XLV,4,153.99842834472656,14.75,LIME,2,NASDAQ,0.5,0.1,0.05,0.1,0.4,PURPLE,-
2025-12-01,EWC,EWC,5,51.71930313110352,15.25,LIME,1,NASDAQ,0.6,0.1,0.06,0.1,0.4,PURPLE,-
2025-12-02,SLV,SLV,1,53.130001068115234,15.75,LIME,1,FIXED,1.0,0.31,0.31,0.1,0.4,PURPLE,-
2025-12-02,EWZ,EWZ,2,32.87794494628906,15.25,-,1,NASDAQ,0.6,0.25,0.15,0.1,0.4,PURPLE,-
2025-12-02,091180,자동차,3,23197.0,14.75,LIME,1,KOSPI,0.22,0.16,0.0352,0.1,0.4,PURPLE,-
2025-12-02,GLD,GLD,4,387.239990234375,14.0,LIME,1,FIXED,1.0,0.1,0.1,0.1,0.4,PURPLE,-
2025-12-02,EWC,EWC,5,51.67965698242188,15.0,LIME,2,NASDAQ,0.55,0.1,0.055,0.1,0.4,PURPLE,-
2025-12-02,XBI,XBI,6,118.06938934326172,13.0,-,3,NASDAQ,0.45,0.08,0.036,0.1,0.4,PURPLE,-
2025-12-03,SLV,SLV,1,53.06999969482422,16.0,LIME,1,FIXED,1.0,0.31,0.31,0.4,1.0,-,LIME
2025-12-03,244580,바이오,2,12635.0,15.5,LIME,1,KOSPI,0.6,0.25,0.15,0.4,1.0,-,LIME
2025-12-03,091180,자동차,3,23666.0,16.0,LIME,1,KOSPI,0.6,0.16,0.096,0.4,1.0,-,LIME
2025-12-03,EWZ,EWZ,4,33.04218673706055,16.0,-,1,NASDAQ,1.0,0.1,0.1,0.4,1.0,-,LIME
2025-12-03,PICK,PICK,5,48.284915924072266,15.5,LIME,1,FIXED,1.0,0.1,0.1,0.4,1.0,-,LIME
2025-12-03,EWC,EWC,6,52.006744384765625,14.75,LIME,1,NASDAQ,1.0,0.08,0.08,0.4,1.0,-,LIME
2025-12-04,244580,바이오,1,12895.0,16.0,LIME,1,KOSPI,1.0,0.31,0.31,1.0,1.0,LIME,LIME
2025-12-04,091180,자동차,2,24269.0,16.0,LIME,1,KOSPI,1.0,0.25,0.25,1.0,1.0,LIME,LIME
2025-12-04,PICK,PICK,3,48.32429504394531,16.0,LIME,1,FIXED,1.0,0.16,0.16,1.0,1.0,LIME,LIME
2025-12-04,EWZ,EWZ,4,33.54458236694336,16.0,-,1,NASDAQ,1.0,0.1,0.1,1.0,1.0,LIME,LIME
2025-12-04,SLV,SLV,5,51.7599983215332,15.0,LIME,2,FIXED,1.0,0.1,0.1,1.0,1.0,LIME,LIME
2025-12-04,EWC,EWC,6,52.601444244384766,14.75,LIME,1,NASDAQ,1.0,0.08,0.08,1.0,1.0,LIME,LIME
2025-12-05,244580,바이오,1,12700.0,16.0,LIME,1,KOSPI,1.0,0.31,0.31,1.0,1.0,LIME,LIME
2025-12-05,091180,자동차,2,25442.0,16.0,LIME,1,KOSPI,1.0,0.25,0.25,1.0,1.0,LIME,LIME
2025-12-05,PICK,PICK,3,48.39320373535156,16.0,LIME,1,FIXED,1.0,0.16,0.16,1.0,1.0,LIME,LIME
2025-12-05,SLV,SLV,4,52.95000076293945,14.75,LIME,1,FIXED,1.0,0.1,0.1,1.0,1.0,LIME,LIME
2025-12-05,411060,금현물,5,28155.0,14.0,-,1,FIXED,1.0,0.1,0.1,1.0,1.0,LIME,LIME
2025-12-05,EWC,EWC,6,52.81950378417969,14.75,LIME,1,NASDAQ,1.0,0.08,0.08,1.0,1.0,LIME,LIME
2025-12-08,091180,자동차,1,25417.0,16.0,LIME,1,KOSPI,1.0,0.31,0.31,1.0,1.0,LIME,LIME
2025-12-08,XBI,XBI,2,123.25225067138672,15.75,LIME,1,NASDAQ,1.0,0.25,0.25,1.0,1.0,LIME,LIME
2025-12-08,PICK,PICK,3,48.12741470336914,16.0,LIME,1,FIXED,1.0,0.16,0.16,1.0,1.0,LIME,LIME
2025-12-08,244580,바이오,4,12475.0,14.5,LIME,2,KOSPI,1.0,0.1,0.1,1.0,1.0,LIME,LIME
2025-12-08,EWC,EWC,5,52.48250579833984,15.75,LIME,1,NASDAQ,1.0,0.1,0.1,1.0,1.0,LIME,LIME
2025-12-08,SLV,SLV,6,52.709999084472656,13.5,LIME,2,FIXED,1.0,0.08,0.08,1.0,1.0,LIME,LIME
2025-12-09,091180,자동차,1,25048.0,16.0,LIME,1,KOSPI,1.0,0.31,0.31,1.0,1.0,LIME,LIME
2025-12-09,469070,ai로봇,2,13075.0,15.0,LIME,1,KOSPI,1.0,0.25,0.25,1.0,1.0,LIME,LIME
2025-12-09,SMH,SMH,3,367.8553771972656,15.25,LIME,1,NASDAQ,1.0,0.16,0.16,1.0,1.0,LIME,LIME
2025-12-09,325020,케모멘,4,19586.0,15.25,LIME,1,KOSPI,1.0,0.1,0.1,1.0,1.0,LIME,LIME
2025-12-09,SOXX,SOXX,5,311.5313415527344,15.0,LIME,1,NASDAQ,1.0,0.1,0.1,1.0,1.0,LIME,LIME
2025-12-09,EWC,EWC,6,52.601444244384766,16.0,LIME,1,NASDAQ,1.0,0.08,0.08,1.0,1.0,LIME,LIME
2025-12-10,SOXX,SOXX,1,315.6726989746094,15.75,LIME,1,NASDAQ,1.0,0.31,0.31,1.0,1.0,LIME,LIME
2025-12-10,EIS,EIS,2,109.4610595703125,16.0,LIME,1,NASDAQ,1.0,0.25,0.25,1.0,1.0,LIME,LIME
2025-12-10,SMH,SMH,3,372.9395751953125,15.5,LIME,1,NASDAQ,1.0,0.16,0.16,1.0,1.0,LIME,LIME
2025-12-10,469070,ai로봇,4,13120.0,15.0,LIME,1,KOSPI,1.0,0.1,0.1,1.0,1.0,LIME,LIME
2025-12-10,JETS,JETS,5,27.81220054626465,16.0,LIME,1,NASDAQ,1.0,0.1,0.1,1.0,1.0,LIME,LIME
2025-12-10,EWC,EWC,6,53.24570846557617,16.0,LIME,1,NASDAQ,1.0,0.08,0.08,1.0,1.0,LIME,LIME
2025-12-11,LIT,LIT,1,64.95362091064453,16.0,LIME,1,NASDAQ,1.0,0.31,0.31,1.0,1.0,LIME,LIME
2025-12-11,SOXX,SOXX,2,313.866455078125,16.0,LIME,1,NASDAQ,1.0,0.25,0.25,1.0,1.0,LIME,LIME
2025-12-11,EIS,EIS,3,110.85704803466795,16.0,LIME,1,NASDAQ,1.0,0.16,0.16,1.0,1.0,LIME,LIME
2025-12-11,SMH,SMH,4,369.7395324707031,15.75,LIME,1,NASDAQ,1.0,0.1,0.1,1.0,1.0,LIME,LIME
2025-12-11,469070,ai로봇,5,13210.0,15.0,LIME,1,KOSPI,1.0,0.1,0.1,1.0,1.0,LIME,LIME
2025-12-11,JETS,JETS,6,28.02049446105957,16.0,LIME,1,NASDAQ,1.0,0.08,0.08,1.0,1.0,LIME,LIME
2025-12-12,SLV,SLV,1,56.09999847412109,16.0,LIME,1,FIXED,1.0,0.31,0.31,1.0,1.0,LIME,LIME
2025-12-12,EIS,EIS,2,109.48086547851562,16.0,LIME,1,NASDAQ,1.0,0.25,0.25,1.0,1.0,LIME,LIME
2025-12-12,244580,바이오,3,12880.0,15.5,LIME,1,KOSPI,1.0,0.16,0.16,1.0,1.0,LIME,LIME
2025-12-12,469070,ai로봇,4,13620.0,15.25,LIME,1,KOSPI,1.0,0.1,0.1,1.0,1.0,LIME,LIME
2025-12-12,JETS,JETS,5,28.05025100708008,16.0,LIME,1,NASDAQ,1.0,0.1,0.1,1.0,1.0,LIME,LIME
2025-12-12,LIT,LIT,6,63.6970329284668,15.0,LIME,2,NASDAQ,1.0,0.08,0.08,1.0,1.0,LIME,LIME
2025-12-15,SLV,SLV,1,58.11000061035156,16.0,LIME,1,FIXED,1.0,0.31,0.31,1.0,1.0,LIME,LIME
2025-12-15,PICK,PICK,2,48.9739990234375,16.0,LIME,1,FIXED,1.0,0.25,0.25,1.0,1.0,LIME,LIME
2025-12-15,469070,ai로봇,3,13685.0,15.5,LIME,1,KOSPI,1.0,0.16,0.16,1.0,1.0,LIME,LIME
2025-12-15,EZA,EZA,4,65.9990005493164,16.0,LIME,1,NASDAQ,1.0,0.1,0.1,1.0,1.0,LIME,LIME
2025-12-15,EWP,EWP,5,53.27000045776367,16.0,LIME,1,NASDAQ,1.0,0.1,0.1,1.0,1.0,LIME,LIME
2025-12-15,JETS,JETS,6,28.27838134765625,16.0,LIME,1,NASDAQ,1.0,0.08,0.08,1.0,1.0,LIME,LIME
2025-12-16,SLV,SLV,1,57.72999954223633,16.0,LIME,1,FIXED,1.0,0.31,0.31,0.4,0.4,-,-
2025-12-16,JETS,JETS,2,28.51643180847168,16.0,LIME,1,NASDAQ,0.6,0.25,0.15,0.4,0.4,-,-
2025-12-16,EZA,EZA,3,65.69999694824219,16.0,LIME,1,NASDAQ,0.6,0.16,0.096,0.4,0.4,-,-
2025-12-16,EWP,EWP,4,52.880001068115234,16.0,LIME,1,NASDAQ,0.6,0.1,0.06,0.4,0.4,-,-
2025-12-16,EWL,EWL,5,59.02000045776367,16.0,LIME,1,NASDAQ,0.6,0.1,0.06,0.4,0.4,-,-
2025-12-16,PICK,PICK,6,48.77999877929688,14.75,LIME,2,FIXED,1.0,0.08,0.08,0.4,0.4,-,-
2025-12-17,SLV,SLV,1,60.2599983215332,16.0,LIME,1,FIXED,1.0,0.31,0.31,0.4,0.4,-,-
2025-12-17,EZA,EZA,2,66.63999938964844,16.0,LIME,1,NASDAQ,0.6,0.25,0.15,0.4,0.4,-,-
2025-12-17,EWL,EWL,3,58.84000015258789,16.0,LIME,1,NASDAQ,0.6,0.16,0.096,0.4,0.4,-,-
2025-12-17,411060,금현물,4,29035.0,15.0,LIME,1,FIXED,1.0,0.1,0.1,0.4,0.4,-,-
2025-12-17,EWU,EWU,5,42.93999862670898,16.0,LIME,1,NASDAQ,0.6,0.1,0.06,0.4,0.4,-,-
2025-12-17,EWP,EWP,6,52.79999923706055,15.0,LIME,2,NASDAQ,0.55,0.08,0.044,0.4,0.4,-,-
2025-12-18,SLV,SLV,1,59.31999969482422,16.0,LIME,1,FIXED,1.0,0.31,0.31,0.4,0.1,-,PURPLE
2025-12-18,EZA,EZA,2,67.51000213623047,16.0,LIME,1,NASDAQ,0.24,0.25,0.06,0.4,0.1,-,PURPLE
2025-12-18,EWL,EWL,3,59.470001220703125,16.0,LIME,1,NASDAQ,0.24,0.16,0.0384,0.4,0.1,-,PURPLE
2025-12-18,411060,금현물,4,29030.0,15.0,LIME,1,FIXED,1.0,0.1,0.1,0.4,0.1,-,PURPLE
2025-12-18,EWU,EWU,5,43.130001068115234,16.0,LIME,1,NASDAQ,0.24,0.1,0.024,0.4,0.1,-,PURPLE
2025-12-18,EWP,EWP,6,53.209999084472656,14.75,LIME,1,NASDAQ,0.22,0.08,0.0176,0.4,0.1,-,PURPLE
2025-12-19,SLV,SLV,1,60.93000030517578,16.0,LIME,1,FIXED,1.0,0.31,0.31,0.4,0.1,-,PURPLE
2025-12-19,EZA,EZA,2,67.5999984741211,16.0,LIME,1,NASDAQ,0.24,0.25,0.06,0.4,0.1,-,PURPLE
2025-12-19,EWL,EWL,3,59.56999969482422,16.0,LIME,1,NASDAQ,0.24,0.16,0.0384,0.4,0.1,-,PURPLE
2025-12-19,411060,금현물,4,29000.0,15.0,-,1,FIXED,1.0,0.1,0.1,0.4,0.1,-,PURPLE
2025-12-19,EWU,EWU,5,43.540000915527344,16.0,LIME,1,NASDAQ,0.24,0.1,0.024,0.4,0.1,-,PURPLE
2025-12-19,EWP,EWP,6,53.45000076293945,14.75,LIME,1,NASDAQ,0.22,0.08,0.0176,0.4,0.1,-,PURPLE
2025-12-22,SLV,SLV,1,62.470001220703125,16.0,LIME,1,FIXED,1.0,0.31,0.31,0.4,0.1,-,PURPLE
2025-12-22,EZA,EZA,2,68.79000091552734,16.0,LIME,1,NASDAQ,0.24,0.25,0.06,0.4,0.1,-,PURPLE
2025-12-22,EWL,EWL,3,59.93000030517578,16.0,LIME,1,NASDAQ,0.24,0.16,0.0384,0.4,0.1,-,PURPLE
2025-12-22,411060,금현물,4,29525.0,15.0,-,1,FIXED,1.0,0.1,0.1,0.4,0.1,-,PURPLE
2025-12-22,GLD,GLD,5,408.2300109863281,15.25,LIME,1,FIXED,1.0,0.1,0.1,0.4,0.1,-,PURPLE
2025-12-22,EWU,EWU,6,43.790000915527344,16.0,LIME,1,NASDAQ,0.24,0.08,0.0192,0.4,0.1,-,PURPLE
2025-12-23,SLV,SLV,1,64.83999633789062,16.0,LIME,1,FIXED,1.0,0.31,0.31,0.4,0.1,-,PURPLE
2025-12-23,EZA,EZA,2,69.54000091552734,16.0,LIME,1,NASDAQ,0.24,0.25,0.06,0.4,0.1,-,PURPLE
2025-12-23,GLD,GLD,3,413.6400146484375,15.5,LIME,1,FIXED,1.0,0.16,0.16,0.4,0.1,-,PURPLE
2025-12-23,EWL,EWL,4,60.400001525878906,16.0,LIME,1,NASDAQ,0.24,0.1,0.024,0.4,0.1,-,PURPLE
2025-12-23,411060,금현물,5,30240.0,15.0,LIME,1,FIXED,1.0,0.1,0.1,0.4,0.1,-,PURPLE
2025-12-23,EWU,EWU,6,43.97999954223633,16.0,LIME,1,NASDAQ,0.24,0.08,0.0192,0.4,0.1,-,PURPLE
2025-12-24,SLV,SLV,1,65.22000122070312,16.0,LIME,1,FIXED,1.0,0.31,0.31,0.4,0.1,-,PURPLE
2025-12-24,PICK,PICK,2,51.540000915527344,16.0,LIME,1,FIXED,1.0,0.25,0.25,0.4,0.1,-,PURPLE
2025-12-24,EZA,EZA,3,69.91999816894531,16.0,LIME,1,NASDAQ,0.24,0.16,0.0384,0.4,0.1,-,PURPLE
2025-12-24,EIS,EIS,4,112.47000122070312,16.0,LIME,1,NASDAQ,0.24,0.1,0.024,0.4,0.1,-,PURPLE
2025-12-24,XBI,XBI,5,126.3000030517578,15.25,LIME,1,NASDAQ,0.24,0.1,0.024,0.4,0.1,-,PURPLE
2025-12-24,GLD,GLD,6,411.9299926757813,15.75,LIME,1,FIXED,1.0,0.08,0.08,0.4,0.1,-,PURPLE
2025-12-26,SLV,SLV,1,71.12000274658203,16.0,LIME,1,FIXED,1.0,0.31,0.31,0.4,0.4,-,-
2025-12-26,PICK,PICK,2,52.34999847412109,16.0,LIME,1,FIXED,1.0,0.25,0.25,0.4,0.4,-,-
2025-12-26,GLD,GLD,3,416.739990234375,16.0,LIME,1,FIXED,1.0,0.16,0.16,0.4,0.4,-,-
2025-12-26,EZA,EZA,4,70.30999755859375,16.0,LIME,1,NASDAQ,0.6,0.1,0.06,0.4,0.4,-,-
2025-12-26,LIT,LIT,5,67.70614624023438,15.5,LIME,1,NASDAQ,0.6,0.1,0.06,0.4,0.4,-,-
2025-12-26,XBI,XBI,6,124.9800033569336,15.0,LIME,2,NASDAQ,0.55,0.08,0.044,0.4,0.4,-,-
2025-12-29,SLV,SLV,1,66.01000213623047,16.0,-,1,FIXED,1.0,0.31,0.31,1.0,0.4,LIME,-
2025-12-29,495050,밸류업,2,17560.0,14.75,LIME,1,KOSPI,1.0,0.25,0.25,1.0,0.4,LIME,-
2025-12-29,PICK,PICK,3,51.06999969482422,15.0,-,2,FIXED,1.0,0.16,0.16,1.0,0.4,LIME,-
2025-12-29,LIT,LIT,4,65.552001953125,15.0,LIME,2,NASDAQ,0.55,0.1,0.055,1.0,0.4,LIME,-
2025-12-29,VEA,VEA,5,62.61344909667969,16.0,LIME,1,NASDAQ,0.6,0.1,0.06,1.0,0.4,LIME,-
2025-12-29,EZA,EZA,6,68.43000030517578,15.0,LIME,2,NASDAQ,0.55,0.08,0.044,1.0,0.4,LIME,-
2025-12-30,SLV,SLV,1,68.9800033569336,16.0,-,1,FIXED,1.0,0.31,0.31,1.0,0.4,LIME,-
2025-12-30,495050,밸류업,2,17714.0,15.5,LIME,1,KOSPI,1.0,0.25,0.25,1.0,0.4,LIME,-
2025-12-30,069500,코스피,3,60831.0,14.5,LIME,1,KOSPI,1.0,0.16,0.16,1.0,0.4,LIME,-
2025-12-30,EWY,EWY,4,98.62000274658205,14.5,LIME,1,KOSPI,1.0,0.1,0.1,1.0,0.4,LIME,-
2025-12-30,VEA,VEA,5,62.68333053588867,16.0,LIME,1,NASDAQ,0.6,0.1,0.06,1.0,0.4,LIME,-
2025-12-30,PICK,PICK,6,51.59999847412109,14.0,-,2,FIXED,1.0,0.08,0.08,1.0,0.4,LIME,-
2025-12-31,EWY,EWY,1,97.22000122070312,15.75,LIME,1,KOSPI,0.6,0.31,0.186,0.4,0.4,-,-
2025-12-31,SLV,SLV,2,64.41999816894531,14.25,-,2,FIXED,1.0,0.25,0.25,0.4,0.4,-,-
2025-12-31,VGK,VGK,3,83.22064208984375,14.75,LIME,2,NASDAQ,0.5,0.16,0.08,0.4,0.4,-,-
2025-12-31,EWP,EWP,4,53.90999984741211,14.0,LIME,2,NASDAQ,0.5,0.1,0.05,0.4,0.4,-,-
2025-12-31,VEA,VEA,5,62.36387252807617,14.25,-,2,NASDAQ,0.5,0.1,0.05,0.4,0.4,-,-
2025-12-31,PICK,PICK,6,51.34000015258789,12.25,-,2,FIXED,1.0,0.08,0.08,0.4,0.4,-,-
2026-01-02,EWY,EWY,1,102.22000122070312,16.0,LIME,1,KOSPI,1.0,0.31,0.31,1.0,0.4,LIME,-
2026-01-02,495050,밸류업,2,18172.0,15.75,LIME,1,KOSPI,1.0,0.25,0.25,1.0,0.4,LIME,-
2026-01-02,069500,코스피,3,62594.0,15.75,LIME,1,KOSPI,1.0,0.16,0.16,1.0,0.4,LIME,-
2026-01-02,091160,반도체,4,65480.0,14.5,LIME,1,KOSPI,1.0,0.1,0.1,1.0,0.4,LIME,-
2026-01-02,EEM,EEM,5,56.2400016784668,15.25,LIME,1,NASDAQ,0.6,0.1,0.06,1.0,0.4,LIME,-
2026-01-02,EWP,EWP,6,54.70000076293945,14.0,LIME,1,NASDAQ,0.55,0.08,0.044,1.0,0.4,LIME,-
2026-01-05,069500,코스피,1,64971.0,16.0,LIME,1,KOSPI,1.0,0.31,0.31,1.0,0.4,LIME,-
2026-01-05,495050,밸류업,2,18731.0,16.0,LIME,1,KOSPI,1.0,0.25,0.25,1.0,0.4,LIME,-
2026-01-05,EWY,EWY,3,104.83000183105467,16.0,LIME,1,KOSPI,1.0,0.16,0.16,1.0,0.4,LIME,-
2026-01-05,091160,반도체,4,68600.0,15.25,LIME,1,KOSPI,1.0,0.1,0.1,1.0,0.4,LIME,-
2026-01-05,325020,케모멘,5,20186.0,15.0,LIME,1,KOSPI,1.0,0.1,0.1,1.0,0.4,LIME,-
2026-01-05,EWP,EWP,6,55.0,15.0,LIME,1,NASDAQ,0.6,0.08,0.048,1.0,0.4,LIME,-
2026-01-06,091160,반도체,1,70785.0,16.0,LIME,1,KOSPI,1.0,0.31,0.31,1.0,0.4,LIME,-
2026-01-06,069500,코스피,2,66140.0,16.0,LIME,1,KOSPI,1.0,0.25,0.25,1.0,0.4,LIME,-
2026-01-06,495050,밸류업,3,19098.0,16.0,LIME,1,KOSPI,1.0,0.16,0.16,1.0,0.4,LIME,-
2026-01-06,EWY,EWY,4,107.61000061035156,16.0,LIME,1,KOSPI,1.0,0.1,0.1,1.0,0.4,LIME,-
2026-01-06,325020,케모멘,5,20305.0,15.25,LIME,1,KOSPI,1.0,0.1,0.1,1.0,0.4,LIME,-
2026-01-06,EWP,EWP,6,54.54999923706055,15.0,-,1,NASDAQ,0.6,0.08,0.048,1.0,0.4,LIME,-
2026-01-07,091160,반도체,1,70300.0,16.0,LIME,1,KOSPI,1.0,0.31,0.31,1.0,0.4,LIME,-
2026-01-07,069500,코스피,2,66649.0,16.0,LIME,1,KOSPI,1.0,0.25,0.25,1.0,0.4,LIME,-
2026-01-07,495050,밸류업,3,19403.0,16.0,LIME,1,KOSPI,1.0,0.16,0.16,1.0,0.4,LIME,-
2026-01-07,EWY,EWY,4,107.02999877929688,16.0,LIME,1,KOSPI,1.0,0.1,0.1,1.0,0.4,LIME,-
2026-01-07,PICK,PICK,5,54.34999847412109,16.0,LIME,1,FIXED,1.0,0.1,0.1,1.0,0.4,LIME,-
2026-01-07,325020,케모멘,6,20563.0,16.0,LIME,1,KOSPI,1.0,0.08,0.08,1.0,0.4,LIME,-
2026-01-08,EWY,EWY,1,106.58999633789062,16.0,LIME,1,KOSPI,1.0,0.31,0.31,1.0,0.4,LIME,-
2026-01-08,091160,반도체,2,70160.0,16.0,LIME,1,KOSPI,1.0,0.25,0.25,1.0,0.4,LIME,-
2026-01-08,495050,밸류업,3,19378.0,16.0,LIME,1,KOSPI,1.0,0.16,0.16,1.0,0.4,LIME,-
2026-01-08,069500,코스피,4,66550.0,16.0,LIME,1,KOSPI,1.0,0.1,0.1,1.0,0.4,LIME,-
2026-01-08,446770,톱반도,5,51307.0,16.0,LIME,1,NASDAQ,0.6,0.1,0.06,1.0,0.4,LIME,-
2026-01-08,325020,케모멘,6,20251.0,16.0,LIME,1,KOSPI,1.0,0.08,0.08,1.0,0.4,LIME,-
2026-01-09,495050,밸류업,1,19578.0,16.0,LIME,1,KOSPI,1.0,0.31,0.31,1.0,0.4,LIME,-
2026-01-09,069500,코스피,2,67109.0,16.0,LIME,1,KOSPI,1.0,0.25,0.25,1.0,0.4,LIME,-
2026-01-09,EWY,EWY,3,108.88999938964844,16.0,LIME,1,KOSPI,1.0,0.16,0.16,1.0,0.4,LIME,-
2026-01-09,446770,톱반도,4,50822.0,16.0,LIME,1,NASDAQ,0.6,0.1,0.06,1.0,0.4,LIME,-
2026-01-09,JETS,JETS,5,29.46999931335449,16.0,LIME,1,NASDAQ,0.6,0.1,0.06,1.0,0.4,LIME,-
2026-01-09,325020,케모멘,6,20593.0,16.0,LIME,1,KOSPI,1.0,0.08,0.08,1.0,0.4,LIME,-
2026-01-12,495050,밸류업,1,19693.0,16.0,LIME,1,KOSPI,1.0,0.31,0.31,1.0,0.1,LIME,PURPLE
2026-01-12,091180,자동차,2,26744.0,16.0,LIME,1,KOSPI,1.0,0.25,0.25,1.0,0.1,LIME,PURPLE
2026-01-12,069500,코스피,3,67538.0,16.0,LIME,1,KOSPI,1.0,0.16,0.16,1.0,0.1,LIME,PURPLE
2026-01-12,EWY,EWY,4,108.93000030517578,16.0,LIME,1,KOSPI,1.0,0.1,0.1,1.0,0.1,LIME,PURPLE
2026-01-12,446770,톱반도,5,51791.0,16.0,LIME,1,NASDAQ,0.24,0.1,0.024,1.0,0.1,LIME,PURPLE
2026-01-12,325020,케모멘,6,20717.0,16.0,LIME,1,KOSPI,1.0,0.08,0.08,1.0,0.1,LIME,PURPLE
2026-01-13,091180,자동차,1,28560.0,16.0,LIME,1,KOSPI,1.0,0.31,0.31,1.0,1.0,LIME,LIME
2026-01-13,495050,밸류업,2,19908.0,16.0,LIME,1,KOSPI,1.0,0.25,0.25,1.0,1.0,LIME,LIME
2026-01-13,069500,코스피,3,68393.0,16.0,LIME,1,KOSPI,1.0,0.16,0.16,1.0,1.0,LIME,LIME
2026-01-13,446770,톱반도,4,52230.0,16.0,LIME,1,NASDAQ,1.0,0.1,0.1,1.0,1.0,LIME,LIME
2026-01-13,325020,케모멘,5,21258.0,16.0,LIME,1,KOSPI,1.0,0.1,0.1,1.0,1.0,LIME,LIME
2026-01-13,EWY,EWY,6,107.54000091552734,14.5,LIME,2,KOSPI,1.0,0.08,0.08,1.0,1.0,LIME,LIME
2026-01-14,091180,자동차,1,29174.0,16.0,LIME,1,KOSPI,1.0,0.31,0.31,1.0,1.0,LIME,LIME
2026-01-14,495050,밸류업,2,20130.0,16.0,LIME,1,KOSPI,1.0,0.25,0.25,1.0,1.0,LIME,LIME
2026-01-14,069500,코스피,3,68767.0,16.0,LIME,1,KOSPI,1.0,0.16,0.16,1.0,1.0,LIME,LIME
2026-01-14,REMX,REMX,4,91.31999969482422,16.0,LIME,1,FIXED,1.0,0.1,0.1,1.0,1.0,LIME,LIME
2026-01-14,SLV,SLV,5,84.55999755859375,15.75,-,1,FIXED,1.0,0.1,0.1,1.0,1.0,LIME,LIME
2026-01-14,446770,톱반도,6,52500.0,16.0,LIME,1,NASDAQ,1.0,0.08,0.08,1.0,1.0,LIME,LIME
2026-01-15,SLV,SLV,1,83.31999969482422,16.0,-,1,FIXED,1.0,0.31,0.31,1.0,1.0,LIME,LIME
2026-01-15,091180,자동차,2,29828.0,16.0,LIME,1,KOSPI,1.0,0.25,0.25,1.0,1.0,LIME,LIME
2026-01-15,449450,방산주,3,70130.0,16.0,LIME,1,KOSPI,1.0,0.16,0.16,1.0,1.0,LIME,LIME
2026-01-15,495050,밸류업,4,20460.0,16.0,LIME,1,KOSPI,1.0,0.1,0.1,1.0,1.0,LIME,LIME
2026-01-15,434730,원자력,5,56175.0,16.0,LIME,1,KOSPI,1.0,0.1,0.1,1.0,1.0,LIME,LIME
2026-01-15,069500,코스피,6,69941.0,16.0,LIME,1,KOSPI,1.0,0.08,0.08,1.0,1.0,LIME,LIME
2026-01-16,SLV,SLV,1,81.0199966430664,16.0,-,1,FIXED,1.0,0.31,0.31,1.0,1.0,LIME,LIME
2026-01-16,091180,자동차,2,29603.0,16.0,LIME,1,KOSPI,1.0,0.25,0.25,1.0,1.0,LIME,LIME
2026-01-16,434730,원자력,3,58040.0,16.0,LIME,1,KOSPI,1.0,0.16,0.16,1.0,1.0,LIME,LIME
2026-01-16,495050,밸류업,4,20585.0,16.0,LIME,1,KOSPI,1.0,0.1,0.1,1.0,1.0,LIME,LIME
2026-01-16,469070,ai로봇,5,15495.0,16.0,LIME,1,KOSPI,1.0,0.1,0.1,1.0,1.0,LIME,LIME
2026-01-16,069500,코스피,6,70680.0,16.0,LIME,1,KOSPI,1.0,0.08,0.08,1.0,1.0,LIME,LIME
2026-01-19,469070,ai로봇,1,17215.0,16.0,LIME,1,KOSPI,1.0,0.33,0.33,1.0,0.4,LIME,-
2026-01-19,091180,자동차,2,31988.0,16.0,LIME,1,KOSPI,1.0,0.27,0.27,1.0,0.4,LIME,-
2026-01-19,434730,원자력,3,59295.0,16.0,LIME,1,KOSPI,1.0,0.2,0.2,1.0,0.4,LIME,-
2026-01-19,495050,밸류업,4,21014.0,16.0,LIME,1,KOSPI,1.0,0.1,0.1,1.0,0.4,LIME,-
2026-01-19,069500,코스피,5,71704.0,16.0,LIME,1,KOSPI,1.0,0.1,0.1,1.0,0.4,LIME,-
2026-01-20,SLV,SLV,1,85.38999938964844,16.0,LIME,1,FIXED,1.0,0.31,0.31,1.0,0.4,LIME,-
2026-01-20,469070,ai로봇,2,17345.0,16.0,LIME,1,KOSPI,1.0,0.25,0.25,1.0,0.4,LIME,-
2026-01-20,091180,자동차,3,31739.0,16.0,LIME,1,KOSPI,1.0,0.16,0.16,1.0,0.4,LIME,-
2026-01-20,434730,원자력,4,61175.0,16.0,LIME,1,KOSPI,1.0,0.1,0.1,1.0,0.4,LIME,-
2026-01-20,495050,밸류업,5,20785.0,16.0,LIME,1,KOSPI,1.0,0.1,0.1,1.0,0.4,LIME,-
2026-01-20,069500,코스피,6,71115.0,16.0,LIME,1,KOSPI,1.0,0.08,0.08,1.0,0.4,LIME,-
2026-01-21,SLV,SLV,1,83.95999908447266,16.0,LIME,1,FIXED,1.0,0.31,0.31,1.0,0.1,LIME,PURPLE
2026-01-21,091180,자동차,2,34179.0,16.0,LIME,1,KOSPI,1.0,0.25,0.25,1.0,0.1,LIME,PURPLE
2026-01-21,469070,ai로봇,3,17875.0,16.0,LIME,1,KOSPI,1.0,0.16,0.16,1.0,0.1,LIME,PURPLE
2026-01-21,495050,밸류업,4,21029.0,16.0,LIME,1,KOSPI,1.0,0.1,0.1,1.0,0.1,LIME,PURPLE
2026-01-21,434730,원자력,5,60210.0,16.0,LIME,1,KOSPI,1.0,0.1,0.1,1.0,0.1,LIME,PURPLE
2026-01-21,069500,코스피,6,71679.0,16.0,LIME,1,KOSPI,1.0,0.08,0.08,1.0,0.1,LIME,PURPLE
2026-01-22,SLV,SLV,1,87.12999725341797,16.0,LIME,1,FIXED,1.0,0.31,0.31,1.0,0.1,LIME,PURPLE
2026-01-22,091180,자동차,2,33076.0,16.0,LIME,1,KOSPI,1.0,0.25,0.25,1.0,0.1,LIME,PURPLE
2026-01-22,469070,ai로봇,3,17660.0,16.0,LIME,1,KOSPI,1.0,0.16,0.16,1.0,0.1,LIME,PURPLE
2026-01-22,495050,밸류업,4,21193.0,16.0,LIME,1,KOSPI,1.0,0.1,0.1,1.0,0.1,LIME,PURPLE
2026-01-22,EWY,EWY,5,115.98999786376952,16.0,LIME,1,KOSPI,1.0,0.1,0.1,1.0,0.1,LIME,PURPLE
2026-01-22,069500,코스피,6,72453.0,16.0,LIME,1,KOSPI,1.0,0.08,0.08,1.0,0.1,LIME,PURPLE
2026-01-23,SLV,SLV,1,92.91000366210938,16.0,LIME,1,FIXED,1.0,0.31,0.31,1.0,0.4,LIME,-
2026-01-23,495050,밸류업,2,21222.0,16.0,LIME,1,KOSPI,1.0,0.25,0.25,1.0,0.4,LIME,-
2026-01-23,EWY,EWY,3,117.97000122070312,16.0,LIME,1,KOSPI,1.0,0.16,0.16,1.0,0.4,LIME,-
2026-01-23,PICK,PICK,4,59.209999084472656,16.0,LIME,1,FIXED,1.0,0.1,0.1,1.0,0.4,LIME,-
2026-01-23,069500,코스피,5,72948.0,16.0,LIME,1,KOSPI,1.0,0.1,0.1,1.0,0.4,LIME,-
2026-01-23,091180,자동차,6,32343.0,15.0,LIME,2,KOSPI,1.0,0.08,0.08,1.0,0.4,LIME,-
2026-01-26,SLV,SLV,1,98.33999633789062,16.0,LIME,1,FIXED,1.0,0.31,0.31,1.0,0.4,LIME,-
2026-01-26,REMX,REMX,2,96.91000366210938,16.0,LIME,1,FIXED,1.0,0.25,0.25,1.0,0.4,LIME,-
2026-01-26,PICK,PICK,3,59.58000183105469,16.0,LIME,1,FIXED,1.0,0.16,0.16,1.0,0.4,LIME,-
2026-01-26,411060,금현물,4,33380.0,16.0,LIME,1,FIXED,1.0,0.1,0.1,1.0,0.4,LIME,-
2026-01-26,069500,코스피,5,72229.0,16.0,LIME,1,KOSPI,1.0,0.1,0.1,1.0,0.4,LIME,-
2026-01-26,EWY,EWY,6,117.31999969482422,16.0,LIME,1,KOSPI,1.0,0.08,0.08,1.0,0.4,LIME,-
2026-01-27,SLV,SLV,1,101.58999633789062,16.0,LIME,1,FIXED,1.0,0.31,0.31,1.0,1.0,LIME,LIME
2026-01-27,REMX,REMX,2,97.61000061035156,16.0,LIME,1,FIXED,1.0,0.25,0.25,1.0,1.0,LIME,LIME
2026-01-27,PICK,PICK,3,60.95000076293945,16.0,LIME,1,FIXED,1.0,0.16,0.16,1.0,1.0,LIME,LIME
2026-01-27,EWY,EWY,4,122.6999969482422,16.0,LIME,1,KOSPI,1.0,0.1,0.1,1.0,1.0,LIME,LIME
2026-01-27,411060,금현물,5,34205.0,16.0,LIME,1,FIXED,1.0,0.1,0.1,1.0,1.0,LIME,LIME
2026-01-27,069500,코스피,6,74696.0,16.0,LIME,1,KOSPI,1.0,0.08,0.08,1.0,1.0,LIME,LIME
2026-01-28,SLV,SLV,1,105.5999984741211,16.0,LIME,1,FIXED,1.0,0.31,0.31,1.0,1.0,LIME,LIME
2026-01-28,411060,금현물,2,35315.0,16.0,LIME,1,FIXED,1.0,0.25,0.25,1.0,1.0,LIME,LIME
2026-01-28,GLD,GLD,3,494.55999755859375,16.0,LIME,1,FIXED,1.0,0.16,0.16,1.0,1.0,LIME,LIME
2026-01-28,229200,코스닥,4,20320.0,16.0,LIME,1,KOSPI,1.0,0.1,0.1,1.0,1.0,LIME,LIME
2026-01-28,069500,코스피,5,76095.0,16.0,LIME,1,KOSPI,1.0,0.1,0.1,1.0,1.0,LIME,LIME
2026-01-28,EWY,EWY,6,125.55999755859376,16.0,LIME,1,KOSPI,1.0,0.08,0.08,1.0,1.0,LIME,LIME
2026-01-29,SLV,SLV,1,105.56999969482422,16.0,LIME,1,FIXED,1.0,0.31,0.31,1.0,1.0,LIME,LIME
2026-01-29,469070,ai로봇,2,18985.0,16.0,LIME,1,KOSPI,1.0,0.25,0.25,1.0,1.0,LIME,LIME
2026-01-29,091160,반도체,3,84845.0,16.0,LIME,1,KOSPI,1.0,0.16,0.16,1.0,1.0,LIME,LIME
2026-01-29,411060,금현물,4,37890.0,16.0,LIME,1,FIXED,1.0,0.1,0.1,1.0,1.0,LIME,LIME
2026-01-29,117680,철강주,5,16010.0,16.0,LIME,1,KOSPI,1.0,0.1,0.1,1.0,1.0,LIME,LIME
2026-01-29,229200,코스닥,6,20915.0,16.0,LIME,1,KOSPI,1.0,0.08,0.08,1.0,1.0,LIME,LIME
2026-01-30,091160,반도체,1,88200.0,16.0,LIME,1,KOSPI,1.0,0.31,0.31,1.0,0.4,LIME,-
2026-01-30,117680,철강주,2,15680.0,16.0,LIME,1,KOSPI,1.0,0.25,0.25,1.0,0.4,LIME,-
2026-01-30,411060,금현물,3,35440.0,16.0,LIME,1,FIXED,1.0,0.16,0.16,1.0,0.4,LIME,-
2026-01-30,495050,밸류업,4,22994.0,16.0,-,1,KOSPI,1.0,0.1,0.1,1.0,0.4,LIME,-
2026-01-30,455850,반소부,5,23695.0,16.0,LIME,1,KOSPI,1.0,0.1,0.1,1.0,0.4,LIME,-
2026-01-30,229200,코스닥,6,20500.0,16.0,LIME,1,KOSPI,1.0,0.08,0.08,1.0,0.4,LIME,-
2026-02-02,TUR,TUR,1,41.13999938964844,16.0,-,1,NASDAQ,0.24,0.31,0.0744,0.4,0.1,-,PURPLE
2026-02-02,091160,반도체,2,81250.0,15.0,-,2,KOSPI,0.55,0.25,0.1375,0.4,0.1,-,PURPLE
2026-02-02,SCHD,SCHD,3,29.748367309570312,16.0,LIME,1,NASDAQ,0.24,0.16,0.0384,0.4,0.1,-,PURPLE
2026-02-02,102970,증권주,4,20410.0,15.0,LIME,2,KOSPI,0.55,0.1,0.055,0.4,0.1,-,PURPLE
2026-02-02,446770,톱반도,5,54960.0,15.0,-,2,NASDAQ,0.22,0.1,0.022,0.4,0.1,-,PURPLE
2026-02-02,229200,코스닥,6,19295.0,15.0,-,2,KOSPI,0.55,0.08,0.044,0.4,0.1,-,PURPLE
2026-02-03,091160,반도체,1,88780.0,15.0,-,1,KOSPI,0.6,0.31,0.186,0.4,0.4,-,-
2026-02-03,TUR,TUR,2,41.540000915527344,15.75,-,1,NASDAQ,0.6,0.25,0.15,0.4,0.4,-,-
2026-02-03,102970,증권주,3,23050.0,15.0,LIME,1,KOSPI,0.6,0.16,0.096,0.4,0.4,-,-
2026-02-03,SCHD,SCHD,4,30.24417304992676,16.0,LIME,1,NASDAQ,0.6,0.1,0.06,0.4,0.4,-,-
2026-02-03,455850,반소부,5,23175.0,15.0,LIME,1,KOSPI,0.6,0.1,0.06,0.4,0.4,-,-
2026-02-03,446770,톱반도,6,57510.0,15.0,-,1,NASDAQ,0.6,0.08,0.048,0.4,0.4,-,-
2026-02-04,SCHD,SCHD,1,30.749897003173828,16.0,LIME,1,NASDAQ,0.6,0.31,0.186,0.4,0.4,-,-
2026-02-04,091160,반도체,2,88800.0,15.0,-,1,KOSPI,0.6,0.25,0.15,0.4,0.4,-,-
2026-02-04,102970,증권주,3,23065.0,15.0,LIME,1,KOSPI,0.6,0.16,0.096,0.4,0.4,-,-
2026-02-04,XLP,XLP,4,86.50309753417969,15.75,LIME,1,NASDAQ,0.6,0.1,0.06,0.4,0.4,-,-
2026-02-04,455850,반소부,5,23170.0,14.75,LIME,1,KOSPI,0.55,0.1,0.055,0.4,0.4,-,-
2026-02-04,446770,톱반도,6,56770.0,15.0,-,1,NASDAQ,0.6,0.08,0.048,0.4,0.4,-,-
2026-02-05,102970,증권주,1,22445.0,15.0,LIME,1,KOSPI,0.6,0.31,0.186,0.4,0.1,-,PURPLE
2026-02-05,SCHD,SCHD,2,30.71023178100586,16.0,LIME,1,NASDAQ,0.24,0.25,0.06,0.4,0.1,-,PURPLE
2026-02-05,XLP,XLP,3,86.43348693847656,16.0,LIME,1,NASDAQ,0.24,0.16,0.0384,0.4,0.1,-,PURPLE
2026-02-05,XLI,XLI,4,167.89822387695312,16.0,-,1,NASDAQ,0.24,0.1,0.024,0.4,0.1,-,PURPLE
2026-02-05,117700,건설주,5,5550.0,14.5,LIME,1,KOSPI,0.55,0.1,0.055,0.4,0.1,-,PURPLE
2026-02-05,091160,반도체,6,84000.0,13.5,-,2,KOSPI,0.45,0.08,0.036,0.4,0.1,-,PURPLE
2026-02-06,117700,건설주,1,5490.0,16.0,LIME,1,KOSPI,0.6,0.31,0.186,0.4,0.1,-,PURPLE
2026-02-06,325020,케모멘,2,23910.0,16.0,-,1,KOSPI,0.6,0.25,0.15,0.4,0.1,-,PURPLE
2026-02-06,XLB,XLB,3,51.28194046020508,16.0,-,1,NASDAQ,0.24,0.16,0.0384,0.4,0.1,-,PURPLE
2026-02-06,XLE,XLE,4,52.90433883666992,16.0,LIME,1,FIXED,1.0,0.1,0.1,0.4,0.1,-,PURPLE
2026-02-06,SCHD,SCHD,5,31.206037521362305,16.0,LIME,1,NASDAQ,0.24,0.1,0.024,0.4,0.1,-,PURPLE
2026-02-06,XLP,XLP,6,87.44778442382812,16.0,LIME,1,NASDAQ,0.24,0.08,0.0192,0.4,0.1,-,PURPLE
2026-02-09,117700,건설주,1,5690.0,16.0,LIME,1,KOSPI,0.6,0.31,0.186,0.4,0.1,-,PURPLE
2026-02-09,091170,은행주,2,15323.0,16.0,LIME,1,KOSPI,0.6,0.25,0.15,0.4,0.1,-,PURPLE
2026-02-09,325020,케모멘,3,24485.0,15.75,-,1,KOSPI,0.6,0.16,0.096,0.4,0.1,-,PURPLE
2026-02-09,XLB,XLB,4,51.948978424072266,16.0,LIME,1,NASDAQ,0.24,0.1,0.024,0.4,0.1,-,PURPLE
2026-02-09,377990,신재생,5,22985.0,16.0,LIME,1,KOSPI,0.6,0.1,0.06,0.4,0.1,-,PURPLE
2026-02-09,XLE,XLE,6,53.291805267333984,16.0,LIME,1,FIXED,1.0,0.08,0.08,0.4,0.1,-,PURPLE
2026-02-10,117700,건설주,1,5760.0,16.0,LIME,1,KOSPI,0.6,0.31,0.186,0.4,0.1,-,PURPLE
2026-02-10,091170,은행주,2,15799.0,16.0,LIME,1,KOSPI,0.6,0.25,0.15,0.4,0.1,-,PURPLE
2026-02-10,325020,케모멘,3,24985.0,15.75,-,1,KOSPI,0.6,0.16,0.096,0.4,0.1,-,PURPLE
2026-02-10,XLB,XLB,4,52.675743103027344,16.0,LIME,1,NASDAQ,0.24,0.1,0.024,0.4,0.1,-,PURPLE
2026-02-10,377990,신재생,5,22700.0,16.0,LIME,1,KOSPI,0.6,0.1,0.06,0.4,0.1,-,PURPLE
2026-02-10,XLE,XLE,6,53.23219680786133,16.0,LIME,1,FIXED,1.0,0.08,0.08,0.4,0.1,-,PURPLE
2026-02-11,117700,건설주,1,5835.0,16.0,LIME,1,KOSPI,0.6,0.31,0.186,0.4,0.1,-,PURPLE
2026-02-11,091170,은행주,2,16426.0,16.0,LIME,1,KOSPI,0.6,0.25,0.15,0.4,0.1,-,PURPLE
2026-02-11,325020,케모멘,3,25620.0,15.75,-,1,KOSPI,0.6,0.16,0.096,0.4,0.1,-,PURPLE
2026-02-11,XLE,XLE,4,54.62310791015625,16.0,LIME,1,FIXED,1.0,0.1,0.1,0.4,0.1,-,PURPLE
2026-02-11,XLB,XLB,5,53.382598876953125,16.0,LIME,1,NASDAQ,0.24,0.1,0.024,0.4,0.1,-,PURPLE
2026-02-11,377990,신재생,6,23045.0,16.0,LIME,1,KOSPI,0.6,0.08,0.048,0.4,0.1,-,PURPLE
2026-02-12,102970,증권주,1,24595.0,16.0,-,1,KOSPI,0.6,0.31,0.186,0.4,0.1,-,PURPLE
2026-02-12,117700,건설주,2,5855.0,16.0,LIME,1,KOSPI,0.6,0.25,0.15,0.4,0.1,-,PURPLE
2026-02-12,091170,은행주,3,17141.0,16.0,LIME,1,KOSPI,0.6,0.16,0.096,0.4,0.1,-,PURPLE
2026-02-12,434730,원자력,4,63775.0,16.0,-,1,KOSPI,0.6,0.1,0.06,0.4,0.1,-,PURPLE
2026-02-12,325020,케모멘,5,26260.0,15.75,-,1,KOSPI,0.6,0.1,0.06,0.4,0.1,-,PURPLE
2026-02-12,377990,신재생,6,23230.0,16.0,LIME,1,KOSPI,0.6,0.08,0.048,0.4,0.1,-,PURPLE
2026-02-13,102970,증권주,1,26615.0,16.0,LIME,1,KOSPI,0.6,0.31,0.186,0.4,0.1,-,PURPLE
2026-02-13,117700,건설주,2,5820.0,16.0,LIME,1,KOSPI,0.6,0.25,0.15,0.4,0.1,-,PURPLE
2026-02-13,325020,케모멘,3,26320.0,16.0,-,1,KOSPI,0.6,0.16,0.096,0.4,0.1,-,PURPLE
2026-02-13,091170,은행주,4,16908.0,16.0,LIME,1,KOSPI,0.6,0.1,0.06,0.4,0.1,-,PURPLE
2026-02-13,495050,밸류업,5,24246.0,15.75,-,1,KOSPI,0.6,0.1,0.06,0.4,0.1,-,PURPLE
2026-02-13,434730,원자력,6,63300.0,16.0,-,1,KOSPI,0.6,0.08,0.048,0.4,0.1,-,PURPLE
2026-02-17,EWY,EWY,1,130.67999267578125,16.0,-,1,KOSPI,0.6,0.33,0.198,0.4,0.1,-,PURPLE
2026-02-17,THD,THD,2,71.02999877929688,16.0,LIME,1,NASDAQ,0.24,0.27,0.0648,0.4,0.1,-,PURPLE
2026-02-17,EWT,EWT,3,72.88999938964844,15.75,LIME,1,NASDAQ,0.24,0.2,0.048,0.4,0.1,-,PURPLE
2026-02-17,EWA,EWA,4,29.31999969482422,16.0,LIME,1,NASDAQ,0.24,0.1,0.024,0.4,0.1,-,PURPLE
2026-02-17,EWW,EWW,5,80.76000213623047,15.0,-,1,NASDAQ,0.24,0.1,0.024,0.4,0.1,-,PURPLE
2026-02-18,EWY,EWY,1,132.92999267578125,16.0,-,1,KOSPI,0.6,0.31,0.186,0.4,0.1,-,PURPLE
2026-02-18,TUR,TUR,2,42.40999984741211,16.0,-,1,NASDAQ,0.24,0.25,0.06,0.4,0.1,-,PURPLE
2026-02-18,THD,THD,3,71.26000213623047,16.0,LIME,1,NASDAQ,0.24,0.16,0.0384,0.4,0.1,-,PURPLE
2026-02-18,EWA,EWA,4,29.309999465942383,16.0,LIME,1,NASDAQ,0.24,0.1,0.024,0.4,0.1,-,PURPLE
2026-02-18,EWT,EWT,5,72.9800033569336,15.5,LIME,1,NASDAQ,0.24,0.1,0.024,0.4,0.1,-,PURPLE
2026-02-18,EWW,EWW,6,80.1500015258789,13.5,-,2,NASDAQ,0.2,0.08,0.016,0.4,0.1,-,PURPLE
2026-02-19,102970,증권주,1,30065.0,16.0,LIME,1,KOSPI,0.6,0.31,0.186,0.4,0.1,-,PURPLE
2026-02-19,117700,건설주,2,6090.0,16.0,LIME,1,KOSPI,0.6,0.25,0.15,0.4,0.1,-,PURPLE
2026-02-19,495050,밸류업,3,24821.0,16.0,-,1,KOSPI,0.6,0.16,0.096,0.4,0.1,-,PURPLE
2026-02-19,EWY,EWY,4,135.2100067138672,16.0,-,1,KOSPI,0.6,0.1,0.06,0.4,0.1,-,PURPLE
2026-02-19,325020,케모멘,5,26725.0,16.0,-,1,KOSPI,0.6,0.1,0.06,0.4,0.1,-,PURPLE
2026-02-19,THD,THD,6,72.72000122070312,16.0,LIME,1,NASDAQ,0.24,0.08,0.0192,0.4,0.1,-,PURPLE
2026-02-20,102970,증권주,1,30505.0,16.0,LIME,1,KOSPI,0.6,0.31,0.186,0.4,0.1,-,PURPLE
2026-02-20,091160,반도체,2,92945.0,16.0,-,1,KOSPI,0.6,0.25,0.15,0.4,0.1,-,PURPLE
2026-02-20,117700,건설주,3,6235.0,16.0,LIME,1,KOSPI,0.6,0.16,0.096,0.4,0.1,-,PURPLE
2026-02-20,EWY,EWY,4,141.8800048828125,16.0,LIME,1,KOSPI,0.6,0.1,0.06,0.4,0.1,-,PURPLE
2026-02-20,495050,밸류업,5,25529.0,16.0,-,1,KOSPI,0.6,0.1,0.06,0.4,0.1,-,PURPLE
2026-02-20,325020,케모멘,6,27320.0,16.0,-,1,KOSPI,0.6,0.08,0.048,0.4,0.1,-,PURPLE
2026-02-23,102970,증권주,1,29310.0,16.0,-,1,KOSPI,0.6,0.31,0.186,0.4,0.1,-,PURPLE
2026-02-23,091160,반도체,2,92385.0,16.0,-,1,KOSPI,0.6,0.25,0.15,0.4,0.1,-,PURPLE
2026-02-23,117700,건설주,3,6270.0,16.0,-,1,KOSPI,0.6,0.16,0.096,0.4,0.1,-,PURPLE
2026-02-23,EWY,EWY,4,139.3000030517578,16.0,LIME,1,KOSPI,0.6,0.1,0.06,0.4,0.1,-,PURPLE
2026-02-23,495050,밸류업,5,25674.0,16.0,-,1,KOSPI,0.6,0.1,0.06,0.4,0.1,-,PURPLE
2026-02-23,325020,케모멘,6,27265.0,16.0,-,1,KOSPI,0.6,0.08,0.048,0.4,0.1,-,PURPLE
2026-02-24,091160,반도체,1,95695.0,16.0,-,1,KOSPI,0.6,0.31,0.186,0.4,0.1,-,PURPLE
2026-02-24,117700,건설주,2,6505.0,16.0,LIME,1,KOSPI,0.6,0.25,0.15,0.4,0.1,-,PURPLE
2026-02-24,495050,밸류업,3,26154.0,16.0,-,1,KOSPI,0.6,0.16,0.096,0.4,0.1,-,PURPLE
2026-02-24,069500,코스피,4,89085.0,16.0,-,1,KOSPI,0.6,0.1,0.06,0.4,0.1,-,PURPLE
2026-02-24,EWY,EWY,5,144.5500030517578,16.0,LIME,1,KOSPI,0.6,0.1,0.06,0.4,0.1,-,PURPLE
2026-02-24,325020,케모멘,6,27455.0,16.0,-,1,KOSPI,0.6,0.08,0.048,0.4,0.1,-,PURPLE
2026-02-25,117700,건설주,1,6825.0,16.0,LIME,1,KOSPI,1.0,0.31,0.31,1.0,0.4,LIME,-
2026-02-25,091160,반도체,2,96215.0,16.0,LIME,1,KOSPI,1.0,0.25,0.25,1.0,0.4,LIME,-
2026-02-25,495050,밸류업,3,26692.0,16.0,LIME,1,KOSPI,1.0,0.16,0.16,1.0,0.4,LIME,-
2026-02-25,EWY,EWY,4,148.88999938964844,16.0,LIME,1,KOSPI,1.0,0.1,0.1,1.0,0.4,LIME,-
2026-02-25,069500,코스피,5,90890.0,16.0,LIME,1,KOSPI,1.0,0.1,0.1,1.0,0.4,LIME,-
2026-02-25,325020,케모멘,6,28235.0,16.0,LIME,1,KOSPI,1.0,0.08,0.08,1.0,0.4,LIME,-
2026-02-26,091160,반도체,1,105185.0,16.0,LIME,1,KOSPI,1.0,0.31,0.31,1.0,0.4,LIME,-
2026-02-26,117700,건설주,2,7005.0,16.0,LIME,1,KOSPI,1.0,0.25,0.25,1.0,0.4,LIME,-
2026-02-26,495050,밸류업,3,28050.0,16.0,LIME,1,KOSPI,1.0,0.16,0.16,1.0,0.4,LIME,-
2026-02-26,069500,코스피,4,95025.0,16.0,LIME,1,KOSPI,1.0,0.1,0.1,1.0,0.4,LIME,-
2026-02-26,EWY,EWY,5,150.41000366210938,16.0,LIME,1,KOSPI,1.0,0.1,0.1,1.0,0.4,LIME,-
2026-02-26,325020,케모멘,6,28960.0,16.0,LIME,1,KOSPI,1.0,0.08,0.08,1.0,0.4,LIME,-
2026-02-27,091160,반도체,1,105400.0,16.0,LIME,1,KOSPI,1.0,0.31,0.31,1.0,0.1,LIME,PURPLE
2026-02-27,117700,건설주,2,6955.0,16.0,LIME,1,KOSPI,1.0,0.25,0.25,1.0,0.1,LIME,PURPLE
2026-02-27,495050,밸류업,3,27700.0,16.0,LIME,1,KOSPI,1.0,0.16,0.16,1.0,0.1,LIME,PURPLE
2026-02-27,EWY,EWY,4,151.3699951171875,16.0,LIME,1,KOSPI,1.0,0.1,0.1,1.0,0.1,LIME,PURPLE
2026-02-27,069500,코스피,5,94120.0,16.0,LIME,1,KOSPI,1.0,0.1,0.1,1.0,0.1,LIME,PURPLE
2026-02-27,325020,케모멘,6,28820.0,16.0,LIME,1,KOSPI,1.0,0.08,0.08,1.0,0.1,LIME,PURPLE
2026-03-02,PICK,PICK,1,64.36000061035156,15.75,LIME,1,FIXED,1.0,0.33,0.33,0.4,0.4,-,-
2026-03-02,REMX,REMX,2,103.1999969482422,15.5,LIME,1,FIXED,1.0,0.27,0.27,0.4,0.4,-,-
2026-03-02,EWY,EWY,3,147.5399932861328,15.0,LIME,2,KOSPI,0.55,0.2,0.11,0.4,0.4,-,-
2026-03-02,QMOM,QMOM,4,73.83499908447266,16.0,LIME,1,NASDAQ,0.6,0.1,0.06,0.4,0.4,-,-
2026-03-02,EZA,EZA,5,79.9000015258789,15.0,LIME,2,NASDAQ,0.55,0.1,0.055,0.4,0.4,-,-
2026-03-03,455850,반소부,1,25635.0,15.75,LIME,1,KOSPI,0.6,0.31,0.186,0.4,0.1,-,PURPLE
2026-03-03,091160,반도체,2,97715.0,15.0,-,2,KOSPI,0.55,0.25,0.1375,0.4,0.1,-,PURPLE
2026-03-03,117700,건설주,3,6500.0,15.0,-,2,KOSPI,0.55,0.16,0.088,0.4,0.1,-,PURPLE
2026-03-03,091180,자동차,4,35360.0,15.0,LIME,2,KOSPI,0.55,0.1,0.055,0.4,0.1,-,PURPLE
2026-03-03,117680,철강주,5,16595.0,15.0,LIME,2,KOSPI,0.55,0.1,0.055,0.4,0.1,-,PURPLE
2026-03-03,REMX,REMX,6,94.93000030517578,14.25,LIME,3,FIXED,1.0,0.08,0.08,0.4,0.1,-,PURPLE
2026-03-04,XLE,XLE,1,55.82525253295898,16.0,-,1,FIXED,1.0,0.31,0.31,0.1,0.1,PURPLE,PURPLE
2026-03-04,ITA,ITA,2,246.809814453125,15.75,LIME,1,NASDAQ,0.24,0.25,0.06,0.1,0.1,PURPLE,PURPLE
2026-03-04,XAR,XAR,3,287.0557556152344,15.0,LIME,1,NASDAQ,0.24,0.16,0.0384,0.1,0.1,PURPLE,PURPLE
2026-03-04,PDBC,PDBC,4,15.5600004196167,14.75,LIME,1,FIXED,1.0,0.1,0.1,0.1,0.1,PURPLE,PURPLE
2026-03-04,REMX,REMX,5,97.86000061035156,13.0,LIME,2,FIXED,1.0,0.1,0.1,0.1,0.1,PURPLE,PURPLE
2026-03-04,455850,반소부,6,22830.0,12.5,-,4,KOSPI,0.2,0.08,0.016,0.1,0.1,PURPLE,PURPLE
2026-03-05,XLE,XLE,1,56.11336898803711,15.75,-,1,FIXED,1.0,0.31,0.31,0.4,0.4,-,-
2026-03-05,PDBC,PDBC,2,15.800000190734863,16.0,LIME,1,FIXED,1.0,0.25,0.25,0.4,0.4,-,-
2026-03-05,EIS,EIS,3,125.80999755859376,15.0,LIME,1,NASDAQ,0.6,0.16,0.096,0.4,0.4,-,-
2026-03-05,455850,반소부,4,27670.0,12.5,-,1,KOSPI,0.4,0.1,0.04,0.4,0.4,-,-
2026-03-05,449450,방산주,5,76400.0,12.25,-,1,KOSPI,0.4,0.1,0.04,0.4,0.4,-,-
2026-03-05,ITA,ITA,6,239.88429260253903,12.75,-,3,NASDAQ,0.4,0.08,0.032,0.4,0.4,-,-
2026-03-06,PDBC,PDBC,1,16.3799991607666,16.0,LIME,1,FIXED,1.0,0.31,0.31,0.4,0.4,-,-
2026-03-06,XLE,XLE,2,56.20278549194336,15.5,-,1,FIXED,1.0,0.25,0.25,0.4,0.4,-,-
2026-03-06,EIS,EIS,3,125.70999908447266,15.5,LIME,1,NASDAQ,0.6,0.16,0.096,0.4,0.4,-,-
2026-03-06,478150,우주방,4,22960.0,14.0,LIME,2,NASDAQ,0.5,0.1,0.05,0.4,0.4,-,-
2026-03-06,455850,반소부,5,28560.0,12.5,LIME,1,KOSPI,0.4,0.1,0.04,0.4,0.4,-,-
2026-03-06,449450,방산주,6,80155.0,12.25,-,1,KOSPI,0.4,0.08,0.032,0.4,0.4,-,-
2026-03-09,PDBC,PDBC,1,16.190000534057617,16.0,LIME,1,FIXED,1.0,0.31,0.31,0.1,0.1,PURPLE,PURPLE
2026-03-09,XLE,XLE,2,55.95441055297852,13.75,-,2,FIXED,1.0,0.25,0.25,0.1,0.1,PURPLE,PURPLE
2026-03-09,EIS,EIS,3,123.88999938964844,14.25,LIME,2,NASDAQ,0.2,0.16,0.032,0.1,0.1,PURPLE,PURPLE
2026-03-09,DBA,DBA,4,26.549999237060547,15.0,LIME,1,FIXED,1.0,0.1,0.1,0.1,0.1,PURPLE,PURPLE
2026-03-09,449450,방산주,5,77755.0,12.0,-,1,KOSPI,0.2,0.1,0.02,0.1,0.1,PURPLE,PURPLE
2026-03-09,455850,반소부,6,26325.0,12.0,LIME,1,KOSPI,0.2,0.08,0.016,0.1,0.1,PURPLE,PURPLE
2026-03-10,455850,반소부,1,27190.0,15.5,LIME,1,KOSPI,0.24,0.31,0.0744,0.1,0.4,PURPLE,-
2026-03-10,PDBC,PDBC,2,16.440000534057617,16.0,LIME,1,FIXED,1.0,0.25,0.25,0.1,0.4,PURPLE,-
2026-03-10,449450,방산주,3,76350.0,14.75,-,1,KOSPI,0.22,0.16,0.0352,0.1,0.4,PURPLE,-
2026-03-10,DBA,DBA,4,26.61000061035156,15.0,LIME,1,FIXED,1.0,0.1,0.1,0.1,0.4,PURPLE,-
2026-03-10,091160,반도체,5,99220.0,12.0,-,1,KOSPI,0.2,0.1,0.02,0.1,0.4,PURPLE,-
2026-03-10,XLE,XLE,6,55.23908233642578,11.5,-,3,FIXED,1.0,0.08,0.08,0.1,0.4,PURPLE,-
2026-03-11,PDBC,PDBC,1,16.760000228881836,16.0,LIME,1,FIXED,1.0,0.31,0.31,0.1,1.0,PURPLE,LIME
2026-03-11,455850,반소부,2,26220.0,14.25,LIME,2,KOSPI,0.2,0.25,0.05,0.1,1.0,PURPLE,LIME
2026-03-11,449450,방산주,3,75735.0,13.5,-,2,KOSPI,0.2,0.16,0.032,0.1,1.0,PURPLE,LIME
2026-03-11,DBA,DBA,4,26.700000762939453,15.0,LIME,1,FIXED,1.0,0.1,0.1,0.1,1.0,PURPLE,LIME
2026-03-11,091160,반도체,5,98400.0,11.0,-,2,KOSPI,0.2,0.1,0.02,0.1,1.0,PURPLE,LIME
2026-03-11,XLE,XLE,6,56.61012649536133,11.5,-,1,FIXED,1.0,0.08,0.08,0.1,1.0,PURPLE,LIME
2026-03-12,PDBC,PDBC,1,17.209999084472656,16.0,LIME,1,FIXED,1.0,0.31,0.31,0.1,1.0,PURPLE,LIME
2026-03-12,DBA,DBA,2,26.75,15.0,LIME,1,FIXED,1.0,0.25,0.25,0.1,1.0,PURPLE,LIME
2026-03-12,449450,방산주,3,76890.0,12.5,-,2,KOSPI,0.2,0.16,0.032,0.1,1.0,PURPLE,LIME
2026-03-12,455850,반소부,4,26325.0,12.0,-,3,KOSPI,0.2,0.1,0.02,0.1,1.0,PURPLE,LIME
2026-03-12,411060,금현물,5,33945.0,12.0,LIME,1,FIXED,1.0,0.1,0.1,0.1,1.0,PURPLE,LIME
2026-03-12,XLE,XLE,6,57.13668441772461,11.75,LIME,1,FIXED,1.0,0.08,0.08,0.1,1.0,PURPLE,LIME
2026-03-13,PDBC,PDBC,1,17.1299991607666,16.0,LIME,1,FIXED,1.0,0.33,0.33,0.1,0.1,PURPLE,PURPLE
2026-03-13,XLE,XLE,2,57.3254508972168,13.5,LIME,1,FIXED,1.0,0.27,0.27,0.1,0.1,PURPLE,PURPLE
2026-03-13,DBA,DBA,3,26.75,15.0,LIME,1,FIXED,1.0,0.2,0.2,0.1,0.1,PURPLE,PURPLE
2026-03-13,411060,금현물,4,33950.0,12.0,LIME,2,FIXED,1.0,0.1,0.1,0.1,0.1,PURPLE,PURPLE
2026-03-13,449450,방산주,5,76050.0,11.0,-,2,KOSPI,0.2,0.1,0.02,0.1,0.1,PURPLE,PURPLE
2026-03-16,PDBC,PDBC,1,16.899999618530273,16.0,LIME,1,FIXED,1.0,0.45,0.45,0.1,0.4,PURPLE,-
2026-03-16,XLE,XLE,2,57.52415466308594,15.75,LIME,1,FIXED,1.0,0.3,0.3,0.1,0.4,PURPLE,-
2026-03-16,DBA,DBA,3,26.450000762939453,13.0,-,3,FIXED,1.0,0.25,0.25,0.1,0.4,PURPLE,-
2026-03-17,XLE,XLE,1,58.13019180297852,16.0,LIME,1,FIXED,1.0,0.33,0.33,0.1,0.1,PURPLE,PURPLE
2026-03-17,PDBC,PDBC,2,17.170000076293945,15.75,LIME,1,FIXED,1.0,0.27,0.27,0.1,0.1,PURPLE,PURPLE
2026-03-17,377990,신재생,3,25100.0,11.5,-,1,KOSPI,0.2,0.2,0.04,0.1,0.1,PURPLE,PURPLE
2026-03-17,117700,건설주,4,6645.0,11.0,-,1,KOSPI,0.2,0.1,0.02,0.1,0.1,PURPLE,PURPLE
2026-03-17,DBA,DBA,5,26.6200008392334,12.0,-,2,FIXED,1.0,0.1,0.1,0.1,0.1,PURPLE,PURPLE
2026-03-18,XLE,XLE,1,58.05071258544922,16.0,LIME,1,FIXED,1.0,0.31,0.31,0.4,0.4,-,-
2026-03-18,PDBC,PDBC,2,17.459999084472656,15.75,LIME,1,FIXED,1.0,0.25,0.25,0.4,0.4,-,-
2026-03-18,117700,건설주,3,7095.0,12.75,-,1,KOSPI,0.4,0.16,0.064,0.4,0.4,-,-
2026-03-18,377990,신재생,4,26750.0,11.75,-,1,KOSPI,0.4,0.1,0.04,0.4,0.4,-,-
2026-03-18,091160,반도체,5,105100.0,11.0,-,1,KOSPI,0.4,0.1,0.04,0.4,0.4,-,-
2026-03-18,DBA,DBA,6,26.90999984741211,12.25,LIME,1,FIXED,1.0,0.08,0.08,0.4,0.4,-,-
2026-03-19,XLE,XLE,1,58.97467803955078,16.0,LIME,1,FIXED,1.0,0.31,0.31,0.4,0.0,-,RED
2026-03-19,PDBC,PDBC,2,17.219999313354492,15.75,LIME,1,FIXED,1.0,0.25,0.25,0.4,0.0,-,RED
2026-03-19,091160,반도체,3,103420.0,14.0,-,1,KOSPI,0.55,0.16,0.088,0.4,0.0,-,RED
2026-03-19,117700,건설주,4,7095.0,14.0,-,1,KOSPI,0.55,0.1,0.055,0.4,0.0,-,RED
2026-03-19,377990,신재생,5,27135.0,13.0,-,1,KOSPI,0.5,0.1,0.05,0.4,0.0,-,RED
2026-03-19,DBA,DBA,6,26.96999931335449,12.5,LIME,1,FIXED,1.0,0.08,0.08,0.4,0.0,-,RED
2026-03-20,XLE,XLE,1,58.92500305175781,16.0,LIME,1,FIXED,1.0,0.31,0.31,0.4,0.0,-,RED
2026-03-20,PDBC,PDBC,2,17.329999923706055,15.75,LIME,1,FIXED,1.0,0.25,0.25,0.4,0.0,-,RED
2026-03-20,117700,건설주,3,7630.0,15.25,-,1,KOSPI,0.6,0.16,0.096,0.4,0.0,-,RED
2026-03-20,377990,신재생,4,28150.0,15.25,-,1,KOSPI,0.6,0.1,0.06,0.4,0.0,-,RED
2026-03-20,091160,반도체,5,103865.0,15.0,-,1,KOSPI,0.6,0.1,0.06,0.4,0.0,-,RED
2026-03-20,DBA,DBA,6,26.850000381469727,14.75,LIME,1,FIXED,1.0,0.08,0.08,0.4,0.0,-,RED
2026-03-23,117700,건설주,1,7240.0,16.0,-,1,KOSPI,0.6,0.31,0.186,0.4,0.0,-,RED
2026-03-23,XLE,XLE,2,59.630001068115234,16.0,LIME,1,FIXED,1.0,0.25,0.25,0.4,0.0,-,RED
2026-03-23,377990,신재생,3,26250.0,15.0,-,2,KOSPI,0.55,0.16,0.088,0.4,0.0,-,RED
2026-03-23,DBA,DBA,4,26.84000015258789,16.0,LIME,1,FIXED,1.0,0.1,0.1,0.4,0.0,-,RED
2026-03-23,PDBC,PDBC,5,16.59000015258789,13.75,-,3,FIXED,1.0,0.1,0.1,0.4,0.0,-,RED
2026-03-23,091160,반도체,6,97505.0,12.5,-,4,KOSPI,0.4,0.08,0.032,0.4,0.0,-,RED
2026-03-24,XLE,XLE,1,60.84000015258789,16.0,LIME,1,FIXED,1.0,0.31,0.31,0.4,0.0,-,RED
2026-03-24,117700,건설주,2,6950.0,15.0,-,2,KOSPI,0.55,0.25,0.1375,0.4,0.0,-,RED
2026-03-24,377990,신재생,3,25900.0,13.5,-,3,KOSPI,0.45,0.16,0.072,0.4,0.0,-,RED
2026-03-24,DBA,DBA,4,26.88999938964844,14.75,LIME,2,FIXED,1.0,0.1,0.1,0.4,0.0,-,RED
2026-03-24,091160,반도체,5,100125.0,11.0,-,3,KOSPI,0.4,0.1,0.04,0.4,0.0,-,RED
2026-03-24,PDBC,PDBC,6,16.8799991607666,11.5,-,3,FIXED,1.0,0.08,0.08,0.4,0.0,-,RED
2026-03-25,XLE,XLE,1,60.56999969482422,16.0,LIME,1,FIXED,1.0,0.35,0.35,0.4,0.0,-,RED
2026-03-25,117700,건설주,2,7150.0,13.75,-,2,KOSPI,0.45,0.3,0.135,0.4,0.0,-,RED
2026-03-25,DBA,DBA,3,26.959999084472656,14.5,LIME,1,FIXED,1.0,0.25,0.25,0.4,0.0,-,RED
2026-03-25,377990,신재생,4,26845.0,12.25,-,2,KOSPI,0.4,0.1,0.04,0.4,0.0,-,RED
2026-03-26,XLE,XLE,1,61.52000045776367,16.0,LIME,1,FIXED,1.0,0.45,0.45,0.1,0.0,PURPLE,RED
2026-03-26,DBA,DBA,2,27.11000061035156,14.5,LIME,1,FIXED,1.0,0.3,0.3,0.1,0.0,PURPLE,RED
2026-03-26,117700,건설주,3,6965.0,11.5,-,3,KOSPI,0.2,0.25,0.05,0.1,0.0,PURPLE,RED
2026-03-27,XLE,XLE,1,62.560001373291016,16.0,LIME,1,FIXED,1.0,0.55,0.55,0.1,0.0,PURPLE,RED
2026-03-27,DBA,DBA,2,27.170000076293945,14.5,LIME,1,FIXED,1.0,0.45,0.45,0.1,0.0,PURPLE,RED
2026-03-30,XLE,XLE,1,61.959999084472656,16.0,LIME,1,FIXED,1.0,0.55,0.55,0.1,0.0,PURPLE,RED
2026-03-30,DBA,DBA,2,27.1200008392334,15.75,LIME,1,FIXED,1.0,0.45,0.45,0.1,0.0,PURPLE,RED
2026-03-31,XLE,XLE,1,61.2599983215332,15.0,LIME,2,FIXED,1.0,0.45,0.45,0.1,0.0,PURPLE,RED
2026-03-31,DBA,DBA,2,27.31999969482422,16.0,LIME,1,FIXED,1.0,0.3,0.3,0.1,0.0,PURPLE,RED
2026-03-31,PDBC,PDBC,3,17.31999969482422,12.0,-,1,FIXED,1.0,0.25,0.25,0.1,0.0,PURPLE,RED
2026-04-01,DBA,DBA,1,27.100000381469727,15.0,-,2,FIXED,1.0,0.45,0.45,0.1,0.0,PURPLE,RED
2026-04-01,XLE,XLE,2,58.970001220703125,12.75,-,3,FIXED,1.0,0.3,0.3,0.1,0.0,PURPLE,RED
2026-04-01,PDBC,PDBC,3,17.100000381469727,12.25,-,3,FIXED,1.0,0.25,0.25,0.1,0.0,PURPLE,RED
2026-04-02,PDBC,PDBC,1,17.520000457763672,13.0,-,1,FIXED,1.0,0.33,0.33,0.1,0.0,PURPLE,RED
2026-04-02,DBA,DBA,2,27.15999984741211,14.0,-,2,FIXED,1.0,0.27,0.27,0.1,0.0,PURPLE,RED
2026-04-02,EWZ,EWZ,3,38.34999847412109,12.0,LIME,1,NASDAQ,0.2,0.2,0.04,0.1,0.0,PURPLE,RED
2026-04-02,KSA,KSA,4,39.380001068115234,11.75,LIME,1,NASDAQ,0.2,0.1,0.02,0.1,0.0,PURPLE,RED
2026-04-02,LIT,LIT,5,74.16999816894531,11.25,LIME,1,NASDAQ,0.2,0.1,0.02,0.1,0.0,PURPLE,RED
2026-04-06,EWZ,EWZ,1,38.540000915527344,14.75,LIME,1,NASDAQ,0.55,0.33,0.1815,0.4,0.4,-,-
2026-04-06,PDBC,PDBC,2,17.549999237060547,13.5,-,1,FIXED,1.0,0.27,0.27,0.4,0.4,-,-
2026-04-06,305720,이차전,3,17450.0,13.0,LIME,1,KOSPI,0.5,0.2,0.1,0.4,0.4,-,-
2026-04-06,DBA,DBA,4,27.280000686645508,13.75,LIME,1,FIXED,1.0,0.1,0.1,0.4,0.4,-,-
2026-04-06,THD,THD,5,68.37000274658203,11.75,LIME,2,NASDAQ,0.4,0.1,0.04,0.4,0.4,-,-
2026-04-07,EWZ,EWZ,1,38.459999084472656,15.0,LIME,1,NASDAQ,0.6,0.31,0.186,0.1,0.4,PURPLE,-
2026-04-07,305720,이차전,2,17535.0,13.75,LIME,1,KOSPI,0.2,0.25,0.05,0.1,0.4,PURPLE,-
2026-04-07,PDBC,PDBC,3,17.520000457763672,13.5,-,1,FIXED,1.0,0.16,0.16,0.1,0.4,PURPLE,-
2026-04-07,THD,THD,4,68.19999694824219,12.5,LIME,2,NASDAQ,0.4,0.1,0.04,0.1,0.4,PURPLE,-
2026-04-07,LIT,LIT,5,73.73999786376953,11.75,LIME,2,NASDAQ,0.4,0.1,0.04,0.1,0.4,PURPLE,-
2026-04-07,DBA,DBA,6,27.01000022888184,11.5,-,3,FIXED,1.0,0.08,0.08,0.1,0.4,PURPLE,-
2026-04-08,EWZ,EWZ,1,39.560001373291016,15.0,LIME,1,NASDAQ,0.6,0.31,0.186,1.0,0.4,LIME,-
2026-04-08,117700,건설주,2,8920.0,13.75,LIME,1,KOSPI,1.0,0.25,0.25,1.0,0.4,LIME,-
2026-04-08,305720,이차전,3,17955.0,14.0,LIME,1,KOSPI,1.0,0.16,0.16,1.0,0.4,LIME,-
2026-04-08,PDBC,PDBC,4,17.010000228881836,13.5,-,4,FIXED,1.0,0.1,0.1,1.0,0.4,LIME,-
2026-04-08,THD,THD,5,71.0999984741211,12.75,LIME,1,NASDAQ,0.4,0.1,0.04,1.0,0.4,LIME,-
2026-04-08,LIT,LIT,6,76.70999908447266,12.0,LIME,1,NASDAQ,0.4,0.08,0.032,1.0,0.4,LIME,-
2026-04-09,117700,건설주,1,8720.0,15.5,LIME,1,KOSPI,1.0,0.31,0.31,1.0,1.0,LIME,LIME
2026-04-09,EWZ,EWZ,2,40.540000915527344,15.25,LIME,1,NASDAQ,1.0,0.25,0.25,1.0,1.0,LIME,LIME
2026-04-09,305720,이차전,3,18180.0,14.5,LIME,1,KOSPI,1.0,0.16,0.16,1.0,1.0,LIME,LIME
2026-04-09,PTF,PTF,4,99.33999633789062,13.75,LIME,1,NASDAQ,1.0,0.1,0.1,1.0,1.0,LIME,LIME
2026-04-09,THD,THD,5,71.23999786376953,13.0,LIME,1,NASDAQ,1.0,0.1,0.1,1.0,1.0,LIME,LIME
2026-04-09,LIT,LIT,6,76.73999786376953,12.0,LIME,1,NASDAQ,1.0,0.08,0.08,1.0,1.0,LIME,LIME
2026-04-10,117700,건설주,1,8775.0,15.75,LIME,1,KOSPI,1.0,0.31,0.31,1.0,1.0,LIME,LIME
2026-04-10,EWZ,EWZ,2,41.33000183105469,15.5,LIME,1,NASDAQ,1.0,0.25,0.25,1.0,1.0,LIME,LIME
2026-04-10,305720,이차전,3,18120.0,14.5,LIME,1,KOSPI,1.0,0.16,0.16,1.0,1.0,LIME,LIME
2026-04-10,PTF,PTF,4,98.9800033569336,14.75,LIME,1,NASDAQ,1.0,0.1,0.1,1.0,1.0,LIME,LIME
2026-04-10,449450,방산주,5,79200.0,14.0,LIME,1,KOSPI,1.0,0.1,0.1,1.0,1.0,LIME,LIME
2026-04-10,THD,THD,6,71.70999908447266,14.0,LIME,1,NASDAQ,1.0,0.08,0.08,1.0,1.0,LIME,LIME
2026-04-13,117700,건설주,1,8625.0,15.75,LIME,1,KOSPI,1.0,0.31,0.31,1.0,1.0,LIME,LIME
2026-04-13,EWZ,EWZ,2,41.52000045776367,15.75,LIME,1,NASDAQ,1.0,0.25,0.25,1.0,1.0,LIME,LIME
2026-04-13,PTF,PTF,3,101.1500015258789,15.5,LIME,1,NASDAQ,1.0,0.16,0.16,1.0,1.0,LIME,LIME
2026-04-13,EWT,EWT,4,78.26000213623047,15.25,LIME,1,NASDAQ,1.0,0.1,0.1,1.0,1.0,LIME,LIME
2026-04-13,THD,THD,5,72.29000091552734,15.0,LIME,1,NASDAQ,1.0,0.1,0.1,1.0,1.0,LIME,LIME
2026-04-13,449450,방산주,6,78990.0,14.5,LIME,1,KOSPI,1.0,0.08,0.08,1.0,1.0,LIME,LIME
2026-04-14,EWZ,EWZ,1,41.72999954223633,16.0,LIME,1,NASDAQ,1.0,0.31,0.31,1.0,1.0,LIME,LIME
2026-04-14,PTF,PTF,2,101.5,16.0,LIME,1,NASDAQ,1.0,0.25,0.25,1.0,1.0,LIME,LIME
2026-04-14,EWT,EWT,3,80.20999908447266,15.5,LIME,1,NASDAQ,1.0,0.16,0.16,1.0,1.0,LIME,LIME
2026-04-14,117700,건설주,4,8740.0,14.5,LIME,2,KOSPI,1.0,0.1,0.1,1.0,1.0,LIME,LIME
2026-04-14,THD,THD,5,73.12999725341797,15.0,LIME,1,NASDAQ,1.0,0.1,0.1,1.0,1.0,LIME,LIME
2026-04-14,449450,방산주,6,79330.0,15.0,LIME,1,KOSPI,1.0,0.08,0.08,1.0,1.0,LIME,LIME
2026-04-15,EWZ,EWZ,1,41.459999084472656,16.0,LIME,1,NASDAQ,1.0,0.31,0.31,1.0,1.0,LIME,LIME
2026-04-15,PTF,PTF,2,101.7699966430664,16.0,LIME,1,NASDAQ,1.0,0.25,0.25,1.0,1.0,LIME,LIME
2026-04-15,487230,전력인,3,23025.0,15.5,LIME,1,NASDAQ,1.0,0.16,0.16,1.0,1.0,LIME,LIME
2026-04-15,EWT,EWT,4,80.73999786376953,15.75,LIME,1,NASDAQ,1.0,0.1,0.1,1.0,1.0,LIME,LIME
2026-04-15,SRVR,SRVR,5,34.189998626708984,16.0,LIME,1,NASDAQ,1.0,0.1,0.1,1.0,1.0,LIME,LIME
2026-04-15,117700,건설주,6,9160.0,14.5,LIME,1,KOSPI,1.0,0.08,0.08,1.0,1.0,LIME,LIME
2026-04-16,487230,전력인,1,23175.0,16.0,LIME,1,NASDAQ,1.0,0.31,0.31,1.0,1.0,LIME,LIME
2026-04-16,PTF,PTF,2,104.73999786376952,16.0,LIME,1,NASDAQ,1.0,0.25,0.25,1.0,1.0,LIME,LIME
2026-04-16,EWT,EWT,3,81.3499984741211,16.0,LIME,1,NASDAQ,1.0,0.16,0.16,1.0,1.0,LIME,LIME
2026-04-16,LIT,LIT,4,82.30999755859375,16.0,LIME,1,NASDAQ,1.0,0.1,0.1,1.0,1.0,LIME,LIME
2026-04-16,446770,톱반도,5,65955.0,15.75,LIME,1,NASDAQ,1.0,0.1,0.1,1.0,1.0,LIME,LIME
2026-04-16,SRVR,SRVR,6,34.7599983215332,16.0,LIME,1,NASDAQ,1.0,0.08,0.08,1.0,1.0,LIME,LIME
2026-04-17,091160,반도체,1,110400.0,16.0,LIME,1,KOSPI,1.0,0.31,0.31,1.0,1.0,LIME,LIME
2026-04-17,147970,티모멘,2,79630.0,16.0,LIME,1,KOSPI,1.0,0.25,0.25,1.0,1.0,LIME,LIME
2026-04-17,377990,신재생,3,29510.0,15.75,LIME,1,KOSPI,1.0,0.16,0.16,1.0,1.0,LIME,LIME
2026-04-17,PTF,PTF,4,106.37999725341795,16.0,LIME,1,NASDAQ,1.0,0.1,0.1,1.0,1.0,LIME,LIME
2026-04-17,EWT,EWT,5,83.22000122070312,16.0,LIME,1,NASDAQ,1.0,0.1,0.1,1.0,1.0,LIME,LIME
2026-04-17,487230,전력인,6,22845.0,16.0,LIME,1,NASDAQ,1.0,0.08,0.08,1.0,1.0,LIME,LIME
2026-04-20,091160,반도체,1,,,,,,,,,,,,
2026-04-20,377990,신재생,2,,,,,,,,,,,,
2026-04-20,495050,밸류업,3,,,,,,,,,,,,
2026-04-20,147970,티모멘,4,,,,,,,,,,,,
2026-04-20,487230,전력인,5,,,,,,,,,,,,
2026-04-21,091160,반도체,1,,,,,,,,,,,,
2026-04-21,377990,신재생,2,,,,,,,,,,,,
2026-04-21,147970,티모멘,3,,,,,,,,,,,,
2026-04-21,495050,밸류업,4,,,,,,,,,,,,
2026-04-21,487230,전력인,5,,,,,,,,,,,,
2026-04-23,091160,반도체,1,,,,,,,,,,,,
2026-04-23,377990,신재생,2,,,,,,,,,,,,
2026-04-23,455850,반소부,3,,,,,,,,,,,,
2026-04-23,147970,티모멘,4,,,,,,,,,,,,
2026-04-23,495050,밸류업,5,,,,,,,,,,,,
2026-04-28,117700,건설주,1,,,,,,,,,,,,
2026-04-28,377990,신재생,2,,,,,,,,,,,,
2026-04-28,091160,반도체,3,,,,,,,,,,,,
2026-04-28,455850,반소부,4,,,,,,,,,,,,
2026-04-28,147970,티모멘,5,,,,,,,,,,,,
2026-04-29,117700,건설주,1,,,,,,,,,,,,
2026-04-29,377990,신재생,2,,,,,,,,,,,,
2026-04-29,091160,반도체,3,,,,,,,,,,,,
2026-04-29,147970,티모멘,4,,,,,,,,,,,,
2026-04-29,455850,반소부,5,,,,,,,,,,,,
2026-04-30,377990,신재생,1,,,,,,,,,,,,
2026-04-30,147970,티모멘,2,,,,,,,,,,,,
2026-04-30,091160,반도체,3,,,,,,,,,,,,
2026-04-30,455850,반소부,4,,,,,,,,,,,,
2026-04-30,117700,건설주,5,,,,,,,,,,,,
2026-05-01,091160,반도체,1,,,,,,,,,,,,
2026-05-01,377990,신재생,2,,,,,,,,,,,,
2026-05-01,147970,티모멘,3,,,,,,,,,,,,
2026-05-01,455850,반소부,4,,,,,,,,,,,,
2026-05-01,117700,건설주,5,,,,,,,,,,,,
2026-05-04,091160,반도체,1,,,,,,,,,,,,
2026-05-04,377990,신재생,2,,,,,,,,,,,,
2026-05-04,147970,티모멘,3,,,,,,,,,,,,
2026-05-04,117700,건설주,4,,,,,,,,,,,,
2026-05-04,455850,반소부,5,,,,,,,,,,,,
2026-05-05,091160,반도체,1,,,,,,,,,,,,
2026-05-05,377990,신재생,2,,,,,,,,,,,,
2026-05-05,147970,티모멘,3,,,,,,,,,,,,
2026-05-05,455850,반소부,4,,,,,,,,,,,,
2026-05-05,487230,전력인,5,,,,,,,,,,,,
2026-05-06,091160,반도체,1,,,,,,,,,,,,
2026-05-06,377990,신재생,2,,,,,,,,,,,,
2026-05-06,147970,티모멘,3,,,,,,,,,,,,
2026-05-06,455850,반소부,4,,,,,,,,,,,,
2026-05-06,487230,전력인,5,,,,,,,,,,,,
2026-05-08,091160,반도체,1,,,,,,,,,,,,
2026-05-08,377990,신재생,2,,,,,,,,,,,,
2026-05-08,434730,원자력,3,,,,,,,,,,,,
2026-05-08,147970,티모멘,4,,,,,,,,,,,,
2026-05-08,487230,전력인,5,,,,,,,,,,,,
2026-05-12,091160,반도체,1,,,,,,,,,,,,
2026-05-12,495050,밸류업,2,,,,,,,,,,,,
2026-05-12,069500,코스피,3,,,,,,,,,,,,
2026-05-12,147970,티모멘,4,,,,,,,,,,,,
2026-05-12,377990,신재생,5,,,,,,,,,,,,
2026-05-19,SMH,SMH,1,,,,,,,,,,,,
2026-05-19,SOXX,SOXX,2,,,,,,,,,,,,
2026-05-19,XLK,XLK,3,,,,,,,,,,,,
2026-05-20,PDBC,PDBC,1,,,,,,,,,,,,
2026-05-20,0048K0,중로봇,2,,,,,,,,,,,,
2026-05-20,XLE,XLE,3,,,,,,,,,,,,
2026-05-25,SOXX,SOXX,1,,,,,,,,,,,,
2026-05-25,0048K0,중로봇,2,,,,,,,,,,,,
2026-05-25,XLK,XLK,3,,,,,,,,,,,,
2026-05-25,XLE,XLE,4,,,,,,,,,,,,
2026-05-29,091160,반도체,1,,,,,,,,,,,,
2026-05-29,EWY,EWY,2,,,,,,,,,,,,
2026-05-29,SOXX,SOXX,3,,,,,,,,,,,,
2026-05-29,SMH,SMH,4,,,,,,,,,,,,
2026-06-03,091160,반도체,1,,,,,,,,,,,,
2026-06-03,495050,밸류업,2,,,,,,,,,,,,
2026-06-03,SOXX,SOXX,3,,,,,,,,,,,,
2026-06-03,SMH,SMH,4,,,,,,,,,,,,
2026-06-04,091160,반도체,1,,,,,,,,,,,,
2026-06-04,495050,밸류업,2,,,,,,,,,,,,
2026-06-04,EWY,EWY,3,,,,,,,,,,,,
2026-06-04,SOXX,SOXX,4,,,,,,,,,,,,
2026-06-04,SMH,SMH,5,,,,,,,,,,,,
2026-06-08,SOXX,SOXX,1,,,,,,,,,,,,
2026-06-08,PTF,PTF,2,,,,,,,,,,,,
2026-06-08,446770,톱반도,3,,,,,,,,,,,,
2026-06-09,XLV,XLV,1,,,,,,,,,,,,
2026-06-09,IJR,IJR,2,,,,,,,,,,,,
2026-06-09,VTV,VTV,3,,,,,,,,,,,,
2026-06-10,IJR,IJR,1,,,,,,,,,,,,
2026-06-10,VTV,VTV,2,,,,,,,,,,,,
2026-06-10,VIG,VIG,3,,,,,,,,,,,,
2026-06-10,RSP,RSP,4,,,,,,,,,,,,
2026-06-11,XLV,XLV,1,,,,,,,,,,,,
2026-06-11,IJR,IJR,2,,,,,,,,,,,,
2026-06-11,VNQ,VNQ,3,,,,,,,,,,,,
2026-06-12,IJR,IJR,1,,,,,,,,,,,,
2026-06-12,XLRE,XLRE,2,,,,,,,,,,,,
2026-06-12,VNQ,VNQ,3,,,,,,,,,,,,
2026-06-12,VTV,VTV,4,,,,,,,,,,,,
2026-06-15,IJR,IJR,1,,,,,,,,,,,,
2026-06-15,XLRE,XLRE,2,,,,,,,,,,,,
2026-06-15,VNQ,VNQ,3,,,,,,,,,,,,
2026-06-15,VTV,VTV,4,,,,,,,,,,,,
2026-06-15,RSP,RSP,5,,,,,,,,,,,,
2026-06-16,091160,반도체,1,,,,,,,,,,,,
2026-06-16,446770,톱반도,2,,,,,,,,,,,,
2026-06-16,JETS,JETS,3,,,,,,,,,,,,
2026-06-16,IJR,IJR,4,,,,,,,,,,,,
2026-06-16,VTV,VTV,5,,,,,,,,,,,,
2026-06-17,091160,반도체,1,,,,,,,,,,,,
2026-06-17,446770,톱반도,2,,,,,,,,,,,,
2026-06-17,SOXX,SOXX,3,,,,,,,,,,,,
2026-06-17,495050,밸류업,4,,,,,,,,,,,,
2026-06-17,IJR,IJR,5,,,,,,,,,,,,
2026-06-18,091160,반도체,1,,,,,,,,,,,,
2026-06-18,446770,톱반도,2,,,,,,,,,,,,
2026-06-18,069500,코스피,3,,,,,,,,,,,,
2026-06-18,495050,밸류업,4,,,,,,,,,,,,
2026-06-18,SOXX,SOXX,5,,,,,,,,,,,,
2026-06-19,091160,반도체,1,,,,,,,,,,,,
2026-06-19,446770,톱반도,2,,,,,,,,,,,,
2026-06-19,069500,코스피,3,,,,,,,,,,,,
2026-06-19,495050,밸류업,4,,,,,,,,,,,,
2026-06-19,IJR,IJR,5,,,,,,,,,,,,
2026-06-22,091160,반도체,1,,,,,,,,,,,,
2026-06-22,446770,톱반도,2,,,,,,,,,,,,
2026-06-22,069500,코스피,3,,,,,,,,,,,,
2026-06-23,446770,톱반도,1,,,,,,,,,,,,
2026-06-23,SMH,SMH,2,,,,,,,,,,,,
2026-06-23,MTUM,MTUM,3,,,,,,,,,,,,
2026-06-23,091160,반도체,4,,,,,,,,,,,,
2026-06-23,495050,밸류업,5,,,,,,,,,,,,
2026-06-24,446770,톱반도,1,,,,,,,,,,,,
2026-06-24,XBI,XBI,2,,,,,,,,,,,,
2026-06-24,JETS,JETS,3,,,,,,,,,,,,
2026-06-24,091160,반도체,4,,,,,,,,,,,,
2026-06-24,SMH,SMH,5,,,,,,,,,,,,
2026-06-25,JETS,JETS,1,,,,,,,,,,,,
2026-06-25,XBI,XBI,2,,,,,,,,,,,,
2026-06-25,446770,톱반도,3,,,,,,,,,,,,
2026-06-25,SMH,SMH,4,,,,,,,,,,,,
2026-06-25,EWT,EWT,5,,,,,,,,,,,,
2026-06-26,XBI,XBI,1,,,,,,,,,,,,
2026-06-26,KBE,KBE,2,,,,,,,,,,,,
2026-06-26,IJR,IJR,3,,,,,,,,,,,,
2026-06-26,JETS,JETS,4,,,,,,,,,,,,
2026-06-26,446770,톱반도,5,,,,,,,,,,,,
2026-06-29,IJR,IJR,1,,,,,,,,,,,,
2026-06-29,XBI,XBI,2,,,,,,,,,,,,
2026-06-29,KBE,KBE,3,,,,,,,,,,,,
2026-06-29,JETS,JETS,4,,,,,,,,,,,,
2026-06-30,IJR,IJR,1,,,,,,,,,,,,
2026-06-30,XBI,XBI,2,,,,,,,,,,,,
2026-06-30,KBE,KBE,3,,,,,,,,,,,,
2026-06-30,JETS,JETS,4,,,,,,,,,,,,
2026-07-01,XBI,XBI,1,,,,,,,,,,,,
2026-07-01,IJR,IJR,2,,,,,,,,,,,,
2026-07-01,KBE,KBE,3,,,,,,,,,,,,
2026-07-01,KRE,KRE,4,,,,,,,,,,,,
2026-07-01,JETS,JETS,5,,,,,,,,,,,,
2026-07-02,XBI,XBI,1,,,,,,,,,,,,
2026-07-02,IBB,IBB,2,,,,,,,,,,,,
2026-07-02,JETS,JETS,3,,,,,,,,,,,,
2026-07-02,KBE,KBE,4,,,,,,,,,,,,
2026-07-02,KRE,KRE,5,,,,,,,,,,,,
2026-07-03,XBI,XBI,1,,,,,,,,,,,,
2026-07-03,JETS,JETS,2,,,,,,,,,,,,
2026-07-03,IBB,IBB,3,,,,,,,,,,,,
2026-07-03,KBE,KBE,4,,,,,,,,,,,,
2026-07-03,KRE,KRE,5,,,,,,,,,,,,
2026-07-06,XBI,XBI,1,,,,,,,,,,,,
2026-07-06,IBB,IBB,2,,,,,,,,,,,,
2026-07-06,KBE,KBE,3,,,,,,,,,,,,
2026-07-06,JETS,JETS,4,,,,,,,,,,,,
2026-07-06,KRE,KRE,5,,,,,,,,,,,,
2026-07-07,XBI,XBI,1,,,,,,,,,,,,
2026-07-07,IBB,IBB,2,,,,,,,,,,,,
2026-07-07,KBE,KBE,3,,,,,,,,,,,,
2026-07-07,JETS,JETS,4,,,,,,,,,,,,
2026-07-07,KRE,KRE,5,,,,,,,,,,,,
2026-07-08,XBI,XBI,1,,,,,,,,,,,,
2026-07-08,IBB,IBB,2,,,,,,,,,,,,
2026-07-08,SVXY,SVXY,3,,,,,,,,,,,,
2026-07-08,KBE,KBE,4,,,,,,,,,,,,
2026-07-08,KRE,KRE,5,,,,,,,,,,,,
2026-07-09,XBI,XBI,1,,,,,,,,,,,,
2026-07-09,IBB,IBB,2,,,,,,,,,,,,
2026-07-09,EWS,EWS,3,,,,,,,,,,,,
2026-07-09,SVXY,SVXY,4,,,,,,,,,,,,
2026-07-09,KBE,KBE,5,,,,,,,,,,,,
2026-07-10,XBI,XBI,1,,,,,,,,,,,,
2026-07-10,CIBR,CIBR,2,,,,,,,,,,,,
2026-07-10,IBB,IBB,3,,,,,,,,,,,,
2026-07-10,SVXY,SVXY,4,,,,,,,,,,,,
2026-07-13,EWS,EWS,1,,,,,,,,,,,,
2026-07-13,CIBR,CIBR,2,,,,,,,,,,,,
2026-07-13,XBI,XBI,3,,,,,,,,,,,,
2026-07-13,SVXY,SVXY,4,,,,,,,,,,,,
2026-07-13,IBB,IBB,5,,,,,,,,,,,,
2026-07-14,EWS,EWS,1,,,,,,,,,,,,
2026-07-14,VYM,VYM,2,,,,,,,,,,,,
2026-07-14,XLF,XLF,3,,,,,,,,,,,,
2026-07-14,SVXY,SVXY,4,,,,,,,,,,,,
2026-07-14,KBE,KBE,5,,,,,,,,,,,,
2026-07-15,EWS,EWS,1,,,,,,,,,,,,
2026-07-15,XLF,XLF,2,,,,,,,,,,,,
2026-07-15,CIBR,CIBR,3,,,,,,,,,,,,
2026-07-15,KBE,KBE,4,,,,,,,,,,,,
2026-07-15,SVXY,SVXY,5,,,,,,,,,,,,
2026-07-16,EWS,EWS,1,,,,,,,,,,,,
2026-07-16,XLF,XLF,2,,,,,,,,,,,,
2026-07-16,KBE,KBE,3,,,,,,,,,,,,
2026-07-16,SVXY,SVXY,4,,,,,,,,,,,,
2026-07-16,CIBR,CIBR,5,,,,,,,,,,,,
2026-07-17,EWS,EWS,1,,,,,,,,,,,,
2026-07-17,KBE,KBE,2,,,,,,,,,,,,
2026-07-17,XLF,XLF,3,,,,,,,,,,,,
2026-07-17,CIBR,CIBR,4,,,,,,,,,,,,
2026-07-17,SVXY,SVXY,5,,,,,,,,,,,,
2026-07-20,KBE,KBE,1,,,,,,,,,,,,
2026-07-20,EWC,EWC,2,,,,,,,,,,,,
2026-07-20,EWS,EWS,3,,,,,,,,,,,,
2026-07-20,XLF,XLF,4,,,,,,,,,,,,
2026-07-20,ENZL,ENZL,5,,,,,,,,,,,,
2026-07-21,VNQ,VNQ,1,,,,,,,,,,,,
2026-07-21,KBE,KBE,2,,,,,,,,,,,,
2026-07-21,ENZL,ENZL,3,,,,,,,,,,,,
2026-07-21,SCHD,SCHD,4,,,,,,,,,,,,
2026-07-21,XLF,XLF,5,,,,,,,,,,,,
2026-07-22,THD,THD,1,,,,,,,,,,,,
2026-07-22,SCHD,SCHD,2,,,,,,,,,,,,
2026-07-22,ENZL,ENZL,3,,,,,,,,,,,,
2026-07-22,XLE,XLE,4,,,,,,,,,,,,
2026-07-22,VNQ,VNQ,5,,,,,,,,,,,,
2026-07-23,XLE,XLE,1,,,,,,,,,,,,
2026-07-23,SCHD,SCHD,2,,,,,,,,,,,,
2026-07-23,DBA,DBA,3,,,,,,,,,,,,
2026-07-23,ENZL,ENZL,4,,,,,,,,,,,,
2026-07-23,THD,THD,5,,,,,,,,,,,,
2026-07-24,SCHD,SCHD,1,,,,,,,,,,,,
2026-07-24,XLE,XLE,2,,,,,,,,,,,,
2026-07-24,VYM,VYM,3,,,,,,,,,,,,
2026-07-24,VTV,VTV,4,,,,,,,,,,,,
2026-07-24,PDBC,PDBC,5,,,,,,,,,,,,
2026-07-27,XLE,XLE,1,,,,,,,,,,,,
2026-07-27,SCHD,SCHD,2,,,,,,,,,,,,
2026-07-27,PDBC,PDBC,3,,,,,,,,,,,,
2026-07-27,VYM,VYM,4,,,,,,,,,,,,
2026-07-27,VNQ,VNQ,5,,,,,,,,,,,,
2026-07-28,VYM,VYM,1,,,,,,,,,,,,
2026-07-28,EWS,EWS,2,,,,,,,,,,,,
2026-07-28,VTV,VTV,3,,,,,,,,,,,,
2026-07-28,SCHD,SCHD,4,,,,,,,,,,,,
2026-07-28,XLE,XLE,5,,,,,,,,,,,,
2026-07-29,VYM,VYM,1,,,,,,,,,,,,
2026-07-29,VTV,VTV,2,,,,,,,,,,,,
2026-07-29,EWS,EWS,3,,,,,,,,,,,,
2026-07-29,SCHD,SCHD,4,,,,,,,,,,,,
2026-07-29,VNQ,VNQ,5,,,,,,,,,,,,
2026-07-30,EWS,EWS,1,,,,,,,,,,,,
2026-07-30,SCHD,SCHD,2,,,,,,,,,,,,
2026-07-30,VNQ,VNQ,3,,,,,,,,,,,,
2026-07-30,VYM,VYM,4,,,,,,,,,,,,
2026-07-30,VTV,VTV,5,,,,,,,,,,,,
2026-07-31,EWS,EWS,1,,,,,,,,,,,,
2026-07-31,EWU,EWU,2,,,,,,,,,,,,
2026-07-31,XLF,XLF,3,,,,,,,,,,,,
2026-07-31,SCHD,SCHD,4,,,,,,,,,,,,
2026-07-31,VTV,VTV,5,,,,,,,,,,,,
2026-08-03,EWS,EWS,1,,,,,,,,,,,,
2026-08-03,EWU,EWU,2,,,,,,,,,,,,
2026-08-03,GREK,GREK,3,,,,,,,,,,,,
2026-08-03,XLF,XLF,4,,,,,,,,,,,,
2026-08-03,SCHD,SCHD,5,,,,,,,,,,,,
2026-08-04,EWS,EWS,1,,,,,,,,,,,,
2026-08-04,EWU,EWU,2,,,,,,,,,,,,
2026-08-04,GREK,GREK,3,,,,,,,,,,,,
2026-08-04,XLF,XLF,4,,,,,,,,,,,,
2026-08-04,SCHD,SCHD,5,,,,,,,,,,,,
2026-08-05,EWS,EWS,1,,,,,,,,,,,,
2026-08-05,GREK,GREK,2,,,,,,,,,,,,
2026-08-05,EWA,EWA,3,,,,,,,,,,,,
2026-08-05,XLF,XLF,4,,,,,,,,,,,,
2026-08-05,EWU,EWU,5,,,,,,,,,,,,
2026-08-06,GREK,GREK,1,,,,,,,,,,,,
2026-08-06,XLF,XLF,2,,,,,,,,,,,,
2026-08-06,EWP,EWP,3,,,,,,,,,,,,
2026-08-06,EWQ,EWQ,4,,,,,,,,,,,,
2026-08-06,EWA,EWA,5,,,,,,,,,,,,
2026-08-07,XLF,XLF,1,,,,,,,,,,,,
2026-08-07,EWQ,EWQ,2,,,,,,,,,,,,
2026-08-07,EWP,EWP,3,,,,,,,,,,,,
2026-08-07,EWA,EWA,4,,,,,,,,,,,,
2026-08-07,GREK,GREK,5,,,,,,,,,,,,
2026-08-10,IGV,IGV,1,,,,,,,,,,,,
2026-08-10,EWQ,EWQ,2,,,,,,,,,,,,
2026-08-10,EWP,EWP,3,,,,,,,,,,,,
2026-08-10,EWA,EWA,4,,,,,,,,,,,,
2026-08-10,XLF,XLF,5,,,,,,,,,,,,
2026-08-11,IGV,IGV,1,,,,,,,,,,,,
2026-08-11,CIBR,CIBR,2,,,,,,,,,,,,
2026-08-11,EWQ,EWQ,3,,,,,,,,,,,,
2026-08-11,228790,화장품,4,,,,,,,,,,,,
2026-08-11,EWP,EWP,5,,,,,,,,,,,,
2026-08-12,IGV,IGV,1,,,,,,,,,,,,
2026-08-12,EWS,EWS,2,,,,,,,,,,,,
2026-08-12,CIBR,CIBR,3,,,,,,,,,,,,
2026-08-12,EWP,EWP,4,,,,,,,,,,,,
2026-08-12,228790,화장품,5,,,,,,,,,,,,
2026-08-13,228790,화장품,1,,,,,,,,,,,,
2026-08-13,CIBR,CIBR,2,,,,,,,,,,,,
2026-08-13,IGV,IGV,3,,,,,,,,,,,,
2026-08-13,EWS,EWS,4,,,,,,,,,,,,
2026-08-13,EWP,EWP,5,,,,,,,,,,,,
2026-08-14,CIBR,CIBR,1,,,,,,,,,,,,
2026-08-14,IGV,IGV,2,,,,,,,,,,,,
2026-08-14,228790,화장품,3,,,,,,,,,,,,
2026-08-14,EWP,EWP,4,,,,,,,,,,,,
2026-08-14,EWS,EWS,5,,,,,,,,,,,,
2026-08-17,228790,화장품,1,,,,,,,,,,,,
2026-08-17,CIBR,CIBR,2,,,,,,,,,,,,
2026-08-17,IGV,IGV,3,,,,,,,,,,,,
2026-08-17,EWP,EWP,4,,,,,,,,,,,,
2026-08-17,EWS,EWS,5,,,,,,,,,,,,
2026-08-18,228790,화장품,1,,,,,,,,,,,,
2026-08-18,EWS,EWS,2,,,,,,,,,,,,
2026-08-18,IBB,IBB,3,,,,,,,,,,,,
2026-08-18,EWJ,EWJ,4,,,,,,,,,,,,
2026-08-18,CIBR,CIBR,5,,,,,,,,,,,,
2026-08-19,IBB,IBB,1,,,,,,,,,,,,
2026-08-19,ITA,ITA,2,,,,,,,,,,,,
2026-08-19,XLE,XLE,3,,,,,,,,,,,,
2026-08-19,EWS,EWS,4,,,,,,,,,,,,
2026-08-19,228790,화장품,5,,,,,,,,,,,,
2026-08-20,IBB,IBB,1,,,,,,,,,,,,
2026-08-20,XBI,XBI,2,,,,,,,,,,,,
2026-08-20,XLV,XLV,3,,,,,,,,,,,,
2026-08-20,228790,화장품,4,,,,,,,,,,,,
2026-08-20,EWS,EWS,5,,,,,,,,,,,,
2026-08-21,IBB,IBB,1,,,,,,,,,,,,
2026-08-21,228790,화장품,2,,,,,,,,,,,,
2026-08-21,SVXY,SVXY,3,,,,,,,,,,,,
2026-08-21,XBI,XBI,4,,,,,,,,,,,,
2026-08-21,XLV,XLV,5,,,,,,,,,,,,
2026-08-24,IBB,IBB,1,,,,,,,,,,,,
2026-08-24,228790,화장품,2,,,,,,,,,,,,
2026-08-24,XBI,XBI,3,,,,,,,,,,,,
2026-08-24,XLV,XLV,4,,,,,,,,,,,,
2026-08-24,SVXY,SVXY,5,,,,,,,,,,,,
