date,ticker,rank,close,sco,trend,위치,is_fixed,raw_mult,floor_mult,base_w,internal_w,alloc_pct,alloc_amount,atr_excluded,vol63,atr_stage_val,us_mult,nasdaq_trend
2022-01-03,VNM,1,19.954519271850582,16.0,LIME,1,False,0.85,0.6,0.45,0.45,0.3825,38250.0,False,13.0911,0,0.85,LIME
2022-01-03,XLP,2,68.92493438720703,16.0,LIME,1,False,0.85,0.6,0.3,0.3,0.255,25500.0,False,11.5966,0,0.85,LIME
2022-01-03,VYM,3,99.53386688232422,16.0,LIME,1,False,0.85,0.6,0.25,0.25,0.2125,21250.0,False,12.1354,0,0.85,LIME
2022-01-04,XLP,1,69.3897933959961,16.0,LIME,1,False,0.6,0.6,0.45,0.45,0.27,27000.0,False,11.6195,0,0.6,LIME
2022-01-04,VNM,2,20.19844055175781,16.0,LIME,1,False,0.6,0.6,0.3,0.3,0.18,18000.0,False,13.1427,0,0.6,LIME
2022-01-04,VYM,3,100.75328063964844,16.0,LIME,1,False,0.6,0.6,0.25,0.25,0.15,15000.0,False,12.2788,0,0.6,LIME
2022-01-05,XLP,1,69.32722473144531,16.0,LIME,1,False,0.24,0.24,0.45,0.45,0.108,10800.0,False,11.5263,0,0.1,PURPLE
2022-01-05,VNM,2,20.160913467407227,16.0,LIME,1,False,0.24,0.24,0.3,0.3,0.072,7200.0,False,13.0981,0,0.1,PURPLE
2022-01-05,VYM,3,100.37332153320312,16.0,LIME,1,False,0.24,0.24,0.25,0.25,0.06,6000.0,False,12.3234,0,0.1,PURPLE
2022-01-06,VNM,1,20.067094802856445,16.0,LIME,1,False,0.24,0.24,0.35,0.35,0.084,8400.0,False,12.9454,0,0.1,PURPLE
2022-01-06,VYM,2,100.75328063964844,16.0,LIME,1,False,0.24,0.24,0.3,0.3,0.072,7200.0,False,12.2781,0,0.1,PURPLE
2022-01-06,VTV,3,134.24171447753906,16.0,LIME,1,False,0.24,0.24,0.25,0.25,0.06,6000.0,False,12.6506,0,0.1,PURPLE
2022-01-06,XLP,4,69.13948822021484,15.0,LIME,2,False,0.22,0.22,0.1,0.1,0.022,2200.0,False,11.5484,0,0.1,PURPLE
2022-01-07,VYM,1,101.22162628173828,16.0,LIME,1,False,0.24,0.24,0.33,0.33,0.0792,7920.0,False,12.2924,0,0.1,PURPLE
2022-01-07,VTV,2,134.85543823242188,16.0,LIME,1,False,0.24,0.24,0.27,0.27,0.0648,6480.0,False,12.6683,0,0.1,PURPLE
2022-01-07,SCHD,3,23.31730461120605,15.75,LIME,1,False,0.24,0.24,0.2,0.2,0.048,4800.0,False,11.4881,0,0.1,PURPLE
2022-01-07,XLP,4,69.21102142333984,14.75,LIME,1,False,0.22,0.22,0.1,0.1,0.022,2200.0,False,11.535,0,0.1,PURPLE
2022-01-07,VNM,5,20.076478958129883,14.75,LIME,2,False,0.2,0.2,0.1,0.1,0.02,2000.0,False,12.906,0,0.1,PURPLE
2022-01-10,VYM,1,101.12442779541016,16.0,LIME,1,False,0.24,0.24,0.33,0.331658,0.079598,7959.8,False,12.1839,0,0.1,PURPLE
2022-01-10,VTV,2,134.73809814453125,16.0,LIME,1,False,0.24,0.24,0.27,0.271357,0.065126,6512.56,False,12.549,0,0.1,PURPLE
2022-01-10,SCHD,3,23.31730461120605,15.5,LIME,1,False,0.24,0.24,0.2,0.201005,0.048241,4824.12,False,11.4234,0,0.1,PURPLE
2022-01-10,XLP,4,68.66568756103516,12.5,LIME,3,False,0.2,0.2,0.1,0.100503,0.020101,2010.05,False,11.6877,0,0.1,PURPLE
2022-01-10,VNM,5,19.88884925842285,12.5,LIME,3,False,0.2,0.2,0.1,0.095477,0.019095,1909.55,False,13.0865,1,0.1,PURPLE
2022-01-11,VYM,1,101.61927795410156,16.0,LIME,1,False,0.24,0.24,0.45,0.45,0.108,10800.0,False,12.1542,0,0.1,PURPLE
2022-01-11,VTV,2,135.65866088867188,16.0,LIME,1,False,0.24,0.24,0.3,0.3,0.072,7200.0,False,12.564,0,0.1,PURPLE
2022-01-11,SCHD,3,23.400121688842773,15.5,LIME,1,False,0.24,0.24,0.25,0.25,0.06,6000.0,False,11.3603,0,0.1,PURPLE
2022-01-12,VYM,1,101.62810516357422,16.0,LIME,1,False,0.24,0.24,0.45,0.45,0.108,10800.0,False,12.1578,0,0.1,PURPLE
2022-01-12,VTV,2,135.6767120361328,16.0,LIME,1,False,0.24,0.24,0.3,0.3,0.072,7200.0,False,12.5668,0,0.1,PURPLE
2022-01-12,SCHD,3,23.38869857788086,15.5,LIME,1,False,0.24,0.24,0.25,0.25,0.06,6000.0,False,11.3652,0,0.1,PURPLE
2022-01-13,VYM,1,101.4867172241211,16.0,LIME,1,False,0.24,0.24,0.35,0.363636,0.087273,8727.27,False,11.8422,0,0.1,PURPLE
2022-01-13,VTV,2,135.39697265625,16.0,LIME,1,False,0.24,0.24,0.3,0.311688,0.074805,7480.52,False,12.2406,0,0.1,PURPLE
2022-01-13,XLE,3,27.13007354736328,15.5,LIME,1,True,1.0,,0.25,0.220779,0.220779,22077.92,False,26.4616,0,0.1,PURPLE
2022-01-13,SCHD,4,23.35728073120117,15.75,LIME,1,False,0.24,0.24,0.1,0.103896,0.024935,2493.51,False,11.0194,0,0.1,PURPLE
2022-01-14,XLE,1,27.7671127319336,16.0,LIME,1,True,1.0,,0.33,0.295108,0.295108,29510.78,False,26.8052,0,0.1,PURPLE
2022-01-14,EWU,2,29.64780044555664,16.0,LIME,1,False,0.24,0.24,0.27,0.284061,0.068175,6817.46,False,13.267,0,0.1,PURPLE
2022-01-14,VYM,3,101.30998992919922,15.0,LIME,2,False,0.22,0.22,0.2,0.210416,0.046291,4629.14,False,11.8167,0,0.1,PURPLE
2022-01-14,VTV,4,135.20742797851562,15.0,LIME,2,False,0.22,0.22,0.1,0.105208,0.023146,2314.57,False,12.1977,0,0.1,PURPLE
2022-01-14,SCHD,5,23.334442138671875,14.75,LIME,2,False,0.2,0.2,0.1,0.105208,0.021042,2104.16,False,11.0076,0,0.1,PURPLE
2022-01-18,XLE,1,27.87902069091797,16.0,LIME,1,True,1.0,,0.31,0.284097,0.284097,28409.7,False,26.8058,0,0.1,PURPLE
2022-01-18,EWU,2,29.49348258972168,15.0,LIME,2,False,0.22,0.22,0.25,0.269542,0.059299,5929.92,False,13.2466,0,0.1,PURPLE
2022-01-18,KSA,3,40.04074096679688,15.0,LIME,1,False,0.24,0.24,0.16,0.155256,0.037261,3726.15,False,17.461,0,0.1,PURPLE
2022-01-18,VYM,4,99.95801544189452,12.75,-,3,False,0.2,0.2,0.1,0.102426,0.020485,2048.52,False,12.1373,1,0.1,PURPLE
2022-01-18,VTV,5,133.37530517578125,12.75,-,3,False,0.2,0.2,0.1,0.102426,0.020485,2048.52,False,12.5127,1,0.1,PURPLE
2022-01-18,SCHD,6,23.063138961791992,11.0,-,4,False,0.2,0.2,0.08,0.086253,0.017251,1725.07,False,11.2664,0,0.1,PURPLE
2022-01-19,XLE,1,27.676721572875977,16.0,LIME,1,True,1.0,,0.35,0.313984,0.217352,21735.16,False,26.8083,0,0.1,PURPLE
2022-01-19,KSA,2,40.418399810791016,15.5,LIME,1,False,0.24,0.24,0.3,0.316623,0.075989,7598.94,False,17.4822,0,0.1,PURPLE
2022-01-19,PDBC,3,11.635029792785645,15.5,LIME,1,True,1.0,,0.25,0.263852,0.182648,18264.84,False,20.4309,0,0.1,PURPLE
2022-01-19,EWU,4,29.64780044555664,15.0,LIME,1,False,0.24,0.24,0.1,0.105541,0.02533,2532.98,False,13.1963,0,0.1,PURPLE
2022-01-20,KSA,1,40.55327987670898,16.0,LIME,1,False,0.24,0.24,0.35,0.366492,0.087958,8795.81,False,17.4308,0,0.0,RED
2022-01-20,XLE,2,27.42276191711425,15.0,LIME,2,True,1.0,,0.3,0.267016,0.20198,20198.02,False,26.8705,0,0.0,RED
2022-01-20,PDBC,3,11.588271141052246,15.75,LIME,1,True,1.0,,0.25,0.26178,0.19802,19801.98,False,20.3424,0,0.0,RED
2022-01-20,EWU,4,29.33915328979492,13.0,LIME,3,False,0.2,0.2,0.1,0.104712,0.020942,2094.24,False,13.385,0,0.0,RED
2022-01-21,PDBC,1,11.60385799407959,16.0,LIME,1,True,1.0,,0.35,0.35533,0.190476,19047.62,False,20.0945,0,0.0,RED
2022-01-21,DBA,2,17.781118392944336,15.0,LIME,1,True,1.0,,0.3,0.304569,0.163265,16326.53,False,11.8765,0,0.0,RED
2022-01-21,KSA,3,40.17561721801758,15.0,LIME,2,False,0.22,0.22,0.25,0.253807,0.055838,5583.76,False,17.5414,0,0.0,RED
2022-01-21,XLE,4,26.88042259216309,12.75,LIME,3,True,1.0,,0.1,0.086294,0.046259,4625.85,False,26.9118,0,0.0,RED
2022-01-24,GLD,1,172.02999877929688,15.0,LIME,1,True,1.0,,0.35,0.36813,0.16092,16091.95,False,11.4732,0,0.0,RED
2022-01-24,PDBC,2,11.564892768859863,14.75,LIME,2,True,1.0,,0.3,0.283986,0.124138,12413.79,False,20.1013,0,0.0,RED
2022-01-24,DBA,3,17.7546443939209,14.0,LIME,2,True,1.0,,0.25,0.26295,0.114943,11494.25,False,11.883,0,0.0,RED
2022-01-24,KSA,4,39.29441833496094,13.0,LIME,3,False,0.2,0.2,0.1,0.084933,0.016987,1698.66,False,18.0988,2,0.0,RED
2022-01-25,GLD,1,172.5800018310547,15.0,LIME,1,True,1.0,,0.35,0.364488,0.16092,16091.95,False,11.4116,0,0.0,RED
2022-01-25,PDBC,2,11.673995018005373,14.75,LIME,1,True,1.0,,0.3,0.281177,0.124138,12413.79,False,20.1633,0,0.0,RED
2022-01-25,DBA,3,17.825241088867188,13.0,LIME,2,True,1.0,,0.25,0.260349,0.114943,11494.25,False,11.8022,0,0.0,RED
2022-01-25,KSA,4,40.085697174072266,11.75,LIME,2,False,0.2,0.2,0.1,0.093986,0.018797,1879.72,False,18.535,1,0.0,RED
2022-01-26,PDBC,1,11.720752716064451,14.75,LIME,1,True,1.0,,0.35,0.334129,0.147801,14780.06,False,20.1743,0,0.0,RED
2022-01-26,DBA,2,17.798765182495117,11.5,LIME,2,True,1.0,,0.3,0.318218,0.140762,14076.25,False,11.7697,0,0.0,RED
2022-01-26,GLD,3,169.7899932861328,11.5,-,4,True,1.0,,0.25,0.251923,0.111437,11143.7,False,11.7828,1,0.0,RED
2022-01-26,KSA,4,40.0317497253418,11.0,LIME,1,False,0.2,0.2,0.1,0.095731,0.019146,1914.61,False,18.4938,1,0.0,RED
2022-01-27,PDBC,1,11.775303840637209,14.75,LIME,1,True,1.0,,0.55,0.56266,0.225064,22506.39,False,19.8484,0,0.0,RED
2022-01-27,XLE,2,28.36971664428711,12.75,LIME,1,True,1.0,,0.45,0.43734,0.174936,17493.61,False,27.125,0,0.0,RED
2022-01-28,PDBC,1,11.798684120178224,16.0,LIME,1,True,1.0,,0.45,0.45,0.24,24000.0,False,19.8418,0,0.1,PURPLE
2022-01-28,XLE,2,28.249191284179688,15.0,LIME,1,True,1.0,,0.3,0.3,0.16,16000.0,False,27.142,0,0.1,PURPLE
2022-01-28,EWZ,3,22.902612686157227,12.0,GREEN,1,False,0.2,0.2,0.25,0.25,0.05,5000.0,False,28.5701,0,0.1,PURPLE
2022-01-31,PDBC,1,11.81427001953125,16.0,LIME,1,True,1.0,,0.35,0.357143,0.220472,22047.24,False,19.7961,0,0.2,-
2022-01-31,XLE,2,28.374021530151367,15.5,LIME,1,True,1.0,,0.3,0.290816,0.179528,17952.76,False,27.0841,0,0.2,-
2022-01-31,KSA,3,40.939918518066406,13.25,LIME,1,False,0.5,0.5,0.25,0.255102,0.127551,12755.1,False,18.7573,0,0.2,-
2022-01-31,EWZ,4,23.24817276000977,12.0,GREEN,1,False,0.4,0.4,0.1,0.096939,0.038776,3877.55,False,28.1363,0,0.2,-
2022-02-01,XLE,1,29.385534286499023,16.0,LIME,1,True,1.0,,0.35,0.340153,0.210277,21027.67,False,27.7333,0,0.3,-
2022-02-01,PDBC,2,11.876614570617676,16.0,LIME,1,True,1.0,,0.3,0.306905,0.189723,18972.33,False,19.7903,0,0.3,-
2022-02-01,KSA,3,40.63420104980469,14.0,LIME,1,False,0.55,0.55,0.25,0.255754,0.140665,14066.5,False,18.8317,0,0.3,-
2022-02-01,EWZ,4,23.645198822021484,12.0,GREEN,1,False,0.4,0.4,0.1,0.097187,0.038875,3887.47,False,28.1575,0,0.3,-
2022-02-02,XLE,1,29.48022651672364,16.0,LIME,1,True,1.0,,0.33,0.311975,0.154889,15488.92,False,27.6218,0,0.4,-
2022-02-02,PDBC,2,11.946751594543455,16.0,LIME,1,True,1.0,,0.27,0.283613,0.140808,14080.83,False,19.8126,0,0.4,-
2022-02-02,DBA,3,18.01937484741211,14.5,LIME,1,True,1.0,,0.2,0.210084,0.104302,10430.25,False,12.2577,0,0.4,-
2022-02-02,KSA,4,40.274532318115234,13.25,LIME,2,False,0.45,0.45,0.1,0.105042,0.047269,4726.89,False,18.932,0,0.4,-
2022-02-02,EWZ,5,23.48344993591309,12.0,GREEN,1,False,0.4,0.4,0.1,0.089286,0.035714,3571.43,False,27.9104,0,0.4,-
2022-02-03,XLE,1,29.2004451751709,16.0,LIME,1,True,1.0,,0.33,0.29984,0.1495,14950.03,False,27.6428,0,0.3,-
2022-02-03,PDBC,2,11.938959121704102,16.0,LIME,1,True,1.0,,0.27,0.288616,0.143904,14390.41,False,19.1941,0,0.3,-
2022-02-03,DBA,3,18.04585075378418,14.75,LIME,1,True,1.0,,0.2,0.213789,0.106596,10659.56,False,12.2528,0,0.3,-
2022-02-03,EWZ,4,23.299638748168945,11.25,GREEN,2,False,0.3,0.3,0.1,0.090861,0.027258,2725.82,False,27.5448,0,0.3,-
2022-02-03,KSA,5,40.17561721801758,11.25,-,3,False,0.3,0.3,0.1,0.106895,0.032068,3206.84,False,18.83,0,0.3,-
2022-02-04,XLE,1,29.656700134277344,16.0,LIME,1,True,1.0,,0.45,0.410188,0.164075,16407.51,False,27.7555,0,0.4,-
2022-02-04,PDBC,2,12.040268898010254,16.0,LIME,1,True,1.0,,0.3,0.321716,0.128686,12868.63,False,19.1737,0,0.4,-
2022-02-04,DBA,3,18.16939163208008,15.5,LIME,1,True,1.0,,0.25,0.268097,0.107239,10723.86,False,12.2843,0,0.4,-
2022-02-07,XLE,1,30.03548240661621,16.0,LIME,1,True,1.0,,0.45,0.410188,0.164075,16407.51,False,27.7517,0,0.3,-
2022-02-07,PDBC,2,12.063648223876951,16.0,LIME,1,True,1.0,,0.3,0.321716,0.128686,12868.63,False,19.0224,0,0.3,-
2022-02-07,DBA,3,18.248809814453125,16.0,LIME,1,True,1.0,,0.25,0.268097,0.107239,10723.86,False,12.2378,0,0.3,-
2022-02-08,DBA,1,18.381175994873047,16.0,LIME,1,True,1.0,,0.45,0.471204,0.188482,18848.17,False,12.2738,0,0.4,-
2022-02-08,XLE,2,29.38983154296875,15.0,-,2,True,1.0,,0.3,0.267016,0.106806,10680.63,False,28.16,0,0.4,-
2022-02-08,PDBC,3,11.977925300598145,15.0,LIME,2,True,1.0,,0.25,0.26178,0.104712,10471.2,False,19.052,0,0.4,-
2022-02-09,DBA,1,18.69002723693848,16.0,LIME,1,True,1.0,,0.35,0.366492,0.198582,19858.16,False,12.6053,0,0.4,-
2022-02-09,XLE,2,29.635177612304688,15.0,-,1,True,1.0,,0.3,0.267016,0.144681,14468.09,False,28.1812,0,0.4,-
2022-02-09,GREK,3,26.008501052856445,15.0,LIME,1,False,0.6,0.6,0.25,0.26178,0.157068,15706.81,False,20.6139,0,0.4,-
2022-02-09,PDBC,4,12.087027549743652,15.0,LIME,1,True,1.0,,0.1,0.104712,0.056738,5673.76,False,19.0955,0,0.4,-
2022-02-10,DBA,1,18.55766487121582,16.0,LIME,1,True,1.0,,0.33,0.335025,0.256311,25631.07,False,12.6733,0,0.3,-
2022-02-10,GREK,2,25.81636047363281,15.0,LIME,1,False,0.6,0.6,0.27,0.274112,0.164467,16446.7,False,20.1663,0,0.3,-
2022-02-10,THD,3,70.37149047851562,14.75,LIME,1,False,0.55,0.55,0.2,0.203046,0.111675,11167.51,False,17.2082,0,0.3,-
2022-02-10,PDBC,4,12.040268898010254,14.0,LIME,2,True,1.0,,0.1,0.101523,0.07767,7766.99,False,18.9802,0,0.3,-
2022-02-10,XLE,5,29.450096130371094,13.75,-,2,True,1.0,,0.1,0.086294,0.066019,6601.94,False,27.6137,0,0.3,-
2022-02-11,DBA,1,18.61943244934082,16.0,LIME,1,True,1.0,,0.31,0.320579,0.193146,19314.64,False,12.649,0,0.0,RED
2022-02-11,EZA,2,41.994140625,15.0,LIME,1,False,0.24,0.24,0.25,0.232678,0.055843,5584.28,False,28.704,0,0.0,RED
2022-02-11,PICK,3,39.29712677001953,14.75,LIME,1,True,1.0,,0.16,0.16546,0.099688,9968.85,False,23.7246,0,0.0,RED
2022-02-11,GREK,4,25.61549186706543,14.25,LIME,2,False,0.2,0.2,0.1,0.103413,0.020683,2068.25,False,20.1915,0,0.0,RED
2022-02-11,PDBC,5,12.203924179077148,14.0,LIME,1,True,1.0,,0.1,0.103413,0.062305,6230.53,False,19.1084,0,0.0,RED
2022-02-11,XLE,6,30.306655883789062,13.75,LIME,1,True,1.0,,0.08,0.074457,0.04486,4485.98,False,28.0976,0,0.0,RED
2022-02-14,PDBC,1,12.274060249328612,15.0,LIME,1,True,1.0,,0.31,0.322581,0.187879,18787.88,False,19.1242,0,0.0,RED
2022-02-14,EZA,2,42.42081069946289,15.0,LIME,1,False,0.24,0.24,0.25,0.234131,0.056191,5619.15,False,28.682,0,0.0,RED
2022-02-14,DBA,3,18.548837661743164,14.75,LIME,2,True,1.0,,0.16,0.166493,0.09697,9696.97,False,12.6189,0,0.0,RED
2022-02-14,PICK,4,39.1622314453125,14.25,LIME,2,True,1.0,,0.1,0.104058,0.060606,6060.61,False,23.7474,0,0.0,RED
2022-02-14,XLE,5,29.592140197753903,12.75,-,3,True,1.0,,0.1,0.093652,0.054545,5454.55,False,28.5937,0,0.0,RED
2022-02-14,GREK,6,25.353487014770508,12.75,LIME,3,False,0.2,0.2,0.08,0.079084,0.015817,1581.69,False,20.2135,1,0.0,RED
2022-02-15,EZA,1,42.67516708374024,15.25,LIME,1,False,0.24,0.24,0.31,0.277807,0.066674,6667.37,False,28.5851,0,0.0,RED
2022-02-15,PDBC,2,12.07923412322998,14.0,-,2,True,1.0,,0.25,0.263574,0.224719,22471.91,False,19.4356,0,0.0,RED
2022-02-15,THD,3,71.60205078125,14.0,LIME,1,False,0.22,0.22,0.16,0.168687,0.037111,3711.12,False,17.4373,0,0.0,RED
2022-02-15,PICK,4,39.3055534362793,13.5,LIME,2,True,1.0,,0.1,0.100158,0.085393,8539.33,False,23.3924,0,0.0,RED
2022-02-15,DBA,5,18.478242874145508,13.5,LIME,2,True,1.0,,0.1,0.10543,0.089888,8988.76,False,12.6208,0,0.0,RED
2022-02-15,GREK,6,25.96483421325684,12.5,LIME,1,False,0.2,0.2,0.08,0.084344,0.016869,1686.87,False,20.7317,0,0.0,RED
2022-02-16,EZA,1,43.8074836730957,15.5,LIME,1,False,0.24,0.24,0.31,0.277807,0.066674,6667.37,False,28.8643,0,0.0,RED
2022-02-16,GLD,2,174.86000061035156,15.25,LIME,1,True,1.0,,0.25,0.263574,0.19802,19801.98,False,12.0936,0,0.0,RED
2022-02-16,PDBC,3,12.087027549743652,14.0,-,2,True,1.0,,0.16,0.168687,0.126733,12673.27,False,19.433,0,0.0,RED
2022-02-16,PICK,4,39.7945556640625,13.5,LIME,1,True,1.0,,0.1,0.100158,0.075248,7524.75,False,23.2839,0,0.0,RED
2022-02-16,THD,5,71.96501159667969,14.0,LIME,1,False,0.22,0.22,0.1,0.10543,0.023195,2319.45,False,17.4573,0,0.0,RED
2022-02-16,GREK,6,26.16570472717285,12.5,LIME,1,False,0.2,0.2,0.08,0.084344,0.016869,1686.87,False,20.6615,0,0.0,RED
2022-02-17,EZA,1,43.31517791748047,15.75,LIME,1,False,0.24,0.24,0.31,0.277807,0.066674,6667.37,False,28.9759,0,0.0,RED
2022-02-17,GLD,2,177.25,16.0,LIME,1,True,1.0,,0.25,0.263574,0.224719,22471.91,False,12.2624,0,0.0,RED
2022-02-17,THD,3,72.0269775390625,14.75,LIME,1,False,0.22,0.22,0.16,0.168687,0.037111,3711.12,False,17.4357,0,0.0,RED
2022-02-17,PDBC,4,12.188337326049805,13.75,-,1,True,1.0,,0.1,0.10543,0.089888,8988.76,False,19.3799,0,0.0,RED
2022-02-17,PICK,5,39.06105422973633,12.0,LIME,2,True,1.0,,0.1,0.100158,0.085393,8539.33,False,23.5951,0,0.0,RED
2022-02-17,GREK,6,25.53689193725586,11.5,-,3,False,0.2,0.2,0.08,0.084344,0.016869,1686.87,False,21.265,0,0.0,RED
2022-02-18,KSA,1,41.047828674316406,15.75,LIME,1,False,0.24,0.24,0.31,0.31893,0.076543,7654.32,False,19.0104,0,0.0,RED
2022-02-18,GLD,2,177.1199951171875,16.0,LIME,1,True,1.0,,0.25,0.257202,0.234742,23474.18,False,12.2437,0,0.0,RED
2022-02-18,EZA,3,42.88850021362305,15.0,LIME,2,False,0.22,0.22,0.16,0.139918,0.030782,3078.19,False,28.9577,0,0.0,RED
2022-02-18,THD,4,71.85879516601562,15.0,LIME,1,False,0.24,0.24,0.1,0.102881,0.024691,2469.14,False,17.4393,0,0.0,RED
2022-02-18,PDBC,5,12.235095024108888,13.5,-,1,True,1.0,,0.1,0.102881,0.093897,9389.67,False,19.3839,0,0.0,RED
2022-02-18,PICK,6,39.09477996826172,11.25,LIME,3,True,1.0,,0.08,0.078189,0.071362,7136.15,False,23.5892,0,0.0,RED
2022-02-22,GLD,1,177.49000549316406,16.0,LIME,1,True,1.0,,0.33,0.338201,0.249057,24905.66,False,12.1408,0,0.0,RED
2022-02-22,KSA,2,41.1197624206543,15.75,LIME,1,False,0.24,0.24,0.27,0.27671,0.06641,6641.05,False,18.9997,0,0.0,RED
2022-02-22,PDBC,3,12.398748397827148,14.5,-,1,True,1.0,,0.2,0.204971,0.150943,15094.34,False,19.2297,0,0.0,RED
2022-02-22,THD,4,70.57511138916016,13.75,LIME,3,False,0.2,0.2,0.1,0.097361,0.019472,1947.22,False,17.6357,1,0.0,RED
2022-02-22,EZA,5,42.23208999633789,12.75,-,3,False,0.2,0.2,0.1,0.082757,0.016551,1655.14,False,28.8683,1,0.0,RED
2022-02-23,GLD,1,178.2899932861328,16.0,LIME,1,True,1.0,,0.33,0.33622,0.167832,16783.22,False,11.238,0,0.0,RED
2022-02-23,PDBC,2,12.515645027160645,15.5,LIME,1,True,1.0,,0.27,0.261335,0.130451,13045.14,False,19.2669,0,0.0,RED
2022-02-23,DBA,3,18.88416290283203,15.0,LIME,1,True,1.0,,0.2,0.20377,0.101716,10171.65,False,12.77,0,0.0,RED
2022-02-23,KSA,4,41.16472244262695,14.5,LIME,2,False,0.2,0.2,0.1,0.101885,0.020377,2037.7,False,16.7207,0,0.0,RED
2022-02-23,THD,5,71.04432678222656,11.75,LIME,3,False,0.2,0.2,0.1,0.096791,0.019358,1935.81,False,17.6659,1,0.0,RED
2022-02-24,PDBC,1,12.60136890411377,15.75,LIME,1,True,1.0,,0.35,0.328125,0.145665,14566.47,False,18.9911,0,0.0,RED
2022-02-24,DBA,2,18.787097930908203,15.25,LIME,1,True,1.0,,0.3,0.3125,0.138728,13872.83,False,12.7592,0,0.0,RED
2022-02-24,GLD,3,177.13999938964844,15.0,LIME,2,True,1.0,,0.25,0.260417,0.115607,11560.69,False,11.1703,0,0.0,RED
2022-02-24,KSA,4,40.73311233520508,12.25,-,3,False,0.2,0.2,0.1,0.098958,0.019792,1979.17,False,16.8179,0,0.0,RED
2022-02-25,PDBC,1,12.383163452148438,15.0,-,2,True,1.0,,0.45,0.45,0.18,18000.0,False,19.3551,0,0.2,-
2022-02-25,GLD,2,176.5500030517578,13.5,LIME,2,True,1.0,,0.3,0.3,0.12,12000.0,False,11.1967,0,0.2,-
2022-02-25,SLV,3,22.39999961853028,13.5,GREEN,1,True,1.0,,0.25,0.25,0.1,10000.0,False,21.064,0,0.2,-
2022-02-28,PDBC,1,12.609161376953123,15.0,-,1,True,1.0,,0.35,0.353535,0.202899,20289.86,False,15.3115,0,0.3,-
2022-02-28,EIDO,2,21.198057174682617,14.0,LIME,1,False,0.55,0.55,0.3,0.30303,0.166667,16666.67,False,15.4718,0,0.3,-
2022-02-28,GLD,3,178.3800048828125,13.5,LIME,1,True,1.0,,0.25,0.252525,0.144928,14492.75,False,11.3429,0,0.3,-
2022-02-28,SLV,4,22.6200008392334,13.5,GREEN,1,True,1.0,,0.1,0.090909,0.052174,5217.39,False,20.7539,0,0.3,-
2022-03-01,PDBC,1,13.13129711151123,15.0,LIME,1,True,1.0,,0.35,0.358974,0.207407,20740.74,False,17.1161,0,0.2,-
2022-03-01,EIDO,2,21.241619110107425,14.5,LIME,1,False,0.55,0.55,0.3,0.307692,0.169231,16923.08,False,15.1865,0,0.2,-
2022-03-01,SLV,3,23.540000915527344,13.75,GREEN,1,True,1.0,,0.25,0.230769,0.133333,13333.33,False,22.0984,0,0.2,-
2022-03-01,GLD,4,181.6199951171875,13.5,LIME,1,True,1.0,,0.1,0.102564,0.059259,5925.93,False,11.8331,0,0.2,-
2022-03-02,PICK,1,41.91918182373047,15.5,LIME,1,True,1.0,,0.31,0.305656,0.133333,13333.33,False,23.8806,0,0.3,-
2022-03-02,PDBC,2,13.53653621673584,15.0,LIME,1,True,1.0,,0.25,0.259471,0.113186,11318.62,False,16.8048,0,0.3,-
2022-03-02,XLE,3,31.38703727722168,14.25,LIME,1,True,1.0,,0.16,0.149455,0.065195,6519.52,False,25.7961,0,0.3,-
2022-03-02,GLD,4,179.72999572753906,14.5,LIME,1,True,1.0,,0.1,0.103788,0.045274,4527.45,False,11.9581,0,0.3,-
2022-03-02,SLV,5,23.3700008392334,14.0,GREEN,1,True,1.0,,0.1,0.098599,0.043011,4301.08,False,22.1339,0,0.3,-
2022-03-02,EIDO,6,20.962810516357425,12.0,-,3,False,0.35,0.35,0.08,0.083031,0.029061,2906.07,False,15.4415,0,0.3,-
2022-03-03,PDBC,1,13.731361389160156,16.0,LIME,1,True,1.0,,0.31,0.318439,0.152428,15242.78,False,16.6647,0,0.2,-
2022-03-03,PICK,2,42.13839340209961,16.0,LIME,1,True,1.0,,0.25,0.243965,0.116779,11677.93,False,23.691,0,0.2,-
2022-03-03,KSA,3,42.1538200378418,16.0,LIME,1,False,0.6,0.6,0.16,0.164355,0.098613,9861.33,False,14.604,0,0.2,-
2022-03-03,GLD,4,180.8000030517578,16.0,LIME,1,True,1.0,,0.1,0.102722,0.04917,4917.03,False,11.9823,0,0.2,-
2022-03-03,XLE,5,31.47312355041504,15.0,LIME,1,True,1.0,,0.1,0.09245,0.044253,4425.32,False,25.6061,0,0.2,-
2022-03-03,SLV,6,23.290000915527344,14.75,GREEN,1,True,1.0,,0.08,0.078069,0.037369,3736.94,False,21.571,0,0.2,-
2022-03-04,PDBC,1,14.308048248291016,16.0,LIME,1,True,1.0,,0.31,0.317136,0.141311,14131.05,False,18.2128,0,0.0,RED
2022-03-04,PICK,2,41.986629486083984,16.0,LIME,1,True,1.0,,0.25,0.242967,0.108262,10826.21,False,23.1954,0,0.0,RED
2022-03-04,GLD,3,183.67999267578125,16.0,LIME,1,True,1.0,,0.16,0.163683,0.072934,7293.45,False,12.2456,0,0.0,RED
2022-03-04,XLE,4,32.38134002685547,15.5,LIME,1,True,1.0,,0.1,0.092072,0.041026,4102.56,False,25.598,0,0.0,RED
2022-03-04,KSA,5,42.00096893310547,15.0,LIME,2,False,0.22,0.22,0.1,0.102302,0.022506,2250.64,False,14.3546,0,0.0,RED
2022-03-04,SLV,6,23.63999938964844,15.0,GREEN,1,True,1.0,,0.08,0.081841,0.036467,3646.72,False,21.7142,0,0.0,RED
2022-03-07,PDBC,1,14.604182243347168,16.0,LIME,1,True,1.0,,0.31,0.319588,0.142529,14252.87,False,18.4358,0,0.0,RED
2022-03-07,XLE,2,32.859100341796875,16.0,LIME,1,True,1.0,,0.25,0.231959,0.103448,10344.83,False,25.5292,0,0.0,RED
2022-03-07,GLD,3,186.41000366210932,16.0,LIME,1,True,1.0,,0.16,0.164948,0.073563,7356.32,False,12.4553,0,0.0,RED
2022-03-07,PICK,4,41.151954650878906,15.0,LIME,2,True,1.0,,0.1,0.097938,0.043678,4367.82,False,23.228,0,0.0,RED
2022-03-07,KSA,5,42.27971649169922,15.0,LIME,1,False,0.24,0.24,0.1,0.103093,0.024742,2474.23,False,14.3247,0,0.0,RED
2022-03-07,SLV,6,23.700000762939453,15.0,GREEN,1,True,1.0,,0.08,0.082474,0.036782,3678.16,False,21.6853,0,0.0,RED
2022-03-08,PDBC,1,14.853560447692873,16.0,LIME,1,True,1.0,,0.31,0.319258,0.142365,14236.51,False,18.4262,0,0.0,RED
2022-03-08,XLE,2,33.375633239746094,16.0,LIME,1,True,1.0,,0.25,0.23172,0.10333,10332.95,False,25.5424,0,0.0,RED
2022-03-08,GLD,3,191.509994506836,16.0,LIME,1,True,1.0,,0.16,0.164779,0.073479,7347.88,False,13.4293,0,0.0,RED
2022-03-08,KSA,4,42.75628280639648,15.0,LIME,1,False,0.24,0.24,0.1,0.102987,0.024717,2471.68,False,14.1481,0,0.0,RED
2022-03-08,SLV,5,24.450000762939453,15.0,GREEN,1,True,1.0,,0.1,0.102987,0.045924,4592.42,False,22.3951,0,0.0,RED
2022-03-08,PICK,6,40.08121490478516,12.75,-,3,True,1.0,,0.08,0.07827,0.034902,3490.24,False,23.6757,0,0.0,RED
2022-03-09,GLD,1,185.82000732421875,16.0,LIME,1,True,1.0,,0.33,0.335025,0.149153,14915.25,False,14.8721,0,0.1,PURPLE
2022-03-09,SLV,2,23.799999237060547,15.25,GREEN,1,True,1.0,,0.27,0.274112,0.122034,12203.39,False,23.1445,0,0.1,PURPLE
2022-03-09,XLE,3,32.355506896972656,15.0,LIME,2,True,1.0,,0.2,0.192893,0.085876,8587.57,False,26.2767,0,0.1,PURPLE
2022-03-09,PDBC,4,13.684603691101074,15.0,-,2,True,1.0,,0.1,0.096447,0.042938,4293.79,False,24.9085,1,0.1,PURPLE
2022-03-09,KSA,5,42.27971649169922,14.0,LIME,2,False,0.2,0.2,0.1,0.101523,0.020305,2030.46,False,14.413,0,0.1,PURPLE
2022-03-10,SLV,1,24.01000022888184,15.5,GREEN,1,True,1.0,,0.33,0.33622,0.149745,14974.48,False,23.162,0,0.0,RED
2022-03-10,XLE,2,33.34550094604492,15.0,LIME,1,True,1.0,,0.27,0.261335,0.116393,11639.25,False,26.7625,0,0.0,RED
2022-03-10,GLD,3,186.3999938964844,15.0,LIME,2,True,1.0,,0.2,0.20377,0.090754,9075.44,False,14.8724,0,0.0,RED
2022-03-10,KSA,4,42.11785507202149,13.5,LIME,2,False,0.2,0.2,0.1,0.101885,0.020377,2037.7,False,14.1714,0,0.0,RED
2022-03-10,PDBC,5,13.505363464355469,13.0,-,3,True,1.0,,0.1,0.096791,0.043108,4310.83,False,25.0689,1,0.0,RED
2022-03-11,XLE,1,33.0786247253418,14.75,LIME,1,True,1.0,,0.35,0.319035,0.142943,14294.29,False,26.7688,0,0.0,RED
2022-03-11,SLV,2,23.8700008392334,14.5,GREEN,2,True,1.0,,0.3,0.30563,0.136937,13693.69,False,22.6831,0,0.0,RED
2022-03-11,GLD,3,185.08999633789065,13.75,LIME,2,True,1.0,,0.25,0.268097,0.12012,12012.01,False,14.8934,0,0.0,RED
2022-03-11,KSA,4,41.920040130615234,11.25,LIME,3,False,0.2,0.2,0.1,0.107239,0.021448,2144.77,False,13.7914,0,0.0,RED
2022-03-14,EIDO,1,21.485578536987305,13.75,LIME,1,False,0.2,0.2,0.35,0.372093,0.074419,7441.86,False,16.1635,0,0.0,RED
2022-03-14,XLE,2,32.08864212036133,12.5,LIME,3,True,1.0,,0.3,0.287043,0.182857,18285.71,False,27.6672,0,0.0,RED
2022-03-14,SLV,3,23.15999984741211,12.5,-,3,True,1.0,,0.25,0.239867,0.152804,15280.42,False,23.5401,1,0.0,RED
2022-03-14,GLD,4,182.3000030517578,11.5,-,3,True,1.0,,0.1,0.100997,0.064339,6433.86,False,15.2605,1,0.0,RED
2022-03-15,EIDO,1,21.52042579650879,14.0,LIME,1,False,0.22,0.22,1.0,1.0,0.22,22000.0,False,16.0058,0,0.1,PURPLE
2022-03-16,EIDO,1,22.025766372680664,14.5,LIME,1,False,0.55,0.55,0.55,0.55,0.3025,30250.0,False,16.5888,0,0.2,-
2022-03-16,XLU,2,31.264907836914062,11.0,LIME,1,False,0.35,0.35,0.45,0.45,0.1575,15750.0,False,16.3849,0,0.2,-
2022-03-17,EIDO,1,21.415876388549805,14.5,LIME,2,False,0.5,0.5,0.55,0.55,0.275,27500.0,False,17.5801,0,0.3,-
2022-03-17,XLU,2,31.39679336547852,12.0,LIME,1,False,0.4,0.4,0.45,0.45,0.18,18000.0,False,16.0841,0,0.3,-
2022-03-18,EIDO,1,21.29389762878418,13.25,-,3,False,0.8,0.45,0.35,0.351852,0.281481,28148.15,False,17.5812,1,0.8,LIME
2022-03-18,EWA,2,21.97540855407715,12.25,GREEN,1,False,0.8,0.4,0.3,0.31746,0.253968,25396.83,False,20.5868,0,0.8,LIME
2022-03-18,EZA,3,44.81671905517578,11.0,LIME,1,False,0.8,0.35,0.25,0.224868,0.179894,17989.42,False,30.8344,0,0.8,LIME
2022-03-18,XLU,4,31.12862777709961,11.0,LIME,3,False,0.8,0.3,0.1,0.10582,0.084656,8465.61,False,16.1511,0,0.8,LIME
2022-03-21,EZA,1,44.73467254638672,14.75,LIME,1,False,0.8,0.55,0.33,0.298246,0.238596,23859.65,False,30.8116,0,0.8,LIME
2022-03-21,EWC,2,36.99282455444336,14.25,LIME,1,False,0.8,0.55,0.27,0.287081,0.229665,22966.51,False,18.4349,0,0.8,LIME
2022-03-21,KSA,3,42.58543395996094,13.5,-,1,False,0.8,0.5,0.2,0.212653,0.170122,17012.23,False,14.3628,0,0.8,LIME
2022-03-21,EWA,4,21.97540855407715,14.0,GREEN,1,False,0.8,0.55,0.1,0.10101,0.080808,8080.81,False,20.4287,0,0.8,LIME
2022-03-21,EIDO,5,21.302608489990234,11.25,-,3,False,0.8,0.3,0.1,0.10101,0.080808,8080.81,False,17.489,1,0.8,LIME
2022-03-22,EZA,1,45.17774963378906,15.0,LIME,1,False,0.8,0.6,0.33,0.301451,0.241161,24116.07,False,30.7749,0,0.8,LIME
2022-03-22,EWC,2,37.149227142333984,15.0,LIME,1,False,0.8,0.6,0.27,0.290167,0.232133,23213.33,False,18.1667,0,0.8,LIME
2022-03-22,XAR,3,123.3782730102539,14.0,GREEN,1,False,0.8,0.55,0.2,0.193444,0.154756,15475.55,False,26.124,0,0.8,LIME
2022-03-22,EWA,4,22.22347640991211,14.25,GREEN,1,False,0.8,0.55,0.1,0.107469,0.085975,8597.53,False,20.5265,0,0.8,LIME
2022-03-22,KSA,5,42.747291564941406,13.0,-,1,False,0.8,0.5,0.1,0.107469,0.085975,8597.53,False,14.2594,0,0.8,LIME
2022-03-23,EWZ,1,26.821422576904297,15.5,GREEN,1,False,0.8,0.6,0.31,0.305656,0.244525,24452.52,False,27.6978,0,0.8,LIME
2022-03-23,EWC,2,36.85482406616211,15.5,LIME,1,False,0.8,0.6,0.25,0.259471,0.207577,20757.65,False,17.7515,0,0.8,LIME
2022-03-23,EZA,3,45.12031555175781,14.75,LIME,1,False,0.8,0.55,0.16,0.149455,0.119564,11956.41,False,30.7523,0,0.8,LIME
2022-03-23,XAR,4,122.15572357177734,14.5,GREEN,1,False,0.8,0.55,0.1,0.098599,0.078879,7887.91,False,25.1853,0,0.8,LIME
2022-03-23,EWA,5,22.24058532714844,14.5,GREEN,1,False,0.8,0.55,0.1,0.103788,0.083031,8303.06,False,20.2803,0,0.8,LIME
2022-03-23,KSA,6,42.69334411621094,13.5,-,1,False,0.8,0.5,0.08,0.083031,0.066424,6642.45,False,14.2215,0,0.8,LIME
2022-03-24,EWZ,1,27.29932403564453,16.0,GREEN,1,False,0.85,0.6,0.31,0.302206,0.256875,25687.53,False,27.7628,0,0.85,LIME
2022-03-24,EWC,2,36.974422454833984,16.0,LIME,1,False,0.85,0.6,0.25,0.256542,0.218061,21806.05,False,17.5905,0,0.85,LIME
2022-03-24,EWW,3,46.88254928588867,15.5,LIME,1,False,0.85,0.6,0.16,0.164187,0.139559,13955.87,False,23.1298,0,0.85,LIME
2022-03-24,EZA,4,45.85877990722656,14.75,LIME,1,False,0.85,0.55,0.1,0.092355,0.078502,7850.18,False,30.7392,0,0.85,LIME
2022-03-24,XAR,5,124.16068267822266,14.75,GREEN,1,False,0.85,0.55,0.1,0.102617,0.087224,8722.42,False,25.3641,0,0.85,LIME
2022-03-24,EWA,6,22.54853248596192,14.75,GREEN,1,False,0.85,0.55,0.08,0.082093,0.069779,6977.94,False,20.2577,0,0.85,LIME
2022-03-25,EWZ,1,27.7110538482666,16.0,GREEN,1,False,0.85,0.6,0.31,0.302206,0.256875,25687.53,False,27.7598,0,0.85,LIME
2022-03-25,EWW,2,46.85631561279297,16.0,LIME,1,False,0.85,0.6,0.25,0.256542,0.218061,21806.05,False,23.0976,0,0.85,LIME
2022-03-25,EWC,3,37.34242248535156,16.0,LIME,1,False,0.85,0.6,0.16,0.164187,0.139559,13955.87,False,17.598,0,0.85,LIME
2022-03-25,EZA,4,45.35826110839844,15.0,LIME,1,False,0.85,0.6,0.1,0.092355,0.078502,7850.18,False,30.8662,0,0.85,LIME
2022-03-25,XAR,5,123.8085708618164,15.0,GREEN,1,False,0.85,0.6,0.1,0.102617,0.087224,8722.42,False,25.2461,0,0.85,LIME
2022-03-25,EWA,6,22.668291091918945,15.0,GREEN,1,False,0.85,0.6,0.08,0.082093,0.069779,6977.94,False,20.247,0,0.85,LIME
2022-03-28,EWZ,1,27.497840881347656,16.0,GREEN,1,False,0.85,0.6,0.31,0.291536,0.247806,24780.56,False,27.8207,0,0.85,LIME
2022-03-28,KSA,2,42.93611907958984,15.75,-,1,False,0.85,0.6,0.25,0.261233,0.222048,22204.81,False,14.2875,0,0.85,LIME
2022-03-28,EWW,3,46.91753387451172,16.0,LIME,1,False,0.85,0.6,0.16,0.167189,0.142111,14211.08,False,23.0086,0,0.85,LIME
2022-03-28,EWC,4,37.140018463134766,16.0,LIME,1,False,0.85,0.6,0.1,0.104493,0.088819,8881.92,False,17.5627,0,0.85,LIME
2022-03-28,EWA,5,22.557085037231445,15.0,GREEN,1,False,0.85,0.6,0.1,0.104493,0.088819,8881.92,False,20.2495,0,0.85,LIME
2022-03-28,EZA,6,45.16954803466797,14.25,LIME,2,False,0.85,0.5,0.08,0.071055,0.060397,6039.71,False,30.8515,0,0.85,LIME
2022-03-29,EWZ,1,27.836048126220703,16.0,GREEN,1,False,0.85,0.6,0.31,0.292453,0.248585,24858.49,False,27.7544,0,0.85,LIME
2022-03-29,KSA,2,43.565547943115234,16.0,LIME,1,False,0.85,0.6,0.25,0.262055,0.222746,22274.63,False,14.4959,0,0.85,LIME
2022-03-29,EWW,3,47.69584655761719,16.0,LIME,1,False,0.85,0.6,0.16,0.167715,0.142558,14255.77,False,23.2153,0,0.85,LIME
2022-03-29,EWC,4,37.34242248535156,16.0,LIME,1,False,0.85,0.6,0.1,0.104822,0.089099,8909.85,False,17.5773,0,0.85,LIME
2022-03-29,EZA,5,45.76031875610352,14.75,LIME,1,False,0.85,0.55,0.1,0.089099,0.075734,7573.38,False,30.561,0,0.85,LIME
2022-03-29,EWA,6,22.822263717651367,15.0,LIME,1,False,0.85,0.6,0.08,0.083857,0.071279,7127.88,False,20.3488,0,0.85,LIME
2022-03-30,EWZ,1,27.747821807861328,16.0,GREEN,1,False,0.85,0.6,0.31,0.293994,0.249895,24989.46,False,27.3749,0,0.85,LIME
2022-03-30,EWW,2,47.704586029052734,16.0,LIME,1,False,0.85,0.6,0.25,0.263435,0.22392,22391.99,False,23.1998,0,0.85,LIME
2022-03-30,EWC,3,37.40682220458984,16.0,LIME,1,False,0.85,0.6,0.16,0.168599,0.143309,14330.87,False,17.56,0,0.85,LIME
2022-03-30,KSA,4,42.83720779418945,15.0,-,2,False,0.85,0.55,0.1,0.100105,0.08509,8508.96,False,14.9167,1,0.85,LIME
2022-03-30,EZA,5,46.15417098999024,14.75,LIME,1,False,0.85,0.55,0.1,0.089568,0.076133,7613.28,False,30.5799,0,0.85,LIME
2022-03-30,EWA,6,22.839370727539062,15.0,LIME,1,False,0.85,0.6,0.08,0.084299,0.071654,7165.44,False,20.3386,0,0.85,LIME
2022-03-31,EWZ,1,27.79928970336914,16.0,GREEN,1,False,0.8,0.6,0.31,0.302828,0.242262,24226.22,False,27.0431,0,0.8,LIME
2022-03-31,EWW,2,48.0718879699707,16.0,LIME,1,False,0.8,0.6,0.25,0.257069,0.205656,20565.55,False,23.1733,0,0.8,LIME
2022-03-31,XLU,3,32.95191955566406,16.0,LIME,1,False,0.8,0.6,0.16,0.164524,0.13162,13161.95,False,16.3049,0,0.8,LIME
2022-03-31,EWC,4,36.99282455444336,14.5,LIME,3,False,0.8,0.5,0.1,0.102828,0.082262,8226.22,False,17.7214,0,0.8,LIME
2022-03-31,EWA,5,22.60841178894043,14.25,LIME,2,False,0.8,0.5,0.1,0.102828,0.082262,8226.22,False,20.4622,0,0.8,LIME
2022-03-31,EZA,6,45.56339263916016,13.25,LIME,2,False,0.8,0.45,0.08,0.069923,0.055938,5593.83,False,30.6467,0,0.8,LIME
2022-04-01,EWZ,1,28.777149200439453,16.0,GREEN,1,False,0.8,0.6,0.31,0.292453,0.233962,23396.23,False,27.7093,0,0.8,LIME
2022-04-01,EWW,2,48.41294097900391,16.0,LIME,1,False,0.8,0.6,0.25,0.262055,0.209644,20964.36,False,23.193,0,0.8,LIME
2022-04-01,XLU,3,33.412166595458984,16.0,LIME,1,False,0.8,0.6,0.16,0.167715,0.134172,13417.19,False,16.5075,0,0.8,LIME
2022-04-01,EZA,4,46.34288787841797,14.25,LIME,1,False,0.8,0.55,0.1,0.089099,0.071279,7127.88,False,30.6111,0,0.8,LIME
2022-04-01,EWA,5,22.83081817626953,14.25,LIME,1,False,0.8,0.55,0.1,0.104822,0.083857,8385.74,False,20.4762,0,0.8,LIME
2022-04-01,EWC,6,37.00202941894531,12.5,LIME,3,False,0.8,0.35,0.08,0.083857,0.067086,6708.6,False,17.7044,0,0.8,LIME
2022-04-04,EWZ,1,29.05653953552246,16.0,GREEN,1,False,0.85,0.6,0.31,0.302206,0.256875,25687.53,False,27.0067,0,0.85,LIME
2022-04-04,EWW,2,48.15933227539063,16.0,LIME,1,False,0.85,0.6,0.25,0.256542,0.218061,21806.05,False,23.2104,0,0.85,LIME
2022-04-04,XLU,3,33.15549087524414,16.0,LIME,1,False,0.85,0.6,0.16,0.164187,0.139559,13955.87,False,16.4533,0,0.85,LIME
2022-04-04,EZA,4,46.08031845092773,14.5,LIME,1,False,0.85,0.55,0.1,0.092355,0.078502,7850.18,False,30.5746,0,0.85,LIME
2022-04-04,EWA,5,22.993343353271484,14.25,LIME,1,False,0.85,0.55,0.1,0.102617,0.087224,8722.42,False,20.51,0,0.85,LIME
2022-04-04,EWC,6,37.37002182006836,12.25,LIME,1,False,0.85,0.4,0.08,0.082093,0.069779,6977.94,False,17.7905,0,0.85,LIME
2022-04-05,XLU,1,33.363487243652344,16.0,LIME,1,False,0.6,0.6,0.31,0.329192,0.197515,19751.51,False,16.4641,0,0.6,LIME
2022-04-05,UNG,2,84.23999786376953,15.25,LIME,1,True,1.0,,0.25,0.225656,0.225656,22565.57,False,69.7545,0,0.6,LIME
2022-04-05,EWZ,3,28.174257278442383,15.0,LIME,2,False,0.6,0.55,0.16,0.16141,0.096846,9684.61,False,27.8977,1,0.6,LIME
2022-04-05,EWA,4,22.87358665466309,14.25,LIME,1,False,0.6,0.55,0.1,0.106191,0.063715,6371.46,False,20.3517,0,0.6,LIME
2022-04-05,EWW,5,47.346038818359375,14.0,LIME,3,False,0.6,0.5,0.1,0.100881,0.060529,6052.88,False,23.499,1,0.6,LIME
2022-04-05,EZA,6,44.84133529663086,11.5,-,3,False,0.6,0.3,0.08,0.07667,0.046002,4600.19,False,31.1145,1,0.6,LIME
2022-04-06,XLU,1,34.02730178833008,16.0,LIME,1,False,0.6,0.6,0.31,0.331551,0.19893,19893.05,False,16.8788,0,0.2,-
2022-04-06,UNG,2,84.91999816894531,15.5,LIME,1,True,1.0,,0.25,0.227273,0.227273,22727.27,False,69.641,0,0.2,-
2022-04-06,KSA,3,43.45764923095703,14.0,-,1,False,0.55,0.55,0.16,0.171123,0.094118,9411.76,False,14.9135,0,0.2,-
2022-04-06,EWZ,4,27.696352005004883,13.0,LIME,3,False,0.45,0.45,0.1,0.081818,0.036818,3681.82,False,27.5177,2,0.2,-
2022-04-06,EWA,5,22.719615936279297,13.25,LIME,3,False,0.45,0.45,0.1,0.106952,0.048128,4812.83,False,20.2347,0,0.2,-
2022-04-06,EWW,6,46.88254928588867,11.75,-,3,False,0.3,0.3,0.08,0.081283,0.024385,2438.5,False,23.5592,1,0.2,-
2022-04-07,UNG,1,89.4800033569336,15.75,LIME,1,True,1.0,,0.35,0.313984,0.313984,31398.42,False,70.1846,0,0.3,-
2022-04-07,XLU,2,33.94321823120117,16.0,LIME,1,False,0.6,0.6,0.3,0.316623,0.189974,18997.36,False,16.7269,0,0.3,-
2022-04-07,KSA,3,43.79034423828125,14.25,-,1,False,0.55,0.55,0.25,0.263852,0.145119,14511.87,False,14.9505,0,0.3,-
2022-04-07,EWA,4,22.69394874572754,11.75,-,3,False,0.3,0.3,0.1,0.105541,0.031662,3166.23,False,19.8801,0,0.3,-
2022-04-08,UNG,1,88.36000061035156,16.0,LIME,1,True,1.0,,0.45,0.410188,0.4,40000.0,False,70.3099,0,0.2,-
2022-04-08,XLU,2,34.05827713012695,16.0,LIME,1,False,0.6,0.6,0.3,0.321716,0.193029,19302.95,False,16.6873,0,0.2,-
2022-04-08,KSA,3,43.92522048950195,14.5,LIME,1,False,0.55,0.55,0.25,0.268097,0.147453,14745.31,False,14.9508,0,0.2,-
2022-04-11,UNG,1,93.1999969482422,16.0,LIME,1,True,1.0,,0.45,0.410188,0.4,40000.0,False,70.2961,0,0.2,-
2022-04-11,KSA,2,44.914329528808594,15.75,LIME,1,False,0.6,0.6,0.3,0.321716,0.193029,19302.95,False,15.253,0,0.2,-
2022-04-11,XLU,3,33.5936164855957,15.0,LIME,2,False,0.55,0.55,0.25,0.268097,0.147453,14745.31,False,16.8871,0,0.2,-
2022-04-12,UNG,1,93.5999984741211,16.0,LIME,1,True,1.0,,0.35,0.313984,0.313984,31398.42,False,70.2398,0,0.2,-
2022-04-12,KSA,2,45.12113952636719,16.0,LIME,1,False,0.6,0.6,0.3,0.316623,0.189974,18997.36,False,14.7108,0,0.2,-
2022-04-12,XLP,3,70.42296600341797,15.5,LIME,1,False,0.6,0.6,0.25,0.263852,0.158311,15831.13,False,15.293,0,0.2,-
2022-04-12,XLU,4,33.721954345703125,14.0,LIME,2,False,0.5,0.5,0.1,0.105541,0.05277,5277.04,False,16.7583,0,0.2,-
2022-04-13,UNG,1,98.4800033569336,16.0,LIME,1,True,1.0,,0.33,0.295108,0.203815,20381.47,False,66.0273,0,0.2,-
2022-04-13,DBA,2,20.0136833190918,16.0,LIME,1,True,1.0,,0.27,0.284061,0.196185,19618.53,False,15.7117,0,0.2,-
2022-04-13,KSA,3,45.05820083618164,16.0,LIME,1,False,0.6,0.6,0.2,0.210416,0.126249,12624.93,False,14.5773,0,0.2,-
2022-04-13,XLP,4,70.81809997558594,16.0,LIME,1,False,0.6,0.6,0.1,0.105208,0.063125,6312.47,False,15.3276,0,0.2,-
2022-04-13,XLU,5,33.65556335449219,12.25,LIME,2,False,0.35,0.35,0.1,0.105208,0.036823,3682.27,False,16.771,0,0.2,-
2022-04-14,UNG,1,102.4000015258789,16.0,LIME,1,True,1.0,,0.35,0.313984,0.199163,19916.32,False,61.767,0,0.0,RED
2022-04-14,DBA,2,19.916616439819336,16.0,LIME,1,True,1.0,,0.3,0.316623,0.200837,20083.68,False,15.6983,0,0.0,RED
2022-04-14,KSA,3,45.05820083618164,16.0,LIME,1,False,0.24,0.24,0.25,0.263852,0.063325,6332.45,False,14.5774,0,0.0,RED
2022-04-14,XLP,4,70.80014038085938,16.0,LIME,1,False,0.24,0.24,0.1,0.105541,0.02533,2532.98,False,15.3262,0,0.0,RED
2022-04-18,UNG,1,108.5199966430664,16.0,LIME,1,True,1.0,,0.33,0.308242,0.183934,18393.44,False,62.5034,0,0.0,RED
2022-04-18,XLE,2,35.20710754394531,16.0,LIME,1,True,1.0,,0.27,0.252198,0.150492,15049.18,False,28.9276,0,0.0,RED
2022-04-18,KSA,3,45.87646484375,16.0,LIME,1,False,0.24,0.24,0.2,0.21978,0.052747,5274.73,False,14.9249,0,0.0,RED
2022-04-18,DBA,4,20.154874801635746,16.0,LIME,1,True,1.0,,0.1,0.10989,0.065574,6557.38,False,15.6926,0,0.0,RED
2022-04-18,XLP,5,70.2164077758789,14.5,LIME,2,False,0.2,0.2,0.1,0.10989,0.021978,2197.8,False,15.4232,0,0.0,RED
2022-04-19,XLE,1,34.92030715942383,16.0,LIME,1,True,1.0,,0.33,0.308242,0.158028,15802.82,False,29.0283,0,0.0,RED
2022-04-19,UNG,2,99.95999908447266,15.0,LIME,2,True,1.0,,0.27,0.252198,0.129296,12929.58,False,65.0437,0,0.0,RED
2022-04-19,DBA,3,19.960739135742188,15.0,LIME,2,True,1.0,,0.2,0.21978,0.112676,11267.61,False,15.8689,0,0.0,RED
2022-04-19,KSA,4,45.13912582397461,15.0,-,2,False,0.22,0.22,0.1,0.10989,0.024176,2417.58,False,15.3484,0,0.0,RED
2022-04-19,XLP,5,71.28507995605469,14.5,LIME,1,False,0.22,0.22,0.1,0.10989,0.024176,2417.58,False,15.4087,0,0.0,RED
2022-04-20,XLE,1,35.055015563964844,16.0,LIME,1,True,1.0,,0.31,0.301377,0.253781,25378.06,False,28.9421,0,0.0,RED
2022-04-20,KSA,2,45.45384216308594,15.0,-,1,False,0.24,0.24,0.25,0.270051,0.064812,6481.23,False,15.3075,0,0.0,RED
2022-04-20,TUR,3,21.09623336791992,14.75,LIME,1,False,0.22,0.22,0.16,0.146908,0.03232,3231.97,False,33.6458,0,0.0,RED
2022-04-20,UNG,4,96.0,14.0,-,2,True,1.0,,0.1,0.087227,0.073451,7345.08,False,64.2161,1,0.0,RED
2022-04-20,XLP,5,72.35370635986328,14.5,LIME,1,False,0.22,0.22,0.1,0.108021,0.023765,2376.45,False,15.6303,0,0.0,RED
2022-04-20,DBA,6,19.987211227416992,13.5,LIME,2,True,1.0,,0.08,0.086416,0.072769,7276.86,False,15.5738,0,0.0,RED
2022-04-21,TUR,1,20.954111099243164,15.0,LIME,1,False,0.24,0.24,0.31,0.295073,0.070817,7081.75,False,33.6602,0,0.0,RED
2022-04-21,XLE,2,33.94257354736328,13.75,-,3,True,1.0,,0.25,0.239362,0.228304,22830.44,False,29.6988,1,0.0,RED
2022-04-21,XLP,3,72.29084777832031,14.5,LIME,1,False,0.22,0.22,0.16,0.179171,0.039418,3941.77,False,15.5606,0,0.0,RED
2022-04-21,KSA,4,44.698524475097656,12.75,-,3,False,0.2,0.2,0.1,0.106383,0.021277,2127.66,False,15.7459,1,0.0,RED
2022-04-21,UNG,5,96.8000030517578,12.25,-,2,True,1.0,,0.1,0.090426,0.086248,8624.83,False,63.1968,1,0.0,RED
2022-04-21,DBA,6,19.951913833618164,11.75,LIME,2,True,1.0,,0.08,0.089586,0.085447,8544.73,False,15.5718,0,0.0,RED
2022-04-22,XLP,1,71.15933227539062,15.0,-,2,False,0.22,0.22,0.45,0.471074,0.103636,10363.64,False,15.9153,1,0.0,RED
2022-04-22,TUR,2,20.225736618041992,13.25,-,3,False,0.2,0.2,0.3,0.280992,0.056198,5619.83,False,34.0878,2,0.0,RED
2022-04-22,JETS,3,22.168426513671875,13.5,GREEN,1,False,0.2,0.2,0.25,0.247934,0.049587,4958.68,False,47.0879,0,0.0,RED
2022-04-25,XLP,1,71.47364807128906,13.75,-,2,False,0.2,0.2,0.45,0.477454,0.095491,9549.07,False,15.9096,0,0.0,RED
2022-04-25,JETS,2,22.069238662719727,12.5,GREEN,2,False,0.2,0.2,0.3,0.270557,0.054111,5411.14,False,47.0805,0,0.0,RED
2022-04-25,TUR,3,20.563276290893555,11.25,-,3,False,0.2,0.2,0.25,0.251989,0.050398,5039.79,False,33.395,1,0.0,RED
2022-04-26,EIDO,1,21.877647399902344,11.0,LIME,1,False,0.2,0.2,1.0,1.0,0.2,20000.0,False,18.1466,0,0.0,RED
2022-04-27,EIDO,1,21.982202529907227,11.5,LIME,1,False,0.2,0.2,1.0,1.0,0.2,20000.0,False,17.9638,0,0.0,RED
2022-04-28,EIDO,1,22.025766372680664,14.75,LIME,1,False,0.22,0.22,1.0,1.0,0.22,22000.0,False,17.8982,0,0.0,RED
2022-04-29,EIDO,1,21.97348976135254,15.5,LIME,1,False,0.24,0.24,1.0,1.0,0.24,24000.0,False,17.8988,0,0.0,RED
2022-05-02,EIDO,1,21.903785705566406,14.75,LIME,2,False,0.2,0.2,0.55,0.55,0.11,11000.0,False,17.9166,0,0.0,RED
2022-05-02,KSA,2,45.59770965576172,12.0,-,1,False,0.2,0.2,0.45,0.45,0.09,9000.0,False,15.2265,0,0.0,RED
2022-05-03,EIDO,1,22.008338928222656,14.75,LIME,1,False,0.22,0.22,0.55,0.55,0.121,12100.0,False,17.9286,0,0.0,RED
2022-05-03,KSA,2,45.390892028808594,12.0,-,2,False,0.2,0.2,0.45,0.45,0.09,9000.0,False,15.1654,0,0.0,RED
2022-05-04,EIDO,1,22.278430938720703,14.75,LIME,1,False,0.55,0.55,0.55,0.589812,0.324397,32439.68,False,18.0469,0,0.2,-
2022-05-04,UNG,2,116.04000091552734,12.75,-,1,True,1.0,,0.45,0.410188,0.4,40000.0,False,63.7093,0,0.2,-
2022-05-05,UNG,1,120.4000015258789,14.5,-,1,True,1.0,,0.45,0.410188,0.241897,24189.72,False,60.7001,0,0.0,RED
2022-05-05,EIDO,2,21.9560604095459,13.25,LIME,2,False,0.2,0.2,0.3,0.321716,0.064343,6434.32,False,18.3303,0,0.0,RED
2022-05-05,PDBC,3,14.931492805480955,12.0,-,1,True,1.0,,0.25,0.268097,0.158103,15810.28,False,33.1833,0,0.0,RED
2022-05-06,UNG,1,110.72000122070312,14.75,-,2,True,1.0,,0.35,0.313984,0.140413,14041.3,False,60.6512,0,0.0,RED
2022-05-06,PDBC,2,14.97045612335205,13.0,-,1,True,1.0,,0.3,0.316623,0.141593,14159.29,False,33.1702,0,0.0,RED
2022-05-06,XLE,3,36.03274917602539,12.25,LIME,1,True,1.0,,0.25,0.263852,0.117994,11799.41,False,32.1717,0,0.0,RED
2022-05-06,EIDO,4,21.816659927368164,12.25,LIME,3,False,0.2,0.2,0.1,0.105541,0.021108,2110.82,False,18.3957,0,0.0,RED
2022-05-09,UNG,1,97.23999786376952,12.5,-,4,True,1.0,,0.55,0.496021,0.198408,19840.85,False,64.9172,2,0.0,RED
2022-05-09,PDBC,2,14.315842628479004,12.5,-,4,True,1.0,,0.45,0.503979,0.201592,20159.15,False,34.4984,1,0.0,RED
2022-05-17,UNG,1,113.76000213623048,11.0,-,1,True,1.0,,1.0,1.0,0.4,40000.0,False,64.617,0,0.2,-
2022-05-18,XLE,1,35.511287689208984,13.0,LIME,1,True,1.0,,0.55,0.575916,0.230366,23036.65,False,36.6085,0,0.0,RED
2022-05-18,UNG,2,113.95999908447266,11.5,-,1,True,1.0,,0.45,0.424084,0.169634,16963.35,False,64.2383,0,0.0,RED
2022-05-19,XLE,1,35.38092803955078,13.25,LIME,2,True,1.0,,0.55,0.575916,0.230366,23036.65,False,36.6219,0,0.0,RED
2022-05-19,UNG,2,111.91999816894533,12.0,-,1,True,1.0,,0.45,0.424084,0.169634,16963.35,False,64.3651,0,0.0,RED
2022-05-20,XLE,1,35.53302383422852,11.75,LIME,2,True,1.0,,0.55,0.575916,0.230366,23036.65,False,36.5736,0,0.0,RED
2022-05-20,UNG,2,110.91999816894533,11.5,-,2,True,1.0,,0.45,0.424084,0.169634,16963.35,False,64.2543,0,0.0,RED
2022-05-23,UNG,1,120.27999877929688,12.0,-,1,True,1.0,,0.55,0.52381,0.209524,20952.38,False,65.9366,0,0.0,RED
2022-05-23,XLE,2,36.47163772583008,11.75,LIME,1,True,1.0,,0.45,0.47619,0.190476,19047.62,False,36.6422,0,0.0,RED
2022-05-24,UNG,1,120.4800033569336,13.25,-,1,True,1.0,,0.55,0.52381,0.209524,20952.38,False,65.8674,0,0.0,RED
2022-05-24,XLE,2,36.61069869995117,12.75,LIME,1,True,1.0,,0.45,0.47619,0.190476,19047.62,False,36.6199,0,0.0,RED
2022-05-25,UNG,1,122.12000274658205,14.5,-,1,True,1.0,,0.45,0.410188,0.164075,16407.51,False,65.8697,0,0.2,-
2022-05-25,XLE,2,37.366817474365234,13.75,LIME,1,True,1.0,,0.3,0.321716,0.128686,12868.63,False,36.6917,0,0.2,-
2022-05-25,PDBC,3,14.947078704833984,11.0,-,1,True,1.0,,0.25,0.268097,0.107239,10723.86,False,34.9747,0,0.2,-
2022-05-26,XLE,1,37.779632568359375,16.0,LIME,1,True,1.0,,0.45,0.471204,0.188482,18848.17,False,36.4452,0,0.3,-
2022-05-26,UNG,2,118.91999816894533,15.75,-,1,True,1.0,,0.3,0.267016,0.106806,10680.63,False,65.8069,0,0.3,-
2022-05-26,PDBC,3,15.126317024230955,13.75,-,1,True,1.0,,0.25,0.26178,0.104712,10471.2,False,34.7749,0,0.3,-
2022-05-27,XLE,1,38.47056579589844,16.0,LIME,1,True,1.0,,0.45,0.471204,0.188482,18848.17,False,36.3208,0,0.4,-
2022-05-27,UNG,2,118.31999969482422,15.0,-,2,True,1.0,,0.3,0.267016,0.106806,10680.63,False,65.5333,0,0.4,-
2022-05-27,PDBC,3,15.328936576843262,14.5,LIME,1,True,1.0,,0.25,0.26178,0.104712,10471.2,False,34.7042,0,0.4,-
2022-05-31,XLE,1,37.892616271972656,16.0,LIME,1,True,1.0,,0.35,0.35687,0.191584,19158.4,False,36.4972,0,0.3,-
2022-05-31,PDBC,2,15.204248428344728,15.75,LIME,1,True,1.0,,0.3,0.305888,0.164215,16421.48,False,33.9007,0,0.3,-
2022-05-31,EWP,3,23.178375244140625,12.75,GREEN,1,False,0.4,0.4,0.25,0.254907,0.101963,10196.28,False,29.6037,0,0.3,-
2022-05-31,UNG,4,111.63999938964844,12.25,-,4,True,1.0,,0.1,0.082335,0.044201,4420.12,False,66.6013,1,0.3,-
2022-06-01,XLE,1,38.509674072265625,16.0,LIME,1,True,1.0,,0.33,0.336735,0.192701,19270.07,False,36.3797,0,0.2,-
2022-06-01,PDBC,2,15.30555820465088,16.0,LIME,1,True,1.0,,0.27,0.27551,0.157664,15766.42,False,33.4216,0,0.2,-
2022-06-01,EWW,3,45.16851043701172,12.25,LIME,2,False,0.35,0.35,0.2,0.204082,0.071429,7142.86,False,23.885,0,0.2,-
2022-06-01,EWP,4,22.78986167907715,12.0,GREEN,2,False,0.35,0.35,0.1,0.096939,0.033929,3392.86,False,29.5254,1,0.2,-
2022-06-01,UNG,5,119.16000366210938,11.5,-,1,True,1.0,,0.1,0.086735,0.049635,4963.5,False,66.9468,0,0.2,-
2022-06-02,XLE,1,38.387996673583984,16.0,LIME,1,True,1.0,,0.33,0.33,0.22,22000.0,False,36.4039,0,0.3,-
2022-06-02,PDBC,2,15.625073432922363,16.0,LIME,1,True,1.0,,0.27,0.27,0.18,18000.0,False,33.5428,0,0.3,-
2022-06-02,EWZ,3,26.130300521850582,12.5,-,1,False,0.4,0.4,0.2,0.2,0.08,8000.0,False,33.8195,0,0.3,-
2022-06-02,EWP,4,23.116565704345703,11.5,GREEN,2,False,0.3,0.3,0.1,0.1,0.03,3000.0,False,28.5459,0,0.3,-
2022-06-02,EWW,5,45.03732681274414,11.0,LIME,3,False,0.3,0.3,0.1,0.1,0.03,3000.0,False,23.8943,0,0.3,-
2022-06-03,XLE,1,38.896427154541016,16.0,LIME,1,True,1.0,,0.35,0.35,0.215385,21538.46,False,36.0931,0,0.2,-
2022-06-03,PDBC,2,15.773140907287598,16.0,LIME,1,True,1.0,,0.3,0.3,0.184615,18461.54,False,32.5947,0,0.2,-
2022-06-03,GMOM,3,29.201610565185547,13.0,LIME,1,False,0.5,0.5,0.25,0.25,0.125,12500.0,False,19.0433,0,0.2,-
2022-06-03,EWZ,4,25.909730911254883,11.5,-,2,False,0.3,0.3,0.1,0.1,0.03,3000.0,False,33.8232,0,0.2,-
2022-06-06,XLE,1,38.85297775268555,16.0,LIME,1,True,1.0,,0.45,0.43734,0.235052,23505.15,False,36.0256,0,0.3,-
2022-06-06,PDBC,2,15.85107135772705,16.0,LIME,1,True,1.0,,0.3,0.306905,0.164948,16494.85,False,32.3742,0,0.3,-
2022-06-06,GMOM,3,29.38153839111328,13.0,LIME,1,False,0.5,0.5,0.25,0.255754,0.127877,12787.72,False,19.0764,0,0.3,-
2022-06-07,XLE,1,40.01321792602539,16.0,LIME,1,True,1.0,,0.45,0.43734,0.43734,43734.02,False,36.3395,0,0.6,GREEN
2022-06-07,PDBC,2,15.952380180358888,16.0,LIME,1,True,1.0,,0.3,0.306905,0.306905,30690.54,False,32.2356,0,0.6,GREEN
2022-06-07,GMOM,3,29.75037956237793,13.0,LIME,1,False,0.6,0.5,0.25,0.255754,0.153453,15345.27,False,19.1271,0,0.6,GREEN
2022-06-08,XLE,1,40.10011291503906,16.0,LIME,1,True,1.0,,0.45,0.424084,0.424084,42408.38,False,35.6892,0,0.5,GREEN
2022-06-08,PDBC,2,16.10045051574707,16.0,LIME,1,True,1.0,,0.3,0.314136,0.314136,31413.61,False,27.8627,0,0.5,GREEN
2022-06-08,GMOM,3,29.597450256347656,13.0,LIME,1,False,0.5,0.5,0.25,0.26178,0.13089,13089.01,False,18.4827,0,0.5,GREEN
2022-06-09,PDBC,1,16.123828887939453,16.0,LIME,1,True,1.0,,0.45,0.463918,0.25,25000.0,False,27.6779,0,0.4,GREEN
2022-06-09,XLE,2,39.21364974975586,15.0,LIME,2,True,1.0,,0.3,0.278351,0.15,15000.0,False,35.6291,0,0.4,GREEN
2022-06-09,GMOM,3,29.34555435180664,12.5,LIME,2,False,0.4,0.35,0.25,0.257732,0.103093,10309.28,False,18.5259,0,0.4,GREEN
2022-06-10,PDBC,1,15.960174560546877,15.0,LIME,2,True,1.0,,0.45,0.489663,0.254777,25477.71,False,27.6444,0,0.0,RED
2022-06-10,XLE,2,38.548789978027344,13.0,LIME,3,True,1.0,,0.3,0.279108,0.145223,14522.29,False,35.7844,1,0.0,RED
2022-06-10,GMOM,3,28.94972038269043,11.0,LIME,3,False,0.2,0.2,0.25,0.23123,0.046246,4624.59,False,18.7192,2,0.0,RED
2022-06-13,PDBC,1,15.76534938812256,13.0,LIME,3,True,1.0,,1.0,1.0,0.4,40000.0,False,26.9838,1,0.0,RED
2022-06-29,FXI,1,30.87309837341309,12.0,GREEN,1,False,0.4,0.4,1.0,1.0,0.4,40000.0,False,38.8034,0,0.2,-
2022-06-30,FXI,1,30.845808029174805,11.25,GREEN,2,False,0.2,0.2,1.0,1.0,0.2,20000.0,False,38.7852,0,0.0,RED
2022-07-21,UNG,1,108.08000183105467,11.0,LIME,1,True,1.0,,1.0,1.0,1.0,100000.0,False,87.1129,0,0.7,GREEN
2022-07-22,UNG,1,113.1999969482422,11.75,LIME,1,True,1.0,,0.55,0.52381,0.52381,52380.95,False,87.5516,0,0.7,GREEN
2022-07-22,ICLN,2,18.531293869018555,11.25,GREEN,1,False,0.7,0.35,0.45,0.47619,0.333333,33333.33,False,38.0377,0,0.7,GREEN
2022-07-25,UNG,1,118.83999633789062,12.5,LIME,1,True,1.0,,0.55,0.52381,0.52381,52380.95,False,86.9796,0,0.6,GREEN
2022-07-25,ICLN,2,18.76887321472168,11.5,GREEN,1,False,0.6,0.35,0.45,0.47619,0.285714,28571.43,False,37.96,0,0.6,GREEN
2022-07-26,UNG,1,120.4800033569336,12.75,LIME,1,True,1.0,,1.0,1.0,0.4,40000.0,False,86.1055,0,0.4,GREEN
2022-07-27,UNG,1,118.95999908447266,13.0,LIME,1,True,1.0,,1.0,1.0,1.0,100000.0,False,86.0695,0,0.7,GREEN
2022-07-28,XLV,1,124.86097717285156,13.0,LIME,1,False,0.7,0.5,0.45,0.471204,0.329843,32984.29,False,21.6005,0,0.7,GREEN
2022-07-28,UNG,2,113.36000061035156,12.5,LIME,2,True,1.0,,0.3,0.267016,0.267016,26701.57,False,86.0181,0,0.7,GREEN
2022-07-28,TAN,3,82.39582061767578,11.5,GREEN,1,False,0.7,0.35,0.25,0.26178,0.183246,18324.61,False,52.6419,0,0.7,GREEN
2022-07-29,XLV,1,124.44739532470705,13.75,LIME,1,False,0.7,0.5,0.45,0.467532,0.327273,32727.27,False,21.4354,0,0.7,GREEN
2022-07-29,TAN,2,85.07009887695312,13.25,GREEN,1,False,0.7,0.5,0.3,0.311688,0.218182,21818.18,False,52.929,0,0.7,GREEN
2022-07-29,UNG,3,114.4800033569336,12.0,LIME,2,True,1.0,,0.25,0.220779,0.220779,22077.92,False,85.2545,0,0.7,GREEN
2022-08-01,TAN,1,82.86307525634766,15.5,GREEN,1,False,0.7,0.6,0.35,0.343669,0.240568,24056.85,False,53.2284,0,0.7,GREEN
2022-08-01,ICLN,2,20.91660499572754,14.5,GREEN,1,False,0.7,0.55,0.3,0.310078,0.217054,21705.43,False,41.2711,0,0.7,GREEN
2022-08-01,XLV,3,123.52625274658205,13.25,LIME,2,False,0.7,0.45,0.25,0.258398,0.180879,18087.86,False,20.847,0,0.7,GREEN
2022-08-01,UNG,4,114.0,11.0,LIME,2,True,1.0,,0.1,0.087855,0.087855,8785.53,False,84.8016,0,0.7,GREEN
2022-08-02,TAN,1,83.67828369140625,16.0,GREEN,1,False,0.7,0.6,0.35,0.324251,0.226975,22697.55,False,53.2199,0,0.7,GREEN
2022-08-02,ICLN,2,21.18269729614257,14.75,GREEN,1,False,0.7,0.55,0.3,0.294278,0.205995,20599.46,False,41.3167,0,0.7,GREEN
2022-08-02,XLU,3,32.95689010620117,12.75,LIME,1,False,0.7,0.4,0.25,0.27248,0.190736,19073.57,False,22.4469,0,0.7,GREEN
2022-08-02,XLV,4,123.0844955444336,11.5,LIME,3,False,0.7,0.3,0.1,0.108992,0.076294,7629.43,False,20.8202,0,0.7,GREEN
2022-08-03,TAN,1,81.29230499267578,14.75,GREEN,2,False,0.7,0.5,0.35,0.324251,0.226975,22697.55,False,53.3225,0,0.7,GREEN
2022-08-03,ICLN,2,20.73604393005371,14.25,GREEN,2,False,0.7,0.5,0.3,0.294278,0.205995,20599.46,False,41.5123,0,0.7,GREEN
2022-08-03,XLU,3,33.162086486816406,13.25,LIME,1,False,0.7,0.5,0.25,0.27248,0.190736,19073.57,False,22.4644,0,0.7,GREEN
2022-08-03,XLV,4,124.21240997314452,11.5,LIME,1,False,0.7,0.35,0.1,0.108992,0.076294,7629.43,False,20.8878,0,0.7,GREEN
2022-08-04,ICLN,1,21.13517951965332,14.25,GREEN,1,False,0.7,0.55,0.45,0.463918,0.324742,32474.23,False,40.8875,0,0.7,GREEN
2022-08-04,TAN,2,82.97242736816406,13.5,GREEN,2,False,0.7,0.45,0.3,0.278351,0.194845,19484.54,False,52.5473,0,0.7,GREEN
2022-08-04,XLU,3,33.23345184326172,13.5,LIME,1,False,0.7,0.5,0.25,0.257732,0.180412,18041.24,False,22.0448,0,0.7,GREEN
2022-08-05,ICLN,1,21.29673385620117,14.25,GREEN,1,False,0.7,0.55,0.35,0.358974,0.251282,25128.21,False,40.0326,0,0.7,GREEN
2022-08-05,LIT,2,73.32544708251953,13.0,GREEN,1,False,0.7,0.5,0.3,0.307692,0.215385,21538.46,False,36.5195,0,0.7,GREEN
2022-08-05,TAN,3,84.27477264404297,12.75,GREEN,1,False,0.7,0.4,0.25,0.230769,0.161538,16153.85,False,51.7141,0,0.7,GREEN
2022-08-05,XLU,4,33.11301803588867,13.75,LIME,1,False,0.7,0.5,0.1,0.102564,0.071795,7179.49,False,21.9515,0,0.7,GREEN
2022-08-08,ICLN,1,21.391765594482425,14.25,GREEN,1,False,0.6,0.55,0.33,0.333333,0.2,20000.0,False,39.389,0,0.6,GREEN
2022-08-08,LIT,2,74.31046295166016,13.75,GREEN,1,False,0.6,0.5,0.27,0.272727,0.163636,16363.64,False,36.5793,0,0.6,GREEN
2022-08-08,IBB,3,130.5937042236328,13.5,GREEN,1,False,0.6,0.5,0.2,0.20202,0.121212,12121.21,False,32.8058,0,0.6,GREEN
2022-08-08,XLU,4,33.162086486816406,14.0,LIME,1,False,0.6,0.55,0.1,0.10101,0.060606,6060.61,False,21.9036,0,0.6,GREEN
2022-08-08,TAN,5,84.87127685546875,12.5,GREEN,1,False,0.6,0.4,0.1,0.090909,0.054545,5454.55,False,50.9461,0,0.6,GREEN
2022-08-09,ICLN,1,21.46779060363769,15.0,GREEN,1,False,0.6,0.6,0.33,0.340206,0.204124,20412.37,False,37.2335,0,0.6,GREEN
2022-08-09,LIT,2,74.33943176269531,14.5,GREEN,1,False,0.6,0.55,0.27,0.278351,0.16701,16701.03,False,34.4708,0,0.6,GREEN
2022-08-09,TAN,3,85.34847259521484,13.75,GREEN,1,False,0.6,0.5,0.2,0.175258,0.105155,10515.46,False,48.287,0,0.6,GREEN
2022-08-09,IBB,4,128.49676513671875,13.25,GREEN,2,False,0.6,0.45,0.1,0.103093,0.061856,6185.57,False,31.1122,0,0.6,GREEN
2022-08-09,XLU,5,33.5323371887207,14.0,LIME,1,False,0.6,0.55,0.1,0.103093,0.061856,6185.57,False,21.9387,0,0.6,GREEN
2022-08-10,TAN,1,89.60346221923828,15.0,GREEN,1,False,0.7,0.6,0.33,0.29936,0.209552,20955.18,False,49.0709,0,0.7,GREEN
2022-08-10,ICLN,2,22.43711853027344,15.0,GREEN,1,False,0.7,0.6,0.27,0.273746,0.191622,19162.22,False,38.0947,0,0.7,GREEN
2022-08-10,LIT,3,76.09700775146484,15.0,GREEN,1,False,0.7,0.6,0.2,0.213447,0.149413,14941.3,False,34.5651,0,0.7,GREEN
2022-08-10,IBB,4,131.5926971435547,13.25,GREEN,1,False,0.7,0.5,0.1,0.106724,0.074707,7470.65,False,31.0379,0,0.7,GREEN
2022-08-10,XLU,5,33.679542541503906,14.0,LIME,1,False,0.7,0.55,0.1,0.106724,0.074707,7470.65,False,21.7855,0,0.7,GREEN
2022-08-11,TAN,1,87.41632080078125,15.75,GREEN,1,False,0.7,0.6,0.33,0.295108,0.206575,20657.55,False,48.4839,0,0.7,GREEN
2022-08-11,ICLN,2,22.123516082763672,15.25,GREEN,1,False,0.7,0.6,0.27,0.284061,0.198843,19884.27,False,37.6541,0,0.7,GREEN
2022-08-11,LIT,3,76.54122924804688,15.0,GREEN,1,False,0.7,0.6,0.2,0.210416,0.147291,14729.09,False,34.564,0,0.7,GREEN
2022-08-11,XLU,4,33.67508316040039,14.0,LIME,1,False,0.7,0.55,0.1,0.105208,0.073645,7364.54,False,21.7533,0,0.7,GREEN
2022-08-11,IBB,5,129.8617401123047,12.5,GREEN,2,False,0.7,0.35,0.1,0.105208,0.073645,7364.54,False,30.3229,0,0.7,GREEN
2022-08-12,TAN,1,88.55960083007812,16.0,GREEN,1,False,0.7,0.6,0.33,0.307135,0.214995,21499.48,False,48.4497,0,0.7,GREEN
2022-08-12,ICLN,2,22.38010025024414,15.5,GREEN,1,False,0.7,0.6,0.27,0.279214,0.19545,19544.98,False,37.5868,0,0.7,GREEN
2022-08-12,LIT,3,78.05738067626953,15.25,GREEN,1,False,0.7,0.6,0.2,0.206825,0.144778,14477.77,False,34.6398,0,0.7,GREEN
2022-08-12,XLU,4,34.22377014160156,14.25,LIME,1,False,0.7,0.55,0.1,0.103413,0.072389,7238.88,False,21.8401,0,0.7,GREEN
2022-08-12,IBB,5,131.07839965820312,12.5,GREEN,1,False,0.7,0.4,0.1,0.103413,0.072389,7238.88,False,29.9351,0,0.7,GREEN
2022-08-15,TAN,1,88.37071228027344,15.75,GREEN,1,False,0.7,0.6,0.33,0.295108,0.206575,20657.55,False,46.6944,0,0.7,GREEN
2022-08-15,ICLN,2,22.351593017578125,15.5,GREEN,1,False,0.7,0.6,0.27,0.284061,0.198843,19884.27,False,36.5781,0,0.7,GREEN
2022-08-15,LIT,3,78.98444366455078,15.5,GREEN,1,False,0.7,0.6,0.2,0.210416,0.147291,14729.09,False,33.2576,0,0.7,GREEN
2022-08-15,XLU,4,34.5092658996582,14.5,LIME,1,False,0.7,0.55,0.1,0.105208,0.073645,7364.54,False,21.7831,0,0.7,GREEN
2022-08-15,IBB,5,133.35336303710938,13.5,GREEN,1,False,0.7,0.5,0.1,0.105208,0.073645,7364.54,False,29.4324,0,0.7,GREEN
2022-08-16,LIT,1,78.1249771118164,15.75,GREEN,1,False,0.7,0.6,0.33,0.347551,0.243286,24328.59,False,33.2146,0,0.7,GREEN
2022-08-16,TAN,2,87.13795471191406,14.5,GREEN,2,False,0.7,0.5,0.27,0.241706,0.169194,16919.43,False,46.662,0,0.7,GREEN
2022-08-16,ICLN,3,22.06649398803711,14.5,GREEN,2,False,0.7,0.5,0.2,0.200105,0.140074,14007.37,False,36.6597,0,0.7,GREEN
2022-08-16,XLU,4,34.60740661621094,14.75,LIME,1,False,0.7,0.55,0.1,0.105319,0.073723,7372.3,False,21.7824,0,0.7,GREEN
2022-08-16,IBB,5,131.54327392578125,13.75,GREEN,1,False,0.7,0.5,0.1,0.105319,0.073723,7372.3,False,29.6163,0,0.7,GREEN
2022-08-17,UNG,1,127.5199966430664,15.5,LIME,1,True,1.0,,0.31,0.278689,0.278689,27868.85,False,81.2229,0,0.6,GREEN
2022-08-17,LIT,2,77.55521392822266,15.0,GREEN,2,False,0.6,0.55,0.25,0.26441,0.158646,15864.62,False,31.5453,0,0.6,GREEN
2022-08-17,XLU,3,34.549407958984375,15.0,LIME,1,False,0.6,0.6,0.16,0.169223,0.101534,10153.36,False,21.7165,0,0.6,GREEN
2022-08-17,IBB,4,128.9814453125,13.0,-,3,False,0.6,0.45,0.1,0.105764,0.063458,6345.85,False,29.4727,0,0.6,GREEN
2022-08-17,ICLN,5,21.98096466064453,12.75,GREEN,2,False,0.6,0.35,0.1,0.105764,0.063458,6345.85,False,35.8993,0,0.6,GREEN
2022-08-17,TAN,6,86.12390899658203,12.25,-,3,False,0.6,0.35,0.08,0.07615,0.04569,4569.01,False,45.7919,0,0.6,GREEN
2022-08-18,UNG,1,127.04000091552734,15.75,LIME,1,True,1.0,,0.33,0.296668,0.296668,29666.84,False,81.2342,0,0.6,GREEN
2022-08-18,XLU,2,34.67877578735352,15.0,LIME,1,False,0.6,0.6,0.27,0.285563,0.171338,17133.79,False,21.6067,0,0.6,GREEN
2022-08-18,ITA,3,104.81620025634766,14.0,LIME,1,False,0.6,0.55,0.2,0.211528,0.126917,12691.7,False,24.1378,0,0.6,GREEN
2022-08-18,LIT,4,76.90818786621094,13.75,GREEN,2,False,0.6,0.45,0.1,0.105764,0.063458,6345.85,False,31.3458,0,0.6,GREEN
2022-08-18,ICLN,5,22.02848243713379,11.0,-,2,False,0.6,0.3,0.1,0.100476,0.060286,6028.56,False,35.86,0,0.6,GREEN
2022-08-19,UNG,1,128.1999969482422,15.75,LIME,1,True,1.0,,0.33,0.301208,0.301208,30120.81,False,81.1309,0,0.2,-
2022-08-19,XLU,2,34.66093444824219,15.0,LIME,1,False,0.6,0.6,0.27,0.289933,0.17396,17395.97,False,21.5983,0,0.2,-
2022-08-19,TUR,3,19.80659294128418,14.0,LIME,1,False,0.55,0.55,0.2,0.214765,0.118121,11812.08,False,25.5707,0,0.2,-
2022-08-19,ITA,4,103.40225219726562,12.25,-,2,False,0.35,0.35,0.1,0.107383,0.037584,3758.39,False,24.1716,0,0.2,-
2022-08-19,LIT,5,74.020751953125,11.0,-,4,False,0.25,0.25,0.1,0.086711,0.021678,2167.79,False,31.6957,2,0.2,-
2022-08-22,UNG,1,135.16000366210938,15.75,LIME,1,True,1.0,,0.35,0.31565,0.31565,31564.99,False,81.7214,0,0.2,-
2022-08-22,TUR,2,20.180992126464844,14.0,LIME,1,False,0.55,0.55,0.3,0.318302,0.175066,17506.63,False,25.5299,0,0.2,-
2022-08-22,QMOM,3,46.71770858764648,14.0,GREEN,1,False,0.55,0.55,0.25,0.265252,0.145889,14588.86,False,28.2373,0,0.2,-
2022-08-22,XLU,4,34.18809127807617,13.25,-,3,False,0.45,0.45,0.1,0.100796,0.045358,4535.81,False,21.8084,1,0.2,-
2022-08-23,TUR,1,20.610179901123047,14.0,LIME,1,False,0.55,0.55,0.35,0.368421,0.202632,20263.16,False,25.7038,0,0.2,-
2022-08-23,UNG,2,128.0399932861328,14.25,LIME,2,True,1.0,,0.3,0.268421,0.268421,26842.11,False,80.8667,0,0.2,-
2022-08-23,QMOM,3,47.4537353515625,14.0,GREEN,1,False,0.55,0.55,0.25,0.263158,0.144737,14473.68,False,28.1347,0,0.2,-
2022-08-23,XLU,4,33.98288345336914,11.25,-,3,False,0.3,0.3,0.1,0.1,0.03,3000.0,False,21.7457,1,0.2,-
2022-08-24,TUR,1,20.180992126464844,14.0,LIME,1,False,0.55,0.55,0.45,0.467532,0.257143,25714.29,False,25.9334,0,0.2,-
2022-08-24,QMOM,2,47.79350662231445,14.0,GREEN,1,False,0.55,0.55,0.3,0.311688,0.171429,17142.86,False,28.1242,0,0.2,-
2022-08-24,UNG,3,127.44000244140624,12.75,LIME,2,True,1.0,,0.25,0.220779,0.220779,22077.92,False,80.8786,0,0.2,-
2022-08-25,TUR,1,20.555389404296875,14.0,LIME,1,False,0.55,0.55,0.45,0.467532,0.257143,25714.29,False,26.143,0,0.3,-
2022-08-25,QMOM,2,48.145729064941406,14.0,GREEN,1,False,0.55,0.55,0.3,0.311688,0.171429,17142.86,False,27.8793,0,0.3,-
2022-08-25,UNG,3,129.1999969482422,11.75,LIME,2,True,1.0,,0.25,0.220779,0.220779,22077.92,False,80.8798,0,0.3,-
2022-08-26,TUR,1,20.36362266540528,13.25,-,2,False,0.2,0.2,0.55,0.55,0.11,11000.0,False,26.1536,0,0.0,RED
2022-08-26,QMOM,2,47.30154800415039,13.25,GREEN,2,False,0.2,0.2,0.45,0.45,0.09,9000.0,False,27.835,0,0.0,RED
2022-08-29,TUR,1,20.70149612426757,13.25,-,1,False,0.2,0.2,0.45,0.467532,0.093506,9350.65,False,26.3146,0,0.0,RED
2022-08-29,QMOM,2,47.50541305541992,12.5,GREEN,2,False,0.2,0.2,0.3,0.311688,0.062338,6233.77,False,27.5317,0,0.0,RED
2022-08-29,XLE,3,36.95094680786133,11.0,LIME,1,True,1.0,,0.25,0.220779,0.220779,22077.92,False,39.703,0,0.0,RED
2022-08-30,TUR,1,20.537124633789062,12.75,-,1,False,0.2,0.2,1.0,1.0,0.2,20000.0,False,25.6734,0,0.0,RED
2022-08-31,TUR,1,20.537124633789062,12.0,-,2,False,0.2,0.2,1.0,1.0,0.2,20000.0,False,25.6495,0,0.0,RED
2022-09-01,TUR,1,20.41841506958008,11.5,-,2,False,0.2,0.2,1.0,1.0,0.2,20000.0,False,25.6818,0,0.0,RED
2022-09-02,TUR,1,20.90239143371582,11.5,-,1,False,0.2,0.2,1.0,1.0,0.2,20000.0,False,26.0666,0,0.0,RED
2022-09-06,TUR,1,21.90687561035156,12.25,-,1,False,0.2,0.2,0.55,0.52381,0.104762,10476.19,False,27.6599,0,0.0,RED
2022-09-06,EIDO,2,21.31441116333008,11.0,-,1,False,0.2,0.2,0.45,0.47619,0.095238,9523.81,False,16.1572,0,0.0,RED
2022-09-07,TUR,1,22.19908905029297,13.25,-,1,False,0.2,0.2,0.55,0.52381,0.104762,10476.19,False,27.7343,0,0.0,RED
2022-09-07,EIDO,2,21.24374771118164,12.75,-,1,False,0.2,0.2,0.45,0.47619,0.095238,9523.81,False,16.1632,0,0.0,RED
2022-09-08,TUR,1,22.208221435546875,14.75,LIME,1,False,0.22,0.22,0.55,0.537275,0.118201,11820.05,False,24.714,0,0.0,RED
2022-09-08,EIDO,2,21.393911361694336,13.0,LIME,1,False,0.2,0.2,0.45,0.462725,0.092545,9254.5,False,16.2261,0,0.0,RED
2022-09-09,TUR,1,22.88396644592285,15.0,LIME,1,False,0.24,0.24,0.55,0.537275,0.128946,12894.6,False,25.0987,0,0.0,RED
2022-09-09,EIDO,2,21.52640724182129,13.25,LIME,1,False,0.2,0.2,0.45,0.462725,0.092545,9254.5,False,15.8124,0,0.0,RED
2022-09-12,TUR,1,24.034557342529297,15.0,LIME,1,False,0.6,0.6,0.35,0.326425,0.195855,19585.49,False,26.6718,0,0.2,-
2022-09-12,XLU,2,34.848289489746094,13.25,-,1,False,0.5,0.5,0.3,0.310881,0.15544,15544.04,False,21.6186,0,0.2,-
2022-09-12,INDA,3,44.017459869384766,12.5,GREEN,1,False,0.4,0.4,0.25,0.259067,0.103627,10362.69,False,17.7805,0,0.2,-
2022-09-12,EIDO,4,21.72073745727539,13.5,LIME,1,False,0.5,0.5,0.1,0.103627,0.051813,5181.35,False,15.2379,0,0.2,-
2022-09-13,EIDO,1,21.491079330444336,14.0,LIME,1,False,0.55,0.55,0.45,0.49765,0.273707,27370.75,False,14.4358,0,0.2,-
2022-09-13,TUR,2,21.4868221282959,13.25,-,3,False,0.45,0.45,0.3,0.239701,0.107866,10786.56,False,34.5074,2,0.2,-
2022-09-13,XLU,3,33.920433044433594,11.5,-,3,False,0.3,0.3,0.25,0.262649,0.078795,7879.46,False,20.1842,1,0.2,-
2022-09-14,EIDO,1,21.79140281677246,14.0,LIME,1,False,0.55,0.55,0.55,0.589812,0.324397,32439.68,False,14.5918,0,0.2,-
2022-09-14,TUR,2,22.564355850219727,12.5,-,2,False,0.35,0.35,0.45,0.410188,0.143566,14356.57,False,35.7429,0,0.2,-
2022-09-15,EIDO,1,21.86206817626953,14.0,LIME,1,False,0.55,0.55,1.0,1.0,0.55,55000.0,False,14.5928,0,0.2,-
2022-09-16,EIDO,1,21.438077926635746,12.25,LIME,3,False,0.2,0.2,1.0,1.0,0.2,20000.0,False,15.1619,1,0.0,RED
2022-09-19,EIDO,1,21.7384033203125,12.25,LIME,1,False,0.2,0.2,1.0,1.0,0.2,20000.0,False,15.1419,0,0.0,RED
2022-10-06,TUR,1,22.52783203125,12.5,LIME,1,False,0.4,0.4,0.55,0.55,0.22,22000.0,False,41.0296,0,0.2,-
2022-10-06,SLV,2,19.040000915527344,11.25,GREEN,1,True,1.0,,0.45,0.45,0.4,40000.0,False,34.9577,0,0.2,-
2022-10-07,XLE,1,36.33657836914063,12.0,LIME,1,True,1.0,,0.55,0.55,0.4,40000.0,False,36.9254,0,0.2,-
2022-10-07,TUR,2,22.50043487548828,11.75,LIME,1,False,0.35,0.35,0.45,0.45,0.1575,15750.0,False,40.7513,0,0.2,-
2022-10-10,TUR,1,22.75612068176269,11.5,LIME,1,False,0.2,0.2,1.0,1.0,0.2,20000.0,False,40.7528,0,0.0,RED
2022-10-11,TUR,1,22.48217391967773,11.0,LIME,2,False,0.2,0.2,1.0,1.0,0.2,20000.0,False,40.8852,0,0.0,RED
2022-10-14,TUR,1,22.719594955444336,11.5,LIME,1,False,0.2,0.2,1.0,1.0,0.2,20000.0,False,40.8335,0,0.0,RED
2022-10-17,TUR,1,24.564191818237305,12.75,LIME,1,False,0.4,0.4,1.0,1.0,0.4,40000.0,False,43.433,0,0.2,-
2022-10-18,TUR,1,24.637245178222656,15.5,LIME,1,False,0.6,0.6,0.55,0.55,0.33,33000.0,False,43.4375,0,0.3,-
2022-10-18,XLE,2,36.42097854614258,11.5,LIME,1,True,1.0,,0.45,0.45,0.4,40000.0,False,37.715,0,0.3,-
2022-10-19,TUR,1,24.64637565612793,15.75,LIME,1,False,0.6,0.6,0.55,0.55,0.33,33000.0,False,43.4078,0,0.2,-
2022-10-19,XLE,2,37.49597930908203,12.0,LIME,1,True,1.0,,0.45,0.45,0.4,40000.0,False,37.8834,0,0.2,-
2022-10-20,TUR,1,24.61898231506348,16.0,LIME,1,False,0.6,0.6,0.45,0.43734,0.262404,26240.41,False,43.3765,0,0.2,-
2022-10-20,XLE,2,37.531517028808594,14.0,LIME,1,True,1.0,,0.3,0.306905,0.306905,30690.54,False,37.8169,0,0.2,-
2022-10-20,QMOM,3,46.04677200317383,12.5,GREEN,1,False,0.4,0.4,0.25,0.255754,0.102302,10230.18,False,28.3764,0,0.2,-
2022-10-21,TUR,1,24.83814239501953,16.0,LIME,1,False,0.6,0.6,0.45,0.43734,0.262404,26240.41,False,43.3725,0,0.2,-
2022-10-21,XLE,2,38.61539077758789,14.5,LIME,1,True,1.0,,0.3,0.306905,0.306905,30690.54,False,37.5673,0,0.2,-
2022-10-21,QMOM,3,46.86223220825195,12.5,GREEN,1,False,0.4,0.4,0.25,0.255754,0.102302,10230.18,False,28.0673,0,0.2,-
2022-10-24,TUR,1,25.23993492126465,16.0,LIME,1,False,0.6,0.6,0.45,0.43734,0.262404,26240.41,False,43.3805,0,0.6,GREEN
2022-10-24,XLE,2,38.79751205444336,15.0,LIME,1,True,1.0,,0.3,0.306905,0.306905,30690.54,False,37.4873,0,0.6,GREEN
2022-10-24,QMOM,3,47.20392227172852,12.5,GREEN,1,False,0.6,0.4,0.25,0.255754,0.153453,15345.27,False,28.0522,0,0.6,GREEN
2022-10-25,TUR,1,25.11209487915039,16.0,LIME,1,False,0.6,0.6,0.45,0.43734,0.262404,26240.41,False,43.4251,0,0.6,GREEN
2022-10-25,XLE,2,38.83749771118164,15.0,LIME,1,True,1.0,,0.3,0.306905,0.306905,30690.54,False,37.2836,0,0.6,GREEN
2022-10-25,QMOM,3,48.07585525512695,13.0,GREEN,1,False,0.6,0.5,0.25,0.255754,0.153453,15345.27,False,27.9971,0,0.6,GREEN
2022-10-26,TUR,1,24.99338150024414,16.0,LIME,1,False,0.6,0.6,0.45,0.43734,0.262404,26240.41,False,43.3664,0,0.6,GREEN
2022-10-26,XLE,2,39.36610794067383,15.0,LIME,1,True,1.0,,0.3,0.306905,0.306905,30690.54,False,37.3412,0,0.6,GREEN
2022-10-26,QMOM,3,48.33236312866211,14.25,GREEN,1,False,0.6,0.55,0.25,0.255754,0.153453,15345.27,False,27.9647,0,0.6,GREEN
2022-10-27,XLE,1,39.508262634277344,15.0,LIME,1,True,1.0,,0.45,0.461243,0.4,40000.0,False,36.4323,0,0.4,GREEN
2022-10-27,QMOM,2,48.35245895385742,15.0,GREEN,1,False,0.6,0.6,0.3,0.307495,0.184497,18449.71,False,27.7994,0,0.4,GREEN
2022-10-27,TUR,3,24.427217483520508,13.75,LIME,3,False,0.45,0.45,0.25,0.231262,0.104068,10406.79,False,43.6804,1,0.4,GREEN
2022-10-28,QMOM,1,48.72477722167969,15.75,GREEN,1,False,0.6,0.6,0.35,0.360639,0.216383,21638.33,False,27.7517,0,0.6,GREEN
2022-10-28,XLE,2,39.64595413208008,15.0,LIME,1,True,1.0,,0.3,0.293663,0.293663,29366.31,False,36.1291,0,0.6,GREEN
2022-10-28,EWW,3,44.1923828125,13.5,GREEN,1,False,0.6,0.5,0.25,0.257599,0.15456,15455.95,False,23.3267,0,0.6,GREEN
2022-10-28,TUR,4,24.44548225402832,11.5,LIME,3,False,0.6,0.3,0.1,0.088099,0.052859,5285.94,False,43.5736,1,0.6,GREEN
2022-10-31,QMOM,1,48.92672729492188,16.0,LIME,1,False,0.6,0.6,0.45,0.463918,0.278351,27835.05,False,27.7559,0,0.5,GREEN
2022-10-31,XLE,2,39.9791259765625,15.0,LIME,1,True,1.0,,0.3,0.278351,0.278351,27835.05,False,36.1306,0,0.5,GREEN
2022-10-31,EWW,3,44.89370346069336,13.75,GREEN,1,False,0.5,0.5,0.25,0.257732,0.128866,12886.6,False,22.5268,0,0.5,GREEN
2022-11-01,QMOM,1,49.10954284667969,16.0,LIME,1,False,0.6,0.6,0.45,0.463918,0.278351,27835.05,False,27.7084,0,0.4,GREEN
2022-11-01,XLE,2,40.36558532714844,15.25,LIME,1,True,1.0,,0.3,0.278351,0.278351,27835.05,False,35.5731,0,0.4,GREEN
2022-11-01,EWW,3,45.79921722412109,14.0,GREEN,1,False,0.55,0.55,0.25,0.257732,0.141753,14175.26,False,22.5265,0,0.4,GREEN
2022-11-02,XLE,1,39.392765045166016,14.5,LIME,2,True,1.0,,0.45,0.429708,0.4,40000.0,False,35.0606,0,0.0,RED
2022-11-02,EWW,2,45.0268669128418,14.0,GREEN,1,False,0.22,0.22,0.3,0.318302,0.070027,7002.65,False,22.8166,0,0.0,RED
2022-11-02,QMOM,3,47.79829025268555,14.0,-,3,False,0.2,0.2,0.25,0.251989,0.050398,5039.79,False,27.8859,1,0.0,RED
2022-11-03,XLE,1,40.12126922607422,14.75,LIME,1,True,1.0,,0.35,0.347258,0.347258,34725.85,False,35.037,0,0.0,RED
2022-11-03,EWW,2,45.568397521972656,14.0,GREEN,1,False,0.22,0.22,0.3,0.313316,0.06893,6892.95,False,22.7669,0,0.0,RED
2022-11-03,TUR,3,25.38604164123535,13.25,LIME,1,False,0.2,0.2,0.25,0.234987,0.046997,4699.74,False,43.4706,0,0.0,RED
2022-11-03,QMOM,4,48.28641891479492,12.5,-,2,False,0.2,0.2,0.1,0.104439,0.020888,2088.77,False,27.7925,0,0.0,RED
2022-11-04,XLE,1,40.609901428222656,15.0,LIME,1,True,1.0,,0.35,0.349081,0.349081,34908.14,False,35.0763,0,0.0,RED
2022-11-04,TUR,2,26.15310287475586,14.5,LIME,1,False,0.22,0.22,0.3,0.283465,0.062362,6236.22,False,43.6788,0,0.0,RED
2022-11-04,EWW,3,46.89114761352539,14.25,LIME,1,False,0.22,0.22,0.25,0.262467,0.057743,5774.28,False,23.0168,0,0.0,RED
2022-11-04,QMOM,4,48.65586471557617,11.75,-,1,False,0.2,0.2,0.1,0.104987,0.020997,2099.74,False,27.8088,0,0.0,RED
2022-11-07,TUR,1,27.111928939819336,15.25,LIME,1,False,0.24,0.24,0.35,0.319035,0.076568,7656.84,False,44.0397,0,0.0,RED
2022-11-07,XLE,2,41.30731964111328,15.0,LIME,1,True,1.0,,0.3,0.30563,0.30563,30563.0,False,35.0702,0,0.0,RED
2022-11-07,EWW,3,46.56268310546875,14.5,LIME,1,False,0.22,0.22,0.25,0.268097,0.058981,5898.12,False,23.0741,0,0.0,RED
2022-11-07,QMOM,4,49.20429229736328,11.75,LIME,1,False,0.2,0.2,0.1,0.107239,0.021448,2144.77,False,27.8138,0,0.0,RED
2022-11-08,TUR,1,27.38587760925293,16.0,LIME,1,False,0.24,0.24,0.35,0.331579,0.079579,7957.89,False,43.8844,0,0.0,RED
2022-11-08,XLE,2,41.347293853759766,16.0,LIME,1,True,1.0,,0.3,0.3,0.3,30000.0,False,35.0683,0,0.0,RED
2022-11-08,EWW,3,46.43839645385742,14.75,LIME,1,False,0.22,0.22,0.25,0.263158,0.057895,5789.47,False,22.8407,0,0.0,RED
2022-11-08,QMOM,4,49.128684997558594,13.25,LIME,1,False,0.2,0.2,0.1,0.105263,0.021053,2105.26,False,27.7453,0,0.0,RED
2022-11-09,TUR,1,26.837980270385746,16.0,LIME,1,False,0.24,0.24,0.33,0.302998,0.072719,7271.94,False,44.1222,0,0.0,RED
2022-11-09,ITA,2,105.8054656982422,15.25,LIME,1,False,0.24,0.24,0.27,0.291655,0.069997,6999.73,False,25.5507,0,0.0,RED
2022-11-09,EWW,3,46.05665969848633,14.0,LIME,2,False,0.2,0.2,0.2,0.216041,0.043208,4320.82,False,22.798,0,0.0,RED
2022-11-09,XLE,4,39.32612991333008,13.0,-,3,True,1.0,,0.1,0.097489,0.097489,9748.85,False,36.055,1,0.0,RED
2022-11-09,QMOM,5,47.02207565307617,11.25,-,4,False,0.2,0.2,0.1,0.091817,0.018363,1836.35,False,28.9099,2,0.0,RED
2022-11-10,TUR,1,27.878990173339844,16.0,LIME,1,False,0.6,0.6,0.35,0.31565,0.18939,18938.99,False,44.6045,0,0.6,GREEN
2022-11-10,ITA,2,109.44219970703124,16.0,LIME,1,False,0.6,0.6,0.3,0.318302,0.190981,19098.14,False,26.176,0,0.6,GREEN
2022-11-10,EWW,3,47.16635894775391,14.0,LIME,1,False,0.6,0.55,0.25,0.265252,0.159151,15915.12,False,23.0101,0,0.6,GREEN
2022-11-10,XLE,4,40.20122909545898,11.5,-,3,True,1.0,,0.1,0.100796,0.100796,10079.58,False,36.2585,0,0.6,GREEN
2022-11-11,TUR,1,27.431535720825195,16.0,LIME,1,False,0.7,0.6,0.35,0.31565,0.220955,22095.49,False,44.7311,0,0.7,GREEN
2022-11-11,ITA,2,105.72766876220705,15.0,-,2,False,0.7,0.55,0.3,0.318302,0.222812,22281.17,False,27.0434,0,0.7,GREEN
2022-11-11,EWW,3,47.59247589111328,14.25,LIME,1,False,0.7,0.55,0.25,0.265252,0.185676,18567.64,False,23.0186,0,0.7,GREEN
2022-11-11,XLE,4,41.36951446533203,11.5,-,1,True,1.0,,0.1,0.100796,0.100796,10079.58,False,36.3509,0,0.7,GREEN
2022-11-14,TUR,1,27.97030258178711,16.0,LIME,1,False,0.7,0.6,0.33,0.29984,0.209888,20988.78,False,44.6365,0,0.7,GREEN
2022-11-14,EWW,2,47.56584167480469,14.5,LIME,1,False,0.7,0.55,0.27,0.288616,0.202031,20203.1,False,23.0224,0,0.7,GREEN
2022-11-14,IBB,3,133.39881896972656,14.5,LIME,1,False,0.7,0.55,0.2,0.213789,0.149653,14965.26,False,28.587,0,0.7,GREEN
2022-11-14,ITA,4,104.4441375732422,13.0,-,3,False,0.7,0.45,0.1,0.10155,0.071085,7108.5,False,27.1554,1,0.7,GREEN
2022-11-14,XLE,5,41.3561897277832,11.5,-,1,True,1.0,,0.1,0.096205,0.096205,9620.52,False,36.3401,0,0.7,GREEN
2022-11-15,TUR,1,28.426889419555664,16.0,LIME,1,False,0.7,0.6,0.33,0.298246,0.208772,20877.19,False,44.6774,0,0.7,GREEN
2022-11-15,EWW,2,47.583595275878906,15.75,LIME,1,False,0.7,0.6,0.27,0.287081,0.200957,20095.69,False,22.9654,0,0.7,GREEN
2022-11-15,IBB,3,133.82470703125,15.5,LIME,1,False,0.7,0.6,0.2,0.212653,0.148857,14885.7,False,28.3051,0,0.7,GREEN
2022-11-15,XLE,4,41.79151153564453,14.5,-,1,True,1.0,,0.1,0.095694,0.095694,9569.38,False,36.3545,0,0.7,GREEN
2022-11-15,ITA,5,106.15553283691406,11.25,-,2,False,0.7,0.3,0.1,0.106326,0.074428,7442.85,False,27.3206,0,0.7,GREEN
2022-11-16,TUR,1,28.19859504699707,16.0,LIME,1,False,0.6,0.6,0.35,0.330709,0.198425,19842.52,False,44.7283,0,0.6,GREEN
2022-11-16,EWW,2,47.63686752319336,16.0,LIME,1,False,0.6,0.6,0.3,0.314961,0.188976,18897.64,False,22.9107,0,0.6,GREEN
2022-11-16,XLE,3,40.93862915039063,15.0,-,2,True,1.0,,0.25,0.249344,0.249344,24934.38,False,36.3506,0,0.6,GREEN
2022-11-16,IBB,4,132.9332733154297,14.75,LIME,2,False,0.6,0.5,0.1,0.104987,0.062992,6299.21,False,28.2392,0,0.6,GREEN
2022-11-17,EWW,1,47.33502578735352,15.0,-,2,False,0.6,0.55,0.35,0.376445,0.225867,22586.72,False,22.8955,0,0.6,GREEN
2022-11-17,TUR,2,27.203243255615234,14.0,-,3,False,0.6,0.5,0.3,0.260554,0.156332,15633.23,False,45.3605,1,0.6,GREEN
2022-11-17,XLE,3,41.02745819091797,14.0,-,2,True,1.0,,0.25,0.255445,0.255445,25544.5,False,36.3456,0,0.6,GREEN
2022-11-17,IBB,4,132.01211547851562,13.5,LIME,2,False,0.6,0.45,0.1,0.107556,0.064533,6453.35,False,28.2003,0,0.6,GREEN
2022-11-18,FEZ,1,35.46821212768555,14.0,GREEN,1,False,0.6,0.55,0.31,0.316327,0.189796,18979.59,False,32.9842,0,0.6,GREEN
2022-11-18,EWW,2,47.36166000366211,13.5,-,2,False,0.6,0.45,0.25,0.255102,0.153061,15306.12,False,22.7884,0,0.6,GREEN
2022-11-18,EWQ,3,30.031068801879883,13.0,GREEN,1,False,0.6,0.5,0.16,0.163265,0.097959,9795.92,False,31.3932,0,0.6,GREEN
2022-11-18,TUR,4,27.57764434814453,12.25,-,3,False,0.6,0.35,0.1,0.086735,0.052041,5204.08,False,45.3101,0,0.6,GREEN
2022-11-18,XLE,5,40.70318984985352,11.75,-,3,True,1.0,,0.1,0.096939,0.096939,9693.88,False,36.3972,0,0.6,GREEN
2022-11-18,IBB,6,132.46774291992188,11.75,LIME,2,False,0.6,0.3,0.08,0.081633,0.04898,4897.96,False,27.9956,0,0.6,GREEN
2022-11-21,FEZ,1,35.140140533447266,13.25,GREEN,2,False,0.6,0.45,0.33,0.340206,0.204124,20412.37,False,33.0609,0,0.6,GREEN
2022-11-21,XLP,2,68.65404510498047,13.25,GREEN,1,False,0.6,0.5,0.27,0.278351,0.16701,16701.03,False,19.2703,0,0.6,GREEN
2022-11-21,TUR,3,28.07988548278809,12.0,-,1,False,0.6,0.4,0.2,0.175258,0.105155,10515.46,False,45.2707,0,0.6,GREEN
2022-11-21,EWQ,4,29.811662673950195,12.25,GREEN,2,False,0.6,0.35,0.1,0.103093,0.061856,6185.57,False,31.4404,0,0.6,GREEN
2022-11-21,EWW,5,47.077579498291016,11.25,-,3,False,0.6,0.3,0.1,0.103093,0.061856,6185.57,False,22.8282,0,0.6,GREEN
2022-11-22,FEZ,1,35.577571868896484,13.25,GREEN,1,False,0.7,0.5,0.31,0.305023,0.213516,21351.63,False,33.1285,0,0.7,GREEN
2022-11-22,VYM,2,101.24015045166016,13.5,LIME,1,False,0.7,0.5,0.25,0.258933,0.181253,18125.32,False,22.3877,0,0.7,GREEN
2022-11-22,XLV,3,128.15196228027344,13.0,LIME,1,False,0.7,0.5,0.16,0.165717,0.116002,11600.21,False,20.5695,0,0.7,GREEN
2022-11-22,TUR,4,29.64139938354492,12.0,-,1,False,0.7,0.4,0.1,0.088037,0.061626,6162.61,False,46.0507,0,0.7,GREEN
2022-11-22,XLP,5,69.15489196777344,13.25,GREEN,1,False,0.7,0.5,0.1,0.103573,0.072501,7250.13,False,19.3184,0,0.7,GREEN
2022-11-22,EWQ,6,30.113344192504883,11.75,GREEN,1,False,0.7,0.35,0.08,0.078716,0.055101,5510.1,False,31.4864,0,0.7,GREEN
2022-11-23,VYM,1,101.28530883789062,15.0,LIME,1,False,0.7,0.6,0.31,0.325118,0.227583,22758.26,False,22.2693,0,0.7,GREEN
2022-11-23,TUR,2,29.67792701721192,14.0,LIME,1,False,0.7,0.55,0.25,0.222863,0.156004,15600.42,False,45.9972,0,0.7,GREEN
2022-11-23,XLV,3,128.66152954101562,14.5,LIME,1,False,0.7,0.55,0.16,0.167803,0.117462,11746.2,False,20.4763,0,0.7,GREEN
2022-11-23,FEZ,4,35.914756774902344,13.5,GREEN,1,False,0.7,0.5,0.1,0.099633,0.069743,6974.31,False,33.1016,0,0.7,GREEN
2022-11-23,XLP,5,69.39167022705078,14.0,GREEN,1,False,0.7,0.55,0.1,0.104877,0.073414,7341.37,False,19.3088,0,0.7,GREEN
2022-11-23,EWQ,6,30.38760757446289,12.25,GREEN,1,False,0.7,0.4,0.08,0.079706,0.055794,5579.44,False,31.4982,0,0.7,GREEN
2022-11-25,TUR,1,30.591094970703125,15.75,LIME,1,False,0.7,0.6,0.31,0.277807,0.194465,19446.49,False,46.1437,0,0.7,GREEN
2022-11-25,XLF,2,34.020301818847656,15.5,GREEN,1,False,0.7,0.6,0.25,0.263574,0.184502,18450.18,False,26.453,0,0.7,GREEN
2022-11-25,XLV,3,129.4259490966797,14.75,LIME,1,False,0.7,0.55,0.16,0.168687,0.118081,11808.12,False,19.6527,0,0.7,GREEN
2022-11-25,VYM,4,101.6104965209961,15.0,LIME,1,False,0.7,0.6,0.1,0.10543,0.073801,7380.07,False,21.6074,0,0.7,GREEN
2022-11-25,FEZ,5,36.0332260131836,13.75,GREEN,1,False,0.7,0.5,0.1,0.100158,0.070111,7011.07,False,32.1983,0,0.7,GREEN
2022-11-25,EWQ,6,30.56130027770996,12.75,GREEN,1,False,0.7,0.4,0.08,0.084344,0.059041,5904.06,False,30.8264,0,0.7,GREEN
2022-11-28,TUR,1,30.44498634338379,16.0,LIME,1,False,0.6,0.6,0.31,0.282877,0.169726,16972.62,False,46.1592,0,0.5,GREEN
2022-11-28,XLV,2,128.45391845703125,15.0,LIME,1,False,0.6,0.6,0.25,0.268384,0.161031,16103.06,False,19.6619,0,0.5,GREEN
2022-11-28,FEZ,3,35.47732925415039,14.0,GREEN,2,False,0.5,0.5,0.16,0.163178,0.081589,8158.88,False,32.3985,0,0.5,GREEN
2022-11-28,VYM,4,100.22846221923828,14.25,-,2,False,0.5,0.5,0.1,0.101986,0.050993,5099.3,False,21.784,1,0.5,GREEN
2022-11-28,XLF,5,33.436180114746094,13.25,-,3,False,0.5,0.45,0.1,0.101986,0.050993,5099.3,False,26.6587,1,0.5,GREEN
2022-11-28,EWQ,6,30.067636489868164,11.25,GREEN,2,False,0.5,0.3,0.08,0.081589,0.040794,4079.44,False,31.0364,1,0.5,GREEN
2022-11-29,TUR,1,30.837650299072266,16.0,LIME,1,False,0.6,0.6,0.31,0.281517,0.16891,16891.03,False,46.0812,0,0.5,GREEN
2022-11-29,FEZ,2,35.677818298339844,13.5,GREEN,2,False,0.5,0.45,0.25,0.253739,0.12687,12686.97,False,32.3715,0,0.5,GREEN
2022-11-29,XLV,3,128.1331024169922,14.25,-,2,False,0.5,0.5,0.16,0.17094,0.08547,8547.01,False,19.6111,0,0.5,GREEN
2022-11-29,VYM,4,100.44525146484376,13.5,-,2,False,0.5,0.45,0.1,0.101496,0.050748,5074.79,False,21.6363,1,0.5,GREEN
2022-11-29,XLF,5,33.6340217590332,12.5,-,2,False,0.5,0.35,0.1,0.106838,0.053419,5341.88,False,26.642,0,0.5,GREEN
2022-11-29,EWQ,6,30.232192993164062,11.0,GREEN,2,False,0.5,0.3,0.08,0.08547,0.042735,4273.5,False,31.0193,0,0.5,GREEN
2022-11-30,TUR,1,31.32163047790528,16.0,LIME,1,False,0.7,0.6,0.31,0.278689,0.195082,19508.2,False,46.0928,0,0.7,GREEN
2022-11-30,XLV,2,131.1906280517578,14.5,LIME,1,False,0.7,0.55,0.25,0.26441,0.185087,18508.73,False,20.0525,0,0.7,GREEN
2022-11-30,FEZ,3,36.49799346923828,13.5,GREEN,1,False,0.7,0.5,0.16,0.160762,0.112533,11253.31,False,32.5502,0,0.7,GREEN
2022-11-30,VYM,4,102.20664978027344,13.75,-,1,False,0.7,0.5,0.1,0.105764,0.074035,7403.49,False,21.8008,0,0.7,GREEN
2022-11-30,XLF,5,34.20872497558594,12.5,GREEN,1,False,0.7,0.4,0.1,0.105764,0.074035,7403.49,False,26.7644,0,0.7,GREEN
2022-11-30,EWQ,6,30.88126373291016,11.0,GREEN,1,False,0.7,0.35,0.08,0.084611,0.059228,5922.79,False,31.1819,0,0.7,GREEN
2022-12-01,TUR,1,31.275968551635746,16.0,LIME,1,False,0.7,0.6,0.31,0.278689,0.195082,19508.2,False,46.0516,0,0.7,GREEN
2022-12-01,XLV,2,131.56809997558594,14.75,LIME,1,False,0.7,0.55,0.25,0.26441,0.185087,18508.73,False,19.8342,0,0.7,GREEN
2022-12-01,FEZ,3,36.68025588989258,13.5,GREEN,1,False,0.7,0.5,0.16,0.160762,0.112533,11253.31,False,32.3452,0,0.7,GREEN
2022-12-01,VYM,4,102.11634063720705,14.0,-,1,False,0.7,0.55,0.1,0.105764,0.074035,7403.49,False,21.7985,0,0.7,GREEN
2022-12-01,XLF,5,34.01087951660156,12.5,GREEN,1,False,0.7,0.4,0.1,0.105764,0.074035,7403.49,False,26.8048,0,0.7,GREEN
2022-12-01,EWQ,6,31.06410026550293,11.25,GREEN,1,False,0.7,0.35,0.08,0.084611,0.059228,5922.79,False,31.0172,0,0.7,GREEN
2022-12-02,TUR,1,30.700672149658203,15.0,LIME,2,False,0.7,0.55,0.31,0.283791,0.198654,19865.37,False,46.2081,0,0.7,GREEN
2022-12-02,PICK,2,38.35259246826172,14.5,GREEN,1,True,1.0,,0.25,0.242326,0.242326,24232.63,False,40.2863,0,0.7,GREEN
2022-12-02,EWI,3,24.7696590423584,14.5,GREEN,1,False,0.7,0.55,0.16,0.172321,0.120625,12062.47,False,31.0863,0,0.7,GREEN
2022-12-02,XLV,4,131.9078369140625,15.0,LIME,1,False,0.7,0.6,0.1,0.107701,0.07539,7539.04,False,19.5664,0,0.7,GREEN
2022-12-02,FEZ,5,36.71670913696289,14.25,GREEN,1,False,0.7,0.55,0.1,0.107701,0.07539,7539.04,False,32.2661,0,0.7,GREEN
2022-12-02,VYM,6,102.0711669921875,15.0,-,1,False,0.7,0.6,0.08,0.08616,0.060312,6031.23,False,21.7259,0,0.7,GREEN
2022-12-05,ITA,1,109.8214111328125,15.5,LIME,1,False,0.6,0.6,0.31,0.320579,0.192347,19234.75,False,26.2084,0,0.6,GREEN
2022-12-05,PICK,2,37.81796646118164,15.0,GREEN,1,True,1.0,,0.25,0.232678,0.232678,23267.84,False,40.4226,0,0.6,GREEN
2022-12-05,SLV,3,20.440000534057617,14.75,GREEN,2,True,1.0,,0.16,0.157187,0.157187,15718.72,False,39.118,0,0.6,GREEN
2022-12-05,EWI,4,24.503889083862305,14.75,GREEN,2,False,0.6,0.5,0.1,0.103413,0.062048,6204.76,False,31.1889,0,0.6,GREEN
2022-12-05,FEZ,5,36.2245979309082,14.25,GREEN,2,False,0.6,0.5,0.1,0.103413,0.062048,6204.76,False,32.4349,0,0.6,GREEN
2022-12-05,XLV,6,130.643310546875,15.0,LIME,2,False,0.6,0.55,0.08,0.08273,0.049638,4963.81,False,19.7006,0,0.6,GREEN
2022-12-06,SLV,1,20.440000534057617,14.0,GREEN,2,True,1.0,,0.31,0.308539,0.226756,22675.65,False,38.8144,0,0.4,GREEN
2022-12-06,PICK,2,37.66021728515625,14.0,GREEN,2,True,1.0,,0.25,0.235726,0.173244,17324.35,False,40.4456,0,0.4,GREEN
2022-12-06,ITA,3,107.7988510131836,14.25,-,3,False,0.5,0.5,0.16,0.167627,0.083814,8381.35,False,26.3555,0,0.4,GREEN
2022-12-06,EWI,4,24.238121032714844,13.25,-,3,False,0.45,0.45,0.1,0.099529,0.044788,4478.78,False,31.1421,1,0.4,GREEN
2022-12-06,FEZ,5,36.08790969848633,13.0,-,3,False,0.45,0.45,0.1,0.104767,0.047145,4714.51,False,32.2047,0,0.4,GREEN
2022-12-06,XLV,6,129.65243530273438,13.5,LIME,3,False,0.45,0.45,0.08,0.083814,0.037716,3771.61,False,19.5619,0,0.4,GREEN
2022-12-07,SLV,1,20.920000076293945,13.75,GREEN,1,True,1.0,,0.31,0.304078,0.268643,26864.31,False,39.0238,0,0.2,-
2022-12-07,LQD,2,95.22373962402344,14.0,GREEN,1,False,0.55,0.55,0.25,0.258131,0.141972,14197.21,False,14.3899,0,0.2,-
2022-12-07,PICK,3,37.64268493652344,12.5,-,2,True,1.0,,0.16,0.148684,0.131357,13135.69,False,40.315,0,0.2,-
2022-12-07,FEZ,4,36.169918060302734,11.5,-,2,False,0.3,0.3,0.1,0.103252,0.030976,3097.57,False,32.1565,0,0.2,-
2022-12-07,XLV,5,130.71878051757812,11.75,LIME,2,False,0.3,0.3,0.1,0.103252,0.030976,3097.57,False,19.3418,0,0.2,-
2022-12-07,EWI,6,24.335569381713867,11.0,-,3,False,0.3,0.3,0.08,0.082602,0.024781,2478.06,False,31.1235,0,0.2,-
2022-12-08,SLV,1,21.209999084472656,13.5,GREEN,1,True,1.0,,0.33,0.323196,0.22,22000.0,False,38.9846,0,0.2,-
2022-12-08,PICK,2,38.13348007202149,12.5,-,1,True,1.0,,0.27,0.264433,0.18,18000.0,False,39.4863,0,0.2,-
2022-12-08,LQD,3,94.92082214355467,14.0,GREEN,1,False,0.55,0.55,0.2,0.206186,0.113402,11340.21,False,14.4032,0,0.2,-
2022-12-08,FEZ,4,36.30662155151367,11.0,-,1,False,0.35,0.35,0.1,0.103093,0.036082,3608.25,False,31.7327,0,0.2,-
2022-12-08,XLV,5,131.89837646484375,11.5,LIME,1,False,0.35,0.35,0.1,0.103093,0.036082,3608.25,False,19.3452,0,0.2,-
2022-12-09,SLV,1,21.559999465942383,14.5,GREEN,1,True,1.0,,0.35,0.343669,0.215385,21538.46,False,37.9682,0,0.0,RED
2022-12-09,PICK,2,37.82673263549805,12.0,-,1,True,1.0,,0.3,0.294574,0.184615,18461.54,False,39.4601,0,0.0,RED
2022-12-09,EWH,3,18.263259887695312,12.25,GREEN,1,False,0.2,0.2,0.25,0.258398,0.05168,5167.96,False,30.1298,0,0.0,RED
2022-12-09,LQD,4,94.2112045288086,12.75,-,2,False,0.2,0.2,0.1,0.103359,0.020672,2067.18,False,14.48,0,0.0,RED
2022-12-12,SLV,1,21.459999084472656,15.5,GREEN,1,True,1.0,,0.33,0.310345,0.306977,30697.67,False,37.7449,0,0.0,RED
2022-12-12,GREK,2,23.414098739624023,12.0,-,1,False,0.2,0.2,0.27,0.282132,0.056426,5642.63,False,27.3727,0,0.0,RED
2022-12-12,EWH,3,18.28048515319824,12.75,GREEN,1,False,0.2,0.2,0.2,0.208986,0.041797,4179.73,False,29.564,0,0.0,RED
2022-12-12,PICK,4,37.68650436401367,11.0,-,3,True,1.0,,0.1,0.094044,0.093023,9302.33,False,38.5593,0,0.0,RED
2022-12-12,LQD,5,94.09000396728516,12.0,-,2,False,0.2,0.2,0.1,0.104493,0.020899,2089.86,False,14.4034,0,0.0,RED
2022-12-13,SLV,1,21.82999992370605,15.75,GREEN,1,True,1.0,,0.31,0.303139,0.302439,30243.9,False,37.8287,0,0.2,-
2022-12-13,EWH,2,18.726612091064453,14.0,GREEN,1,False,0.55,0.55,0.25,0.257334,0.141534,14153.37,False,29.9174,0,0.2,-
2022-12-13,TUR,3,32.450965881347656,12.5,LIME,1,False,0.4,0.4,0.16,0.156459,0.062584,6258.36,False,39.1437,0,0.2,-
2022-12-13,GREK,4,23.46663856506348,12.5,-,1,False,0.4,0.4,0.1,0.102934,0.041173,4117.34,False,27.3091,0,0.2,-
2022-12-13,PICK,5,37.95161819458008,12.0,-,1,True,1.0,,0.1,0.097787,0.097561,9756.1,False,38.4848,0,0.2,-
2022-12-13,LQD,6,94.91218566894533,12.0,-,1,False,0.4,0.4,0.08,0.082347,0.032939,3293.88,False,14.4743,0,0.2,-
2022-12-14,SLV,1,21.989999771118164,16.0,GREEN,1,True,1.0,,0.33,0.320095,0.320095,32009.48,False,37.5225,0,0.0,RED
2022-12-14,TUR,2,31.44145965576172,14.75,LIME,1,False,0.22,0.22,0.27,0.248801,0.054736,5473.62,False,38.9762,1,0.0,RED
2022-12-14,GREK,3,23.755592346191406,13.75,-,1,False,0.2,0.2,0.2,0.215552,0.04311,4311.04,False,27.3799,0,0.0,RED
2022-12-14,EWH,4,18.552000045776367,14.0,GREEN,1,False,0.22,0.22,0.1,0.107776,0.023711,2371.07,False,29.9865,0,0.0,RED
2022-12-14,LQD,5,94.99871063232422,11.5,-,1,False,0.2,0.2,0.1,0.107776,0.021555,2155.52,False,14.4347,0,0.0,RED
2022-12-15,TUR,1,32.05634689331055,15.5,LIME,1,False,0.24,0.24,0.33,0.313622,0.075269,7526.93,False,39.0554,0,0.0,RED
2022-12-15,GREK,2,23.676788330078125,15.5,-,1,False,0.24,0.24,0.27,0.285111,0.068427,6842.66,False,27.3817,0,0.0,RED
2022-12-15,SLV,3,21.239999771118164,15.0,-,2,True,1.0,,0.2,0.190074,0.190074,19007.39,False,38.1199,0,0.0,RED
2022-12-15,EWH,4,18.316286087036133,12.75,GREEN,2,False,0.2,0.2,0.1,0.105597,0.021119,2111.93,False,30.1054,0,0.0,RED
2022-12-15,LQD,5,95.07855987548828,12.75,-,1,False,0.2,0.2,0.1,0.105597,0.021119,2111.93,False,14.423,0,0.0,RED
2022-12-16,TUR,1,32.14811325073242,15.75,-,1,False,0.24,0.24,0.33,0.325376,0.07809,7809.03,False,37.3418,0,0.0,RED
2022-12-16,GREK,2,23.47539520263672,14.75,-,2,False,0.2,0.2,0.27,0.280228,0.056046,5604.57,False,27.4674,0,0.0,RED
2022-12-16,SLV,3,21.3700008392334,13.5,-,2,True,1.0,,0.2,0.186819,0.186819,18681.89,False,38.1205,0,0.0,RED
2022-12-16,EWH,4,18.263898849487305,11.5,GREEN,2,False,0.2,0.2,0.1,0.103788,0.020758,2075.77,False,30.1151,0,0.0,RED
2022-12-16,LQD,5,94.6706085205078,11.75,-,2,False,0.2,0.2,0.1,0.103788,0.020758,2075.77,False,14.4542,0,0.0,RED
2022-12-19,TUR,1,33.387054443359375,15.75,-,1,False,0.24,0.24,0.45,0.455696,0.109367,10936.71,False,37.7879,0,0.0,RED
2022-12-19,GREK,2,23.44036865234375,13.75,-,2,False,0.2,0.2,0.3,0.303797,0.060759,6075.95,False,27.2343,0,0.0,RED
2022-12-19,SLV,3,21.1200008392334,11.25,-,3,True,1.0,,0.25,0.240506,0.240506,24050.63,False,38.0732,1,0.0,RED
2022-12-20,TUR,1,33.73579025268555,15.75,-,1,False,0.24,0.24,0.45,0.45,0.108,10800.0,False,37.2782,0,0.0,RED
2022-12-20,GREK,2,23.62424659729004,13.5,-,1,False,0.2,0.2,0.3,0.3,0.06,6000.0,False,26.706,0,0.0,RED
2022-12-20,SLV,3,22.229999542236328,11.25,GREEN,1,True,1.0,,0.25,0.25,0.25,25000.0,False,39.2246,0,0.0,RED
2022-12-21,TUR,1,33.79085922241211,15.75,-,1,False,0.24,0.24,0.45,0.45,0.108,10800.0,False,37.1195,0,0.0,RED
2022-12-21,GREK,2,23.88693618774414,13.5,-,1,False,0.2,0.2,0.3,0.3,0.06,6000.0,False,26.5994,0,0.0,RED
2022-12-21,SLV,3,22.06999969482422,11.75,GREEN,1,True,1.0,,0.25,0.25,0.25,25000.0,False,39.2824,0,0.0,RED
2022-12-22,TUR,1,33.726619720458984,16.0,LIME,1,False,0.24,0.24,0.45,0.45,0.108,10800.0,False,37.0972,0,0.0,RED
2022-12-22,GREK,2,23.641759872436523,14.0,-,1,False,0.22,0.22,0.3,0.3,0.066,6600.0,False,25.4794,0,0.0,RED
2022-12-22,SLV,3,21.690000534057617,12.25,GREEN,2,True,1.0,,0.25,0.25,0.25,25000.0,False,38.4983,0,0.0,RED
2022-12-23,TUR,1,33.84592056274414,16.0,LIME,1,False,0.24,0.24,0.45,0.45,0.108,10800.0,False,36.8738,0,0.0,RED
2022-12-23,GREK,2,23.799375534057617,15.25,LIME,1,False,0.24,0.24,0.3,0.3,0.072,7200.0,False,24.3893,0,0.0,RED
2022-12-23,SLV,3,21.850000381469727,14.25,GREEN,1,True,1.0,,0.25,0.25,0.25,25000.0,False,38.0441,0,0.0,RED
2022-12-27,GREK,1,23.76434898376465,15.25,LIME,1,False,0.24,0.24,0.45,0.45,0.108,10800.0,False,24.4144,0,0.0,RED
2022-12-27,TUR,2,33.662376403808594,15.0,LIME,2,False,0.22,0.22,0.3,0.3,0.066,6600.0,False,36.8354,0,0.0,RED
2022-12-27,SLV,3,22.11000061035156,14.0,GREEN,1,True,1.0,,0.25,0.25,0.25,25000.0,False,38.0569,0,0.0,RED
2022-12-28,TUR,1,32.88230514526367,13.0,LIME,3,False,0.2,0.2,0.45,0.43734,0.087468,8746.8,False,37.0908,1,0.0,RED
2022-12-28,GREK,2,23.55419921875,13.0,-,3,False,0.2,0.2,0.3,0.306905,0.061381,6138.11,False,24.1164,0,0.0,RED
2022-12-28,SLV,3,21.600000381469727,11.25,-,3,True,1.0,,0.25,0.255754,0.255754,25575.45,False,38.0195,0,0.0,RED
2022-12-29,TUR,1,34.121238708496094,13.0,LIME,1,False,0.2,0.2,0.45,0.410188,0.082038,8203.75,False,37.2225,0,0.0,RED
2022-12-29,GREK,2,23.86873435974121,12.75,-,1,False,0.2,0.2,0.3,0.321716,0.064343,6434.32,False,24.1594,0,0.0,RED
2022-12-29,THD,3,68.71868133544922,11.25,GREEN,1,False,0.2,0.2,0.25,0.268097,0.053619,5361.93,False,20.5835,0,0.0,RED
2022-12-30,THD,1,68.22866821289062,14.5,GREEN,1,False,0.22,0.22,0.45,0.471204,0.103665,10366.49,False,20.6465,0,0.0,RED
2022-12-30,TUR,2,33.95604705810547,13.0,LIME,1,False,0.2,0.2,0.3,0.267016,0.053403,5340.31,False,37.262,0,0.0,RED
2022-12-30,GREK,3,23.94062805175781,12.75,LIME,1,False,0.2,0.2,0.25,0.26178,0.052356,5235.6,False,24.0732,0,0.0,RED
2023-01-03,THD,1,69.04533386230469,15.0,GREEN,1,False,0.24,0.24,0.45,0.471204,0.113089,11308.9,False,20.6156,0,0.0,RED
2023-01-03,TUR,2,34.65352249145508,14.0,LIME,1,False,0.22,0.22,0.3,0.267016,0.058743,5874.35,False,33.1527,0,0.0,RED
2023-01-03,GREK,3,24.102388381958008,13.0,LIME,1,False,0.2,0.2,0.25,0.26178,0.052356,5235.6,False,23.4928,0,0.0,RED
2023-01-04,TUR,1,34.3598518371582,16.0,-,1,False,0.24,0.24,0.45,0.410188,0.098445,9844.5,False,33.3017,0,0.0,RED
2023-01-04,GREK,2,24.29111099243164,15.25,LIME,1,False,0.24,0.24,0.3,0.321716,0.077212,7721.18,False,22.4013,0,0.0,RED
2023-01-04,THD,3,70.63331604003906,15.5,GREEN,1,False,0.24,0.24,0.25,0.268097,0.064343,6434.32,False,20.6473,0,0.0,RED
2023-01-05,GREK,1,24.246177673339844,16.0,LIME,1,False,0.24,0.24,0.45,0.45,0.108,10800.0,False,22.3104,0,0.0,RED
2023-01-05,THD,2,69.48998260498047,16.0,GREEN,1,False,0.24,0.24,0.3,0.3,0.072,7200.0,False,20.956,0,0.0,RED
2023-01-05,EWP,3,22.64971351623535,14.0,LIME,1,False,0.22,0.22,0.25,0.25,0.055,5500.0,False,22.5229,0,0.0,RED
2023-01-06,GREK,1,25.0190372467041,16.0,LIME,1,False,0.6,0.6,0.45,0.45,0.27,27000.0,False,22.4933,0,0.2,-
2023-01-06,EWP,2,23.177295684814453,15.75,LIME,1,False,0.6,0.6,0.3,0.3,0.18,18000.0,False,22.1243,0,0.2,-
2023-01-06,THD,3,71.18684387207031,16.0,LIME,1,False,0.6,0.6,0.25,0.25,0.15,15000.0,False,21.3939,0,0.2,-
2023-01-09,EWI,1,25.77747344970703,16.0,LIME,1,False,0.6,0.6,0.35,0.338422,0.203053,20305.34,False,24.7316,0,0.3,-
2023-01-09,EWP,2,23.21368408203125,16.0,LIME,1,False,0.6,0.6,0.3,0.305344,0.183206,18320.61,False,21.8394,0,0.3,-
2023-01-09,GREK,3,25.0190372467041,16.0,LIME,1,False,0.6,0.6,0.25,0.254453,0.152672,15267.18,False,22.3484,0,0.3,-
2023-01-09,THD,4,72.07611846923828,16.0,LIME,1,False,0.6,0.6,0.1,0.101781,0.061069,6106.87,False,21.033,0,0.3,-
2023-01-10,EWI,1,26.02031707763672,16.0,LIME,1,False,0.6,0.6,0.35,0.338422,0.203053,20305.34,False,24.7364,0,0.4,-
2023-01-10,EWP,2,23.504762649536133,16.0,LIME,1,False,0.6,0.6,0.3,0.305344,0.183206,18320.61,False,21.7518,0,0.4,-
2023-01-10,GREK,3,25.297622680664062,16.0,LIME,1,False,0.6,0.6,0.25,0.254453,0.152672,15267.18,False,22.3285,0,0.4,-
2023-01-10,THD,4,72.17593383789062,16.0,LIME,1,False,0.6,0.6,0.1,0.101781,0.061069,6106.87,False,20.855,0,0.4,-
2023-01-11,EWI,1,26.227184295654297,16.0,LIME,1,False,0.6,0.6,0.31,0.316488,0.189893,18989.28,False,24.5049,0,0.4,-
2023-01-11,EWG,2,25.52311134338379,16.0,GREEN,1,False,0.6,0.6,0.25,0.242471,0.145482,14548.24,False,27.6133,0,0.4,-
2023-01-11,FEZ,3,38.78747177124024,16.0,LIME,1,False,0.6,0.6,0.16,0.155181,0.093109,9310.87,False,26.8728,0,0.4,-
2023-01-11,EWP,4,23.55024528503418,16.0,LIME,1,False,0.6,0.6,0.1,0.102093,0.061256,6125.57,False,21.4143,0,0.4,-
2023-01-11,GREK,5,25.27066421508789,16.0,LIME,1,False,0.6,0.6,0.1,0.102093,0.061256,6125.57,False,22.3201,0,0.4,-
2023-01-11,THD,6,71.80388641357422,16.0,LIME,1,False,0.6,0.6,0.08,0.081674,0.049005,4900.46,False,20.7451,0,0.4,-
2023-01-12,EWI,1,26.658906936645508,16.0,LIME,1,False,0.6,0.6,0.31,0.315041,0.189024,18902.44,False,24.4488,0,0.4,-
2023-01-12,EWG,2,25.953014373779297,16.0,GREEN,1,False,0.6,0.6,0.25,0.254065,0.152439,15243.9,False,27.6731,0,0.4,-
2023-01-12,PICK,3,41.34866714477539,16.0,GREEN,1,True,1.0,,0.16,0.146341,0.146341,14634.15,False,35.495,0,0.4,-
2023-01-12,FEZ,4,39.32745361328125,16.0,LIME,1,False,0.6,0.6,0.1,0.101626,0.060976,6097.56,False,26.904,0,0.4,-
2023-01-12,EWP,5,23.968673706054688,16.0,LIME,1,False,0.6,0.6,0.1,0.101626,0.060976,6097.56,False,21.3232,0,0.4,-
2023-01-12,GREK,6,25.594188690185547,16.0,LIME,1,False,0.6,0.6,0.08,0.081301,0.04878,4878.05,False,22.3802,0,0.4,-
2023-01-13,PICK,1,41.573333740234375,16.0,GREEN,1,True,1.0,,0.31,0.27635,0.27635,27635.03,False,35.4208,0,0.4,-
2023-01-13,FEZ,2,39.583717346191406,16.0,LIME,1,False,0.6,0.6,0.25,0.262192,0.157315,15731.52,False,26.4228,0,0.4,-
2023-01-13,EWI,3,26.64092063903809,16.0,LIME,1,False,0.6,0.6,0.16,0.167803,0.100682,10068.17,False,23.8864,0,0.4,-
2023-01-13,EWG,4,25.97170639038086,16.0,GREEN,1,False,0.6,0.6,0.1,0.104877,0.062926,6292.61,False,27.1852,0,0.4,-
2023-01-13,EWP,5,24.150598526000977,16.0,LIME,1,False,0.6,0.6,0.1,0.104877,0.062926,6292.61,False,20.5719,0,0.4,-
2023-01-13,GREK,6,25.711013793945312,16.0,LIME,1,False,0.6,0.6,0.08,0.083901,0.050341,5034.08,False,20.9828,0,0.4,-
2023-01-17,FEZ,1,39.50135040283203,16.0,LIME,1,False,0.7,0.6,0.31,0.3125,0.21875,21875.0,False,26.0943,0,0.7,GREEN
2023-01-17,EWG,2,25.990398406982425,16.0,GREEN,1,False,0.7,0.6,0.25,0.252016,0.176411,17641.13,False,26.9707,0,0.7,GREEN
2023-01-17,EWI,3,26.622934341430664,16.0,LIME,1,False,0.7,0.6,0.16,0.16129,0.112903,11290.32,False,23.682,0,0.7,GREEN
2023-01-17,GREK,4,26.061494827270508,16.0,LIME,1,False,0.7,0.6,0.1,0.100806,0.070565,7056.45,False,20.1019,0,0.7,GREEN
2023-01-17,EWP,5,23.99596405029297,16.0,LIME,1,False,0.7,0.6,0.1,0.100806,0.070565,7056.45,False,20.401,0,0.7,GREEN
2023-01-17,PICK,6,40.80046463012695,15.0,GREEN,2,True,1.0,,0.08,0.072581,0.072581,7258.06,False,34.8289,0,0.7,GREEN
2023-01-18,EWG,1,25.88759422302246,16.0,GREEN,1,False,0.6,0.6,0.31,0.299137,0.179482,17948.2,False,26.2828,0,0.6,GREEN
2023-01-18,EWP,2,23.97776985168457,16.0,LIME,1,False,0.6,0.6,0.25,0.253936,0.152362,15236.16,False,19.3673,0,0.6,GREEN
2023-01-18,EWQ,3,33.38872528076172,16.0,LIME,1,False,0.6,0.6,0.16,0.162519,0.097511,9751.14,False,23.6909,0,0.6,GREEN
2023-01-18,GREK,4,25.800880432128903,16.0,LIME,1,False,0.6,0.6,0.1,0.101574,0.060945,6094.46,False,19.2797,0,0.6,GREEN
2023-01-18,FEZ,5,39.25423812866211,15.0,LIME,2,False,0.6,0.55,0.1,0.101574,0.060945,6094.46,False,25.5228,0,0.6,GREEN
2023-01-18,EWI,6,26.506006240844727,14.75,LIME,2,False,0.6,0.5,0.08,0.08126,0.048756,4875.57,False,22.9738,0,0.6,GREEN
2023-01-19,EPHE,1,27.212665557861328,16.0,GREEN,1,False,0.6,0.6,0.31,0.311558,0.186935,18693.47,False,21.0338,0,0.5,GREEN
2023-01-19,ENZL,2,47.34918975830078,16.0,GREEN,1,False,0.6,0.6,0.25,0.251256,0.150754,15075.38,False,23.2202,0,0.5,GREEN
2023-01-19,EWU,3,28.962520599365234,16.0,GREEN,1,False,0.6,0.6,0.16,0.160804,0.096482,9648.24,False,19.1805,0,0.5,GREEN
2023-01-19,EWG,4,25.71002578735352,15.0,GREEN,2,False,0.55,0.55,0.1,0.095477,0.052513,5251.26,False,26.2741,0,0.5,GREEN
2023-01-19,EWQ,5,33.15934371948242,15.0,LIME,2,False,0.55,0.55,0.1,0.100503,0.055276,5527.64,False,23.7357,0,0.5,GREEN
2023-01-19,GREK,6,25.56722640991211,15.0,LIME,2,False,0.55,0.55,0.08,0.080402,0.044221,4422.11,False,19.4462,0,0.5,GREEN
2023-01-20,EPHE,1,27.41910552978516,16.0,GREEN,1,False,0.7,0.6,0.31,0.311558,0.21809,21809.05,False,21.0256,0,0.7,GREEN
2023-01-20,ENZL,2,48.29691696166992,16.0,GREEN,1,False,0.7,0.6,0.25,0.251256,0.175879,17587.94,False,23.4402,0,0.7,GREEN
2023-01-20,EWU,3,29.0245361328125,16.0,GREEN,1,False,0.7,0.6,0.16,0.160804,0.112563,11256.28,False,18.9697,0,0.7,GREEN
2023-01-20,EWG,4,25.953014373779297,14.75,GREEN,1,False,0.7,0.55,0.1,0.095477,0.066834,6683.42,False,25.9484,0,0.7,GREEN
2023-01-20,GREK,5,26.061494827270508,15.0,LIME,1,False,0.7,0.6,0.1,0.100503,0.070352,7035.18,False,19.6347,0,0.7,GREEN
2023-01-20,EWQ,6,33.48047637939453,14.75,LIME,1,False,0.7,0.55,0.08,0.080402,0.056281,5628.14,False,23.3827,0,0.7,GREEN
2023-01-23,ENZL,1,48.20400238037109,16.0,GREEN,1,False,0.7,0.6,0.31,0.314083,0.219858,21985.82,False,23.4373,0,0.7,GREEN
2023-01-23,EPHE,2,27.297119140625,16.0,GREEN,1,False,0.7,0.6,0.25,0.253293,0.177305,17730.5,False,20.9732,0,0.7,GREEN
2023-01-23,EWA,3,22.06706047058105,16.0,LIME,1,False,0.7,0.6,0.16,0.154002,0.107801,10780.14,False,25.9301,0,0.7,GREEN
2023-01-23,EWG,4,26.04647254943848,14.75,GREEN,1,False,0.7,0.55,0.1,0.096251,0.067376,6737.59,False,25.8845,0,0.7,GREEN
2023-01-23,GREK,5,26.60968589782715,15.0,LIME,1,False,0.7,0.6,0.1,0.101317,0.070922,7092.2,False,19.9081,0,0.7,GREEN
2023-01-23,EWU,6,29.0245361328125,16.0,GREEN,1,False,0.7,0.6,0.08,0.081054,0.056738,5673.76,False,18.9697,0,0.7,GREEN
2023-01-24,EWY,1,59.30743408203125,15.75,GREEN,1,False,0.7,0.6,0.31,0.299137,0.209396,20939.56,False,29.9043,0,0.7,GREEN
2023-01-24,ENZL,2,48.21329879760742,16.0,GREEN,1,False,0.7,0.6,0.25,0.253936,0.177755,17775.52,False,23.3175,0,0.7,GREEN
2023-01-24,EEM,3,39.05949020385742,15.75,GREEN,1,False,0.7,0.6,0.16,0.162519,0.113763,11376.33,False,22.4636,0,0.7,GREEN
2023-01-24,EWA,4,22.12998390197754,16.0,LIME,1,False,0.7,0.6,0.1,0.101574,0.071102,7110.21,False,25.5986,0,0.7,GREEN
2023-01-24,GREK,5,26.42096710205078,15.0,LIME,1,False,0.7,0.6,0.1,0.101574,0.071102,7110.21,False,19.8511,0,0.7,GREEN
2023-01-24,EWG,6,26.00908851623535,14.75,GREEN,1,False,0.7,0.55,0.08,0.08126,0.056882,5688.17,False,25.6714,0,0.7,GREEN
2023-01-25,PICK,1,42.2563362121582,16.0,GREEN,1,True,1.0,,0.31,0.306611,0.306611,30661.11,False,33.0237,0,0.7,GREEN
2023-01-25,EWY,2,59.44707107543945,16.0,GREEN,1,False,0.7,0.6,0.25,0.260281,0.182197,18219.68,False,29.7377,0,0.7,GREEN
2023-01-25,FXI,3,30.523345947265625,15.5,GREEN,1,False,0.7,0.6,0.16,0.141593,0.099115,9911.5,False,42.0234,0,0.7,GREEN
2023-01-25,GREK,4,26.43893814086914,16.0,LIME,1,False,0.7,0.6,0.1,0.104112,0.072879,7287.87,False,19.8576,0,0.7,GREEN
2023-01-25,EWG,5,26.17731094360352,15.75,LIME,1,False,0.7,0.6,0.1,0.104112,0.072879,7287.87,False,25.637,0,0.7,GREEN
2023-01-25,EEM,6,39.09663391113281,16.0,GREEN,1,False,0.7,0.6,0.08,0.08329,0.058303,5830.3,False,20.8583,0,0.7,GREEN
2023-01-26,PICK,1,42.822509765625,16.0,GREEN,1,True,1.0,,0.31,0.310982,0.310982,31098.2,False,33.0286,0,0.7,GREEN
2023-01-26,FXI,2,30.922771453857425,15.75,LIME,1,False,0.7,0.6,0.25,0.224393,0.157075,15707.5,False,41.9733,0,0.7,GREEN
2023-01-26,FEZ,3,39.98641204833984,16.0,LIME,1,False,0.7,0.6,0.16,0.168955,0.118268,11826.82,False,24.8284,0,0.7,GREEN
2023-01-26,EWY,4,60.59206771850586,16.0,GREEN,1,False,0.7,0.6,0.1,0.105597,0.073918,7391.76,False,29.7823,0,0.7,GREEN
2023-01-26,GREK,5,26.79840660095215,16.0,LIME,1,False,0.7,0.6,0.1,0.105597,0.073918,7391.76,False,19.9288,0,0.7,GREEN
2023-01-26,EWG,6,26.17731094360352,16.0,LIME,1,False,0.7,0.6,0.08,0.084477,0.059134,5913.41,False,25.4144,0,0.7,GREEN
2023-01-27,FXI,1,30.86703491210937,16.0,LIME,1,False,0.7,0.6,0.31,0.277807,0.194465,19446.49,False,41.5621,0,0.7,GREEN
2023-01-27,EWY,2,60.88996124267578,16.0,GREEN,1,False,0.7,0.6,0.25,0.263574,0.184502,18450.18,False,29.6463,0,0.7,GREEN
2023-01-27,GREK,3,26.92422103881836,16.0,LIME,1,False,0.7,0.6,0.16,0.168687,0.118081,11808.12,False,19.8742,0,0.7,GREEN
2023-01-27,EWG,4,26.15861892700196,16.0,LIME,1,False,0.7,0.6,0.1,0.10543,0.073801,7380.07,False,25.3624,0,0.7,GREEN
2023-01-27,PICK,5,42.15748596191406,15.0,GREEN,2,True,1.0,,0.1,0.100158,0.100158,10015.81,False,32.9773,0,0.7,GREEN
2023-01-27,FEZ,6,39.76676177978516,15.0,LIME,2,False,0.7,0.55,0.08,0.084344,0.059041,5904.06,False,24.8742,0,0.7,GREEN
2023-01-30,GREK,1,26.98712921142578,16.0,LIME,1,False,0.6,0.6,0.31,0.315602,0.189361,18936.12,False,19.6166,0,0.6,GREEN
2023-01-30,EWT,2,36.90620422363281,15.0,GREEN,2,False,0.6,0.55,0.25,0.254518,0.152711,15271.06,False,24.2705,0,0.6,GREEN
2023-01-30,EWI,3,26.73086166381836,15.0,-,2,False,0.6,0.55,0.16,0.162891,0.097735,9773.48,False,22.1902,0,0.6,GREEN
2023-01-30,EWY,4,59.54947280883789,15.0,-,2,False,0.6,0.55,0.1,0.091881,0.055129,5512.85,False,30.0921,1,0.6,GREEN
2023-01-30,EWG,5,26.02778053283692,14.5,-,2,False,0.6,0.5,0.1,0.101807,0.061084,6108.42,False,25.273,0,0.6,GREEN
2023-01-30,PICK,6,41.76206207275391,13.5,-,2,True,1.0,,0.08,0.073301,0.073301,7330.11,False,32.797,0,0.6,GREEN
2023-01-31,GREK,1,27.33761215209961,16.0,LIME,1,False,0.7,0.6,0.31,0.319193,0.223435,22343.49,False,19.6961,0,0.7,GREEN
2023-01-31,EWI,2,27.225542068481445,15.0,LIME,1,False,0.7,0.6,0.25,0.257414,0.180189,18018.95,False,22.3695,0,0.7,GREEN
2023-01-31,BOTZ,3,23.5593490600586,15.25,GREEN,1,False,0.7,0.6,0.16,0.14827,0.103789,10378.91,False,31.7101,0,0.7,GREEN
2023-01-31,EWG,4,26.20534896850586,14.5,LIME,1,False,0.7,0.55,0.1,0.102965,0.072076,7207.58,False,25.258,0,0.7,GREEN
2023-01-31,EWT,5,36.86507034301758,13.25,GREEN,2,False,0.7,0.45,0.1,0.097817,0.068472,6847.2,False,24.2892,1,0.7,GREEN
2023-01-31,EWY,6,59.08401870727539,13.0,-,3,False,0.7,0.45,0.08,0.074341,0.052039,5203.87,False,30.1773,1,0.7,GREEN
2023-02-01,GREK,1,27.68809127807617,16.0,LIME,1,False,0.7,0.6,0.31,0.319258,0.223481,22348.09,False,19.6966,0,0.7,GREEN
2023-02-01,BOTZ,2,24.331466674804688,15.5,GREEN,1,False,0.7,0.6,0.25,0.23172,0.162204,16220.39,False,32.1719,0,0.7,GREEN
2023-02-01,EWI,3,27.558330535888672,15.0,LIME,1,False,0.7,0.6,0.16,0.164779,0.115345,11534.5,False,22.3034,0,0.7,GREEN
2023-02-01,EWG,4,26.65394401550293,14.5,LIME,1,False,0.7,0.55,0.1,0.102987,0.072091,7209.06,False,25.0882,0,0.7,GREEN
2023-02-01,EWT,5,37.63018035888672,13.25,GREEN,1,False,0.7,0.5,0.1,0.102987,0.072091,7209.06,False,24.4153,0,0.7,GREEN
2023-02-01,EWY,6,60.61069107055664,12.75,-,1,False,0.7,0.4,0.08,0.07827,0.054789,5478.89,False,30.4921,0,0.7,GREEN
2023-02-02,GREK,1,27.463422775268555,16.0,LIME,1,False,0.7,0.6,0.31,0.319258,0.223481,22348.09,False,19.8376,0,0.7,GREEN
2023-02-02,BOTZ,2,24.697725296020508,15.75,GREEN,1,False,0.7,0.6,0.25,0.23172,0.162204,16220.39,False,32.2334,0,0.7,GREEN
2023-02-02,EWI,3,27.54933738708496,15.0,LIME,1,False,0.7,0.6,0.16,0.164779,0.115345,11534.5,False,22.3017,0,0.7,GREEN
2023-02-02,EWG,4,26.98104286193848,14.5,LIME,1,False,0.7,0.55,0.1,0.102987,0.072091,7209.06,False,25.1312,0,0.7,GREEN
2023-02-02,EWT,5,37.75357818603516,13.25,GREEN,1,False,0.7,0.5,0.1,0.102987,0.072091,7209.06,False,24.3818,0,0.7,GREEN
2023-02-02,EWY,6,60.60138320922852,12.5,-,1,False,0.7,0.4,0.08,0.07827,0.054789,5478.89,False,30.3811,0,0.7,GREEN
2023-02-03,EWG,1,26.56048393249512,16.0,-,1,False,0.7,0.6,0.31,0.319258,0.223481,22348.09,False,24.8755,0,0.7,GREEN
2023-02-03,BOTZ,2,24.301767349243164,16.0,GREEN,1,False,0.7,0.6,0.25,0.23172,0.162204,16220.39,False,31.0739,0,0.7,GREEN
2023-02-03,EWP,3,24.796436309814453,15.75,-,1,False,0.7,0.6,0.16,0.164779,0.115345,11534.5,False,18.2316,0,0.7,GREEN
2023-02-03,GREK,4,27.26571655273437,15.0,-,2,False,0.7,0.55,0.1,0.102987,0.072091,7209.06,False,19.668,0,0.7,GREEN
2023-02-03,EWI,5,27.027671813964844,15.0,-,2,False,0.7,0.55,0.1,0.102987,0.072091,7209.06,False,22.4143,0,0.7,GREEN
2023-02-03,EWT,6,37.070743560791016,12.25,-,3,False,0.7,0.35,0.08,0.07827,0.054789,5478.89,False,24.5181,1,0.7,GREEN
2023-02-06,SMH,1,120.74909210205078,15.0,-,2,False,0.7,0.55,0.31,0.29343,0.205401,20540.09,False,41.0862,0,0.7,GREEN
2023-02-06,SOXX,2,136.49977111816406,15.0,-,2,False,0.7,0.55,0.25,0.236637,0.165646,16564.59,False,42.5996,0,0.7,GREEN
2023-02-06,BOTZ,3,23.935508728027344,15.0,-,2,False,0.7,0.55,0.16,0.169265,0.118486,11848.55,False,31.2701,0,0.7,GREEN
2023-02-06,EWG,4,26.24272918701172,14.5,-,3,False,0.7,0.5,0.1,0.105791,0.074053,7405.35,False,24.7586,1,0.7,GREEN
2023-02-06,EWP,5,24.559932708740234,14.5,-,3,False,0.7,0.5,0.1,0.105791,0.074053,7405.35,False,18.0412,1,0.7,GREEN
2023-02-06,GREK,6,27.16686248779297,13.75,-,2,False,0.7,0.45,0.08,0.089087,0.062361,6236.08,False,19.6153,0,0.7,GREEN
2023-02-07,SMH,1,124.37467956542967,14.75,-,1,False,0.7,0.55,0.31,0.291482,0.204038,20403.76,False,40.5417,0,0.7,GREEN
2023-02-07,SOXX,2,140.840576171875,14.75,-,1,False,0.7,0.55,0.25,0.235066,0.164546,16454.65,False,42.125,0,0.7,GREEN
2023-02-07,BOTZ,3,24.4106559753418,14.75,-,1,False,0.7,0.55,0.16,0.168142,0.117699,11769.91,False,31.0044,0,0.7,GREEN
2023-02-07,GREK,4,27.724040985107425,13.75,-,1,False,0.7,0.5,0.1,0.110619,0.077434,7743.36,False,18.2631,0,0.7,GREEN
2023-02-07,EWP,5,24.76004981994629,13.25,-,2,False,0.7,0.45,0.1,0.110619,0.077434,7743.36,False,16.6972,0,0.7,GREEN
2023-02-07,EWG,6,26.289457321166992,12.75,-,3,False,0.7,0.35,0.08,0.084071,0.05885,5884.96,False,22.5614,1,0.7,GREEN
2023-02-08,GREK,1,27.91275978088379,13.75,-,1,False,0.6,0.5,0.33,0.346275,0.207765,20776.5,False,18.0924,0,0.6,GREEN
2023-02-08,SMH,2,121.93788146972656,13.0,-,2,False,0.6,0.45,0.27,0.254984,0.152991,15299.06,False,40.7184,0,0.6,GREEN
2023-02-08,SOXX,3,137.81211853027344,13.0,-,2,False,0.6,0.45,0.2,0.188877,0.113326,11332.63,False,42.3051,0,0.6,GREEN
2023-02-08,BOTZ,4,24.03449821472168,13.0,-,2,False,0.6,0.45,0.1,0.104932,0.062959,6295.91,False,31.1901,0,0.6,GREEN
2023-02-08,EWP,5,24.73276138305664,11.5,-,2,False,0.6,0.3,0.1,0.104932,0.062959,6295.91,False,16.72,0,0.6,GREEN
2023-02-09,GREK,1,28.218307495117188,14.75,-,1,False,0.55,0.55,0.45,0.45,0.2475,24750.0,False,18.1398,0,0.5,GREEN
2023-02-09,SMH,2,122.42129516601562,11.25,-,2,False,0.5,0.3,0.3,0.3,0.15,15000.0,False,40.5661,0,0.5,GREEN
2023-02-09,SOXX,3,138.16380310058594,11.25,-,2,False,0.5,0.3,0.25,0.25,0.125,12500.0,False,42.1479,0,0.5,GREEN
2023-02-10,GREK,1,28.06553649902344,16.0,-,1,False,0.6,0.6,0.45,0.45,0.27,27000.0,False,18.1082,0,0.3,-
2023-02-10,ITA,2,112.63052368164062,14.5,LIME,1,False,0.55,0.55,0.3,0.3,0.165,16500.0,False,18.4451,0,0.3,-
2023-02-10,EWI,3,27.234539031982425,11.5,-,2,False,0.3,0.3,0.25,0.25,0.075,7500.0,False,20.1223,0,0.3,-
2023-02-13,GREK,1,28.97319602966309,16.0,LIME,1,False,0.6,0.6,0.45,0.45,0.27,27000.0,False,17.8435,0,0.4,-
2023-02-13,ITA,2,113.37114715576172,14.5,LIME,1,False,0.55,0.55,0.3,0.3,0.165,16500.0,False,17.2004,0,0.4,-
2023-02-13,EWI,3,27.51335906982422,11.5,-,1,False,0.4,0.35,0.25,0.25,0.1,10000.0,False,17.7629,0,0.4,-
2023-02-14,GREK,1,28.91927528381348,16.0,LIME,1,False,0.6,0.6,0.45,0.45,0.27,27000.0,False,17.8583,0,0.4,-
2023-02-14,EWI,2,27.66626167297364,13.25,-,1,False,0.5,0.5,0.3,0.3,0.15,15000.0,False,17.3057,0,0.4,-
2023-02-14,ITA,3,114.20921325683594,14.5,LIME,1,False,0.55,0.55,0.25,0.25,0.1375,13750.0,False,15.7504,0,0.4,-
2023-02-15,GREK,1,28.685619354248047,16.0,-,1,False,0.6,0.6,0.45,0.45,0.27,27000.0,False,17.8134,0,0.4,-
2023-02-15,ITA,2,114.57950592041016,16.0,LIME,1,False,0.6,0.6,0.3,0.3,0.18,18000.0,False,15.5166,0,0.4,-
2023-02-15,EWI,3,27.51335906982422,13.5,-,1,False,0.5,0.5,0.25,0.25,0.125,12500.0,False,17.1482,0,0.4,-
2023-02-16,GREK,1,28.59575080871582,14.75,-,2,False,0.5,0.5,0.45,0.45,0.225,22500.0,False,17.8665,0,0.3,-
2023-02-16,EWI,2,27.64827537536621,14.75,-,1,False,0.55,0.55,0.3,0.3,0.165,16500.0,False,17.1295,0,0.3,-
2023-02-16,ITA,3,113.36141204833984,15.0,LIME,2,False,0.55,0.55,0.25,0.25,0.1375,13750.0,False,15.4049,0,0.3,-
2023-02-17,EWI,1,27.711231231689453,15.0,-,1,False,0.6,0.6,0.35,0.35,0.21,21000.0,False,17.1289,0,0.2,-
2023-02-17,GREK,2,28.865352630615234,14.5,-,1,False,0.55,0.55,0.3,0.3,0.165,16500.0,False,17.7107,0,0.2,-
2023-02-17,XAR,3,118.66905975341795,14.0,LIME,1,False,0.55,0.55,0.25,0.25,0.1375,13750.0,False,18.3887,0,0.2,-
2023-02-17,ITA,4,113.8389129638672,14.0,LIME,2,False,0.5,0.5,0.1,0.1,0.05,5000.0,False,15.3274,0,0.2,-
2023-02-21,GREK,1,29.269752502441406,14.5,-,1,False,0.55,0.55,0.33,0.33,0.1815,18150.0,False,17.7702,0,0.2,-
2023-02-21,EWI,2,27.15359306335449,12.5,-,4,False,0.3,0.3,0.27,0.27,0.081,8100.0,False,17.6184,0,0.2,-
2023-02-21,DBA,3,18.337900161743164,14.0,GREEN,1,True,1.0,,0.2,0.2,0.2,20000.0,False,9.6671,0,0.2,-
2023-02-21,XAR,4,116.52804565429688,11.25,-,3,False,0.3,0.3,0.1,0.1,0.03,3000.0,False,18.7987,0,0.2,-
2023-02-21,ITA,5,112.72798919677734,11.75,-,3,False,0.3,0.3,0.1,0.1,0.03,3000.0,False,15.4579,0,0.2,-
2023-02-22,GREK,1,28.50588607788086,12.5,-,3,False,0.35,0.35,0.55,0.511002,0.178851,17885.09,False,18.7804,1,0.2,-
2023-02-22,DBA,2,18.24922561645508,14.0,GREEN,1,True,1.0,,0.45,0.488998,0.4,40000.0,False,9.7307,0,0.2,-
2023-02-23,GREK,1,28.892314910888672,13.75,-,1,False,0.5,0.5,0.55,0.52381,0.261905,26190.48,False,18.8217,0,0.3,-
2023-02-23,DBA,2,18.231491088867188,14.0,GREEN,1,True,1.0,,0.45,0.47619,0.4,40000.0,False,9.7319,0,0.3,-
2023-02-24,GREK,1,28.59575080871582,12.25,-,3,False,0.2,0.2,0.55,0.536585,0.107317,10731.71,False,18.8609,0,0.0,RED
2023-02-24,DBA,2,17.96546745300293,12.25,-,3,True,1.0,,0.45,0.463415,0.4,40000.0,False,10.192,1,0.0,RED
2023-02-27,GREK,1,29.16191673278809,12.0,-,1,False,0.2,0.2,1.0,1.0,0.2,20000.0,False,19.0871,0,0.0,RED
2023-02-28,GREK,1,29.26077079772949,13.25,-,1,False,0.2,0.2,1.0,1.0,0.2,20000.0,False,18.9559,0,0.0,RED
2023-03-01,GREK,1,29.440502166748047,13.25,-,1,False,0.2,0.2,1.0,1.0,0.2,20000.0,False,18.0955,0,0.0,RED
2023-03-02,GREK,1,29.233806610107425,15.0,-,1,False,0.24,0.24,0.55,0.589812,0.141555,14155.5,False,18.1938,0,0.0,RED
2023-03-02,TUR,2,32.79052734375,12.75,LIME,1,False,0.2,0.2,0.45,0.410188,0.082038,8203.75,False,50.7801,0,0.0,RED
2023-03-03,GREK,1,29.215835571289062,14.25,-,2,False,0.2,0.2,0.45,0.467532,0.093506,9350.65,False,18.1139,0,0.0,RED
2023-03-03,EWW,2,54.63737106323242,13.25,LIME,1,False,0.2,0.2,0.3,0.311688,0.062338,6233.77,False,20.5582,0,0.0,RED
2023-03-03,TUR,3,32.36837387084961,12.5,LIME,2,False,0.2,0.2,0.25,0.220779,0.044156,4415.58,False,50.7764,0,0.0,RED
2023-03-06,EWW,1,54.17534255981445,14.5,LIME,1,False,0.22,0.22,0.35,0.37234,0.081915,8191.49,False,20.6529,0,0.0,RED
2023-03-06,TUR,2,33.77250671386719,12.5,LIME,1,False,0.2,0.2,0.3,0.271277,0.054255,5425.53,False,51.4745,0,0.0,RED
2023-03-06,EWP,3,25.39678955078125,11.75,LIME,1,False,0.2,0.2,0.25,0.265957,0.053191,5319.15,False,15.1694,0,0.0,RED
2023-03-06,GREK,4,28.110471725463867,11.25,-,4,False,0.2,0.2,0.1,0.090426,0.018085,1808.51,False,19.7799,2,0.0,RED
2023-03-07,EWW,1,52.99761581420898,14.0,LIME,2,False,0.2,0.2,0.35,0.342087,0.068417,6841.75,False,20.7729,1,0.0,RED
2023-03-07,ITA,2,113.59529113769533,13.25,LIME,2,False,0.2,0.2,0.3,0.324895,0.064979,6497.9,False,14.6423,0,0.0,RED
2023-03-07,TUR,3,33.267757415771484,12.5,LIME,1,False,0.2,0.2,0.25,0.230134,0.046027,4602.68,False,51.4242,0,0.0,RED
2023-03-07,EWP,4,24.85101318359375,11.5,LIME,3,False,0.2,0.2,0.1,0.102883,0.020577,2057.67,False,15.8271,1,0.0,RED
2023-03-08,EWW,1,53.822025299072266,14.75,LIME,1,False,0.22,0.22,0.35,0.351852,0.077407,7740.74,False,20.1268,0,0.0,RED
2023-03-08,EWP,2,25.087514877319336,13.0,LIME,2,False,0.2,0.2,0.3,0.31746,0.063492,6349.21,False,15.8039,0,0.0,RED
2023-03-08,TUR,3,34.112064361572266,12.5,LIME,1,False,0.2,0.2,0.25,0.224868,0.044974,4497.35,False,51.5545,0,0.0,RED
2023-03-08,ITA,4,113.14700317382812,12.75,LIME,4,False,0.2,0.2,0.1,0.10582,0.021164,2116.4,False,14.5092,0,0.0,RED
2023-03-09,TUR,1,33.87345123291016,13.0,LIME,1,False,0.2,0.2,0.55,0.522346,0.104469,10446.93,False,51.5289,0,0.1,PURPLE
2023-03-09,EWW,2,52.89795684814453,12.5,-,3,False,0.2,0.2,0.45,0.477654,0.095531,9553.07,False,20.5012,1,0.1,PURPLE
2023-03-10,TUR,1,33.63484191894531,12.5,LIME,2,False,0.2,0.2,1.0,1.0,0.2,20000.0,False,51.0636,0,0.1,PURPLE
2023-03-13,TUR,1,33.231040954589844,11.0,-,3,False,0.2,0.2,1.0,1.0,0.2,20000.0,False,51.1241,0,0.1,PURPLE
2023-03-15,GLD,1,178.2100067138672,12.0,LIME,1,True,1.0,,0.45,0.461538,0.266667,26666.67,False,15.3187,0,0.4,-
2023-03-15,IEF,2,88.85443115234375,12.0,GREEN,1,False,0.4,0.4,0.3,0.307692,0.123077,12307.69,False,10.4476,0,0.4,-
2023-03-15,TLT,3,93.72196197509766,11.25,GREEN,1,True,1.0,,0.25,0.230769,0.133333,13333.33,False,19.7506,0,0.4,-
2023-03-16,GLD,1,178.57000732421875,12.25,LIME,1,True,1.0,,0.35,0.343669,0.318563,31856.29,False,14.9765,0,0.4,-
2023-03-16,IEF,2,88.05557250976562,11.5,GREEN,2,False,0.4,0.3,0.3,0.310078,0.124031,12403.1,False,10.4599,0,0.4,-
2023-03-16,BND,3,65.45565032958984,11.0,GREEN,1,False,0.4,0.35,0.25,0.258398,0.103359,10335.92,False,7.909,0,0.4,-
2023-03-16,TLT,4,92.98883819580078,11.0,GREEN,2,True,1.0,,0.1,0.087855,0.081437,8143.71,False,19.7166,0,0.4,-
2023-03-17,GLD,1,183.7700042724609,12.75,LIME,1,True,1.0,,0.35,0.351852,0.351852,35185.19,False,15.9814,0,0.85,LIME
2023-03-17,IEF,2,89.0968017578125,11.75,GREEN,1,False,0.85,0.35,0.3,0.31746,0.269841,26984.13,False,10.71,0,0.85,LIME
2023-03-17,TLT,3,94.38451385498048,11.25,GREEN,1,True,1.0,,0.25,0.224868,0.224868,22486.77,False,19.9307,0,0.85,LIME
2023-03-17,BND,4,65.92967224121094,11.0,GREEN,1,False,0.85,0.35,0.1,0.10582,0.089947,8994.71,False,8.0261,0,0.85,LIME
2023-03-20,GLD,1,183.83999633789065,13.25,LIME,1,True,1.0,,0.31,0.324948,0.324948,32494.76,False,15.5679,0,0.85,LIME
2023-03-20,QQQ,2,300.63726806640625,11.75,LIME,1,False,0.85,0.35,0.25,0.235849,0.200472,20047.17,False,23.3315,0,0.85,LIME
2023-03-20,XLK,3,70.29351043701172,11.5,LIME,1,False,0.85,0.35,0.16,0.150943,0.128302,12830.19,False,23.407,0,0.85,LIME
2023-03-20,TLT,4,93.55413818359376,12.25,GREEN,1,True,1.0,,0.1,0.099581,0.099581,9958.07,False,19.9914,0,0.85,LIME
2023-03-20,BND,5,65.64348602294922,12.25,GREEN,1,False,0.85,0.4,0.1,0.104822,0.089099,8909.85,False,8.0744,0,0.85,LIME
2023-03-20,IEF,6,88.73776245117188,12.0,GREEN,1,False,0.85,0.4,0.08,0.083857,0.071279,7127.88,False,10.7367,0,0.85,LIME
2023-03-21,SMH,1,125.11459350585938,13.75,LIME,1,False,0.85,0.5,0.31,0.295238,0.250952,25095.24,False,32.5313,0,0.85,LIME
2023-03-21,XLK,2,70.86162567138672,13.75,LIME,1,False,0.85,0.5,0.25,0.26455,0.224868,22486.77,False,23.2359,0,0.85,LIME
2023-03-21,SOXX,3,140.28375244140625,13.5,LIME,1,False,0.85,0.5,0.16,0.143915,0.122328,12232.8,False,33.3616,0,0.85,LIME
2023-03-21,QQQ,4,304.93115234375,13.5,LIME,1,False,0.85,0.5,0.1,0.10582,0.089947,8994.71,False,23.3494,0,0.85,LIME
2023-03-21,GLD,5,180.3699951171875,13.25,LIME,2,True,1.0,,0.1,0.10582,0.10582,10582.01,False,16.0358,0,0.85,LIME
2023-03-21,TLT,6,92.7503433227539,12.0,GREEN,2,True,1.0,,0.08,0.084656,0.084656,8465.61,False,19.9405,0,0.85,LIME
2023-03-22,SMH,1,124.31055450439452,14.5,LIME,2,False,0.8,0.5,0.31,0.295238,0.23619,23619.05,False,32.4482,0,0.8,LIME
2023-03-22,XLK,2,70.1563949584961,14.5,LIME,2,False,0.8,0.5,0.25,0.26455,0.21164,21164.02,False,23.1537,0,0.8,LIME
2023-03-22,SOXX,3,138.8899688720703,14.0,LIME,2,False,0.8,0.5,0.16,0.143915,0.115132,11513.23,False,33.3195,0,0.8,LIME
2023-03-22,QQQ,4,300.78466796875,14.0,LIME,2,False,0.8,0.5,0.1,0.10582,0.084656,8465.61,False,23.3367,0,0.8,LIME
2023-03-22,GLD,5,183.44000244140625,13.5,LIME,1,True,1.0,,0.1,0.10582,0.10582,10582.01,False,16.3175,0,0.8,LIME
2023-03-22,TLT,6,93.98699951171876,12.5,GREEN,1,True,1.0,,0.08,0.084656,0.084656,8465.61,False,19.8286,0,0.8,LIME
2023-03-23,SMH,1,127.61548614501952,14.75,LIME,1,False,0.85,0.55,0.31,0.283486,0.240963,24096.29,False,32.7385,0,0.85,LIME
2023-03-23,XLK,2,71.2975082397461,14.75,LIME,1,False,0.85,0.55,0.25,0.268962,0.228618,22861.75,False,23.3219,0,0.85,LIME
2023-03-23,SOXX,3,142.67433166503906,14.25,LIME,1,False,0.85,0.55,0.16,0.146315,0.124368,12436.79,False,33.6145,0,0.85,LIME
2023-03-23,QQQ,4,304.3514099121094,14.0,LIME,1,False,0.85,0.55,0.1,0.107585,0.091447,9144.7,False,23.4092,0,0.85,LIME
2023-03-23,GLD,5,185.7400054931641,14.0,LIME,1,True,1.0,,0.1,0.107585,0.107585,10758.47,False,16.1857,0,0.85,LIME
2023-03-23,TLT,6,93.98699951171876,12.5,GREEN,1,True,1.0,,0.08,0.086068,0.086068,8606.78,False,19.4857,0,0.85,LIME
2023-03-24,SMH,1,125.5979995727539,15.0,LIME,1,False,0.85,0.6,0.31,0.290928,0.247289,24728.88,False,32.7448,0,0.85,LIME
2023-03-24,XLK,2,71.4836196899414,15.0,LIME,1,False,0.85,0.6,0.25,0.260688,0.221585,22158.5,False,23.146,0,0.85,LIME
2023-03-24,BOTZ,3,24.113689422607425,14.5,LIME,1,False,0.85,0.55,0.16,0.16684,0.141814,14181.44,False,25.1347,0,0.85,LIME
2023-03-24,QQQ,4,305.4715270996094,14.0,LIME,1,False,0.85,0.55,0.1,0.104275,0.088634,8863.4,False,23.2803,0,0.85,LIME
2023-03-24,SOXX,5,140.19976806640625,13.5,LIME,2,False,0.85,0.45,0.1,0.093848,0.079771,7977.06,False,33.6458,0,0.85,LIME
2023-03-24,GLD,6,183.6499938964844,14.0,LIME,1,True,1.0,,0.08,0.08342,0.08342,8342.02,False,16.3755,0,0.85,LIME
2023-03-27,BOTZ,1,24.23247718811035,14.5,LIME,1,False,0.8,0.55,0.31,0.313131,0.250505,25050.51,False,24.5243,0,0.8,LIME
2023-03-27,XLC,2,54.511451721191406,14.0,GREEN,1,False,0.8,0.55,0.25,0.252525,0.20202,20202.02,False,25.7285,0,0.8,LIME
2023-03-27,XLK,3,70.93019104003906,14.0,LIME,2,False,0.8,0.5,0.16,0.161616,0.129293,12929.29,False,22.5591,0,0.8,LIME
2023-03-27,SMH,4,124.13296508789062,13.5,LIME,2,False,0.8,0.45,0.1,0.090909,0.072727,7272.73,False,31.6203,0,0.8,LIME
2023-03-27,QQQ,5,303.3786926269531,13.0,LIME,2,False,0.8,0.45,0.1,0.10101,0.080808,8080.81,False,22.7211,0,0.8,LIME
2023-03-27,GLD,6,181.9499969482422,13.5,LIME,2,True,1.0,,0.08,0.080808,0.080808,8080.81,False,16.2904,0,0.8,LIME
2023-03-28,BOTZ,1,24.113689422607425,13.5,LIME,2,False,0.8,0.45,0.31,0.313131,0.250505,25050.51,False,24.5675,0,0.8,LIME
2023-03-28,XLC,2,54.06630706787109,13.5,GREEN,2,False,0.8,0.45,0.25,0.252525,0.20202,20202.02,False,25.7855,0,0.8,LIME
2023-03-28,XLK,3,70.59716033935547,13.5,LIME,2,False,0.8,0.45,0.16,0.161616,0.129293,12929.29,False,22.6038,0,0.8,LIME
2023-03-28,SMH,4,123.2697296142578,12.25,LIME,3,False,0.8,0.35,0.1,0.090909,0.072727,7272.73,False,31.6823,0,0.8,LIME
2023-03-28,QQQ,5,301.76727294921875,12.5,LIME,2,False,0.8,0.35,0.1,0.10101,0.080808,8080.81,False,22.774,0,0.8,LIME
2023-03-28,GLD,6,183.44000244140625,12.75,LIME,2,True,1.0,,0.08,0.080808,0.080808,8080.81,False,16.3436,0,0.8,LIME
2023-03-29,BOTZ,1,24.57893943786621,13.5,LIME,1,False,0.85,0.5,0.33,0.333333,0.283333,28333.33,False,24.6039,0,0.85,LIME
2023-03-29,XLK,2,72.07620239257812,13.5,LIME,1,False,0.85,0.5,0.27,0.272727,0.231818,23181.82,False,22.7699,0,0.85,LIME
2023-03-29,XLC,3,54.78241729736328,13.5,GREEN,1,False,0.85,0.5,0.2,0.20202,0.171717,17171.72,False,25.7608,0,0.85,LIME
2023-03-29,QQQ,4,307.2696838378906,12.75,LIME,1,False,0.85,0.4,0.1,0.10101,0.085859,8585.86,False,22.7429,0,0.85,LIME
2023-03-29,SMH,5,127.10742950439452,12.0,LIME,1,False,0.85,0.4,0.1,0.090909,0.077273,7727.27,False,31.8561,0,0.85,LIME
2023-03-30,BOTZ,1,24.77691650390625,13.75,LIME,1,False,0.85,0.5,0.33,0.333333,0.283333,28333.33,False,24.4389,0,0.85,LIME
2023-03-30,XLK,2,72.91365814208984,13.5,LIME,1,False,0.85,0.5,0.27,0.272727,0.231818,23181.82,False,22.5006,0,0.85,LIME
2023-03-30,XLC,3,55.043701171875,13.5,GREEN,1,False,0.85,0.5,0.2,0.20202,0.171717,17171.72,False,25.5138,0,0.85,LIME
2023-03-30,QQQ,4,310.1781005859375,13.0,LIME,1,False,0.85,0.5,0.1,0.10101,0.085859,8585.86,False,22.5439,0,0.85,LIME
2023-03-30,SMH,5,128.9276123046875,12.0,LIME,1,False,0.85,0.4,0.1,0.090909,0.077273,7727.27,False,31.73,0,0.85,LIME
2023-03-31,XLK,1,73.95682525634766,14.5,LIME,1,False,0.85,0.55,0.33,0.333333,0.283333,28333.33,False,22.1334,0,0.85,LIME
2023-03-31,QQQ,2,315.3365478515625,14.25,LIME,1,False,0.85,0.55,0.27,0.272727,0.231818,23181.82,False,22.3002,0,0.85,LIME
2023-03-31,BOTZ,3,25.242162704467773,14.0,LIME,1,False,0.85,0.55,0.2,0.20202,0.171717,17171.72,False,23.883,0,0.85,LIME
2023-03-31,SMH,4,129.82537841796875,13.5,LIME,1,False,0.85,0.5,0.1,0.090909,0.077273,7727.27,False,31.2215,0,0.85,LIME
2023-03-31,XLC,5,56.098514556884766,13.5,GREEN,1,False,0.85,0.5,0.1,0.10101,0.085859,8585.86,False,25.2404,0,0.85,LIME
2023-04-03,XLK,1,73.83928680419922,16.0,LIME,1,False,0.85,0.6,0.33,0.339157,0.288284,28828.37,False,22.1353,0,0.85,LIME
2023-04-03,SMH,2,129.08546447753906,15.75,LIME,1,False,0.85,0.6,0.27,0.249743,0.212282,21228.16,False,31.2424,0,0.85,LIME
2023-04-03,QQQ,3,314.5701599121094,16.0,LIME,1,False,0.85,0.6,0.2,0.20555,0.174717,17471.74,False,22.3155,0,0.85,LIME
2023-04-03,BOTZ,4,25.202566146850582,15.75,LIME,1,False,0.85,0.6,0.1,0.102775,0.087359,8735.87,False,23.7885,0,0.85,LIME
2023-04-03,XLC,5,56.33076477050781,15.0,GREEN,1,False,0.85,0.6,0.1,0.102775,0.087359,8735.87,False,25.2348,0,0.85,LIME
2023-04-04,XLK,1,73.43280792236328,16.0,LIME,1,False,0.85,0.6,0.31,0.313131,0.266162,26616.16,False,22.057,0,0.85,LIME
2023-04-04,QQQ,2,313.509033203125,16.0,LIME,1,False,0.85,0.6,0.25,0.252525,0.214646,21464.65,False,22.2652,0,0.85,LIME
2023-04-04,VUG,3,244.6708221435547,15.75,LIME,1,False,0.85,0.6,0.16,0.161616,0.137374,13737.37,False,21.5826,0,0.85,LIME
2023-04-04,SMH,4,127.10250854492188,15.0,LIME,2,False,0.85,0.55,0.1,0.090909,0.077273,7727.27,False,31.3987,0,0.85,LIME
2023-04-04,BOTZ,5,24.816511154174805,15.0,LIME,2,False,0.85,0.55,0.1,0.10101,0.085859,8585.86,False,24.0827,0,0.85,LIME
2023-04-04,XLC,6,56.50495147705078,15.0,LIME,1,False,0.85,0.6,0.08,0.080808,0.068687,6868.69,False,25.1579,0,0.85,LIME
2023-04-05,EWP,1,25.73335266113281,16.0,LIME,1,False,0.8,0.6,0.31,0.318897,0.255118,25511.78,False,20.2084,0,0.8,LIME
2023-04-05,XLC,2,56.32107925415039,15.0,LIME,1,False,0.8,0.6,0.25,0.244316,0.195453,19545.31,False,24.986,0,0.8,LIME
2023-04-05,XLK,3,72.59532928466797,14.75,LIME,2,False,0.8,0.5,0.16,0.164592,0.131674,13167.37,False,22.2506,0,0.8,LIME
2023-04-05,QQQ,4,310.4139099121094,14.75,LIME,2,False,0.8,0.5,0.1,0.10287,0.082296,8229.61,False,22.4128,0,0.8,LIME
2023-04-05,VUG,5,242.0514678955078,14.75,LIME,2,False,0.8,0.5,0.1,0.10287,0.082296,8229.61,False,21.7292,0,0.8,LIME
2023-04-05,SMH,6,124.87781524658205,12.75,-,3,False,0.8,0.35,0.08,0.066454,0.053163,5316.33,False,31.3881,1,0.8,LIME
2023-04-06,EWP,1,26.060815811157227,16.0,LIME,1,False,0.8,0.6,0.31,0.313924,0.251139,25113.92,False,20.2949,0,0.8,LIME
2023-04-06,XLC,2,57.02752304077149,15.0,LIME,1,False,0.8,0.6,0.25,0.240506,0.192405,19240.51,False,25.0611,0,0.8,LIME
2023-04-06,GLD,3,186.4900054931641,15.75,LIME,1,True,1.0,,0.16,0.162025,0.162025,16202.53,False,16.5099,0,0.8,LIME
2023-04-06,XLK,4,73.00672912597656,13.5,LIME,2,False,0.8,0.45,0.1,0.101266,0.081013,8101.27,False,21.7829,0,0.8,LIME
2023-04-06,QQQ,5,312.5067443847656,13.5,LIME,2,False,0.8,0.45,0.1,0.101266,0.081013,8101.27,False,22.1058,0,0.8,LIME
2023-04-06,VUG,6,243.5679168701172,13.5,LIME,2,False,0.8,0.45,0.08,0.081013,0.06481,6481.01,False,21.3449,0,0.8,LIME
2023-04-10,EWP,1,26.00624084472656,16.0,LIME,1,False,0.8,0.6,0.31,0.319094,0.255275,25527.53,False,19.8585,0,0.8,LIME
2023-04-10,XLC,2,56.90171051025391,15.0,LIME,1,False,0.8,0.6,0.25,0.244467,0.195574,19557.39,False,24.9314,0,0.8,LIME
2023-04-10,SLV,3,22.8799991607666,15.75,LIME,1,True,1.0,,0.16,0.148224,0.148224,14822.44,False,27.4199,0,0.8,LIME
2023-04-10,GLD,4,185.1100006103516,14.75,LIME,2,True,1.0,,0.1,0.102934,0.102934,10293.36,False,16.2255,0,0.8,LIME
2023-04-10,XLK,5,72.96754455566406,11.75,LIME,2,False,0.8,0.3,0.1,0.102934,0.082347,8234.69,False,21.1506,0,0.8,LIME
2023-04-10,QQQ,6,312.3298645019531,11.75,LIME,2,False,0.8,0.3,0.08,0.082347,0.065878,6587.75,False,21.5544,0,0.8,LIME
2023-04-11,SLV,1,23.040000915527344,15.75,LIME,1,True,1.0,,0.33,0.310345,0.310345,31034.48,False,27.3847,0,0.6,LIME
2023-04-11,DBA,2,18.479780197143555,15.5,GREEN,1,True,1.0,,0.27,0.282132,0.282132,28213.17,False,10.303,0,0.6,LIME
2023-04-11,XLC,3,56.75656127929688,15.0,LIME,1,False,0.6,0.6,0.2,0.198537,0.119122,11912.23,False,24.9521,0,0.6,LIME
2023-04-11,EWP,4,25.68787002563477,15.0,LIME,2,False,0.6,0.55,0.1,0.104493,0.062696,6269.59,False,20.0591,0,0.6,LIME
2023-04-11,GLD,5,186.27999877929688,13.5,LIME,2,True,1.0,,0.1,0.104493,0.104493,10449.32,False,16.2581,0,0.6,LIME
2023-04-12,SLV,1,23.43000030517578,15.75,LIME,1,True,1.0,,0.31,0.279279,0.209335,20933.47,False,27.5655,0,0.3,-
2023-04-12,FEZ,2,41.97050857543945,15.75,LIME,1,False,0.6,0.6,0.25,0.264971,0.158983,15898.25,False,18.3878,0,0.3,-
2023-04-12,DBA,3,18.417709350585938,15.75,GREEN,1,True,1.0,,0.16,0.169581,0.12711,12711.02,False,10.067,0,0.3,-
2023-04-12,EWP,4,25.99714088439941,14.75,LIME,1,False,0.55,0.55,0.1,0.105988,0.058294,5829.36,False,20.0484,0,0.3,-
2023-04-12,XLC,5,56.166259765625,13.0,LIME,3,False,0.45,0.45,0.1,0.09539,0.042925,4292.53,False,24.9528,0,0.3,-
2023-04-12,GLD,6,187.19000244140625,12.75,LIME,1,True,1.0,,0.08,0.084791,0.063555,6355.51,False,16.2676,0,0.3,-
2023-04-13,DBA,1,18.506383895874023,16.0,GREEN,1,True,1.0,,0.31,0.317298,0.313924,31392.41,False,10.0662,0,0.4,-
2023-04-13,EWQ,2,36.19635391235352,15.75,LIME,1,False,0.6,0.6,0.25,0.255885,0.153531,15353.12,False,17.9522,0,0.4,-
2023-04-13,FEZ,3,42.558143615722656,15.75,LIME,1,False,0.6,0.6,0.16,0.163767,0.09826,9826.0,False,18.4507,0,0.4,-
2023-04-13,SLV,4,23.739999771118164,15.75,LIME,1,True,1.0,,0.1,0.087001,0.086076,8607.59,False,27.5959,0,0.4,-
2023-04-13,EWP,5,26.30641365051269,14.75,LIME,1,False,0.55,0.55,0.1,0.102354,0.056295,5629.48,False,20.1522,0,0.4,-
2023-04-13,XLC,6,57.337188720703125,13.25,LIME,1,False,0.5,0.5,0.08,0.073695,0.036847,3684.75,False,25.213,0,0.4,-
2023-04-14,EWQ,1,36.07707595825195,16.0,LIME,1,False,0.6,0.6,0.31,0.317298,0.190379,19037.87,False,17.7672,0,0.3,-
2023-04-14,FEZ,2,42.48469543457031,16.0,LIME,1,False,0.6,0.6,0.25,0.255885,0.153531,15353.12,False,18.2887,0,0.3,-
2023-04-14,DBA,3,18.541852951049805,16.0,GREEN,1,True,1.0,,0.16,0.163767,0.163767,16376.66,False,10.0051,0,0.3,-
2023-04-14,SLV,4,23.309999465942383,16.0,LIME,1,True,1.0,,0.1,0.087001,0.087001,8700.1,False,27.7344,0,0.3,-
2023-04-14,EWP,5,26.233646392822266,14.75,LIME,1,False,0.55,0.55,0.1,0.102354,0.056295,5629.48,False,19.9095,0,0.3,-
2023-04-14,XLC,6,57.317832946777344,13.5,LIME,1,False,0.5,0.5,0.08,0.073695,0.036847,3684.75,False,25.1563,0,0.3,-
2023-04-17,DBA,1,18.79900932312012,16.0,GREEN,1,True,1.0,,0.31,0.318079,0.318079,31807.92,False,10.3245,0,0.4,-
2023-04-17,EWQ,2,35.84769058227539,16.0,LIME,1,False,0.6,0.6,0.25,0.256515,0.153909,15390.93,False,17.8099,0,0.4,-
2023-04-17,EWP,3,26.06991195678711,15.75,LIME,1,False,0.6,0.6,0.16,0.16417,0.098502,9850.19,False,19.93,0,0.4,-
2023-04-17,FEZ,4,42.144962310791016,15.0,LIME,2,False,0.55,0.55,0.1,0.102606,0.056433,5643.34,False,18.3504,0,0.4,-
2023-04-17,XLC,5,56.988807678222656,13.75,LIME,1,False,0.5,0.5,0.1,0.092346,0.046173,4617.28,False,25.205,0,0.4,-
2023-04-17,SLV,6,23.020000457763672,14.5,LIME,3,True,1.0,,0.08,0.066284,0.066284,6628.36,False,27.5806,1,0.4,-
2023-04-18,DBA,1,18.88768196105957,16.0,GREEN,1,True,1.0,,0.31,0.318079,0.318079,31807.92,False,10.337,0,0.4,-
2023-04-18,EWP,2,26.279125213623047,15.75,LIME,1,False,0.6,0.6,0.25,0.256515,0.153909,15390.93,False,19.9125,0,0.4,-
2023-04-18,EWQ,3,36.141300201416016,15.75,LIME,1,False,0.6,0.6,0.16,0.16417,0.098502,9850.19,False,17.8653,0,0.4,-
2023-04-18,FEZ,4,42.493873596191406,14.75,LIME,1,False,0.55,0.55,0.1,0.102606,0.056433,5643.34,False,18.3952,0,0.4,-
2023-04-18,XLC,5,56.69849395751953,13.75,LIME,3,False,0.45,0.45,0.1,0.092346,0.041556,4155.55,False,25.1409,0,0.4,-
2023-04-18,SLV,6,23.14999961853028,13.25,LIME,2,True,1.0,,0.08,0.066284,0.066284,6628.36,False,27.4291,1,0.4,-
2023-04-19,DBA,1,18.71920394897461,16.0,LIME,1,True,1.0,,0.31,0.316488,0.316488,31648.8,False,10.4186,0,0.3,-
2023-04-19,EWP,2,26.5156307220459,15.75,LIME,1,False,0.6,0.6,0.25,0.242471,0.145482,14548.24,False,19.9627,0,0.3,-
2023-04-19,EWL,3,44.52182388305664,16.0,LIME,1,False,0.6,0.6,0.16,0.163349,0.098009,9800.92,False,14.6672,0,0.3,-
2023-04-19,EWQ,4,36.141300201416016,15.5,LIME,1,False,0.6,0.6,0.1,0.102093,0.061256,6125.57,False,17.8461,0,0.3,-
2023-04-19,FEZ,5,42.43878555297852,14.5,LIME,1,False,0.55,0.55,0.1,0.102093,0.056151,5615.11,False,18.3399,0,0.3,-
2023-04-19,XLC,6,56.272705078125,11.0,-,3,False,0.3,0.3,0.08,0.073507,0.022052,2205.21,False,25.051,0,0.3,-
2023-04-20,EWP,1,26.38828086853028,15.75,LIME,1,False,0.6,0.6,0.33,0.31876,0.191256,19125.57,False,19.9749,0,0.2,-
2023-04-20,EWL,2,44.78520965576172,16.0,LIME,1,False,0.6,0.6,0.27,0.27453,0.164718,16471.78,False,14.6888,0,0.2,-
2023-04-20,DBA,3,18.692598342895508,15.0,LIME,2,True,1.0,,0.2,0.203355,0.203355,20335.54,False,10.3378,0,0.2,-
2023-04-20,EWQ,4,36.09542465209961,14.75,LIME,1,False,0.55,0.55,0.1,0.101678,0.055923,5592.27,False,17.7766,0,0.2,-
2023-04-20,FEZ,5,42.34696578979492,12.75,LIME,2,False,0.35,0.35,0.1,0.101678,0.035587,3558.72,False,18.2719,0,0.2,-
2023-04-21,EWP,1,26.33370590209961,15.75,LIME,1,False,0.6,0.6,0.33,0.31876,0.191256,19125.57,False,19.8171,0,0.3,-
2023-04-21,EWL,2,45.24613571166992,16.0,LIME,1,False,0.6,0.6,0.27,0.27453,0.164718,16471.78,False,14.8028,0,0.3,-
2023-04-21,EWQ,3,36.434906005859375,14.75,LIME,1,False,0.55,0.55,0.2,0.203355,0.111845,11184.54,False,17.7714,0,0.3,-
2023-04-21,FEZ,4,42.70505142211914,13.75,LIME,1,False,0.5,0.5,0.1,0.101678,0.050839,5083.88,False,18.2475,0,0.3,-
2023-04-21,DBA,5,18.56845474243164,13.25,-,3,True,1.0,,0.1,0.101678,0.101678,10167.77,False,10.4579,0,0.3,-
2023-04-24,EWP,1,26.5156307220459,16.0,LIME,1,False,0.6,0.6,0.33,0.31876,0.191256,19125.57,False,19.8463,0,0.2,-
2023-04-24,EWL,2,45.594181060791016,16.0,LIME,1,False,0.6,0.6,0.27,0.27453,0.164718,16471.78,False,14.823,0,0.2,-
2023-04-24,EWQ,3,36.645938873291016,15.0,LIME,1,False,0.6,0.6,0.2,0.203355,0.122013,12201.32,False,17.785,0,0.2,-
2023-04-24,FEZ,4,42.83360290527344,14.0,LIME,1,False,0.55,0.55,0.1,0.101678,0.055923,5592.27,False,18.218,0,0.2,-
2023-04-24,DBA,5,18.674861907958984,11.5,-,2,True,1.0,,0.1,0.101678,0.101678,10167.77,False,10.4807,0,0.2,-
2023-04-25,EWL,1,45.21791458129883,16.0,LIME,1,False,0.6,0.6,0.33,0.341703,0.205022,20502.2,False,14.9185,0,0.2,-
2023-04-25,XLP,2,70.7597885131836,14.75,LIME,1,False,0.55,0.55,0.27,0.279575,0.153767,15376.65,False,10.4104,0,0.2,-
2023-04-25,EWQ,3,36.0587272644043,13.25,-,3,False,0.45,0.45,0.2,0.196738,0.088532,8853.22,False,18.1226,1,0.2,-
2023-04-25,EWP,4,25.760637283325195,13.5,-,4,False,0.4,0.4,0.1,0.083614,0.033446,3344.55,False,20.7298,2,0.2,-
2023-04-25,FEZ,5,42.07150650024414,12.25,-,3,False,0.35,0.35,0.1,0.098369,0.034429,3442.92,False,18.6138,1,0.2,-
2023-04-26,EWL,1,44.8792724609375,15.0,LIME,2,False,0.55,0.55,0.35,0.346264,0.190445,19044.52,False,14.9601,1,0.2,-
2023-04-26,XLP,2,70.20683288574219,14.25,-,2,False,0.5,0.5,0.3,0.312419,0.156209,15620.93,False,10.5484,0,0.2,-
2023-04-26,EWQ,3,36.00367736816406,12.0,-,3,False,0.35,0.35,0.25,0.247331,0.086566,8656.6,False,18.1139,1,0.2,-
2023-04-26,FEZ,4,42.17251205444336,12.0,-,3,False,0.35,0.35,0.1,0.093986,0.032895,3289.51,False,18.591,1,0.2,-
2023-04-27,XLP,1,70.99018096923828,14.25,-,1,False,0.55,0.55,0.35,0.361757,0.198966,19896.64,False,10.7162,0,0.3,-
2023-04-27,EWL,2,44.96393203735352,13.75,-,2,False,0.45,0.45,0.3,0.294574,0.132558,13255.81,False,14.9019,1,0.3,-
2023-04-27,EWQ,3,36.46243667602539,11.75,-,1,False,0.35,0.35,0.25,0.245478,0.085917,8591.73,False,18.2641,0,0.3,-
2023-04-27,FEZ,4,42.69587707519531,11.75,-,1,False,0.35,0.35,0.1,0.098191,0.034367,3436.69,False,18.7278,0,0.3,-
2023-04-28,XLP,1,71.36804962158203,14.25,LIME,1,False,0.55,0.55,0.33,0.335025,0.184264,18426.4,False,10.7232,0,0.4,-
2023-04-28,EWL,2,45.23672866821289,13.0,-,1,False,0.5,0.5,0.27,0.274112,0.137056,13705.58,False,14.9081,0,0.4,-
2023-04-28,EIDO,3,22.08720970153809,12.75,LIME,1,False,0.4,0.4,0.2,0.203046,0.081218,8121.83,False,13.9489,0,0.4,-
2023-04-28,EWQ,4,36.30645751953125,11.0,-,1,False,0.4,0.35,0.1,0.096447,0.038579,3857.87,False,18.2728,0,0.4,-
2023-04-28,FEZ,5,42.53060531616211,11.0,-,1,False,0.4,0.35,0.1,0.091371,0.036548,3654.82,False,18.7073,0,0.4,-
2023-05-01,EIDO,1,22.02474594116211,15.5,LIME,1,False,0.85,0.6,0.31,0.312815,0.265893,26589.3,False,13.7893,0,0.85,LIME
2023-05-01,XLP,2,71.42333221435547,14.25,LIME,1,False,0.85,0.55,0.25,0.25227,0.21443,21442.99,False,10.7233,0,0.85,LIME
2023-05-01,EWG,3,27.5044002532959,13.75,-,1,False,0.85,0.5,0.16,0.161453,0.137235,13723.51,False,18.1842,0,0.85,LIME
2023-05-01,EWL,4,45.23672866821289,12.25,-,1,False,0.85,0.4,0.1,0.100908,0.085772,8577.19,False,14.8826,0,0.85,LIME
2023-05-01,EWQ,5,36.31563186645508,11.75,-,1,False,0.85,0.35,0.1,0.095863,0.081483,8148.34,False,18.2202,0,0.85,LIME
2023-05-01,FEZ,6,42.44797134399414,11.25,-,2,False,0.85,0.3,0.08,0.07669,0.065187,6518.67,False,18.5949,0,0.85,LIME
2023-05-02,XLP,1,71.22979736328125,15.0,LIME,1,False,0.85,0.6,0.33,0.348561,0.296277,29627.67,False,10.5626,0,0.85,LIME
2023-05-02,EIDO,2,21.64100646972656,15.0,LIME,2,False,0.85,0.55,0.27,0.270927,0.230288,23028.78,False,14.2461,1,0.85,LIME
2023-05-02,EWW,3,55.01787185668945,12.75,LIME,1,False,0.85,0.4,0.2,0.179562,0.152627,15262.74,False,21.7838,0,0.85,LIME
2023-05-02,EWL,4,45.18969345092773,12.5,-,1,False,0.85,0.4,0.1,0.105625,0.089781,8978.08,False,14.7996,0,0.85,LIME
2023-05-02,EWG,5,27.13991928100586,13.25,-,3,False,0.85,0.45,0.1,0.095326,0.081027,8102.72,False,18.3626,1,0.85,LIME
2023-05-03,EWW,1,55.045040130615234,15.5,LIME,1,False,0.6,0.6,0.33,0.301451,0.18087,18087.05,False,21.3429,0,0.3,-
2023-05-03,EWL,2,45.66003036499024,13.75,-,1,False,0.5,0.5,0.27,0.290167,0.145083,14508.33,False,14.8997,0,0.3,-
2023-05-03,XLP,3,70.64920806884766,13.75,-,3,False,0.45,0.45,0.2,0.214938,0.096722,9672.22,False,10.6116,0,0.3,-
2023-05-03,EIDO,4,21.5428409576416,12.75,-,3,False,0.35,0.35,0.1,0.091349,0.031972,3197.21,False,13.943,2,0.3,-
2023-05-03,EWG,5,27.28944969177246,12.0,-,3,False,0.35,0.35,0.1,0.102096,0.035733,3573.35,False,18.0834,0,0.3,-
2023-05-04,EWW,1,54.87292098999024,14.75,LIME,2,False,0.2,0.2,0.45,0.415761,0.083152,8315.22,False,20.8345,0,0.1,PURPLE
2023-05-04,EWL,2,45.584774017333984,14.5,-,1,False,0.22,0.22,0.3,0.326087,0.071739,7173.91,False,14.8654,0,0.1,PURPLE
2023-05-04,XLP,3,70.4740982055664,11.75,-,3,False,0.2,0.2,0.25,0.258152,0.05163,5163.04,False,10.4655,1,0.1,PURPLE
2023-05-05,EWL,1,45.81993865966797,15.25,-,1,False,0.6,0.6,0.35,0.364583,0.21875,21875.0,False,14.8435,0,0.2,-
2023-05-05,EWW,2,55.488956451416016,14.75,LIME,1,False,0.55,0.55,0.3,0.296875,0.163281,16328.13,False,20.7867,0,0.2,-
2023-05-05,SLV,3,23.56999969482422,14.0,-,1,True,1.0,,0.25,0.234375,0.234375,23437.5,False,24.869,0,0.2,-
2023-05-05,XLP,4,71.12842559814453,11.0,-,1,False,0.35,0.35,0.1,0.104167,0.036458,3645.83,False,10.5618,0,0.2,-
2023-05-08,EWL,1,45.93282318115234,16.0,-,1,False,0.6,0.6,0.45,0.455696,0.273418,27341.77,False,14.78,0,0.3,-
2023-05-08,EWW,2,55.52519607543945,14.75,LIME,1,False,0.55,0.55,0.3,0.303797,0.167089,16708.86,False,20.6838,0,0.3,-
2023-05-08,SLV,3,23.489999771118164,13.75,-,2,True,1.0,,0.25,0.240506,0.240506,24050.63,False,24.8591,0,0.3,-
2023-05-09,EWL,1,45.80112838745117,16.0,-,1,False,0.6,0.6,0.45,0.455696,0.273418,27341.77,False,14.7421,0,0.2,-
2023-05-09,EWW,2,56.04158782958984,14.75,LIME,1,False,0.55,0.55,0.3,0.303797,0.167089,16708.86,False,20.7254,0,0.2,-
2023-05-09,SLV,3,23.479999542236328,13.25,-,2,True,1.0,,0.25,0.240506,0.240506,24050.63,False,24.8227,0,0.2,-
2023-05-10,EWW,1,56.974700927734375,16.0,LIME,1,False,0.85,0.6,0.35,0.338422,0.287659,28765.9,False,20.8516,0,0.85,LIME
2023-05-10,QQQ,2,319.4732666015625,16.0,LIME,1,False,0.85,0.6,0.3,0.305344,0.259542,25954.2,False,18.4044,0,0.85,LIME
2023-05-10,VUG,3,250.41168212890625,16.0,LIME,1,False,0.85,0.6,0.25,0.254453,0.216285,21628.5,False,18.3045,0,0.85,LIME
2023-05-10,EWL,4,45.50011444091797,14.5,-,2,False,0.85,0.5,0.1,0.101781,0.086514,8651.4,False,14.8048,0,0.85,LIME
2023-05-11,EWW,1,56.35866165161133,16.0,LIME,1,False,0.85,0.6,0.33,0.31876,0.270946,27094.56,False,21.0016,0,0.85,LIME
2023-05-11,QQQ,2,320.51470947265625,16.0,LIME,1,False,0.85,0.6,0.27,0.27453,0.23335,23335.03,False,18.2966,0,0.85,LIME
2023-05-11,XLK,3,74.025390625,16.0,LIME,1,False,0.85,0.6,0.2,0.203355,0.172852,17285.21,False,19.2129,0,0.85,LIME
2023-05-11,VUG,4,250.5987548828125,16.0,LIME,1,False,0.85,0.6,0.1,0.101678,0.086426,8642.6,False,18.1825,0,0.85,LIME
2023-05-11,EWL,5,45.547149658203125,12.25,-,3,False,0.85,0.35,0.1,0.101678,0.086426,8642.6,False,14.5531,0,0.85,LIME
2023-05-12,EWW,1,56.277122497558594,16.0,LIME,1,False,0.85,0.6,0.35,0.338422,0.287659,28765.9,False,21.0063,0,0.85,LIME
2023-05-12,QQQ,2,319.36505126953125,16.0,LIME,1,False,0.85,0.6,0.3,0.305344,0.259542,25954.2,False,18.254,0,0.85,LIME
2023-05-12,VUG,3,249.7814178466797,16.0,LIME,1,False,0.85,0.6,0.25,0.254453,0.216285,21628.5,False,18.1399,0,0.85,LIME
2023-05-12,XLK,4,73.92744445800781,14.5,LIME,2,False,0.85,0.5,0.1,0.101781,0.086514,8651.4,False,19.1836,0,0.85,LIME
2023-05-15,EWW,1,57.19213104248047,16.0,LIME,1,False,0.85,0.6,0.33,0.31876,0.270946,27094.56,False,21.0727,0,0.85,LIME
2023-05-15,QQQ,2,321.09442138671875,16.0,LIME,1,False,0.85,0.6,0.27,0.27453,0.23335,23335.03,False,18.0303,0,0.85,LIME
2023-05-15,EWJ,3,55.43318176269531,16.0,LIME,1,False,0.85,0.6,0.2,0.203355,0.172852,17285.21,False,13.8068,0,0.85,LIME
2023-05-15,VUG,4,250.74642944335932,16.0,LIME,1,False,0.85,0.6,0.1,0.101678,0.086426,8642.6,False,17.9314,0,0.85,LIME
2023-05-15,XLK,5,74.53962707519531,14.5,LIME,1,False,0.85,0.55,0.1,0.101678,0.086426,8642.6,False,18.9603,0,0.85,LIME
2023-05-16,QQQ,1,321.4580078125,16.0,LIME,1,False,0.85,0.6,0.33,0.334516,0.284339,28433.86,False,17.9865,0,0.85,LIME
2023-05-16,EWW,2,56.84786987304688,16.0,LIME,1,False,0.85,0.6,0.27,0.26001,0.221009,22100.86,False,21.1275,0,0.85,LIME
2023-05-16,EWJ,3,55.32333755493164,16.0,LIME,1,False,0.85,0.6,0.2,0.202737,0.172326,17232.64,False,13.7695,0,0.85,LIME
2023-05-16,VUG,4,250.3722686767578,15.0,LIME,2,False,0.85,0.55,0.1,0.101368,0.086163,8616.32,False,17.9129,0,0.85,LIME
2023-05-16,XLK,5,74.61798858642578,14.5,LIME,1,False,0.85,0.55,0.1,0.101368,0.086163,8616.32,False,18.9494,0,0.85,LIME
2023-05-17,QQQ,1,325.34893798828125,16.0,LIME,1,False,0.85,0.6,0.31,0.313765,0.2667,26670.04,False,18.074,0,0.85,LIME
2023-05-17,EWJ,2,55.6986198425293,16.0,LIME,1,False,0.85,0.6,0.25,0.253036,0.215081,21508.1,False,13.6502,0,0.85,LIME
2023-05-17,BOTZ,3,25.638118743896484,15.0,LIME,1,False,0.85,0.6,0.16,0.153846,0.130769,13076.92,False,20.9504,0,0.85,LIME
2023-05-17,VUG,4,253.4938201904297,15.0,LIME,1,False,0.85,0.6,0.1,0.101215,0.086032,8603.24,False,18.0068,0,0.85,LIME
2023-05-17,XLK,5,75.61219024658203,14.5,LIME,1,False,0.85,0.55,0.1,0.101215,0.086032,8603.24,False,19.0948,0,0.85,LIME
2023-05-17,EWW,6,56.48550033569336,14.5,LIME,2,False,0.85,0.5,0.08,0.076923,0.065385,6538.46,False,21.1678,0,0.85,LIME
2023-05-18,XLK,1,77.1597900390625,16.0,LIME,1,False,0.85,0.6,0.31,0.315201,0.267921,26792.07,False,19.0993,0,0.85,LIME
2023-05-18,BOTZ,2,26.16275978088379,16.0,LIME,1,False,0.85,0.6,0.25,0.241484,0.205262,20526.18,False,21.0857,0,0.85,LIME
2023-05-18,QQQ,3,331.39178466796875,16.0,LIME,1,False,0.85,0.6,0.16,0.162684,0.138282,13828.16,False,17.9414,0,0.85,LIME
2023-05-18,EWJ,4,55.70777893066406,16.0,LIME,1,False,0.85,0.6,0.1,0.101678,0.086426,8642.6,False,13.623,0,0.85,LIME
2023-05-18,VUG,5,257.521240234375,15.0,LIME,1,False,0.85,0.6,0.1,0.101678,0.086426,8642.6,False,17.7947,0,0.85,LIME
2023-05-18,EWW,6,56.31336975097656,12.25,LIME,3,False,0.85,0.35,0.08,0.077275,0.065684,6568.38,False,21.004,0,0.85,LIME
2023-05-19,BOTZ,1,26.311241149902344,16.0,LIME,1,False,0.85,0.6,0.33,0.31876,0.270946,27094.56,False,20.8108,0,0.85,LIME
2023-05-19,XLK,2,77.12550354003906,16.0,LIME,1,False,0.85,0.6,0.27,0.27453,0.23335,23335.03,False,18.8833,0,0.85,LIME
2023-05-19,QQQ,3,330.64501953125,16.0,LIME,1,False,0.85,0.6,0.2,0.203355,0.172852,17285.21,False,17.8709,0,0.85,LIME
2023-05-19,EWJ,4,55.799312591552734,16.0,LIME,1,False,0.85,0.6,0.1,0.101678,0.086426,8642.6,False,13.6204,0,0.85,LIME
2023-05-19,VUG,5,256.7532043457031,15.0,LIME,1,False,0.85,0.6,0.1,0.101678,0.086426,8642.6,False,17.7047,0,0.85,LIME
2023-05-22,XLC,1,59.969383239746094,16.0,LIME,1,False,0.85,0.6,0.31,0.302984,0.257536,25753.6,False,21.2472,0,0.85,LIME
2023-05-22,BOTZ,2,26.568613052368164,16.0,LIME,1,False,0.85,0.6,0.25,0.244342,0.20769,20769.03,False,19.979,0,0.85,LIME
2023-05-22,XLK,3,77.27243041992188,16.0,LIME,1,False,0.85,0.6,0.16,0.164609,0.139918,13991.77,False,18.1447,0,0.85,LIME
2023-05-22,QQQ,4,331.75537109375,16.0,LIME,1,False,0.85,0.6,0.1,0.102881,0.087449,8744.86,False,17.1029,0,0.85,LIME
2023-05-22,VUG,5,257.4424743652344,16.0,LIME,1,False,0.85,0.6,0.1,0.102881,0.087449,8744.86,False,16.8863,0,0.85,LIME
2023-05-22,EWJ,6,56.04645538330078,16.0,LIME,1,False,0.85,0.6,0.08,0.082305,0.069959,6995.88,False,13.361,0,0.85,LIME
2023-05-23,XLC,1,59.2242317199707,15.0,LIME,2,False,0.8,0.55,0.31,0.303452,0.242761,24276.15,False,21.4499,0,0.8,LIME
2023-05-23,XLK,2,76.13130950927734,15.0,LIME,2,False,0.8,0.55,0.25,0.257599,0.206079,20607.93,False,18.4523,0,0.8,LIME
2023-05-23,QQQ,3,327.54986572265625,15.0,LIME,2,False,0.8,0.55,0.16,0.164863,0.131891,13189.08,False,17.3606,0,0.8,LIME
2023-05-23,BOTZ,4,25.95488166809082,15.0,LIME,2,False,0.8,0.55,0.1,0.097888,0.07831,7831.01,False,20.6194,0,0.8,LIME
2023-05-23,VUG,5,253.4642639160156,14.75,LIME,2,False,0.8,0.5,0.1,0.097888,0.07831,7831.01,False,17.2404,1,0.8,LIME
2023-05-23,EWJ,6,55.24095153808594,14.0,LIME,3,False,0.8,0.5,0.08,0.07831,0.062648,6264.81,False,13.6157,1,0.8,LIME
2023-05-24,XLC,1,58.95327377319336,14.0,LIME,2,False,0.8,0.5,0.33,0.33,0.264,26400.0,False,21.4494,0,0.8,LIME
2023-05-24,QQQ,2,325.86968994140625,14.0,LIME,2,False,0.8,0.5,0.27,0.27,0.216,21600.0,False,17.3656,1,0.8,LIME
2023-05-24,BOTZ,3,25.875688552856445,14.0,LIME,2,False,0.8,0.5,0.2,0.2,0.16,16000.0,False,20.1629,0,0.8,LIME
2023-05-24,XLK,4,75.57301330566406,13.0,LIME,3,False,0.8,0.45,0.1,0.1,0.08,8000.0,False,18.3136,1,0.8,LIME
2023-05-24,VUG,5,252.0758056640625,12.5,LIME,3,False,0.8,0.35,0.1,0.1,0.08,8000.0,False,17.2454,1,0.8,LIME
2023-05-25,GREK,1,30.63573455810547,15.75,LIME,1,False,0.85,0.6,0.31,0.27635,0.234898,23489.77,False,30.6932,0,0.85,LIME
2023-05-25,QQQ,2,333.7991027832031,14.0,LIME,1,False,0.85,0.55,0.25,0.262192,0.222863,22286.31,False,17.5209,0,0.85,LIME
2023-05-25,BOTZ,3,26.65770149230957,14.0,LIME,1,False,0.85,0.55,0.16,0.167803,0.142632,14263.24,False,20.8157,0,0.85,LIME
2023-05-25,XLK,4,78.47230529785156,13.0,LIME,1,False,0.85,0.5,0.1,0.104877,0.089145,8914.53,False,19.2869,0,0.85,LIME
2023-05-25,XLC,5,58.95327377319336,12.25,LIME,2,False,0.85,0.35,0.1,0.104877,0.089145,8914.53,False,21.2084,0,0.85,LIME
2023-05-25,VUG,6,256.7826843261719,11.75,LIME,1,False,0.85,0.35,0.08,0.083901,0.071316,7131.62,False,17.1632,0,0.85,LIME
2023-05-26,GREK,1,31.12102508544922,15.75,LIME,1,False,0.85,0.6,0.31,0.27635,0.234898,23489.77,False,30.6062,0,0.85,LIME
2023-05-26,QQQ,2,342.3277893066406,14.0,LIME,1,False,0.85,0.55,0.25,0.262192,0.222863,22286.31,False,18.0964,0,0.85,LIME
2023-05-26,BOTZ,3,27.11305046081543,14.0,LIME,1,False,0.85,0.55,0.16,0.167803,0.142632,14263.24,False,20.9087,0,0.85,LIME
2023-05-26,XLK,4,80.70066833496094,13.0,LIME,1,False,0.85,0.5,0.1,0.104877,0.089145,8914.53,False,19.9547,0,0.85,LIME
2023-05-26,XLC,5,60.15324401855469,12.25,LIME,1,False,0.85,0.4,0.1,0.104877,0.089145,8914.53,False,21.5142,0,0.85,LIME
2023-05-26,VUG,6,261.6176147460937,11.75,LIME,1,False,0.85,0.35,0.08,0.083901,0.071316,7131.62,False,17.4622,0,0.85,LIME
2023-05-30,QQQ,1,343.8803100585937,15.0,LIME,1,False,0.85,0.6,0.31,0.317623,0.26998,26997.95,False,18.0804,0,0.85,LIME
2023-05-30,BOTZ,2,27.499107360839844,15.0,LIME,1,False,0.85,0.6,0.25,0.256148,0.217725,21772.54,False,21.031,0,0.85,LIME
2023-05-30,GREK,3,30.923309326171875,15.75,LIME,1,False,0.85,0.6,0.16,0.139344,0.118443,11844.26,False,30.64,0,0.85,LIME
2023-05-30,XLK,4,81.13162994384766,14.0,LIME,1,False,0.85,0.55,0.1,0.102459,0.08709,8709.02,False,19.9308,0,0.85,LIME
2023-05-30,XLC,5,60.2500114440918,13.25,LIME,1,False,0.85,0.5,0.1,0.102459,0.08709,8709.02,False,21.5143,0,0.85,LIME
2023-05-30,VUG,6,262.5531311035156,13.0,LIME,1,False,0.85,0.5,0.08,0.081967,0.069672,6967.21,False,17.4508,0,0.85,LIME
2023-05-31,SMH,1,142.38912963867188,16.0,LIME,1,False,0.85,0.6,0.31,0.27635,0.234898,23489.77,False,31.1663,0,0.85,LIME
2023-05-31,XLK,2,80.4557876586914,16.0,LIME,1,False,0.85,0.6,0.25,0.262192,0.222863,22286.31,False,19.9534,0,0.85,LIME
2023-05-31,QQQ,3,341.9249267578125,16.0,LIME,1,False,0.85,0.6,0.16,0.167803,0.142632,14263.24,False,18.0287,0,0.85,LIME
2023-05-31,BOTZ,4,27.00416374206543,16.0,LIME,1,False,0.85,0.6,0.1,0.104877,0.089145,8914.53,False,21.4354,0,0.85,LIME
2023-05-31,VUG,5,261.00714111328125,15.25,LIME,1,False,0.85,0.6,0.1,0.104877,0.089145,8914.53,False,17.4098,0,0.85,LIME
2023-05-31,XLC,6,60.23066329956055,14.25,LIME,1,False,0.85,0.55,0.08,0.083901,0.071316,7131.62,False,21.4227,0,0.85,LIME
2023-06-01,SMH,1,144.52993774414062,16.0,LIME,1,False,0.85,0.6,0.31,0.27635,0.234898,23489.77,False,31.2367,0,0.85,LIME
2023-06-01,XLK,2,81.273681640625,16.0,LIME,1,False,0.85,0.6,0.25,0.262192,0.222863,22286.31,False,19.9178,0,0.85,LIME
2023-06-01,QQQ,3,345.8748779296875,16.0,LIME,1,False,0.85,0.6,0.16,0.167803,0.142632,14263.24,False,18.0801,0,0.85,LIME
2023-06-01,XLC,4,61.04353713989258,16.0,LIME,1,False,0.85,0.6,0.1,0.104877,0.089145,8914.53,False,21.4904,0,0.85,LIME
2023-06-01,BOTZ,5,27.5387020111084,16.0,LIME,1,False,0.85,0.6,0.1,0.104877,0.089145,8914.53,False,21.7161,0,0.85,LIME
2023-06-01,VUG,6,264.19757080078125,16.0,LIME,1,False,0.85,0.6,0.08,0.083901,0.071316,7131.62,False,17.4606,0,0.85,LIME
2023-06-02,XLK,1,81.73893737792969,16.0,LIME,1,False,0.85,0.6,0.31,0.313765,0.2667,26670.04,False,19.5735,0,0.85,LIME
2023-06-02,QQQ,2,348.4688415527344,16.0,LIME,1,False,0.85,0.6,0.25,0.253036,0.215081,21508.1,False,17.7447,0,0.85,LIME
2023-06-02,BOTZ,3,27.93465805053711,16.0,LIME,1,False,0.85,0.6,0.16,0.161943,0.137652,13765.18,False,21.0649,0,0.85,LIME
2023-06-02,XLC,4,61.12095642089844,16.0,LIME,1,False,0.85,0.6,0.1,0.101215,0.086032,8603.24,False,21.1379,0,0.85,LIME
2023-06-02,VUG,5,267.1615905761719,16.0,LIME,1,False,0.85,0.6,0.1,0.101215,0.086032,8603.24,False,17.1429,0,0.85,LIME
2023-06-02,SMH,6,144.17478942871094,14.75,LIME,2,False,0.85,0.5,0.08,0.068826,0.058502,5850.2,False,31.1858,0,0.85,LIME
2023-06-05,QQQ,1,348.7144775390625,16.0,LIME,1,False,0.85,0.6,0.31,0.313765,0.2667,26670.04,False,17.7465,0,0.85,LIME
2023-06-05,XLK,2,81.2687759399414,16.0,LIME,1,False,0.85,0.6,0.25,0.253036,0.215081,21508.1,False,19.6453,0,0.85,LIME
2023-06-05,BOTZ,3,28.152433395385746,16.0,LIME,1,False,0.85,0.6,0.16,0.161943,0.137652,13765.18,False,21.0449,0,0.85,LIME
2023-06-05,XLC,4,61.27579116821289,16.0,LIME,1,False,0.85,0.6,0.1,0.101215,0.086032,8603.24,False,21.1323,0,0.85,LIME
2023-06-05,VUG,5,266.7677001953125,16.0,LIME,1,False,0.85,0.6,0.1,0.101215,0.086032,8603.24,False,17.1575,0,0.85,LIME
2023-06-05,SMH,6,142.369384765625,13.0,LIME,2,False,0.85,0.45,0.08,0.068826,0.058502,5850.2,False,31.2503,0,0.85,LIME
2023-06-06,QQQ,1,348.6555480957031,16.0,LIME,1,False,0.85,0.6,0.31,0.313765,0.2667,26670.04,False,17.4935,0,0.85,LIME
2023-06-06,BOTZ,2,28.3900089263916,16.0,LIME,1,False,0.85,0.6,0.25,0.253036,0.215081,21508.1,False,20.731,0,0.85,LIME
2023-06-06,XLK,3,81.2491683959961,16.0,LIME,1,False,0.85,0.6,0.16,0.161943,0.137652,13765.18,False,19.4132,0,0.85,LIME
2023-06-06,XLC,4,61.52740097045898,16.0,LIME,1,False,0.85,0.6,0.1,0.101215,0.086032,8603.24,False,20.977,0,0.85,LIME
2023-06-06,VUG,5,267.2600402832031,16.0,LIME,1,False,0.85,0.6,0.1,0.101215,0.086032,8603.24,False,16.8619,0,0.85,LIME
2023-06-06,SMH,6,143.3756866455078,12.25,LIME,1,False,0.85,0.4,0.08,0.068826,0.058502,5850.2,False,31.1285,0,0.85,LIME
2023-06-07,XLY,1,77.10460662841797,16.0,GREEN,1,False,0.6,0.6,0.31,0.315522,0.189313,18931.3,False,19.8439,0,0.2,-
2023-06-07,CARZ,2,50.6524772644043,16.0,LIME,1,False,0.6,0.6,0.25,0.24173,0.145038,14503.82,False,23.6561,0,0.2,-
2023-06-07,VOO,3,376.5393371582031,16.0,LIME,1,False,0.6,0.6,0.16,0.16285,0.09771,9770.99,False,14.1477,0,0.2,-
2023-06-07,QQQ,4,342.7404479980469,15.0,-,2,False,0.55,0.55,0.1,0.096692,0.053181,5318.07,False,17.9348,1,0.2,-
2023-06-07,XLC,5,60.8403205871582,15.0,LIME,2,False,0.55,0.55,0.1,0.101781,0.05598,5597.96,False,21.1552,0,0.2,-
2023-06-07,BOTZ,6,27.71688461303711,15.0,LIME,2,False,0.55,0.55,0.08,0.081425,0.044784,4478.37,False,21.3186,0,0.2,-
2023-06-08,XLY,1,78.24630737304688,16.0,GREEN,1,False,0.6,0.6,0.31,0.319094,0.191457,19145.65,False,19.3193,0,0.2,-
2023-06-08,CARZ,2,51.35943603515625,16.0,LIME,1,False,0.6,0.6,0.25,0.244467,0.14668,14668.04,False,23.0177,0,0.2,-
2023-06-08,EWZ,3,26.29863739013672,15.5,LIME,1,False,0.6,0.6,0.16,0.148224,0.088935,8893.46,False,26.9417,0,0.2,-
2023-06-08,VOO,4,378.7966003417969,16.0,LIME,1,False,0.6,0.6,0.1,0.102934,0.06176,6176.02,False,13.6127,0,0.2,-
2023-06-08,XLC,5,61.14999008178711,14.0,LIME,2,False,0.5,0.5,0.1,0.102934,0.051467,5146.68,False,20.542,0,0.2,-
2023-06-08,BOTZ,6,27.92475891113281,14.0,LIME,2,False,0.5,0.5,0.08,0.082347,0.041173,4117.34,False,20.9903,0,0.2,-
2023-06-09,EWZ,1,26.78172492980957,15.75,LIME,1,False,0.6,0.6,0.31,0.290323,0.174194,17419.35,False,26.5513,0,0.3,-
2023-06-09,XLY,2,78.65128326416016,16.0,GREEN,1,False,0.6,0.6,0.25,0.260146,0.156087,15608.74,False,19.1646,0,0.3,-
2023-06-09,CARZ,3,51.62693405151367,16.0,LIME,1,False,0.6,0.6,0.16,0.158169,0.094901,9490.11,False,22.7079,0,0.3,-
2023-06-09,VOO,4,379.4305419921875,16.0,LIME,1,False,0.6,0.6,0.1,0.104058,0.062435,6243.5,False,13.2238,0,0.3,-
2023-06-09,BOTZ,5,28.05344581604004,13.75,-,1,False,0.5,0.5,0.1,0.104058,0.052029,5202.91,False,20.4072,0,0.3,-
2023-06-09,XLC,6,61.16933822631836,12.75,LIME,2,False,0.35,0.35,0.08,0.083247,0.029136,2913.63,False,20.2553,0,0.3,-
2023-06-12,EWZ,1,26.88342666625977,16.0,LIME,1,False,0.85,0.6,0.31,0.306931,0.260891,26089.11,False,26.2823,0,0.85,LIME
2023-06-12,GREK,2,32.31624984741211,16.0,LIME,1,False,0.85,0.6,0.25,0.234497,0.199323,19932.26,False,29.7991,0,0.85,LIME
2023-06-12,CARZ,3,52.65871047973633,16.0,LIME,1,False,0.85,0.6,0.16,0.166754,0.14174,14174.05,False,22.9674,0,0.85,LIME
2023-06-12,XLY,4,80.00279235839844,16.0,GREEN,1,False,0.85,0.6,0.1,0.104221,0.088588,8858.78,False,19.3859,0,0.85,LIME
2023-06-12,VOO,5,382.917236328125,16.0,LIME,1,False,0.85,0.6,0.1,0.104221,0.088588,8858.78,False,13.2856,0,0.85,LIME
2023-06-12,BOTZ,6,28.518693923950195,13.75,-,1,False,0.85,0.5,0.08,0.083377,0.07087,7087.02,False,20.5755,0,0.85,LIME
2023-06-13,GREK,1,32.58585357666016,16.0,LIME,1,False,0.85,0.6,0.31,0.291688,0.247935,24793.52,False,28.7366,0,0.85,LIME
2023-06-13,EWZ,2,26.75630187988281,16.0,LIME,1,False,0.85,0.6,0.25,0.248301,0.211056,21105.59,False,26.3302,0,0.85,LIME
2023-06-13,CARZ,3,53.79557418823242,16.0,LIME,1,False,0.85,0.6,0.16,0.167277,0.142185,14218.5,False,23.0665,0,0.85,LIME
2023-06-13,XLY,4,80.83224487304688,16.0,GREEN,1,False,0.85,0.6,0.1,0.104548,0.088866,8886.57,False,19.2342,0,0.85,LIME
2023-06-13,VOO,5,385.443359375,16.0,LIME,1,False,0.85,0.6,0.1,0.104548,0.088866,8886.57,False,12.9852,0,0.85,LIME
2023-06-13,BOTZ,6,29.003738403320312,14.75,-,1,False,0.85,0.55,0.08,0.083638,0.071093,7109.25,False,20.5714,0,0.85,LIME
2023-06-14,GREK,1,32.72964096069336,16.0,LIME,1,False,0.85,0.6,0.31,0.302984,0.257536,25753.6,False,24.7949,0,0.85,LIME
2023-06-14,EWZ,2,27.49364471435547,16.0,LIME,1,False,0.85,0.6,0.25,0.244342,0.20769,20769.03,False,26.5599,0,0.85,LIME
2023-06-14,CARZ,3,54.16816329956055,16.0,LIME,1,False,0.85,0.6,0.16,0.164609,0.139918,13991.77,False,22.8719,0,0.85,LIME
2023-06-14,XLY,4,80.77369689941406,16.0,GREEN,1,False,0.85,0.6,0.1,0.102881,0.087449,8744.86,False,19.228,0,0.85,LIME
2023-06-14,BOTZ,5,29.12252426147461,15.75,LIME,1,False,0.85,0.6,0.1,0.102881,0.087449,8744.86,False,19.846,0,0.85,LIME
2023-06-14,VOO,6,385.74114990234375,16.0,LIME,1,False,0.85,0.6,0.08,0.082305,0.069959,6995.88,False,12.8854,0,0.85,LIME
2023-06-15,EWZ,1,27.68010330200196,16.0,LIME,1,False,0.85,0.6,0.31,0.291688,0.247935,24793.52,False,26.3406,0,0.85,LIME
2023-06-15,GREK,2,33.0441780090332,16.0,LIME,1,False,0.85,0.6,0.25,0.248301,0.211056,21105.59,False,24.7667,0,0.85,LIME
2023-06-15,BOTZ,3,29.419492721557617,16.0,LIME,1,False,0.85,0.6,0.16,0.167277,0.142185,14218.5,False,18.803,0,0.85,LIME
2023-06-15,CARZ,4,54.21592712402344,16.0,LIME,1,False,0.85,0.6,0.1,0.104548,0.088866,8886.57,False,22.1201,0,0.85,LIME
2023-06-15,XLY,5,81.30064392089844,16.0,GREEN,1,False,0.85,0.6,0.1,0.104548,0.088866,8886.57,False,18.9907,0,0.85,LIME
2023-06-15,VOO,6,390.687744140625,16.0,LIME,1,False,0.85,0.6,0.08,0.083638,0.071093,7109.25,False,12.7076,0,0.85,LIME
2023-06-16,EWZ,1,27.39194107055664,16.0,LIME,1,False,0.85,0.6,0.31,0.290323,0.246774,24677.42,False,26.1467,0,0.85,LIME
2023-06-16,BOTZ,2,29.29080581665039,16.0,LIME,1,False,0.85,0.6,0.25,0.260146,0.221124,22112.38,False,18.6844,0,0.85,LIME
2023-06-16,GREK,3,33.15201568603516,16.0,LIME,1,False,0.85,0.6,0.16,0.158169,0.134443,13444.33,False,24.1822,0,0.85,LIME
2023-06-16,CARZ,4,53.77646255493164,16.0,LIME,1,False,0.85,0.6,0.1,0.104058,0.08845,8844.95,False,22.0441,0,0.85,LIME
2023-06-16,XLY,5,81.17866516113281,16.0,GREEN,1,False,0.85,0.6,0.1,0.104058,0.08845,8844.95,False,18.7535,0,0.85,LIME
2023-06-16,VOO,6,389.2469482421875,16.0,LIME,1,False,0.85,0.6,0.08,0.083247,0.07076,7075.96,False,12.4915,0,0.85,LIME
2023-06-20,EWZ,1,27.73095321655273,16.0,LIME,1,False,0.6,0.6,0.31,0.289419,0.173651,17365.15,False,26.1065,0,0.2,-
2023-06-20,QQQ,2,360.9999084472656,16.0,-,1,False,0.6,0.6,0.25,0.259336,0.155602,15560.17,False,16.5007,0,0.2,-
2023-06-20,XLY,3,81.78683471679688,16.0,LIME,1,False,0.6,0.6,0.16,0.165975,0.099585,9958.51,False,18.7753,0,0.2,-
2023-06-20,GREK,4,32.76559066772461,15.0,LIME,2,False,0.55,0.55,0.1,0.098548,0.054201,5420.12,False,24.1862,0,0.2,-
2023-06-20,BOTZ,5,28.98394203186035,15.0,-,2,False,0.55,0.55,0.1,0.103734,0.057054,5705.39,False,18.808,0,0.2,-
2023-06-20,CARZ,6,53.40388488769531,15.0,LIME,2,False,0.55,0.55,0.08,0.082988,0.045643,4564.32,False,22.1066,0,0.2,-
2023-06-21,EWZ,1,28.112335205078125,16.0,LIME,1,False,0.6,0.6,0.31,0.279279,0.167568,16756.76,False,26.1755,0,0.2,-
2023-06-21,DBA,2,19.623682022094727,16.0,LIME,1,True,1.0,,0.25,0.264971,0.264971,26497.09,False,11.8868,0,0.2,-
2023-06-21,INDA,3,42.77056884765625,16.0,LIME,1,False,0.6,0.6,0.16,0.169581,0.101749,10174.88,False,8.3691,0,0.2,-
2023-06-21,GREK,4,33.259857177734375,15.0,LIME,1,False,0.6,0.6,0.1,0.09539,0.057234,5723.37,False,23.0269,0,0.2,-
2023-06-21,XLY,5,80.80416870117188,14.5,LIME,2,False,0.5,0.5,0.1,0.105988,0.052994,5299.42,False,18.3094,0,0.2,-
2023-06-21,QQQ,6,356.080322265625,14.25,-,2,False,0.5,0.5,0.08,0.084791,0.042395,4239.53,False,16.6657,0,0.2,-
2023-06-22,EWZ,1,27.78180313110352,16.0,LIME,1,False,0.6,0.6,0.31,0.279279,0.167568,16756.76,False,26.2966,0,0.2,-
2023-06-22,DBA,2,19.46406936645508,16.0,LIME,1,True,1.0,,0.25,0.264971,0.264971,26497.09,False,12.0052,0,0.2,-
2023-06-22,XLY,3,81.83573150634766,14.5,LIME,1,False,0.55,0.55,0.16,0.169581,0.09327,9326.97,False,17.7432,0,0.2,-
2023-06-22,GREK,4,32.95431137084961,14.0,LIME,2,False,0.5,0.5,0.1,0.09539,0.047695,4769.48,False,22.7275,0,0.2,-
2023-06-22,INDA,5,42.65142822265625,14.75,LIME,2,False,0.5,0.5,0.1,0.105988,0.052994,5299.42,False,8.3734,0,0.2,-
2023-06-22,QQQ,6,360.2816162109375,13.0,-,2,False,0.45,0.45,0.08,0.084791,0.038156,3815.58,False,16.44,0,0.2,-
2023-06-23,EWZ,1,27.70552444458008,15.0,LIME,2,False,0.55,0.55,0.33,0.303079,0.166694,16669.37,False,25.283,0,0.2,-
2023-06-23,XLY,2,80.88727569580078,13.0,-,2,False,0.45,0.45,0.27,0.291734,0.13128,13128.04,False,17.9573,0,0.2,-
2023-06-23,DBA,3,19.09163475036621,14.0,LIME,3,True,1.0,,0.2,0.205294,0.205294,20529.44,False,12.6291,1,0.2,-
2023-06-23,GREK,4,32.93634033203125,12.5,LIME,2,False,0.35,0.35,0.1,0.097245,0.034036,3403.57,False,22.7403,0,0.2,-
2023-06-23,INDA,5,42.27416229248047,12.5,-,3,False,0.35,0.35,0.1,0.102647,0.035927,3592.65,False,8.6121,1,0.2,-
2023-06-26,VNM,1,12.819539070129396,15.25,GREEN,1,False,0.6,0.6,0.35,0.373333,0.224,22400.0,False,15.3661,0,0.2,-
2023-06-26,EWZ,2,27.65467643737793,13.75,LIME,2,False,0.45,0.45,0.3,0.272,0.1224,12240.0,False,25.2037,0,0.2,-
2023-06-26,XLY,3,79.85083770751953,11.0,-,3,False,0.3,0.3,0.25,0.253333,0.076,7600.0,False,18.1828,1,0.2,-
2023-06-26,DBA,4,19.07390022277832,11.75,LIME,3,True,1.0,,0.1,0.101333,0.101333,10133.33,False,12.3221,1,0.2,-
2023-06-27,VNM,1,12.90475082397461,16.0,GREEN,1,False,0.6,0.6,0.45,0.463918,0.278351,27835.05,False,14.9065,0,0.2,-
2023-06-27,EWZ,2,27.366518020629883,11.5,-,3,False,0.3,0.3,0.3,0.278351,0.083505,8350.52,False,25.2608,0,0.2,-
2023-06-27,XLY,3,81.56684875488281,11.25,-,1,False,0.35,0.35,0.25,0.257732,0.090206,9020.62,False,18.5804,0,0.2,-
2023-06-28,VNM,1,12.857409477233888,16.0,GREEN,1,False,0.6,0.6,0.45,0.455696,0.273418,27341.77,False,14.9475,0,0.3,-
2023-06-28,XLY,2,81.88951873779297,11.25,-,1,False,0.35,0.35,0.3,0.303797,0.106329,10632.91,False,18.5653,0,0.3,-
2023-06-28,JETS,3,21.057523727416992,11.0,LIME,1,False,0.35,0.35,0.25,0.240506,0.084177,8417.72,False,22.8779,0,0.3,-
2023-06-29,VNM,1,12.601777076721191,14.0,-,3,False,0.5,0.5,0.35,0.347258,0.173629,17362.92,False,15.5535,1,0.2,-
2023-06-29,XLI,2,102.16077423095705,14.25,LIME,1,False,0.55,0.55,0.3,0.313316,0.172324,17232.38,False,15.8521,0,0.2,-
2023-06-29,JETS,3,20.958335876464844,13.0,LIME,1,False,0.5,0.5,0.25,0.234987,0.117493,11749.35,False,22.6162,0,0.2,-
2023-06-29,XLY,4,81.97750854492188,12.25,-,1,False,0.4,0.4,0.1,0.104439,0.041775,4177.55,False,18.2723,0,0.2,-
2023-06-30,JETS,1,21.245981216430664,15.0,LIME,1,False,0.6,0.6,0.31,0.300809,0.180485,18048.52,False,22.6248,0,0.3,-
2023-06-30,ARKW,2,57.71764755249024,15.0,-,1,False,0.6,0.6,0.25,0.229111,0.137466,13746.63,False,30.1088,0,0.3,-
2023-06-30,PDP,3,80.63925170898438,15.5,LIME,1,False,0.6,0.6,0.16,0.172507,0.103504,10350.4,False,15.0269,0,0.3,-
2023-06-30,XLY,4,83.01885986328125,14.25,-,1,False,0.55,0.55,0.1,0.107817,0.059299,5929.92,False,18.3448,0,0.3,-
2023-06-30,XLI,5,103.03443145751952,15.0,LIME,1,False,0.6,0.6,0.1,0.107817,0.06469,6469.0,False,15.9201,0,0.3,-
2023-06-30,VNM,6,12.592309951782228,11.75,-,3,False,0.3,0.3,0.08,0.081941,0.024582,2458.22,False,15.5572,1,0.3,-
2023-07-03,XLY,1,84.02108764648438,15.5,-,1,False,0.6,0.6,0.31,0.327696,0.196617,19661.73,False,17.786,0,0.4,-
2023-07-03,ARKF,2,21.281391143798828,15.5,LIME,1,False,0.6,0.6,0.25,0.237844,0.142706,14270.61,False,27.997,0,0.4,-
2023-07-03,ARKW,3,59.39176559448242,15.5,LIME,1,False,0.6,0.6,0.16,0.143763,0.086258,8625.79,False,29.4625,0,0.4,-
2023-07-03,PDP,4,80.28097534179688,16.0,LIME,1,False,0.6,0.6,0.1,0.105708,0.063425,6342.49,False,14.8588,0,0.4,-
2023-07-03,JETS,5,21.47411346435547,15.0,LIME,1,False,0.6,0.6,0.1,0.100423,0.060254,6025.37,False,22.469,0,0.4,-
2023-07-03,XLI,6,103.05363464355467,15.5,LIME,1,False,0.6,0.6,0.08,0.084567,0.05074,5074.0,False,15.7344,0,0.4,-
2023-07-05,ARKF,1,21.341339111328125,16.0,LIME,1,False,0.6,0.6,0.31,0.301133,0.18068,18068.0,False,27.7692,0,0.3,-
2023-07-05,ARKW,2,58.96831130981445,16.0,LIME,1,False,0.6,0.6,0.25,0.229358,0.137615,13761.47,False,29.2492,0,0.3,-
2023-07-05,XLY,3,84.05531311035156,15.5,-,1,False,0.6,0.6,0.16,0.172693,0.103616,10361.58,False,17.6376,0,0.3,-
2023-07-05,XLI,4,102.49679565429688,16.0,LIME,1,False,0.6,0.6,0.1,0.107933,0.06476,6475.98,False,15.7864,0,0.3,-
2023-07-05,JETS,5,21.54354286193848,15.0,LIME,1,False,0.6,0.6,0.1,0.102536,0.061522,6152.19,False,22.321,0,0.3,-
2023-07-05,PDP,6,79.85304260253906,15.0,LIME,2,False,0.55,0.55,0.08,0.086346,0.047491,4749.06,False,14.9118,0,0.3,-
2023-07-06,XLY,1,82.70108032226562,15.0,-,2,False,0.55,0.55,0.31,0.313131,0.172222,17222.22,False,18.008,0,0.2,-
2023-07-06,PTF,2,48.13236618041992,15.0,-,2,False,0.55,0.55,0.25,0.252525,0.138889,13888.89,False,23.9106,0,0.2,-
2023-07-06,GREK,3,33.324710845947266,14.5,-,2,False,0.5,0.5,0.16,0.161616,0.080808,8080.81,False,23.1465,0,0.2,-
2023-07-06,ARKW,4,57.51084518432617,15.0,-,2,False,0.55,0.55,0.1,0.090909,0.05,5000.0,False,29.7349,0,0.2,-
2023-07-06,XLI,5,101.72875213623048,15.0,-,2,False,0.55,0.55,0.1,0.10101,0.055556,5555.56,False,15.1601,0,0.2,-
2023-07-06,JETS,6,21.077362060546875,14.25,-,2,False,0.5,0.5,0.08,0.080808,0.040404,4040.4,False,22.7751,0,0.2,-
2023-07-07,GREK,1,33.776756286621094,14.75,-,1,False,0.55,0.55,0.31,0.311558,0.171357,17135.68,False,23.2409,0,0.2,-
2023-07-07,XLC,2,63.05216598510742,15.0,-,2,False,0.55,0.55,0.25,0.251256,0.138191,13819.1,False,18.6089,0,0.2,-
2023-07-07,JETS,3,21.503870010375977,14.25,-,1,False,0.55,0.55,0.16,0.160804,0.088442,8844.22,False,22.7759,0,0.2,-
2023-07-07,XLY,4,82.8037338256836,14.0,-,2,False,0.5,0.5,0.1,0.100503,0.050251,5025.13,False,17.4087,0,0.2,-
2023-07-07,ARKW,5,58.07216644287109,13.75,-,2,False,0.45,0.45,0.1,0.095477,0.042965,4296.48,False,28.7122,0,0.2,-
2023-07-07,PTF,6,48.16560745239258,13.75,-,2,False,0.45,0.45,0.08,0.080402,0.036181,3618.09,False,23.4178,0,0.2,-
2023-07-10,GREK,1,33.91236877441406,14.75,-,1,False,0.55,0.55,0.31,0.313131,0.172222,17222.22,False,23.241,0,0.2,-
2023-07-10,JETS,2,21.860944747924805,14.25,-,1,False,0.55,0.55,0.25,0.252525,0.138889,13888.89,False,22.9363,0,0.2,-
2023-07-10,CARZ,3,54.079219818115234,14.0,-,1,False,0.55,0.55,0.16,0.161616,0.088889,8888.89,False,21.8557,0,0.2,-
2023-07-10,ARKW,4,59.49023818969727,13.75,-,1,False,0.5,0.5,0.1,0.090909,0.045455,4545.45,False,28.9835,0,0.2,-
2023-07-10,PTF,5,49.10624694824219,13.75,LIME,1,False,0.5,0.5,0.1,0.10101,0.050505,5050.51,False,23.5999,0,0.2,-
2023-07-10,XLY,6,83.0579605102539,12.75,-,2,False,0.35,0.35,0.08,0.080808,0.028283,2828.28,False,17.4023,0,0.2,-
2023-07-11,GREK,1,34.84358596801758,14.75,-,1,False,0.55,0.55,0.31,0.315041,0.173272,17327.24,False,23.7387,0,0.3,-
2023-07-11,JETS,2,21.99980735778809,14.25,-,1,False,0.55,0.55,0.25,0.254065,0.139736,13973.58,False,22.8979,0,0.3,-
2023-07-11,ARKW,3,61.912784576416016,13.75,-,1,False,0.5,0.5,0.16,0.146341,0.073171,7317.07,False,29.933,0,0.3,-
2023-07-11,CARZ,4,54.415775299072266,14.0,-,1,False,0.55,0.55,0.1,0.101626,0.055894,5589.43,False,21.712,0,0.3,-
2023-07-11,PTF,5,49.16939926147461,13.75,LIME,1,False,0.5,0.5,0.1,0.101626,0.050813,5081.3,False,23.0283,0,0.3,-
2023-07-11,XLY,6,83.75218963623047,12.0,-,1,False,0.4,0.4,0.08,0.081301,0.03252,3252.03,False,17.4367,0,0.3,-
2023-07-12,GREK,1,35.3408317565918,15.75,-,1,False,0.85,0.6,0.31,0.315682,0.26833,26832.99,False,23.7341,0,0.85,LIME
2023-07-12,JETS,2,21.821269989013672,15.25,-,1,False,0.85,0.6,0.25,0.254582,0.216395,21639.51,False,22.8718,0,0.85,LIME
2023-07-12,ARKF,3,22.44037818908692,15.0,-,1,False,0.85,0.6,0.16,0.154786,0.131568,13156.82,False,28.9166,0,0.85,LIME
2023-07-12,CARZ,4,55.35812377929688,15.0,LIME,1,False,0.85,0.6,0.1,0.101833,0.086558,8655.8,False,21.9157,0,0.85,LIME
2023-07-12,ARKW,5,62.1392822265625,14.75,-,1,False,0.85,0.55,0.1,0.09165,0.077902,7790.22,False,29.9169,0,0.85,LIME
2023-07-12,PTF,6,49.44195556640625,14.75,LIME,1,False,0.85,0.55,0.08,0.081466,0.069246,6924.64,False,23.0295,0,0.85,LIME
2023-07-13,ARKF,1,23.829164505004883,16.0,LIME,1,False,0.85,0.6,0.31,0.305498,0.259673,25967.32,False,30.8358,0,0.85,LIME
2023-07-13,ARKW,2,65.73371124267578,16.0,LIME,1,False,0.85,0.6,0.25,0.246369,0.209414,20941.39,False,31.2279,0,0.85,LIME
2023-07-13,ARKK,3,49.21951675415039,16.0,LIME,1,False,0.85,0.6,0.16,0.157676,0.134025,13402.49,False,33.4217,0,0.85,LIME
2023-07-13,GREK,4,35.3137092590332,16.0,LIME,1,False,0.85,0.6,0.1,0.103734,0.088174,8817.43,False,23.7424,0,0.85,LIME
2023-07-13,PTF,5,50.90111541748047,16.0,LIME,1,False,0.85,0.6,0.1,0.103734,0.088174,8817.43,False,23.5602,0,0.85,LIME
2023-07-13,CARZ,6,56.39663314819336,15.75,LIME,1,False,0.85,0.6,0.08,0.082988,0.070539,7053.94,False,21.6985,0,0.85,LIME
2023-07-14,ARKF,1,23.33959197998047,16.0,LIME,1,False,0.85,0.6,0.31,0.305498,0.259673,25967.32,False,30.9279,0,0.85,LIME
2023-07-14,ARKW,2,64.12853240966797,16.0,LIME,1,False,0.85,0.6,0.25,0.246369,0.209414,20941.39,False,31.4297,0,0.85,LIME
2023-07-14,ARKK,3,48.16828536987305,16.0,LIME,1,False,0.85,0.6,0.16,0.157676,0.134025,13402.49,False,33.027,0,0.85,LIME
2023-07-14,GREK,4,35.286582946777344,16.0,LIME,1,False,0.85,0.6,0.1,0.103734,0.088174,8817.43,False,23.5133,0,0.85,LIME
2023-07-14,CARZ,5,55.81968307495117,16.0,LIME,1,False,0.85,0.6,0.1,0.103734,0.088174,8817.43,False,21.7691,0,0.85,LIME
2023-07-14,PTF,6,50.22970199584961,16.0,LIME,1,False,0.85,0.6,0.08,0.082988,0.070539,7053.94,False,23.4629,0,0.85,LIME
2023-07-17,ARKW,1,65.55644989013672,16.0,LIME,1,False,0.85,0.6,0.31,0.305498,0.259673,25967.32,False,31.5726,0,0.85,LIME
2023-07-17,ARKK,2,49.26910400390625,16.0,LIME,1,False,0.85,0.6,0.25,0.246369,0.209414,20941.39,False,33.1385,0,0.85,LIME
2023-07-17,ARKF,3,23.70926856994629,16.0,LIME,1,False,0.85,0.6,0.16,0.157676,0.134025,13402.49,False,30.9844,0,0.85,LIME
2023-07-17,CARZ,4,56.16585159301758,16.0,LIME,1,False,0.85,0.6,0.1,0.103734,0.088174,8817.43,False,21.7797,0,0.85,LIME
2023-07-17,PTF,5,51.28335952758789,16.0,LIME,1,False,0.85,0.6,0.1,0.103734,0.088174,8817.43,False,23.7266,0,0.85,LIME
2023-07-17,GREK,6,35.178096771240234,14.75,LIME,2,False,0.85,0.5,0.08,0.082988,0.070539,7053.94,False,23.5252,0,0.85,LIME
2023-07-18,ARKK,1,49.44761657714844,16.0,LIME,1,False,0.85,0.6,0.31,0.31,0.2635,26350.0,False,33.1385,0,0.85,LIME
2023-07-18,SMH,2,158.10488891601562,16.0,LIME,1,False,0.85,0.6,0.25,0.25,0.2125,21250.0,False,29.7617,0,0.85,LIME
2023-07-18,SOXX,3,173.75331115722656,16.0,LIME,1,False,0.85,0.6,0.16,0.16,0.136,13600.0,False,29.7854,0,0.85,LIME
2023-07-18,PTF,4,51.77195739746094,16.0,LIME,1,False,0.85,0.6,0.1,0.1,0.085,8500.0,False,23.7528,0,0.85,LIME
2023-07-18,ARKW,5,65.55644989013672,15.75,LIME,1,False,0.85,0.6,0.1,0.1,0.085,8500.0,False,31.5582,0,0.85,LIME
2023-07-18,ARKF,6,23.799190521240234,15.75,LIME,1,False,0.85,0.6,0.08,0.08,0.068,6800.0,False,30.9839,0,0.85,LIME
2023-07-19,ARKK,1,50.231082916259766,16.0,LIME,1,False,0.85,0.6,0.31,0.31,0.2635,26350.0,False,33.196,0,0.85,LIME
2023-07-19,CARZ,2,56.63702774047852,16.0,LIME,1,False,0.85,0.6,0.25,0.25,0.2125,21250.0,False,21.8553,0,0.85,LIME
2023-07-19,ARKW,3,66.53137969970703,15.75,LIME,1,False,0.85,0.6,0.16,0.16,0.136,13600.0,False,31.6269,0,0.85,LIME
2023-07-19,PTF,4,51.2634162902832,16.0,LIME,1,False,0.85,0.6,0.1,0.1,0.085,8500.0,False,23.8309,0,0.85,LIME
2023-07-19,ARKF,5,23.9290771484375,15.75,LIME,1,False,0.85,0.6,0.1,0.1,0.085,8500.0,False,30.9815,0,0.85,LIME
2023-07-19,SMH,6,156.44749450683594,15.0,LIME,2,False,0.85,0.55,0.08,0.08,0.068,6800.0,False,29.902,0,0.85,LIME
2023-07-20,INDA,1,44.230010986328125,16.0,LIME,1,False,0.6,0.6,0.31,0.322329,0.193397,19339.75,False,8.2309,0,0.2,-
2023-07-20,XLI,2,105.67461395263672,16.0,LIME,1,False,0.6,0.6,0.25,0.259943,0.155966,15596.57,False,15.1269,0,0.2,-
2023-07-20,GREK,3,35.95561218261719,14.75,LIME,1,False,0.55,0.55,0.16,0.166363,0.0915,9149.99,False,23.2714,0,0.2,-
2023-07-20,ARKF,4,22.989898681640625,14.25,LIME,2,False,0.5,0.5,0.1,0.088381,0.04419,4419.03,False,32.1198,0,0.2,-
2023-07-20,ARKK,5,47.36498260498047,14.0,LIME,3,False,0.5,0.5,0.1,0.083962,0.041981,4198.08,False,35.3898,1,0.2,-
2023-07-20,CARZ,6,55.02157211303711,14.0,-,3,False,0.5,0.5,0.08,0.079023,0.039511,3951.13,False,22.5106,1,0.2,-
2023-07-21,GREK,1,35.9013671875,16.0,LIME,1,False,0.6,0.6,0.31,0.311278,0.186767,18676.67,False,23.2188,0,0.2,-
2023-07-21,VIG,2,157.8482208251953,16.0,LIME,1,False,0.6,0.6,0.25,0.264243,0.158546,15854.56,False,10.8314,0,0.2,-
2023-07-21,INDA,3,44.04137420654297,15.0,-,2,False,0.55,0.55,0.16,0.16066,0.088363,8836.28,False,8.3201,1,0.2,-
2023-07-21,XLI,4,105.17538452148438,15.0,LIME,2,False,0.55,0.55,0.1,0.105697,0.058133,5813.34,False,15.164,0,0.2,-
2023-07-21,ARKF,5,23.04984474182129,12.25,LIME,3,False,0.35,0.35,0.1,0.089843,0.031445,3144.49,False,31.8076,0,0.2,-
2023-07-21,ARKK,6,47.53357696533203,12.0,LIME,3,False,0.35,0.35,0.08,0.06828,0.023898,2389.81,False,34.3778,1,0.2,-
2023-07-24,GREK,1,35.792877197265625,16.0,LIME,1,False,0.6,0.6,0.33,0.296668,0.178001,17800.11,False,23.1412,0,0.2,-
2023-07-24,RSP,2,147.69873046875,16.0,LIME,1,False,0.6,0.6,0.27,0.285563,0.171338,17133.79,False,12.9474,0,0.2,-
2023-07-24,VIG,3,158.53363037109375,16.0,LIME,1,False,0.6,0.6,0.2,0.211528,0.126917,12691.7,False,10.851,0,0.2,-
2023-07-24,XLI,4,105.4154052734375,15.0,-,1,False,0.6,0.6,0.1,0.100476,0.060286,6028.56,False,15.1462,0,0.2,-
2023-07-24,INDA,5,44.21015167236328,14.25,-,1,False,0.55,0.55,0.1,0.105764,0.05817,5817.03,False,8.3266,0,0.2,-
2023-07-25,GREK,1,35.84712219238281,15.75,LIME,1,False,0.6,0.6,0.33,0.296668,0.178001,17800.11,False,22.9619,0,0.3,-
2023-07-25,RSP,2,147.80384826660156,16.0,LIME,1,False,0.6,0.6,0.27,0.285563,0.171338,17133.79,False,12.9467,0,0.3,-
2023-07-25,VIG,3,158.93345642089844,16.0,LIME,1,False,0.6,0.6,0.2,0.211528,0.126917,12691.7,False,10.8524,0,0.3,-
2023-07-25,XLI,4,105.28099060058594,13.75,-,2,False,0.45,0.45,0.1,0.100476,0.045214,4521.42,False,15.1551,0,0.3,-
2023-07-25,INDA,5,44.1902961730957,12.5,-,2,False,0.35,0.35,0.1,0.105764,0.037017,3701.75,False,8.2487,0,0.3,-
2023-07-26,VNM,1,13.794732093811035,16.0,LIME,1,False,0.6,0.6,0.31,0.330314,0.198189,19818.86,False,16.1078,0,0.2,-
2023-07-26,GREK,2,36.154518127441406,15.75,LIME,1,False,0.6,0.6,0.25,0.226425,0.135855,13585.51,False,22.0843,0,0.2,-
2023-07-26,EWZ,3,28.90900611877441,15.75,LIME,1,False,0.6,0.6,0.16,0.144912,0.086947,8694.73,False,22.9989,0,0.2,-
2023-07-26,RSP,4,148.1383819580078,16.0,LIME,1,False,0.6,0.6,0.1,0.106553,0.063932,6393.18,False,12.4134,0,0.2,-
2023-07-26,VIG,5,158.7050018310547,16.0,LIME,1,False,0.6,0.6,0.1,0.106553,0.063932,6393.18,False,10.53,0,0.2,-
2023-07-26,XLI,6,106.0202407836914,13.75,LIME,1,False,0.5,0.5,0.08,0.085242,0.042621,4262.12,False,14.6445,0,0.2,-
2023-07-27,EWZ,1,28.036062240600582,15.0,LIME,2,False,0.55,0.55,0.31,0.275226,0.151374,15137.43,False,23.9087,1,0.2,-
2023-07-27,VNM,2,13.671648979187012,15.0,LIME,2,False,0.55,0.55,0.25,0.274869,0.151178,15117.78,False,16.2404,0,0.2,-
2023-07-27,GREK,3,35.37699508666992,13.75,-,3,False,0.45,0.45,0.16,0.142052,0.063923,6392.35,False,22.5722,1,0.2,-
2023-07-27,VIG,4,157.44834899902344,15.0,LIME,2,False,0.55,0.55,0.1,0.109948,0.060471,6047.11,False,10.5081,0,0.2,-
2023-07-27,RSP,5,146.8385772705078,14.0,LIME,3,False,0.5,0.5,0.1,0.109948,0.054974,5497.38,False,12.3531,0,0.2,-
2023-07-27,XLI,6,105.10818481445312,12.75,LIME,3,False,0.35,0.35,0.08,0.087958,0.030785,3078.53,False,14.1899,0,0.2,-
2023-07-28,VNM,1,14.021963119506836,15.0,LIME,1,False,0.6,0.6,0.31,0.310982,0.186589,18658.92,False,16.7227,0,0.2,-
2023-07-28,EWZ,2,28.29879379272461,14.0,LIME,2,False,0.5,0.5,0.25,0.224393,0.112196,11219.64,False,23.6918,0,0.2,-
2023-07-28,XLB,3,40.39690399169922,15.5,LIME,1,False,0.6,0.6,0.16,0.168955,0.101373,10137.28,False,16.2771,0,0.2,-
2023-07-28,VIG,4,158.143310546875,13.75,LIME,2,False,0.45,0.45,0.1,0.105597,0.047518,4751.85,False,10.0708,0,0.2,-
2023-07-28,XLI,5,105.76102447509766,12.75,LIME,1,False,0.4,0.4,0.1,0.105597,0.042239,4223.86,False,13.7524,0,0.2,-
2023-07-28,RSP,6,147.56491088867188,13.0,LIME,2,False,0.45,0.45,0.08,0.084477,0.038015,3801.48,False,11.995,0,0.2,-
2023-07-31,VNM,1,14.24919319152832,15.0,LIME,1,False,0.6,0.6,0.31,0.306611,0.183967,18396.67,False,16.7059,0,0.3,-
2023-07-31,XLB,2,40.61009216308594,15.75,LIME,1,False,0.6,0.6,0.25,0.260281,0.156169,15616.87,False,16.1598,0,0.3,-
2023-07-31,EWZ,3,28.705602645874023,13.75,LIME,1,False,0.5,0.5,0.16,0.141593,0.070796,7079.65,False,23.7622,0,0.3,-
2023-07-31,XLI,4,106.01063537597656,13.75,LIME,1,False,0.5,0.5,0.1,0.104112,0.052056,5205.62,False,13.659,0,0.3,-
2023-07-31,RSP,5,148.02366638183594,12.75,-,1,False,0.4,0.4,0.1,0.104112,0.041645,4164.5,False,11.8346,0,0.3,-
2023-07-31,VIG,6,158.26708984375,12.0,LIME,2,False,0.35,0.35,0.08,0.08329,0.029151,2915.15,False,9.9466,0,0.3,-
2023-08-01,VNM,1,14.012494087219238,15.0,LIME,1,False,0.6,0.6,0.31,0.326144,0.195686,19568.65,False,17.0253,0,0.2,-
2023-08-01,SOXX,2,175.10337829589844,13.75,LIME,1,False,0.5,0.5,0.25,0.223567,0.111783,11178.33,False,30.3707,0,0.2,-
2023-08-01,XLC,3,66.5900650024414,14.25,LIME,1,False,0.55,0.55,0.16,0.168332,0.092583,9258.29,False,15.2417,0,0.2,-
2023-08-01,XLB,4,40.43006134033203,15.25,LIME,1,False,0.6,0.6,0.1,0.105208,0.063125,6312.47,False,16.1949,0,0.2,-
2023-08-01,XLI,5,106.32746124267578,13.75,LIME,1,False,0.5,0.5,0.1,0.105208,0.052604,5260.39,False,13.6408,0,0.2,-
2023-08-01,EWZ,6,28.15471649169922,11.5,LIME,3,False,0.3,0.3,0.08,0.071541,0.021462,2146.24,False,24.0805,0,0.2,-
2023-08-02,VNM,1,13.842071533203123,15.0,-,2,False,0.55,0.55,0.31,0.317435,0.174589,17458.91,False,17.1495,1,0.2,-
2023-08-02,TUR,2,32.13774108886719,14.0,LIME,1,False,0.55,0.55,0.25,0.229049,0.125977,12597.68,False,42.8574,0,0.2,-
2023-08-02,XLC,3,65.33970642089844,13.75,-,2,False,0.45,0.45,0.16,0.17246,0.077607,7760.71,False,15.2552,0,0.2,-
2023-08-02,XLI,4,105.21378326416016,13.75,-,3,False,0.45,0.45,0.1,0.107788,0.048504,4850.44,False,13.6419,0,0.2,-
2023-08-02,SOXX,5,168.40182495117188,12.5,LIME,4,False,0.3,0.3,0.1,0.087039,0.026112,2611.16,False,31.4627,1,0.2,-
2023-08-02,XLB,6,39.927879333496094,13.25,-,3,False,0.45,0.45,0.08,0.08623,0.038804,3880.36,False,16.2776,0,0.2,-
2023-08-03,TUR,1,32.02384567260742,14.0,LIME,1,False,0.55,0.55,0.35,0.319035,0.175469,17546.92,False,42.8431,0,0.2,-
2023-08-03,VNM,2,13.870475769042969,13.75,-,2,False,0.45,0.45,0.3,0.30563,0.137534,13753.35,False,17.1113,1,0.2,-
2023-08-03,XLE,3,39.70801544189453,12.75,LIME,1,True,1.0,,0.25,0.268097,0.268097,26809.65,False,20.4979,0,0.2,-
2023-08-03,XLC,4,65.1749038696289,11.5,-,3,False,0.3,0.3,0.1,0.107239,0.032172,3217.16,False,15.2349,0,0.2,-
2023-08-04,VNM,1,14.277596473693848,13.75,-,1,False,0.5,0.5,0.45,0.471204,0.235602,23560.21,False,17.8399,0,0.2,-
2023-08-04,TUR,2,32.830604553222656,14.0,LIME,1,False,0.55,0.55,0.3,0.267016,0.146859,14685.86,False,43.0677,0,0.2,-
2023-08-04,XLE,3,39.76290512084961,12.75,LIME,1,True,1.0,,0.25,0.26178,0.26178,26178.01,False,20.3309,0,0.2,-
2023-08-07,VNM,1,14.51429271697998,13.75,LIME,1,False,0.5,0.5,0.45,0.471204,0.235602,23560.21,False,17.9897,0,0.2,-
2023-08-07,TUR,2,33.219757080078125,14.0,LIME,1,False,0.55,0.55,0.3,0.267016,0.146859,14685.86,False,42.8995,0,0.2,-
2023-08-07,XLE,3,39.80865859985352,12.25,LIME,1,True,1.0,,0.25,0.26178,0.26178,26178.01,False,19.6742,0,0.2,-
2023-08-08,VNM,1,14.457486152648926,14.75,LIME,1,False,0.55,0.55,0.45,0.471204,0.259162,25916.23,False,18.0493,0,0.2,-
2023-08-08,TUR,2,32.93501281738281,14.0,LIME,1,False,0.55,0.55,0.3,0.267016,0.146859,14685.86,False,42.3214,0,0.2,-
2023-08-08,XLE,3,40.00537109375,13.5,LIME,1,True,1.0,,0.25,0.26178,0.26178,26178.01,False,19.6836,0,0.2,-
2023-08-09,VNM,1,14.258660316467283,15.0,LIME,2,False,0.22,0.22,0.45,0.467532,0.102857,10285.71,False,18.3468,0,0.1,PURPLE
2023-08-09,XLE,2,40.508583068847656,13.75,LIME,1,True,1.0,,0.3,0.311688,0.311688,31168.83,False,19.8041,0,0.1,PURPLE
2023-08-09,TUR,3,33.941097259521484,14.0,LIME,1,False,0.22,0.22,0.25,0.220779,0.048571,4857.14,False,42.6817,0,0.1,PURPLE
2023-08-10,XLE,1,40.50400924682617,14.0,LIME,1,True,1.0,,0.45,0.474934,0.4,40000.0,False,19.6284,0,0.1,PURPLE
2023-08-10,VNM,2,14.126110076904297,13.25,-,3,False,0.2,0.2,0.3,0.300792,0.060158,6015.83,False,18.3073,1,0.1,PURPLE
2023-08-10,TUR,3,32.85908126831055,13.25,LIME,2,False,0.2,0.2,0.25,0.224274,0.044855,4485.49,False,43.2223,0,0.1,PURPLE
2023-08-11,XLE,1,41.12615585327149,14.75,LIME,1,True,1.0,,0.45,0.471204,0.4,40000.0,False,19.6013,0,0.1,PURPLE
2023-08-11,TUR,2,34.159400939941406,13.5,LIME,1,False,0.2,0.2,0.3,0.267016,0.053403,5340.31,False,39.8348,0,0.1,PURPLE
2023-08-11,VNM,3,14.372275352478027,13.0,-,1,False,0.2,0.2,0.25,0.26178,0.052356,5235.6,False,18.4821,0,0.1,PURPLE
2023-08-14,XLE,1,40.95231628417969,15.25,LIME,1,True,1.0,,0.45,0.471204,0.4,40000.0,False,19.6453,0,0.1,PURPLE
2023-08-14,TUR,2,34.30176544189453,13.75,LIME,1,False,0.2,0.2,0.3,0.267016,0.053403,5340.31,False,39.2836,0,0.1,PURPLE
2023-08-14,VNM,3,14.665779113769531,13.0,-,1,False,0.2,0.2,0.25,0.26178,0.052356,5235.6,False,18.7654,0,0.1,PURPLE
2023-08-15,TUR,1,33.931610107421875,14.0,LIME,1,False,0.22,0.22,0.45,0.410188,0.090241,9024.13,False,35.2552,0,0.1,PURPLE
2023-08-15,XLE,2,40.1014289855957,14.0,-,3,True,1.0,,0.3,0.321716,0.321716,32171.58,False,20.1701,0,0.1,PURPLE
2023-08-15,VNM,3,14.391209602355955,13.5,-,1,False,0.2,0.2,0.25,0.268097,0.053619,5361.93,False,19.2602,0,0.1,PURPLE
2023-08-16,VNM,1,14.476421356201172,15.25,-,1,False,0.24,0.24,0.45,0.477454,0.114589,11458.89,False,19.2333,0,0.1,PURPLE
2023-08-16,TUR,2,33.84618377685547,14.5,LIME,1,False,0.22,0.22,0.3,0.270557,0.059523,5952.25,False,35.0959,0,0.1,PURPLE
2023-08-16,XLE,3,39.75376510620117,12.0,-,3,True,1.0,,0.25,0.251989,0.251989,25198.94,False,19.5633,1,0.1,PURPLE
2023-08-17,TUR,1,34.168888092041016,14.25,LIME,1,False,0.22,0.22,0.55,0.52381,0.115238,11523.81,False,35.0691,0,0.1,PURPLE
2023-08-17,VNM,2,14.305999755859377,13.75,-,3,False,0.2,0.2,0.45,0.47619,0.095238,9523.81,False,19.3374,0,0.1,PURPLE
2023-08-18,TUR,1,33.267208099365234,12.25,-,3,False,0.2,0.2,1.0,1.0,0.2,20000.0,False,34.6594,0,0.1,PURPLE
2023-08-21,TUR,1,34.548545837402344,12.25,-,1,False,0.2,0.2,1.0,1.0,0.2,20000.0,False,35.3094,0,0.1,PURPLE
2023-08-22,TUR,1,34.31126022338867,12.75,-,1,False,0.2,0.2,1.0,1.0,0.2,20000.0,False,35.3103,0,0.1,PURPLE
2023-08-24,TUR,1,34.709896087646484,12.0,-,1,False,0.4,0.4,1.0,1.0,0.4,40000.0,False,36.0074,0,0.2,-
2023-08-25,TUR,1,35.09904479980469,12.25,-,1,False,0.4,0.4,1.0,1.0,0.4,40000.0,False,36.0101,0,0.3,-
2023-08-28,TUR,1,36.08613967895508,12.5,-,1,False,0.4,0.4,1.0,1.0,0.4,40000.0,False,35.9497,0,0.4,-
2023-08-29,TUR,1,35.82987976074219,15.5,-,1,False,0.6,0.6,1.0,1.0,0.6,60000.0,False,34.3447,0,0.4,-
2023-08-30,TUR,1,35.70648956298828,16.0,-,1,False,0.85,0.6,1.0,1.0,0.85,85000.0,False,33.6866,0,0.85,LIME
2023-08-31,TUR,1,35.56412124633789,14.75,-,2,False,0.85,0.5,0.45,0.410188,0.34866,34865.95,False,33.6046,0,0.85,LIME
2023-08-31,XLE,2,40.67784118652344,12.0,-,1,True,1.0,,0.3,0.321716,0.321716,32171.58,False,18.4559,0,0.85,LIME
2023-08-31,PDBC,3,13.037846565246582,11.0,GREEN,1,True,1.0,,0.25,0.268097,0.268097,26809.65,False,13.2676,0,0.85,LIME
2023-09-01,TUR,1,36.1905517578125,14.75,-,1,False,0.85,0.55,0.45,0.410188,0.34866,34865.95,False,33.2673,0,0.85,LIME
2023-09-01,XLE,2,41.51042175292969,14.25,-,1,True,1.0,,0.3,0.321716,0.321716,32171.58,False,17.9406,0,0.85,LIME
2023-09-01,PDBC,3,13.19695281982422,12.75,GREEN,1,True,1.0,,0.25,0.268097,0.268097,26809.65,False,13.168,0,0.85,LIME
2023-09-05,XLE,1,41.73001480102539,15.0,LIME,1,True,1.0,,0.45,0.471204,0.471204,47120.42,False,17.8596,0,0.85,LIME
2023-09-05,TUR,2,36.79800033569336,14.75,-,1,False,0.85,0.55,0.3,0.267016,0.226963,22696.34,False,32.9708,0,0.85,LIME
2023-09-05,PDBC,3,13.249987602233888,14.5,GREEN,1,True,1.0,,0.25,0.26178,0.26178,26178.01,False,13.1638,0,0.85,LIME
2023-09-06,XLE,1,41.74831008911133,15.75,LIME,1,True,1.0,,0.45,0.467532,0.467532,46753.25,False,17.8266,0,0.8,LIME
2023-09-06,PDBC,2,13.26766586303711,15.25,GREEN,1,True,1.0,,0.3,0.311688,0.311688,31168.83,False,13.16,0,0.8,LIME
2023-09-06,TUR,3,36.5797004699707,14.75,-,1,False,0.8,0.55,0.25,0.220779,0.176623,17662.34,False,32.9652,0,0.8,LIME
2023-09-07,TUR,1,37.34849548339844,16.0,LIME,1,False,0.6,0.6,0.45,0.410188,0.246113,24611.26,False,31.3794,0,0.6,LIME
2023-09-07,XLE,2,41.70713806152344,16.0,LIME,1,True,1.0,,0.3,0.321716,0.321716,32171.58,False,17.1443,0,0.6,LIME
2023-09-07,PDBC,3,13.249987602233888,16.0,GREEN,1,True,1.0,,0.25,0.268097,0.268097,26809.65,False,13.17,0,0.6,LIME
2023-09-08,TUR,1,37.27256774902344,16.0,LIME,1,False,0.6,0.6,0.45,0.410188,0.246113,24611.26,False,31.3875,0,0.6,LIME
2023-09-08,XLE,2,42.10971450805664,16.0,LIME,1,True,1.0,,0.3,0.321716,0.321716,32171.58,False,17.1683,0,0.6,LIME
2023-09-08,PDBC,3,13.285344123840332,16.0,GREEN,1,True,1.0,,0.25,0.268097,0.268097,26809.65,False,13.1709,0,0.6,LIME
2023-09-11,PDBC,1,13.347219467163086,16.0,GREEN,1,True,1.0,,0.45,0.47758,0.47758,47758.03,False,13.1292,0,0.85,LIME
2023-09-11,TUR,2,36.46580123901367,15.0,-,2,False,0.85,0.55,0.3,0.257097,0.218533,21853.28,False,31.7763,1,0.85,LIME
2023-09-11,XLE,3,41.55617141723633,15.0,LIME,2,True,1.0,,0.25,0.265322,0.265322,26532.24,False,17.3723,0,0.85,LIME
2023-09-12,PDBC,1,13.417933464050291,16.0,GREEN,1,True,1.0,,0.35,0.361477,0.361477,36147.69,False,12.7549,0,0.6,LIME
2023-09-12,INDA,2,44.73634719848633,15.75,LIME,1,False,0.6,0.6,0.3,0.309837,0.185902,18590.24,False,9.4701,0,0.6,LIME
2023-09-12,XLE,3,42.535152435302734,15.0,LIME,1,True,1.0,,0.25,0.245288,0.245288,24528.79,False,17.738,0,0.6,LIME
2023-09-12,TUR,4,36.39936065673828,12.75,-,3,False,0.6,0.35,0.1,0.083398,0.050039,5003.87,False,31.3889,1,0.6,LIME
2023-09-13,PDBC,1,13.444451332092283,16.0,GREEN,1,True,1.0,,0.45,0.467532,0.467532,46753.25,False,12.5691,0,0.8,LIME
2023-09-13,INDA,2,44.78598785400391,16.0,LIME,1,False,0.8,0.6,0.3,0.311688,0.249351,24935.06,False,9.3472,0,0.8,LIME
2023-09-13,XLE,3,42.21492385864258,15.0,LIME,1,True,1.0,,0.25,0.220779,0.220779,22077.92,False,17.844,0,0.8,LIME
2023-09-14,PDBC,1,13.55936050415039,16.0,GREEN,1,True,1.0,,0.45,0.467532,0.467532,46753.25,False,12.6406,0,0.85,LIME
2023-09-14,INDA,2,44.92498016357422,15.75,LIME,1,False,0.85,0.6,0.3,0.311688,0.264935,26493.51,False,9.3454,0,0.85,LIME
2023-09-14,XLE,3,42.708980560302734,15.0,LIME,1,True,1.0,,0.25,0.220779,0.220779,22077.92,False,17.7569,0,0.85,LIME
2023-09-15,PDBC,1,13.515165328979492,16.0,LIME,1,True,1.0,,0.35,0.366492,0.163743,16374.27,False,12.0012,0,0.4,LIME
2023-09-15,XLE,2,42.091407775878906,14.5,LIME,2,True,1.0,,0.3,0.267016,0.119298,11929.82,False,17.9982,0,0.4,LIME
2023-09-15,DBA,3,19.809898376464844,15.0,LIME,1,True,1.0,,0.25,0.26178,0.116959,11695.91,False,11.4255,0,0.4,LIME
2023-09-15,INDA,4,44.79591369628906,14.5,LIME,2,False,0.5,0.5,0.1,0.104712,0.052356,5235.6,False,9.3308,0,0.4,LIME
2023-09-18,PDBC,1,13.532843589782717,16.0,LIME,1,True,1.0,,0.35,0.366492,0.198582,19858.16,False,11.7453,0,0.4,-
2023-09-18,XLE,2,42.44810485839844,14.5,LIME,1,True,1.0,,0.3,0.267016,0.144681,14468.09,False,18.0248,0,0.4,-
2023-09-18,INDA,3,44.84555435180664,13.75,LIME,1,False,0.5,0.5,0.25,0.26178,0.13089,13089.01,False,9.3221,0,0.4,-
2023-09-18,DBA,4,19.66802024841309,15.0,LIME,1,True,1.0,,0.1,0.104712,0.056738,5673.76,False,11.2209,0,0.4,-
2023-09-19,PDBC,1,13.515165328979492,15.75,LIME,1,True,1.0,,0.33,0.335025,0.192701,19270.07,False,11.5872,0,0.3,-
2023-09-19,DBA,2,19.747827529907227,15.0,LIME,1,True,1.0,,0.27,0.274112,0.157664,15766.42,False,11.2137,0,0.3,-
2023-09-19,XLF,3,33.38578796386719,13.0,LIME,1,False,0.5,0.5,0.2,0.203046,0.101523,10152.28,False,11.1112,0,0.3,-
2023-09-19,XLE,4,42.0517807006836,12.25,LIME,3,True,1.0,,0.1,0.086294,0.049635,4963.5,False,17.4766,0,0.3,-
2023-09-19,INDA,5,44.67677688598633,12.0,LIME,2,False,0.35,0.35,0.1,0.101523,0.035533,3553.3,False,9.3392,0,0.3,-
2023-09-20,DBA,1,19.69462013244629,14.0,LIME,2,True,1.0,,0.45,0.45,0.24,24000.0,False,11.0345,0,0.2,-
2023-09-20,PDBC,2,13.417933464050291,13.5,LIME,3,True,1.0,,0.3,0.3,0.16,16000.0,False,11.4468,0,0.2,-
2023-09-20,XLF,3,33.15508270263672,11.5,LIME,3,False,0.3,0.3,0.25,0.25,0.075,7500.0,False,11.2116,0,0.2,-
2023-09-21,PDBC,1,13.364896774291992,11.25,-,3,True,1.0,,0.55,0.577348,0.230939,23093.92,False,10.6862,1,0.1,PURPLE
2023-09-21,DBA,2,19.41973114013672,11.5,-,4,True,1.0,,0.45,0.422652,0.169061,16906.08,False,11.2696,2,0.1,PURPLE
2023-09-27,TUR,1,36.24749755859375,11.5,-,1,False,0.2,0.2,1.0,1.0,0.2,20000.0,False,32.2495,0,0.1,PURPLE
2023-09-28,TUR,1,36.10513305664063,11.5,-,2,False,0.2,0.2,1.0,1.0,0.2,20000.0,False,32.271,0,0.1,PURPLE
2023-09-29,TUR,1,36.59868240356445,11.5,-,1,False,0.2,0.2,1.0,1.0,0.2,20000.0,False,32.302,0,0.1,PURPLE
2023-10-02,TUR,1,37.25357818603516,11.5,-,1,False,0.2,0.2,1.0,1.0,0.2,20000.0,False,31.9394,0,0.1,PURPLE
2023-10-03,TUR,1,37.55730819702149,12.25,LIME,1,False,0.2,0.2,1.0,1.0,0.2,20000.0,False,31.8798,0,0.1,PURPLE
2023-10-04,TUR,1,36.8359603881836,13.5,LIME,2,False,0.2,0.2,1.0,1.0,0.2,20000.0,False,32.2382,0,0.1,PURPLE
2023-10-05,TUR,1,37.044769287109375,12.25,LIME,2,False,0.2,0.2,1.0,1.0,0.2,20000.0,False,32.2381,0,0.1,PURPLE
2023-10-06,TUR,1,37.48137283325195,12.75,LIME,1,False,0.4,0.4,1.0,1.0,0.4,40000.0,False,31.9835,0,0.2,-
2023-10-09,UNG,1,31.520000457763672,11.5,GREEN,1,True,1.0,,1.0,1.0,0.4,40000.0,False,44.6474,0,0.3,-
2023-10-10,UNG,1,31.600000381469727,12.5,GREEN,1,True,1.0,,1.0,1.0,0.4,40000.0,False,44.1791,0,0.4,-
2023-10-11,UNG,1,31.600000381469727,12.75,GREEN,1,True,1.0,,0.55,0.509537,0.4,40000.0,False,43.4716,0,0.4,-
2023-10-11,XLC,2,66.6978988647461,11.25,LIME,1,False,0.4,0.35,0.45,0.490463,0.196185,19618.53,False,15.942,0,0.4,-
2023-10-12,UNG,1,31.200000762939453,12.5,GREEN,2,True,1.0,,1.0,1.0,0.4,40000.0,False,43.5577,0,0.3,-
2023-10-13,UNG,1,30.0,11.5,GREEN,2,True,1.0,,1.0,1.0,0.4,40000.0,False,44.3132,0,0.2,-
2023-10-16,XLC,1,66.22175598144531,11.0,LIME,1,False,0.35,0.35,1.0,1.0,0.35,35000.0,False,16.4135,0,0.3,-
2023-10-17,XLC,1,66.45496368408203,11.0,LIME,1,False,0.35,0.35,1.0,1.0,0.35,35000.0,False,16.4185,0,0.2,-
2023-10-20,XLE,1,41.595550537109375,11.25,LIME,2,True,1.0,,1.0,1.0,0.4,40000.0,False,19.3914,0,0.1,PURPLE
2023-10-23,GLD,1,182.97000122070312,11.5,LIME,1,True,1.0,,0.55,0.537275,0.21491,21491.0,False,11.869,0,0.1,PURPLE
2023-10-23,DBA,2,19.446332931518555,11.5,LIME,1,True,1.0,,0.45,0.462725,0.18509,18509.0,False,9.4802,0,0.1,PURPLE
2023-10-24,DBA,1,19.428598403930664,12.25,LIME,2,True,1.0,,0.55,0.56266,0.225064,22506.39,False,9.4729,0,0.1,PURPLE
2023-10-24,GLD,2,182.9499969482422,11.75,LIME,1,True,1.0,,0.45,0.43734,0.174936,17493.61,False,11.8289,0,0.1,PURPLE
2023-10-25,GLD,1,183.72000122070312,11.5,LIME,1,True,1.0,,0.55,0.635838,0.254335,25433.53,False,11.4174,0,0.1,PURPLE
2023-10-25,DBA,2,19.339921951293945,11.0,LIME,3,True,1.0,,0.45,0.364162,0.145665,14566.47,False,9.3488,3,0.1,PURPLE
2023-10-26,GLD,1,184.009994506836,11.5,LIME,1,True,1.0,,1.0,1.0,0.4,40000.0,False,11.314,0,0.1,PURPLE
2023-10-27,GLD,1,186.1499938964844,12.0,LIME,1,True,1.0,,1.0,1.0,0.4,40000.0,False,11.5327,0,0.1,PURPLE
2023-10-30,GLD,1,185.1000061035156,12.25,LIME,1,True,1.0,,1.0,1.0,0.4,40000.0,False,11.3921,0,0.1,PURPLE
2023-10-31,GLD,1,184.08999633789065,11.75,LIME,2,True,1.0,,1.0,1.0,0.4,40000.0,False,11.4057,0,0.1,PURPLE
2023-11-01,DBA,1,19.49066925048828,12.5,LIME,1,True,1.0,,1.0,1.0,0.4,40000.0,False,9.3456,0,0.1,PURPLE
2023-11-02,DBA,1,19.72122383117676,12.5,LIME,1,True,1.0,,1.0,1.0,1.0,100000.0,False,9.6265,0,0.8,LIME
2023-11-03,DBA,1,19.86310195922852,14.75,LIME,1,True,1.0,,1.0,1.0,1.0,100000.0,False,9.703,0,0.85,LIME
2023-11-06,DBA,1,19.91630744934082,15.5,LIME,1,True,1.0,,0.55,0.537275,0.537275,53727.51,False,9.5732,0,0.85,LIME
2023-11-06,HYG,2,64.28628540039062,11.5,LIME,1,True,1.0,,0.45,0.462725,0.462725,46272.49,False,6.8296,0,0.85,LIME
2023-11-07,DBA,1,19.65028381347656,14.75,-,2,True,1.0,,0.45,0.454787,0.454787,45478.72,False,9.9692,1,0.85,LIME
2023-11-07,HYG,2,64.29496002197266,13.0,LIME,1,True,1.0,,0.3,0.319149,0.319149,31914.89,False,6.8296,0,0.85,LIME
2023-11-07,EWZ,3,27.324142456054688,12.25,LIME,1,False,0.85,0.4,0.25,0.226064,0.192154,19215.43,False,24.6436,0,0.85,LIME
2023-11-08,DBA,1,19.73896026611328,14.0,-,2,True,1.0,,0.45,0.467532,0.467532,46753.25,False,10.0,0,0.85,LIME
2023-11-08,HYG,2,64.32965850830078,13.25,LIME,1,True,1.0,,0.3,0.311688,0.311688,31168.83,False,6.8299,0,0.85,LIME
2023-11-08,EWZ,3,27.1037826538086,12.5,LIME,1,False,0.85,0.4,0.25,0.220779,0.187662,18766.23,False,24.6854,0,0.85,LIME
2023-11-09,XLK,1,86.04427337646484,12.5,LIME,1,False,0.8,0.4,0.35,0.341463,0.273171,27317.07,False,17.9284,0,0.8,LIME
2023-11-09,HYG,2,63.930625915527344,12.75,LIME,2,True,1.0,,0.3,0.325203,0.325203,32520.33,False,6.9385,0,0.8,LIME
2023-11-09,EWZ,3,26.959705352783203,12.25,LIME,2,False,0.8,0.35,0.25,0.230352,0.184282,18428.18,False,24.6686,0,0.8,LIME
2023-11-09,DBA,4,19.623682022094727,11.75,-,3,True,1.0,,0.1,0.102981,0.102981,10298.1,False,10.083,1,0.8,LIME
2023-11-10,XLK,1,88.29188537597656,12.75,LIME,1,False,0.85,0.4,0.35,0.360825,0.306701,30670.1,False,18.3868,0,0.85,LIME
2023-11-10,EWZ,2,27.459747314453125,12.5,LIME,1,False,0.85,0.4,0.3,0.278351,0.236598,23659.79,False,24.5893,0,0.85,LIME
2023-11-10,VUG,3,284.8728942871094,12.25,LIME,1,False,0.85,0.4,0.25,0.257732,0.219072,21907.22,False,17.5042,0,0.85,LIME
2023-11-10,HYG,4,64.24292755126953,12.25,LIME,1,True,1.0,,0.1,0.103093,0.103093,10309.28,False,7.0065,0,0.85,LIME
2023-11-13,XLK,1,87.77548217773438,13.0,LIME,1,False,0.85,0.5,0.33,0.349947,0.297455,29745.49,False,18.308,0,0.85,LIME
2023-11-13,EWZ,2,27.40041923522949,12.5,LIME,1,False,0.85,0.4,0.27,0.257688,0.219035,21903.5,False,24.4921,0,0.85,LIME
2023-11-13,ARKW,3,58.29866409301758,12.25,LIME,1,False,0.85,0.4,0.2,0.180276,0.153234,15323.44,False,34.308,0,0.85,LIME
2023-11-13,VUG,4,284.73468017578125,12.5,LIME,1,False,0.85,0.4,0.1,0.106045,0.090138,9013.79,False,17.378,0,0.85,LIME
2023-11-13,HYG,5,64.18218994140625,11.0,LIME,2,True,1.0,,0.1,0.106045,0.106045,10604.45,False,6.9778,0,0.85,LIME
2023-11-14,XLK,1,89.53128814697266,13.5,LIME,1,False,0.85,0.5,0.33,0.341969,0.290674,29067.36,False,18.564,0,0.85,LIME
2023-11-14,VUG,2,290.42266845703125,13.0,LIME,1,False,0.85,0.5,0.27,0.279793,0.237824,23782.38,False,17.71,0,0.85,LIME
2023-11-14,EWZ,3,28.29031753540039,12.75,LIME,1,False,0.85,0.4,0.2,0.186528,0.158549,15854.92,False,25.2712,0,0.85,LIME
2023-11-14,ARKW,4,59.92353820800781,12.5,LIME,1,False,0.85,0.4,0.1,0.088083,0.07487,7487.05,False,34.5277,0,0.85,LIME
2023-11-14,HYG,5,64.83277130126953,11.25,LIME,1,True,1.0,,0.1,0.103627,0.103627,10362.69,False,7.2271,0,0.85,LIME
2023-11-15,XLK,1,89.6444091796875,14.0,LIME,1,False,0.85,0.55,0.31,0.319917,0.27193,27192.98,False,18.4282,0,0.85,LIME
2023-11-15,XAR,2,123.68868255615234,14.0,LIME,1,False,0.85,0.55,0.25,0.257998,0.219298,21929.82,False,18.8389,0,0.85,LIME
2023-11-15,EWZ,3,28.476768493652344,13.5,LIME,1,False,0.85,0.5,0.16,0.148607,0.126316,12631.58,False,25.2366,0,0.85,LIME
2023-11-15,VUG,4,290.42266845703125,13.5,LIME,1,False,0.85,0.5,0.1,0.103199,0.087719,8771.93,False,17.5552,0,0.85,LIME
2023-11-15,ARKW,5,61.40070343017578,13.0,LIME,1,False,0.85,0.5,0.1,0.087719,0.074561,7456.14,False,34.1395,0,0.85,LIME
2023-11-15,HYG,6,64.62458801269531,12.0,LIME,1,True,1.0,,0.08,0.082559,0.082559,8255.93,False,7.2053,0,0.85,LIME
2023-11-16,XLK,1,90.0919418334961,14.5,LIME,1,False,0.85,0.55,0.31,0.316973,0.269427,26942.74,False,18.4398,0,0.85,LIME
2023-11-16,XLC,2,68.0971450805664,14.25,LIME,1,False,0.85,0.55,0.25,0.255624,0.21728,21728.02,False,18.8389,0,0.85,LIME
2023-11-16,XAR,3,122.23029327392578,14.75,LIME,1,False,0.85,0.55,0.16,0.163599,0.139059,13905.93,False,18.9286,0,0.85,LIME
2023-11-16,EWZ,4,28.53610038757324,13.75,LIME,1,False,0.85,0.5,0.1,0.092025,0.078221,7822.09,False,25.212,0,0.85,LIME
2023-11-16,VUG,5,291.6767883300781,13.75,LIME,1,False,0.85,0.5,0.1,0.102249,0.086912,8691.21,False,17.5591,0,0.85,LIME
2023-11-16,ARKW,6,60.3076057434082,13.25,LIME,1,False,0.85,0.5,0.08,0.06953,0.0591,5910.02,False,34.3736,0,0.85,LIME
2023-11-17,XLK,1,89.90507507324219,15.0,LIME,1,False,0.85,0.6,0.31,0.316973,0.269427,26942.74,False,18.1143,0,0.85,LIME
2023-11-17,XLC,2,68.08743286132812,15.0,LIME,1,False,0.85,0.6,0.25,0.255624,0.21728,21728.02,False,18.8022,0,0.85,LIME
2023-11-17,XAR,3,122.65401458740234,15.0,LIME,1,False,0.85,0.6,0.16,0.163599,0.139059,13905.93,False,18.9292,0,0.85,LIME
2023-11-17,EWZ,4,28.383544921875,14.0,LIME,1,False,0.85,0.55,0.1,0.092025,0.078221,7822.09,False,25.1322,0,0.85,LIME
2023-11-17,VUG,5,291.4299011230469,14.0,LIME,1,False,0.85,0.55,0.1,0.102249,0.086912,8691.21,False,17.3841,0,0.85,LIME
2023-11-17,ARKW,6,61.321922302246094,13.5,LIME,1,False,0.85,0.5,0.08,0.06953,0.0591,5910.02,False,34.4079,0,0.85,LIME
2023-11-20,XLC,1,68.8550796508789,15.5,LIME,1,False,0.85,0.6,0.31,0.316973,0.269427,26942.74,False,18.9085,0,0.85,LIME
2023-11-20,XLK,2,91.20838928222656,15.0,LIME,1,False,0.85,0.6,0.25,0.255624,0.21728,21728.02,False,18.2933,0,0.85,LIME
2023-11-20,XAR,3,124.04344177246094,15.0,LIME,1,False,0.85,0.6,0.16,0.163599,0.139059,13905.93,False,19.0115,0,0.85,LIME
2023-11-20,EWZ,4,28.951385498046875,14.25,LIME,1,False,0.85,0.55,0.1,0.092025,0.078221,7822.09,False,25.0644,0,0.85,LIME
2023-11-20,VUG,5,294.7083740234375,14.25,LIME,1,False,0.85,0.55,0.1,0.102249,0.086912,8691.21,False,17.5034,0,0.85,LIME
2023-11-20,ARKW,6,62.64152145385742,13.75,LIME,1,False,0.85,0.5,0.08,0.06953,0.0591,5910.02,False,34.5801,0,0.85,LIME
2023-11-21,XLC,1,68.62186431884766,16.0,LIME,1,False,0.85,0.6,0.31,0.316973,0.269427,26942.74,False,18.6887,0,0.85,LIME
2023-11-21,XLK,2,90.47066497802734,15.0,LIME,1,False,0.85,0.6,0.25,0.255624,0.21728,21728.02,False,18.0885,0,0.85,LIME
2023-11-21,XAR,3,123.7576675415039,15.0,LIME,1,False,0.85,0.6,0.16,0.163599,0.139059,13905.93,False,18.9897,0,0.85,LIME
2023-11-21,EWZ,4,28.63780212402344,14.5,LIME,1,False,0.85,0.55,0.1,0.092025,0.078221,7822.09,False,24.3459,0,0.85,LIME
2023-11-21,VUG,5,293.8196716308594,14.5,LIME,1,False,0.85,0.55,0.1,0.102249,0.086912,8691.21,False,17.3017,0,0.85,LIME
2023-11-21,ARKW,6,61.70598220825195,14.0,LIME,1,False,0.85,0.55,0.08,0.06953,0.0591,5910.02,False,34.4045,0,0.85,LIME
2023-11-22,XLC,1,69.18546295166016,16.0,LIME,1,False,0.85,0.6,0.31,0.313765,0.2667,26670.04,False,18.2806,0,0.85,LIME
2023-11-22,XLK,2,90.87395477294922,15.0,LIME,1,False,0.85,0.6,0.25,0.253036,0.215081,21508.1,False,17.4098,0,0.85,LIME
2023-11-22,EWP,3,27.536664962768555,15.0,LIME,1,False,0.85,0.6,0.16,0.161943,0.137652,13765.18,False,18.013,0,0.85,LIME
2023-11-22,XAR,4,124.07300567626952,15.0,LIME,1,False,0.85,0.6,0.1,0.101215,0.086032,8603.24,False,18.4003,0,0.85,LIME
2023-11-22,VUG,5,295.2021179199219,14.75,LIME,1,False,0.85,0.55,0.1,0.101215,0.086032,8603.24,False,16.869,0,0.85,LIME
2023-11-22,ARKW,6,62.52334976196289,14.0,LIME,1,False,0.85,0.55,0.08,0.068826,0.058502,5850.2,False,33.664,0,0.85,LIME
2023-11-24,XLC,1,68.95225524902344,16.0,LIME,1,False,0.85,0.6,0.31,0.313765,0.2667,26670.04,False,18.3062,0,0.85,LIME
2023-11-24,XAR,2,125.324462890625,15.0,LIME,1,False,0.85,0.6,0.25,0.253036,0.215081,21508.1,False,18.4841,0,0.85,LIME
2023-11-24,XLK,3,90.69689178466795,14.75,LIME,1,False,0.85,0.55,0.16,0.161943,0.137652,13765.18,False,17.3385,0,0.85,LIME
2023-11-24,EWP,4,27.822263717651367,15.0,LIME,1,False,0.85,0.6,0.1,0.101215,0.086032,8603.24,False,18.045,0,0.85,LIME
2023-11-24,VUG,5,294.9454345703125,15.0,LIME,1,False,0.85,0.6,0.1,0.101215,0.086032,8603.24,False,16.8218,0,0.85,LIME
2023-11-24,ARKW,6,63.33086013793945,14.0,LIME,1,False,0.85,0.55,0.08,0.068826,0.058502,5850.2,False,33.6774,0,0.85,LIME
2023-11-27,EWP,1,27.91438674926757,15.0,LIME,1,False,0.8,0.6,0.31,0.313765,0.251012,25101.21,False,17.7857,0,0.8,LIME
2023-11-27,XLC,2,68.52469635009766,15.0,LIME,2,False,0.8,0.55,0.25,0.253036,0.202429,20242.91,False,18.2341,0,0.8,LIME
2023-11-27,HYG,3,65.15373229980469,15.5,LIME,1,True,1.0,,0.16,0.161943,0.161943,16194.33,False,6.8893,0,0.8,LIME
2023-11-27,VUG,4,294.7281494140625,15.0,LIME,1,False,0.8,0.6,0.1,0.101215,0.080972,8097.17,False,16.7792,0,0.8,LIME
2023-11-27,XAR,5,124.52628326416016,15.0,LIME,1,False,0.8,0.6,0.1,0.101215,0.080972,8097.17,False,18.3088,0,0.8,LIME
2023-11-27,ARKW,6,64.11868286132812,14.0,LIME,1,False,0.8,0.55,0.08,0.068826,0.055061,5506.07,False,33.7332,0,0.8,LIME
2023-11-28,EWP,1,28.117067337036133,15.0,LIME,1,False,0.85,0.6,0.31,0.314721,0.267513,26751.27,False,17.4718,0,0.85,LIME
2023-11-28,VUG,2,295.4490051269531,15.0,LIME,1,False,0.85,0.6,0.25,0.253807,0.215736,21573.6,False,16.3664,0,0.85,LIME
2023-11-28,HYG,3,65.43999481201172,15.25,LIME,1,True,1.0,,0.16,0.162437,0.162437,16243.65,False,6.8329,0,0.85,LIME
2023-11-28,ARKW,4,66.02914428710938,14.0,LIME,1,False,0.85,0.55,0.1,0.086294,0.07335,7335.03,False,32.4118,0,0.85,LIME
2023-11-28,XAR,5,124.27008819580078,14.25,LIME,2,False,0.85,0.5,0.1,0.101523,0.086294,8629.44,False,18.2927,0,0.85,LIME
2023-11-28,XLC,6,68.68989562988281,13.25,LIME,2,False,0.85,0.45,0.08,0.081218,0.069036,6903.55,False,17.7258,0,0.85,LIME
2023-11-29,EWP,1,28.28289222717285,15.0,LIME,1,False,0.85,0.6,0.31,0.317623,0.26998,26997.95,False,17.4608,0,0.85,LIME
2023-11-29,GLD,2,189.5399932861328,14.75,LIME,1,True,1.0,,0.25,0.256148,0.256148,25614.75,False,12.4124,0,0.85,LIME
2023-11-29,ARKW,3,66.54122924804688,14.25,LIME,1,False,0.85,0.55,0.16,0.139344,0.118443,11844.26,False,32.4283,0,0.85,LIME
2023-11-29,HYG,4,65.79561614990234,15.0,LIME,1,True,1.0,,0.1,0.102459,0.102459,10245.9,False,6.909,0,0.85,LIME
2023-11-29,VUG,5,295.0145263671875,14.25,LIME,2,False,0.85,0.5,0.1,0.102459,0.08709,8709.02,False,16.3296,0,0.85,LIME
2023-11-29,XAR,6,123.82666015625,12.75,LIME,3,False,0.85,0.35,0.08,0.081967,0.069672,6967.21,False,18.2652,0,0.85,LIME
2023-11-30,GLD,1,188.75,15.5,LIME,1,True,1.0,,0.31,0.319258,0.319258,31925.85,False,12.4428,0,0.6,LIME
2023-11-30,EWP,2,28.117067337036133,15.0,LIME,1,False,0.6,0.6,0.25,0.257467,0.15448,15447.99,False,17.3125,0,0.6,LIME
2023-11-30,ARKW,3,65.61553955078125,14.5,LIME,1,False,0.6,0.55,0.16,0.140062,0.084037,8403.71,False,32.5841,0,0.6,LIME
2023-11-30,HYG,4,65.67420196533203,15.25,LIME,1,True,1.0,,0.1,0.102987,0.102987,10298.66,False,6.9201,0,0.6,LIME
2023-11-30,XAR,5,125.97484588623048,12.75,LIME,1,False,0.6,0.4,0.1,0.097837,0.058702,5870.24,False,18.5653,0,0.6,LIME
2023-11-30,VUG,6,294.8368225097656,13.0,LIME,2,False,0.6,0.45,0.08,0.082389,0.049434,4943.36,False,16.3306,0,0.6,LIME
2023-12-01,GLD,1,192.009994506836,15.75,LIME,1,True,1.0,,0.31,0.319917,0.319917,31991.74,False,12.8721,0,0.85,LIME
2023-12-01,INDA,2,46.06672286987305,16.0,LIME,1,False,0.85,0.6,0.25,0.257998,0.219298,21929.82,False,10.395,0,0.85,LIME
2023-12-01,EWP,3,28.26446914672852,15.0,LIME,1,False,0.85,0.6,0.16,0.156863,0.133333,13333.33,False,17.1129,0,0.85,LIME
2023-12-01,ARKW,4,68.44184112548828,14.75,LIME,1,False,0.85,0.55,0.1,0.087719,0.074561,7456.14,False,33.5777,0,0.85,LIME
2023-12-01,HYG,5,66.21797180175781,15.5,LIME,1,True,1.0,,0.1,0.103199,0.103199,10319.92,False,7.0941,0,0.85,LIME
2023-12-01,XAR,6,128.2708740234375,12.75,LIME,1,False,0.85,0.4,0.08,0.074303,0.063158,6315.79,False,18.8863,0,0.85,LIME
2023-12-04,ARKW,1,68.9637680053711,15.0,LIME,1,False,0.6,0.6,0.31,0.279873,0.167924,16792.35,False,33.5741,0,0.2,-
2023-12-04,INDA,2,46.503562927246094,16.0,LIME,1,False,0.6,0.6,0.25,0.265534,0.15932,15932.02,False,10.5349,0,0.2,-
2023-12-04,EWP,3,28.29210662841797,15.0,LIME,1,False,0.6,0.6,0.16,0.161445,0.096867,9686.67,False,16.8547,0,0.2,-
2023-12-04,GLD,4,187.8600006103516,15.0,LIME,2,True,1.0,,0.1,0.106213,0.106213,10621.35,False,13.5277,0,0.2,-
2023-12-04,HYG,5,66.0523910522461,15.75,LIME,1,True,1.0,,0.1,0.106213,0.106213,10621.35,False,6.978,0,0.2,-
2023-12-04,XAR,6,128.7832489013672,13.5,LIME,1,False,0.5,0.5,0.08,0.080722,0.040361,4036.11,False,18.483,0,0.2,-
2023-12-05,INDA,1,46.93047332763672,16.0,LIME,1,False,0.6,0.6,0.31,0.327869,0.196721,19672.13,False,10.6147,0,0.2,-
2023-12-05,ARKW,2,69.08194732666016,15.0,LIME,1,False,0.6,0.6,0.25,0.224749,0.134849,13484.93,False,33.5749,0,0.2,-
2023-12-05,EWP,3,28.29210662841797,15.0,LIME,1,False,0.6,0.6,0.16,0.160762,0.096457,9645.69,False,16.6783,0,0.2,-
2023-12-05,XAR,4,127.10807800292967,15.0,LIME,1,False,0.6,0.6,0.1,0.100476,0.060286,6028.56,False,18.6741,0,0.2,-
2023-12-05,HYG,5,66.11339569091797,16.0,LIME,1,True,1.0,,0.1,0.105764,0.105764,10576.41,False,6.9531,0,0.2,-
2023-12-05,GLD,6,187.1499938964844,13.0,LIME,3,True,1.0,,0.08,0.080381,0.080381,8038.08,False,13.5164,1,0.2,-
2023-12-06,ARKW,1,68.6092529296875,15.0,LIME,1,False,0.6,0.6,0.31,0.287664,0.172598,17259.83,False,33.6323,0,0.2,-
2023-12-06,ARKF,2,24.47859573364257,15.0,LIME,1,False,0.6,0.6,0.25,0.231987,0.139192,13919.21,False,33.7726,0,0.2,-
2023-12-06,INDA,3,46.99996948242188,16.0,LIME,1,False,0.6,0.6,0.16,0.174672,0.104803,10480.35,False,10.505,0,0.2,-
2023-12-06,HYG,4,66.12208557128906,15.75,LIME,1,True,1.0,,0.1,0.10917,0.10917,10917.03,False,6.9302,0,0.2,-
2023-12-06,XAR,5,127.42340850830078,14.25,LIME,2,False,0.5,0.5,0.1,0.10917,0.054585,5458.52,False,18.6395,0,0.2,-
2023-12-06,EWP,6,28.20919418334961,13.75,LIME,2,False,0.45,0.45,0.08,0.087336,0.039301,3930.13,False,16.6927,0,0.2,-
2023-12-07,INDA,1,47.11910629272461,16.0,LIME,1,False,0.6,0.6,0.31,0.330314,0.198189,19818.86,False,10.3293,0,0.2,-
2023-12-07,ARKW,2,68.78651428222656,15.0,LIME,1,False,0.6,0.6,0.25,0.226425,0.135855,13585.51,False,33.5543,0,0.2,-
2023-12-07,ARKF,3,24.578508377075195,14.25,LIME,2,False,0.5,0.5,0.16,0.144912,0.072456,7245.6,False,33.6673,0,0.2,-
2023-12-07,HYG,4,66.23538208007812,15.75,LIME,1,True,1.0,,0.1,0.106553,0.106553,10655.3,False,6.9318,0,0.2,-
2023-12-07,XAR,5,127.83727264404295,13.25,LIME,2,False,0.45,0.45,0.1,0.106553,0.047949,4794.89,False,18.4922,0,0.2,-
2023-12-07,EWP,6,28.199981689453125,13.0,LIME,2,False,0.45,0.45,0.08,0.085242,0.038359,3835.91,False,16.6604,0,0.2,-
2023-12-08,ARKW,1,70.80530548095703,15.0,LIME,1,False,0.6,0.6,0.31,0.283486,0.170091,17009.14,False,33.8934,0,0.3,-
2023-12-08,INDA,2,46.97018814086914,16.0,LIME,1,False,0.6,0.6,0.25,0.268962,0.161377,16137.71,False,10.1987,0,0.3,-
2023-12-08,ARKF,3,25.167993545532227,14.25,LIME,1,False,0.55,0.55,0.16,0.146315,0.080473,8047.34,False,33.8938,0,0.3,-
2023-12-08,XAR,4,129.2464141845703,13.25,LIME,1,False,0.5,0.5,0.1,0.107585,0.053792,5379.24,False,18.5424,0,0.3,-
2023-12-08,EWP,5,28.39344596862793,13.0,LIME,1,False,0.5,0.5,0.1,0.107585,0.053792,5379.24,False,16.5348,0,0.3,-
2023-12-08,HYG,6,66.10466766357422,14.25,LIME,2,True,1.0,,0.08,0.086068,0.086068,8606.78,False,6.9455,0,0.3,-
2023-12-11,INDA,1,47.21839141845703,16.0,LIME,1,False,0.6,0.6,0.31,0.330314,0.198189,19818.86,False,10.0561,0,0.4,-
2023-12-11,ARKW,2,69.71220397949219,15.0,LIME,1,False,0.6,0.6,0.25,0.226425,0.135855,13585.51,False,33.993,0,0.4,-
2023-12-11,ARKF,3,25.10804557800293,14.25,LIME,1,False,0.55,0.55,0.16,0.144912,0.079702,7970.17,False,33.8335,0,0.4,-
2023-12-11,XAR,4,129.88693237304688,13.25,LIME,1,False,0.5,0.5,0.1,0.106553,0.053277,5327.65,False,18.4884,0,0.4,-
2023-12-11,HYG,5,66.06109619140625,13.25,LIME,2,True,1.0,,0.1,0.106553,0.106553,10655.3,False,6.9365,0,0.4,-
2023-12-11,EWP,6,28.218406677246094,11.25,-,3,False,0.4,0.3,0.08,0.085242,0.034097,3409.7,False,16.6073,0,0.4,-
2023-12-12,ARKW,1,70.0470199584961,15.0,LIME,1,False,0.85,0.6,0.31,0.287664,0.244514,24451.42,False,33.8372,0,0.85,LIME
2023-12-12,ARKF,2,25.18797492980957,14.25,LIME,1,False,0.85,0.55,0.25,0.231987,0.197189,19718.89,False,33.6441,0,0.85,LIME
2023-12-12,QMOM,3,46.85421752929688,14.5,LIME,1,False,0.85,0.55,0.16,0.174672,0.148472,14847.16,False,21.1435,0,0.85,LIME
2023-12-12,XAR,4,130.330322265625,14.0,LIME,1,False,0.85,0.55,0.1,0.10917,0.092795,9279.48,False,18.4167,0,0.85,LIME
2023-12-12,INDA,5,47.0396842956543,15.0,LIME,2,False,0.85,0.55,0.1,0.10917,0.092795,9279.48,False,10.099,0,0.85,LIME
2023-12-12,HYG,6,66.20923614501953,13.25,LIME,1,True,1.0,,0.08,0.087336,0.087336,8733.62,False,6.9315,0,0.85,LIME
2023-12-13,XLK,1,94.0413055419922,15.5,LIME,1,False,0.85,0.6,0.31,0.330314,0.280767,28076.72,False,16.5265,0,0.85,LIME
2023-12-13,ARKW,2,72.23322296142578,15.0,LIME,1,False,0.85,0.6,0.25,0.226425,0.192461,19246.14,False,34.2897,0,0.85,LIME
2023-12-13,ARKF,3,25.947311401367188,15.0,LIME,1,False,0.85,0.6,0.16,0.144912,0.123175,12317.53,False,34.0718,0,0.85,LIME
2023-12-13,XAR,4,132.67564392089844,15.0,LIME,1,False,0.85,0.6,0.1,0.106553,0.09057,9057.01,False,18.6552,0,0.85,LIME
2023-12-13,QMOM,5,47.66137313842773,14.75,LIME,1,False,0.85,0.55,0.1,0.106553,0.09057,9057.01,False,21.2675,0,0.85,LIME
2023-12-13,INDA,6,47.615516662597656,15.0,LIME,1,False,0.85,0.6,0.08,0.085242,0.072456,7245.6,False,10.3461,0,0.85,LIME
2023-12-14,XLK,1,93.81013488769533,16.0,LIME,1,False,0.85,0.6,0.31,0.330314,0.280767,28076.72,False,15.9934,0,0.85,LIME
2023-12-14,ARKW,2,73.88764190673828,15.0,LIME,1,False,0.85,0.6,0.25,0.226425,0.192461,19246.14,False,34.3279,0,0.85,LIME
2023-12-14,ARKF,3,26.606735229492188,15.0,LIME,1,False,0.85,0.6,0.16,0.144912,0.123175,12317.53,False,34.1662,0,0.85,LIME
2023-12-14,XAR,4,131.7592010498047,15.0,LIME,1,False,0.85,0.6,0.1,0.106553,0.09057,9057.01,False,18.7179,0,0.85,LIME
2023-12-14,QMOM,5,48.30321502685547,15.0,LIME,1,False,0.85,0.6,0.1,0.106553,0.09057,9057.01,False,21.022,0,0.85,LIME
2023-12-14,INDA,6,48.00271224975586,15.0,LIME,1,False,0.85,0.6,0.08,0.085242,0.072456,7245.6,False,10.4149,0,0.85,LIME
2023-12-15,XLK,1,94.28228759765624,16.0,LIME,1,False,0.85,0.6,0.31,0.322581,0.274194,27419.35,False,15.9951,0,0.85,LIME
2023-12-15,QQQ,2,399.3990478515625,15.75,LIME,1,False,0.85,0.6,0.25,0.260146,0.221124,22112.38,False,16.2874,0,0.85,LIME
2023-12-15,ARKW,3,73.01119995117188,15.0,LIME,1,False,0.85,0.6,0.16,0.141519,0.120291,12029.14,False,34.2389,0,0.85,LIME
2023-12-15,ARKF,4,26.28701400756836,15.0,LIME,1,False,0.85,0.6,0.1,0.08845,0.075182,7518.21,False,34.1347,0,0.85,LIME
2023-12-15,XAR,5,131.26651000976562,15.0,LIME,1,False,0.85,0.6,0.1,0.104058,0.08845,8844.95,False,18.7529,0,0.85,LIME
2023-12-15,QMOM,6,48.28376388549805,15.0,LIME,1,False,0.85,0.6,0.08,0.083247,0.07076,7075.96,False,21.0263,0,0.85,LIME
2023-12-18,XLK,1,94.5642318725586,16.0,LIME,1,False,0.85,0.6,0.31,0.319588,0.271649,27164.95,False,15.9878,0,0.85,LIME
2023-12-18,QQQ,2,401.9147338867188,16.0,LIME,1,False,0.85,0.6,0.25,0.257732,0.219072,21907.22,False,16.2989,0,0.85,LIME
2023-12-18,SMH,3,172.03977966308594,15.5,LIME,1,False,0.85,0.6,0.16,0.164948,0.140206,14020.62,False,23.1277,0,0.85,LIME
2023-12-18,ARKF,4,26.79656982421875,15.0,LIME,1,False,0.85,0.6,0.1,0.087629,0.074485,7448.45,False,33.9135,0,0.85,LIME
2023-12-18,ARKW,5,73.19830322265625,15.0,LIME,1,False,0.85,0.6,0.1,0.087629,0.074485,7448.45,False,34.0672,0,0.85,LIME
2023-12-18,QMOM,6,48.4782600402832,15.0,LIME,1,False,0.85,0.6,0.08,0.082474,0.070103,7010.31,False,20.9847,0,0.85,LIME
2023-12-19,SMH,1,172.61544799804688,15.75,LIME,1,False,0.85,0.6,0.31,0.319588,0.271649,27164.95,False,22.7906,0,0.85,LIME
2023-12-19,XLK,2,94.9240493774414,16.0,LIME,1,False,0.85,0.6,0.25,0.257732,0.219072,21907.22,False,15.5763,0,0.85,LIME
2023-12-19,QQQ,3,403.9683837890625,16.0,LIME,1,False,0.85,0.6,0.16,0.164948,0.140206,14020.62,False,15.9837,0,0.85,LIME
2023-12-19,ARKW,4,75.3451156616211,15.25,LIME,1,False,0.85,0.6,0.1,0.087629,0.074485,7448.45,False,34.0937,0,0.85,LIME
2023-12-19,ARKF,5,27.55590438842773,15.0,LIME,1,False,0.85,0.6,0.1,0.087629,0.074485,7448.45,False,33.9729,0,0.85,LIME
2023-12-19,QMOM,6,48.9431037902832,15.0,LIME,1,False,0.85,0.6,0.08,0.082474,0.070103,7010.31,False,20.8352,0,0.85,LIME
2023-12-20,ARKF,1,26.816551208496094,15.0,-,1,False,0.8,0.6,0.31,0.29343,0.234744,23474.39,False,33.6572,0,0.8,LIME
2023-12-20,ARKW,2,73.0013427734375,14.5,-,2,False,0.8,0.5,0.25,0.236637,0.18931,18930.96,False,34.1262,0,0.8,LIME
2023-12-20,SMH,3,167.81175231933594,14.5,LIME,2,False,0.8,0.5,0.16,0.169265,0.135412,13541.2,False,23.1664,1,0.8,LIME
2023-12-20,QQQ,4,397.9654541015625,15.0,LIME,2,False,0.8,0.55,0.1,0.105791,0.084633,8463.25,False,15.8196,1,0.8,LIME
2023-12-20,XLK,5,93.48969268798828,14.5,LIME,2,False,0.8,0.5,0.1,0.105791,0.084633,8463.25,False,15.57,1,0.8,LIME
2023-12-20,QMOM,6,48.389835357666016,14.25,LIME,2,False,0.8,0.5,0.08,0.089087,0.071269,7126.95,False,20.4656,0,0.8,LIME
2023-12-21,ARKF,1,27.34609031677246,15.25,-,1,False,0.85,0.6,0.31,0.287664,0.244514,24451.42,False,33.6277,0,0.85,LIME
2023-12-21,ARKW,2,74.67546844482422,14.75,-,1,False,0.85,0.55,0.25,0.231987,0.197189,19718.89,False,34.111,0,0.85,LIME
2023-12-21,SMH,3,171.96038818359375,14.5,LIME,1,False,0.85,0.55,0.16,0.174672,0.148472,14847.16,False,23.5436,0,0.85,LIME
2023-12-21,QQQ,4,402.5959777832031,15.0,LIME,1,False,0.85,0.6,0.1,0.10917,0.092795,9279.48,False,15.9321,0,0.85,LIME
2023-12-21,XLK,5,94.5395965576172,14.5,LIME,1,False,0.85,0.55,0.1,0.10917,0.092795,9279.48,False,15.67,0,0.85,LIME
2023-12-21,QMOM,6,49.07848358154297,14.25,LIME,1,False,0.85,0.55,0.08,0.087336,0.074236,7423.58,False,20.5736,0,0.85,LIME
2023-12-22,ARKF,1,27.655818939208984,15.5,-,1,False,0.85,0.6,0.31,0.283486,0.240963,24096.29,False,33.642,0,0.85,LIME
2023-12-22,EWZ,2,30.381505966186523,15.0,LIME,1,False,0.85,0.6,0.25,0.268962,0.228618,22861.75,False,23.0347,0,0.85,LIME
2023-12-22,ARKW,3,75.30572509765625,14.75,-,1,False,0.85,0.55,0.16,0.146315,0.124368,12436.79,False,34.0922,0,0.85,LIME
2023-12-22,SMH,4,171.98025512695312,14.25,LIME,1,False,0.85,0.55,0.1,0.107585,0.091447,9144.7,False,23.5405,0,0.85,LIME
2023-12-22,QQQ,5,403.1982116699219,14.75,LIME,1,False,0.85,0.55,0.1,0.107585,0.091447,9144.7,False,15.9239,0,0.85,LIME
2023-12-22,XLK,6,94.66281127929688,14.25,LIME,1,False,0.85,0.55,0.08,0.086068,0.073158,7315.76,False,15.6712,0,0.85,LIME
2023-12-26,ARKF,1,27.8056869506836,15.75,-,1,False,0.85,0.6,0.31,0.287664,0.244514,24451.42,False,33.3538,0,0.85,LIME
2023-12-26,ARKW,2,76.02460479736328,14.75,-,1,False,0.85,0.55,0.25,0.231987,0.197189,19718.89,False,33.9385,0,0.85,LIME
2023-12-26,EWZ,3,30.84662628173828,15.0,LIME,1,False,0.85,0.6,0.16,0.174672,0.148472,14847.16,False,22.7825,0,0.85,LIME
2023-12-26,SMH,4,174.35231018066406,14.25,LIME,1,False,0.85,0.55,0.1,0.10917,0.092795,9279.48,False,23.3091,0,0.85,LIME
2023-12-26,QQQ,5,405.6664733886719,14.75,LIME,1,False,0.85,0.55,0.1,0.10917,0.092795,9279.48,False,15.5573,0,0.85,LIME
2023-12-26,XLK,6,95.05713653564452,14.25,LIME,1,False,0.85,0.55,0.08,0.087336,0.074236,7423.58,False,15.1092,0,0.85,LIME
2023-12-27,ARKF,1,28.31524085998535,16.0,-,1,False,0.85,0.6,0.31,0.283486,0.240963,24096.29,False,33.4233,0,0.85,LIME
2023-12-27,XAR,2,134.69284057617188,16.0,-,1,False,0.85,0.6,0.25,0.268962,0.228618,22861.75,False,18.7572,0,0.85,LIME
2023-12-27,ARKW,3,77.09801483154297,15.75,-,1,False,0.85,0.6,0.16,0.146315,0.124368,12436.79,False,33.9714,0,0.85,LIME
2023-12-27,EWZ,4,30.95193099975586,16.0,LIME,1,False,0.85,0.6,0.1,0.107585,0.091447,9144.7,False,22.5748,0,0.85,LIME
2023-12-27,SMH,5,174.54087829589844,15.75,LIME,1,False,0.85,0.6,0.1,0.107585,0.091447,9144.7,False,23.2885,0,0.85,LIME
2023-12-27,XLK,6,95.05220794677734,15.75,LIME,1,False,0.85,0.6,0.08,0.086068,0.073158,7315.76,False,15.1182,0,0.85,LIME
2023-12-28,ARKF,1,28.285266876220703,16.0,-,1,False,0.85,0.6,0.31,0.283486,0.240963,24096.29,False,33.3787,0,0.85,LIME
2023-12-28,XAR,2,134.4755096435547,16.0,-,1,False,0.85,0.6,0.25,0.268962,0.228618,22861.75,False,18.7822,0,0.85,LIME
2023-12-28,ARKW,3,76.81242370605469,15.75,-,1,False,0.85,0.6,0.16,0.146315,0.124368,12436.79,False,33.9685,0,0.85,LIME
2023-12-28,EWZ,4,30.811521530151367,16.0,LIME,1,False,0.85,0.6,0.1,0.107585,0.091447,9144.7,False,22.5319,0,0.85,LIME
2023-12-28,SMH,5,174.50119018554688,15.75,LIME,1,False,0.85,0.6,0.1,0.107585,0.091447,9144.7,False,23.1588,0,0.85,LIME
2023-12-28,XLK,6,95.16558074951172,15.75,LIME,1,False,0.85,0.6,0.08,0.086068,0.073158,7315.76,False,15.0967,0,0.85,LIME
2023-12-29,ITA,1,124.6308822631836,16.0,-,1,False,0.8,0.6,0.31,0.327047,0.261638,26163.79,False,14.8883,0,0.8,LIME
2023-12-29,ARKF,2,27.55590438842773,15.0,-,2,False,0.8,0.55,0.25,0.212976,0.170381,17038.11,False,33.9801,1,0.8,LIME
2023-12-29,EWT,3,42.61986541748047,16.0,LIME,1,False,0.8,0.6,0.16,0.168799,0.135039,13503.89,False,15.8112,0,0.8,LIME
2023-12-29,EWZ,4,30.67988395690918,15.0,LIME,2,False,0.8,0.55,0.1,0.105499,0.084399,8439.93,False,22.5623,0,0.8,LIME
2023-12-29,XAR,5,133.79380798339844,15.0,-,2,False,0.8,0.55,0.1,0.105499,0.084399,8439.93,False,18.8546,0,0.8,LIME
2023-12-29,SMH,6,173.55831909179688,15.0,LIME,2,False,0.8,0.55,0.08,0.080179,0.064143,6414.35,False,23.2226,0,0.8,LIME
2024-01-02,XLF,1,36.478214263916016,16.0,-,1,False,0.6,0.6,0.31,0.321844,0.193106,19310.63,False,13.7565,0,0.3,-
2024-01-02,DIA,2,363.5556335449219,16.0,-,1,False,0.6,0.6,0.25,0.259551,0.155731,15573.09,False,10.4097,0,0.3,-
2024-01-02,SRVR,3,28.301626205444336,15.0,LIME,1,False,0.6,0.6,0.16,0.141196,0.084718,8471.76,False,22.826,0,0.3,-
2024-01-02,EWT,4,41.63840103149414,15.0,-,2,False,0.55,0.55,0.1,0.09863,0.054246,5424.63,False,16.6109,1,0.3,-
2024-01-02,ITA,5,123.4889144897461,13.75,-,3,False,0.45,0.45,0.1,0.103821,0.046719,4671.93,False,14.814,0,0.3,-
2024-01-02,XAR,6,131.93634033203125,12.75,-,3,False,0.35,0.35,0.08,0.074958,0.026235,2623.55,False,18.965,1,0.3,-
2024-01-03,XLF,1,36.169090270996094,14.0,-,3,False,0.5,0.5,0.33,0.348377,0.174188,17418.84,False,13.4383,0,0.2,-
2024-01-03,DIA,2,360.7789611816406,14.0,-,3,False,0.5,0.5,0.27,0.285036,0.142518,14251.78,False,10.1883,0,0.2,-
2024-01-03,VYM,3,105.17570495605467,14.25,-,2,False,0.5,0.5,0.2,0.211138,0.105569,10556.88,False,11.9857,0,0.2,-
2024-01-03,SRVR,4,27.808847427368164,13.0,-,3,False,0.45,0.45,0.1,0.085247,0.038361,3836.1,False,22.5629,1,0.2,-
2024-01-03,EWT,5,41.01803588867188,13.0,-,3,False,0.45,0.45,0.1,0.070203,0.031591,3159.14,False,16.7676,3,0.2,-
2024-01-04,KSA,1,40.20703506469727,13.5,-,1,False,0.5,0.5,0.31,0.283486,0.141743,14174.29,False,18.0357,0,0.2,-
2024-01-04,XLV,2,134.14280700683594,15.0,LIME,1,False,0.6,0.6,0.25,0.268962,0.161377,16137.71,False,12.0355,0,0.2,-
2024-01-04,IBB,3,135.69717407226562,13.0,-,2,False,0.45,0.45,0.16,0.146315,0.065842,6584.19,False,21.135,0,0.2,-
2024-01-04,XLF,4,36.31399154663086,12.5,-,2,False,0.35,0.35,0.1,0.107585,0.037655,3765.47,False,13.4041,0,0.2,-
2024-01-04,VYM,5,105.08152770996094,13.0,-,2,False,0.45,0.45,0.1,0.107585,0.048413,4841.31,False,11.9867,0,0.2,-
2024-01-04,DIA,6,361.0971984863281,11.0,-,3,False,0.3,0.3,0.08,0.086068,0.02582,2582.03,False,10.1892,0,0.2,-
2024-01-05,KSA,1,40.357234954833984,13.5,-,1,False,0.5,0.5,0.31,0.279873,0.139936,13993.63,False,18.0378,0,0.2,-
2024-01-05,INDA,2,48.73740005493164,13.5,-,1,False,0.5,0.5,0.25,0.265534,0.132767,13276.69,False,11.8152,0,0.2,-
2024-01-05,XLV,3,134.02720642089844,15.0,LIME,1,False,0.6,0.6,0.16,0.169942,0.101965,10196.49,False,12.0159,0,0.2,-
2024-01-05,XLF,4,36.46855926513672,12.25,-,1,False,0.4,0.4,0.1,0.106213,0.042485,4248.54,False,13.402,0,0.2,-
2024-01-05,VYM,5,105.34520721435548,12.75,-,1,False,0.4,0.4,0.1,0.106213,0.042485,4248.54,False,11.9314,0,0.2,-
2024-01-05,IBB,6,135.299560546875,11.5,-,2,False,0.3,0.3,0.08,0.072225,0.021668,2166.76,False,21.035,0,0.2,-
2024-01-08,KSA,1,40.92049026489258,13.5,LIME,1,False,0.5,0.5,0.31,0.279873,0.139936,13993.63,False,18.1564,0,0.3,-
2024-01-08,INDA,2,48.73740005493164,14.5,-,1,False,0.55,0.55,0.25,0.265534,0.146044,14604.35,False,11.7126,0,0.3,-
2024-01-08,XLV,3,135.21218872070312,15.0,LIME,1,False,0.6,0.6,0.16,0.169942,0.101965,10196.49,False,11.9693,0,0.3,-
2024-01-08,XLF,4,36.70040893554688,12.25,-,1,False,0.4,0.4,0.1,0.106213,0.042485,4248.54,False,13.368,0,0.3,-
2024-01-08,VYM,5,105.93846893310548,13.0,-,1,False,0.5,0.5,0.1,0.106213,0.053107,5310.67,False,11.936,0,0.3,-
2024-01-08,IBB,6,138.54983520507812,11.5,-,1,False,0.35,0.35,0.08,0.072225,0.025279,2527.88,False,21.4847,0,0.3,-
2024-01-09,KSA,1,40.3009033203125,14.25,-,1,False,0.55,0.55,0.31,0.309186,0.170052,17005.25,False,17.7344,0,0.4,-
2024-01-09,XLF,2,36.46855926513672,13.75,-,1,False,0.5,0.5,0.25,0.262467,0.131234,13123.36,False,13.4757,0,0.4,-
2024-01-09,XBI,3,93.11883544921876,12.75,-,1,False,0.4,0.4,0.16,0.142782,0.057113,5711.29,False,35.0989,0,0.4,-
2024-01-09,INDA,4,48.499122619628906,14.25,-,3,False,0.5,0.5,0.1,0.104987,0.052493,5249.34,False,11.5087,0,0.4,-
2024-01-09,XLV,5,135.1929168701172,15.0,LIME,1,False,0.6,0.6,0.1,0.104987,0.062992,6299.21,False,11.9647,0,0.4,-
2024-01-09,IBB,6,138.10256958007812,12.25,-,1,False,0.4,0.4,0.08,0.075591,0.030236,3023.62,False,21.4808,0,0.4,-
2024-01-10,XLF,1,36.52652359008789,15.25,-,1,False,0.6,0.6,0.31,0.32376,0.194256,19425.59,False,13.4372,0,0.4,-
2024-01-10,XBI,2,92.05435180664062,14.25,-,1,False,0.55,0.55,0.25,0.221932,0.122063,12206.27,False,35.241,0,0.4,-
2024-01-10,GREK,3,35.642845153808594,13.75,LIME,1,False,0.5,0.5,0.16,0.167102,0.083551,8355.09,False,19.2128,0,0.4,-
2024-01-10,KSA,4,40.09437561035156,13.5,-,2,False,0.45,0.45,0.1,0.104439,0.046997,4699.74,False,17.7495,0,0.4,-
2024-01-10,IBB,5,137.1284637451172,13.5,-,1,False,0.5,0.5,0.1,0.099217,0.049608,4960.84,False,21.5243,0,0.4,-
2024-01-10,INDA,6,48.79697036743164,14.5,-,1,False,0.55,0.55,0.08,0.083551,0.045953,4595.3,False,11.3771,0,0.4,-
2024-01-11,GREK,1,35.77195739746094,14.75,LIME,1,False,0.55,0.55,0.31,0.306931,0.168812,16881.19,False,18.916,0,0.4,-
2024-01-11,EWJ,2,61.49505615234375,15.0,LIME,1,False,0.6,0.6,0.25,0.260552,0.156331,15633.14,False,14.6365,0,0.4,-
2024-01-11,XLF,3,36.39127349853516,13.75,-,3,False,0.45,0.45,0.16,0.166754,0.075039,7503.91,False,13.4873,0,0.4,-
2024-01-11,XBI,4,90.00493621826172,12.75,-,3,False,0.4,0.35,0.1,0.088588,0.035435,3543.51,False,35.5127,0,0.4,-
2024-01-11,IBB,5,136.05499267578125,13.5,-,3,False,0.45,0.45,0.1,0.093799,0.042209,4220.95,False,21.6033,0,0.4,-
2024-01-11,INDA,6,48.8366813659668,14.5,-,1,False,0.55,0.55,0.08,0.083377,0.045857,4585.72,False,11.3777,0,0.4,-
2024-01-12,GREK,1,35.98405456542969,15.0,LIME,1,False,0.6,0.6,0.33,0.331658,0.198995,19899.5,False,18.8815,0,0.4,-
2024-01-12,EWJ,2,62.08383560180664,15.5,LIME,1,False,0.6,0.6,0.27,0.271357,0.162814,16281.41,False,14.7207,0,0.4,-
2024-01-12,QMOM,3,49.75536346435547,13.5,-,1,False,0.5,0.5,0.2,0.201005,0.100503,10050.25,False,19.2983,0,0.4,-
2024-01-12,INDA,4,49.60115051269531,14.5,-,1,False,0.55,0.55,0.1,0.100503,0.055276,5527.64,False,11.5506,0,0.4,-
2024-01-12,IBB,5,136.30348205566406,12.0,-,3,False,0.4,0.35,0.1,0.095477,0.038191,3819.1,False,21.1415,0,0.4,-
2024-01-16,EWJ,1,61.62589645385742,16.0,LIME,1,False,0.6,0.6,0.35,0.357965,0.214779,21477.88,False,14.556,0,0.3,-
2024-01-16,INDA,2,49.04517364501953,16.0,-,1,False,0.6,0.6,0.3,0.306827,0.184096,18409.61,False,11.8422,0,0.3,-
2024-01-16,QMOM,3,49.52973556518555,13.75,-,1,False,0.5,0.5,0.25,0.242905,0.121452,12145.23,False,18.8982,0,0.3,-
2024-01-16,GREK,4,35.0341911315918,13.0,-,2,False,0.45,0.45,0.1,0.092304,0.041537,4153.67,False,19.5019,1,0.3,-
2024-01-17,EWJ,1,60.85954284667969,15.0,-,2,False,0.55,0.55,0.33,0.338188,0.186003,18600.32,False,14.8314,1,0.2,-
2024-01-17,QMOM,2,49.38258743286133,13.25,-,2,False,0.45,0.45,0.27,0.262136,0.117961,11796.12,False,18.7613,0,0.2,-
2024-01-17,VUG,3,307.6762084960937,13.5,-,2,False,0.45,0.45,0.2,0.21575,0.097087,9708.74,False,14.8385,0,0.2,-
2024-01-17,INDA,4,48.479270935058594,14.0,-,3,False,0.5,0.5,0.1,0.091694,0.045847,4584.68,False,12.0877,2,0.2,-
2024-01-17,GREK,5,35.12641143798828,11.0,-,2,False,0.3,0.3,0.1,0.092233,0.02767,2766.99,False,19.3515,1,0.2,-
2024-01-18,QMOM,1,50.02022552490234,13.75,-,1,False,0.5,0.5,0.35,0.328125,0.164062,16406.25,False,18.8208,0,0.3,-
2024-01-18,VUG,2,311.7722473144531,13.5,-,1,False,0.5,0.5,0.3,0.3125,0.15625,15625.0,False,14.9929,0,0.3,-
2024-01-18,EWJ,3,61.42963409423828,13.75,-,2,False,0.45,0.45,0.25,0.260417,0.117188,11718.75,False,14.9119,0,0.3,-
2024-01-18,INDA,4,48.72747421264648,11.75,-,3,False,0.3,0.3,0.1,0.098958,0.029687,2968.75,False,12.1078,1,0.3,-
2024-01-19,QMOM,1,50.54995346069336,14.25,-,1,False,0.55,0.55,0.33,0.33245,0.182847,18284.73,False,17.8213,0,0.4,-
2024-01-19,SMH,2,185.7759704589844,14.0,LIME,1,False,0.55,0.55,0.27,0.243372,0.133855,13385.47,False,25.1195,0,0.4,-
2024-01-19,VUG,3,316.5805969238281,14.0,-,1,False,0.55,0.55,0.2,0.212089,0.116649,11664.9,False,14.7878,0,0.4,-
2024-01-19,EWJ,4,61.5885124206543,13.5,-,1,False,0.5,0.5,0.1,0.106045,0.053022,5302.23,False,14.4851,0,0.4,-
2024-01-19,INDA,5,49.23381042480469,11.5,-,1,False,0.4,0.35,0.1,0.106045,0.042418,4241.78,False,11.907,0,0.4,-
2024-01-22,SMH,1,186.6394500732422,14.75,LIME,1,False,0.85,0.55,0.33,0.295108,0.250842,25084.17,False,25.019,0,0.85,LIME
2024-01-22,QMOM,2,51.13854217529297,14.75,LIME,1,False,0.85,0.55,0.27,0.284061,0.241452,24145.19,False,17.6424,0,0.85,LIME
2024-01-22,XLK,3,99.0989761352539,14.25,LIME,1,False,0.85,0.55,0.2,0.210416,0.178853,17885.32,False,16.3535,0,0.85,LIME
2024-01-22,VUG,4,317.0851745605469,14.5,LIME,1,False,0.85,0.55,0.1,0.105208,0.089427,8942.66,False,14.6316,0,0.85,LIME
2024-01-22,EWJ,5,62.31747817993164,13.5,-,1,False,0.85,0.5,0.1,0.105208,0.089427,8942.66,False,14.4898,0,0.85,LIME
2024-01-23,QMOM,1,50.55976486206055,16.0,LIME,1,False,0.85,0.6,0.33,0.33245,0.282582,28258.22,False,17.5903,0,0.85,LIME
2024-01-23,SMH,2,187.59225463867188,15.5,LIME,1,False,0.85,0.6,0.27,0.243372,0.206866,20686.64,False,24.6841,0,0.85,LIME
2024-01-23,XLK,3,99.49823760986328,15.5,LIME,1,False,0.85,0.6,0.2,0.212089,0.180276,18027.57,False,15.8425,0,0.85,LIME
2024-01-23,VUG,4,318.0745544433594,15.5,LIME,1,False,0.85,0.6,0.1,0.106045,0.090138,9013.79,False,14.1836,0,0.85,LIME
2024-01-23,EWJ,5,61.766075134277344,14.5,-,1,False,0.85,0.55,0.1,0.106045,0.090138,9013.79,False,14.5514,0,0.85,LIME
2024-01-24,SMH,1,190.9270477294922,16.0,LIME,1,False,0.85,0.6,0.31,0.283486,0.240963,24096.29,False,24.8194,0,0.85,LIME
2024-01-24,XLK,2,100.18336486816406,16.0,LIME,1,False,0.85,0.6,0.25,0.268962,0.228618,22861.75,False,15.851,0,0.85,LIME
2024-01-24,SOXX,3,202.50216674804688,15.5,LIME,1,False,0.85,0.6,0.16,0.146315,0.124368,12436.79,False,26.9675,0,0.85,LIME
2024-01-24,VUG,4,319.2320861816406,16.0,LIME,1,False,0.85,0.6,0.1,0.107585,0.091447,9144.7,False,14.1843,0,0.85,LIME
2024-01-24,QMOM,5,50.46166610717773,15.0,LIME,2,False,0.85,0.55,0.1,0.107585,0.091447,9144.7,False,17.6281,0,0.85,LIME
2024-01-24,EWJ,6,61.8408432006836,15.75,-,1,False,0.85,0.6,0.08,0.086068,0.073158,7315.76,False,14.5217,0,0.85,LIME
2024-01-25,SMH,1,190.9270477294922,16.0,LIME,1,False,0.85,0.6,0.31,0.287664,0.244514,24451.42,False,24.8009,0,0.85,LIME
2024-01-25,SOXX,2,201.94009399414065,16.0,LIME,1,False,0.85,0.6,0.25,0.231987,0.197189,19718.89,False,26.9547,0,0.85,LIME
2024-01-25,XLK,3,100.6023406982422,16.0,LIME,1,False,0.85,0.6,0.16,0.174672,0.148472,14847.16,False,15.8367,0,0.85,LIME
2024-01-25,VUG,4,319.9841003417969,16.0,LIME,1,False,0.85,0.6,0.1,0.10917,0.092795,9279.48,False,14.1371,0,0.85,LIME
2024-01-25,QMOM,5,50.58919143676758,13.75,LIME,2,False,0.85,0.45,0.1,0.10917,0.092795,9279.48,False,17.5583,0,0.85,LIME
2024-01-25,EWJ,6,61.60719680786133,14.25,-,3,False,0.85,0.5,0.08,0.087336,0.074236,7423.58,False,14.5495,0,0.85,LIME
2024-01-26,XLF,1,37.338008880615234,16.0,LIME,1,False,0.8,0.6,0.31,0.318602,0.254882,25488.18,False,12.0308,0,0.8,LIME
2024-01-26,XLC,2,75.66749572753906,16.0,LIME,1,False,0.8,0.6,0.25,0.256937,0.20555,20554.98,False,13.5128,0,0.8,LIME
2024-01-26,VUG,3,319.390380859375,16.0,LIME,1,False,0.8,0.6,0.16,0.16444,0.131552,13155.19,False,13.2017,0,0.8,LIME
2024-01-26,SMH,4,186.8578186035156,15.0,LIME,2,False,0.8,0.55,0.1,0.087359,0.069887,6988.69,False,23.781,0,0.8,LIME
2024-01-26,XLK,5,99.44400787353516,15.0,LIME,2,False,0.8,0.55,0.1,0.102775,0.08222,8221.99,False,15.8256,0,0.8,LIME
2024-01-26,SOXX,6,196.4965667724609,14.5,LIME,2,False,0.8,0.5,0.08,0.069887,0.05591,5590.96,False,26.1602,0,0.8,LIME
2024-01-29,VUG,1,323.1896057128906,16.0,LIME,1,False,0.85,0.6,0.31,0.326144,0.277223,27722.25,False,12.4811,0,0.85,LIME
2024-01-29,BOTZ,2,29.31988906860352,15.5,LIME,1,False,0.85,0.6,0.25,0.223567,0.190032,19003.16,False,20.2811,0,0.85,LIME
2024-01-29,XLC,3,76.30065155029297,16.0,LIME,1,False,0.85,0.6,0.16,0.168332,0.143083,14308.26,False,12.581,0,0.85,LIME
2024-01-29,XLF,4,37.43461608886719,16.0,LIME,1,False,0.85,0.6,0.1,0.105208,0.089427,8942.66,False,11.9841,0,0.85,LIME
2024-01-29,XLK,5,100.35589599609376,15.0,LIME,1,False,0.85,0.6,0.1,0.105208,0.089427,8942.66,False,15.1855,0,0.85,LIME
2024-01-29,SMH,6,189.0512237548828,14.0,LIME,2,False,0.85,0.5,0.08,0.071541,0.06081,6081.01,False,23.6486,0,0.85,LIME
2024-01-30,BOTZ,1,28.99256896972656,15.75,LIME,1,False,0.8,0.6,0.31,0.279873,0.223898,22389.8,False,20.4667,0,0.8,LIME
2024-01-30,XLF,2,37.90798568725586,16.0,LIME,1,False,0.8,0.6,0.25,0.265534,0.212427,21242.7,False,11.329,0,0.8,LIME
2024-01-30,VUG,3,321.1514892578125,16.0,LIME,1,False,0.8,0.6,0.16,0.169942,0.135953,13595.33,False,12.6373,0,0.8,LIME
2024-01-30,XLC,4,75.78439331054688,16.0,LIME,1,False,0.8,0.6,0.1,0.106213,0.084971,8497.08,False,12.668,0,0.8,LIME
2024-01-30,XLK,5,99.52779388427734,13.75,LIME,2,False,0.8,0.45,0.1,0.106213,0.084971,8497.08,False,15.3727,0,0.8,LIME
2024-01-30,SMH,6,187.17539978027344,12.25,LIME,2,False,0.8,0.35,0.08,0.072225,0.05778,5778.01,False,23.8453,0,0.8,LIME
2024-01-31,XLF,1,37.44427108764648,15.0,LIME,2,False,0.55,0.55,0.31,0.325836,0.17921,17920.96,False,11.3932,0,0.3,-
2024-01-31,DIA,2,367.8910217285156,15.0,LIME,2,False,0.55,0.55,0.25,0.262771,0.144524,14452.39,False,8.8468,0,0.3,-
2024-01-31,BOTZ,3,28.34784889221192,14.0,LIME,3,False,0.5,0.5,0.16,0.1358,0.0679,6789.99,False,21.1265,1,0.3,-
2024-01-31,VUG,4,314.2159729003906,14.0,-,3,False,0.5,0.5,0.1,0.099853,0.049926,4992.64,False,13.4218,1,0.3,-
2024-01-31,XLC,5,73.91413879394531,14.0,-,3,False,0.5,0.5,0.1,0.099853,0.049926,4992.64,False,13.3857,1,0.3,-
2024-01-31,XLK,6,97.43787384033205,11.5,-,3,False,0.3,0.3,0.08,0.075888,0.022766,2276.64,False,16.074,1,0.3,-
2024-02-01,INDA,1,49.86921310424805,15.5,-,1,False,0.6,0.6,0.31,0.322917,0.19375,19375.0,False,12.5381,0,0.4,-
2024-02-01,QMOM,2,51.40340805053711,14.25,-,1,False,0.55,0.55,0.25,0.234375,0.128906,12890.63,False,17.8778,0,0.4,-
2024-02-01,DIA,3,371.4892578125,15.0,LIME,1,False,0.6,0.6,0.16,0.166667,0.1,10000.0,False,8.9646,0,0.4,-
2024-02-01,XLF,4,37.50223159790039,14.0,LIME,2,False,0.5,0.5,0.1,0.104167,0.052083,5208.33,False,11.2865,0,0.4,-
2024-02-01,BOTZ,5,28.89337921142578,12.75,LIME,2,False,0.4,0.35,0.1,0.088542,0.035417,3541.67,False,21.3077,0,0.4,-
2024-02-01,VUG,6,319.3310852050781,12.25,-,2,False,0.4,0.35,0.08,0.083333,0.033333,3333.33,False,13.6781,0,0.4,-
2024-02-02,INDA,1,50.01813507080078,16.0,-,1,False,0.6,0.6,0.31,0.321911,0.193146,19314.64,False,12.5359,0,0.4,-
2024-02-02,QMOM,2,52.57077407836914,14.25,-,1,False,0.55,0.55,0.25,0.233645,0.128505,12850.47,False,17.7744,0,0.4,-
2024-02-02,PDP,3,89.14185333251953,14.5,LIME,1,False,0.55,0.55,0.16,0.166147,0.091381,9138.11,False,14.891,0,0.4,-
2024-02-02,DIA,4,372.7625732421875,15.0,LIME,1,False,0.6,0.6,0.1,0.103842,0.062305,6230.53,False,8.9273,0,0.4,-
2024-02-02,XLF,5,37.65680694580078,13.75,LIME,1,False,0.5,0.5,0.1,0.103842,0.051921,5192.11,False,11.2667,0,0.4,-
2024-02-02,BOTZ,6,29.151268005371094,12.5,LIME,1,False,0.4,0.4,0.08,0.070613,0.028245,2824.51,False,21.2253,0,0.4,-
2024-02-05,INDA,1,49.75007629394531,16.0,-,1,False,0.6,0.6,0.31,0.323253,0.193952,19395.2,False,12.5362,0,0.3,-
2024-02-05,GREK,2,36.666481018066406,15.25,LIME,1,False,0.6,0.6,0.25,0.234619,0.140772,14077.16,False,18.3319,0,0.3,-
2024-02-05,QMOM,3,51.83504104614258,14.25,-,1,False,0.55,0.55,0.16,0.150156,0.082586,8258.6,False,17.6067,0,0.3,-
2024-02-05,PDP,4,88.98238372802734,14.5,LIME,1,False,0.55,0.55,0.1,0.104275,0.057351,5735.14,False,14.4707,0,0.3,-
2024-02-05,DIA,5,370.0230102539063,14.0,LIME,2,False,0.5,0.5,0.1,0.104275,0.052138,5213.76,False,8.6288,0,0.3,-
2024-02-05,XLF,6,37.43461608886719,12.5,LIME,2,False,0.35,0.35,0.08,0.08342,0.029197,2919.71,False,10.5914,0,0.3,-
2024-02-06,GREK,1,37.07224655151367,16.0,LIME,1,False,0.6,0.6,0.31,0.295551,0.177331,17733.05,False,18.3907,0,0.2,-
2024-02-06,QMOM,2,51.76637268066406,15.75,-,1,False,0.6,0.6,0.25,0.238347,0.143008,14300.85,False,17.2742,0,0.2,-
2024-02-06,PDP,3,89.01228332519531,16.0,LIME,1,False,0.6,0.6,0.16,0.169492,0.101695,10169.49,False,14.3089,0,0.2,-
2024-02-06,INDA,4,50.415260314941406,16.0,LIME,1,False,0.6,0.6,0.1,0.105932,0.063559,6355.93,False,12.6951,0,0.2,-
2024-02-06,DIA,5,371.4698791503906,15.0,LIME,1,False,0.6,0.6,0.1,0.105932,0.063559,6355.93,False,8.5891,0,0.2,-
2024-02-06,XLF,6,37.51189804077149,12.75,LIME,1,False,0.4,0.4,0.08,0.084746,0.033898,3389.83,False,10.3656,0,0.2,-
2024-02-07,QMOM,1,52.86507034301758,16.0,LIME,1,False,0.85,0.6,0.31,0.290928,0.247289,24728.88,False,17.5716,0,0.85,LIME
2024-02-07,VUG,2,329.8678894042969,16.0,LIME,1,False,0.85,0.6,0.25,0.260688,0.221585,22158.5,False,13.5572,0,0.85,LIME
2024-02-07,PDP,3,90.2082748413086,16.0,LIME,1,False,0.85,0.6,0.16,0.16684,0.141814,14181.44,False,14.4595,0,0.85,LIME
2024-02-07,GREK,4,36.95236206054688,16.0,LIME,1,False,0.85,0.6,0.1,0.093848,0.079771,7977.06,False,18.1357,0,0.85,LIME
2024-02-07,INDA,5,50.52447128295898,16.0,LIME,1,False,0.85,0.6,0.1,0.104275,0.088634,8863.4,False,12.6922,0,0.85,LIME
2024-02-07,DIA,6,373.0037841796875,15.0,LIME,1,False,0.85,0.6,0.08,0.08342,0.070907,7090.72,False,8.5976,0,0.85,LIME
2024-02-08,QMOM,1,53.36537170410156,16.0,LIME,1,False,0.85,0.6,0.31,0.319258,0.27137,27136.97,False,17.6104,0,0.85,LIME
2024-02-08,VUG,2,330.4219665527344,16.0,LIME,1,False,0.85,0.6,0.25,0.257467,0.218847,21884.65,False,13.4931,0,0.85,LIME
2024-02-08,SMH,3,197.93408203125,15.5,LIME,1,False,0.85,0.6,0.16,0.140062,0.119053,11905.25,False,23.9754,0,0.85,LIME
2024-02-08,GREK,4,37.23823928833008,16.0,LIME,1,False,0.85,0.6,0.1,0.097837,0.083162,8316.17,False,18.0141,0,0.85,LIME
2024-02-08,PDP,5,90.7564468383789,16.0,LIME,1,False,0.85,0.6,0.1,0.102987,0.087539,8753.86,False,14.4749,0,0.85,LIME
2024-02-08,DIA,6,373.6597595214844,15.0,LIME,1,False,0.85,0.6,0.08,0.082389,0.070031,7003.09,False,8.597,0,0.85,LIME
2024-02-09,SMH,1,202.3209381103516,16.0,LIME,1,False,0.85,0.6,0.31,0.278689,0.236885,23688.52,False,24.2286,0,0.85,LIME
2024-02-09,QMOM,2,53.92453002929688,16.0,LIME,1,False,0.85,0.6,0.25,0.26441,0.224749,22474.88,False,17.6568,0,0.85,LIME
2024-02-09,GREK,3,37.256683349609375,16.0,LIME,1,False,0.85,0.6,0.16,0.160762,0.136647,13664.73,False,18.0145,0,0.85,LIME
2024-02-09,VUG,4,334.092529296875,16.0,LIME,1,False,0.85,0.6,0.1,0.105764,0.0899,8989.95,False,13.5973,0,0.85,LIME
2024-02-09,PDP,5,91.67337799072266,16.0,LIME,1,False,0.85,0.6,0.1,0.105764,0.0899,8989.95,False,14.548,0,0.85,LIME
2024-02-09,DIA,6,373.0520629882813,16.0,LIME,1,False,0.85,0.6,0.08,0.084611,0.07192,7191.96,False,8.6036,0,0.85,LIME
2024-02-12,SMH,1,201.536865234375,16.0,LIME,1,False,0.6,0.6,0.31,0.283486,0.170091,17009.14,False,24.2558,0,0.2,-
2024-02-12,QMOM,2,53.81662368774414,16.0,LIME,1,False,0.6,0.6,0.25,0.268962,0.161377,16137.71,False,17.6547,0,0.2,-
2024-02-12,PTF,3,55.16171646118164,15.75,LIME,1,False,0.6,0.6,0.16,0.146315,0.087789,8778.91,False,23.9059,0,0.2,-
2024-02-12,VUG,4,332.1731262207031,16.0,-,1,False,0.6,0.6,0.1,0.107585,0.064551,6455.08,False,13.5335,0,0.2,-
2024-02-12,PDP,5,91.3943099975586,16.0,LIME,1,False,0.6,0.6,0.1,0.107585,0.064551,6455.08,False,14.536,0,0.2,-
2024-02-12,DIA,6,374.392822265625,16.0,LIME,1,False,0.6,0.6,0.08,0.086068,0.051641,5164.07,False,8.454,0,0.2,-
2024-02-13,EIS,1,57.95549392700195,15.75,LIME,1,False,0.6,0.6,0.31,0.326918,0.196151,19615.08,False,17.8468,0,0.2,-
2024-02-13,JETS,2,19.51019859313965,15.25,LIME,1,False,0.6,0.6,0.25,0.237279,0.142368,14236.75,False,28.6491,0,0.2,-
2024-02-13,SMH,3,197.80506896972656,15.0,LIME,2,False,0.55,0.55,0.16,0.160295,0.088162,8816.24,False,23.5995,0,0.2,-
2024-02-13,QMOM,4,52.8454475402832,15.0,LIME,2,False,0.55,0.55,0.1,0.100185,0.055102,5510.15,False,17.9479,1,0.2,-
2024-02-13,PTF,5,53.286415100097656,15.0,-,2,False,0.55,0.55,0.1,0.095175,0.052346,5234.64,False,24.6786,1,0.2,-
2024-02-13,VUG,6,327.2757568359375,15.0,-,2,False,0.55,0.55,0.08,0.080148,0.044081,4408.12,False,13.5433,1,0.2,-
2024-02-14,EIS,1,58.61429977416992,16.0,LIME,1,False,0.6,0.6,0.31,0.322245,0.193347,19334.72,False,17.6023,0,0.2,-
2024-02-14,JETS,2,19.86727523803711,15.5,LIME,1,False,0.6,0.6,0.25,0.233888,0.140333,14033.26,False,28.7913,0,0.2,-
2024-02-14,PTF,3,54.9721908569336,15.0,-,1,False,0.6,0.6,0.16,0.158004,0.094802,9480.25,False,25.3342,0,0.2,-
2024-02-14,SMH,4,201.7750701904297,14.75,LIME,1,False,0.55,0.55,0.1,0.098753,0.054314,5431.39,False,23.7257,0,0.2,-
2024-02-14,QMOM,5,53.777381896972656,14.75,LIME,1,False,0.55,0.55,0.1,0.10395,0.057173,5717.26,False,18.1728,0,0.2,-
2024-02-14,VUG,6,331.5794982910156,14.75,-,1,False,0.55,0.55,0.08,0.08316,0.045738,4573.8,False,13.7053,0,0.2,-
2024-02-15,EIS,1,59.56375503540039,16.0,LIME,1,False,0.6,0.6,0.31,0.320911,0.192547,19254.66,False,16.1184,0,0.3,-
2024-02-15,JETS,2,20.065649032592773,15.75,LIME,1,False,0.6,0.6,0.25,0.232919,0.139752,13975.16,False,27.4187,0,0.3,-
2024-02-15,KSA,3,41.75598907470703,15.5,LIME,1,False,0.6,0.6,0.16,0.165631,0.099379,9937.89,False,14.875,0,0.3,-
2024-02-15,QMOM,4,54.37578201293945,14.75,LIME,1,False,0.55,0.55,0.1,0.10352,0.056936,5693.58,False,16.5694,0,0.3,-
2024-02-15,PTF,5,54.9721908569336,14.75,-,1,False,0.55,0.55,0.1,0.098344,0.054089,5408.9,False,24.1864,0,0.3,-
2024-02-15,SMH,6,201.10015869140625,14.5,LIME,1,False,0.55,0.55,0.08,0.078675,0.043271,4327.12,False,23.17,0,0.3,-
2024-02-16,JETS,1,19.827598571777344,16.0,LIME,1,False,0.6,0.6,0.31,0.290625,0.174375,17437.5,False,27.4914,0,0.2,-
2024-02-16,EIS,2,59.399051666259766,16.0,LIME,1,False,0.6,0.6,0.25,0.260417,0.15625,15625.0,False,15.8648,0,0.2,-
2024-02-16,KSA,3,41.831085205078125,16.0,LIME,1,False,0.6,0.6,0.16,0.166667,0.1,10000.0,False,14.7363,0,0.2,-
2024-02-16,QMOM,4,53.75776290893555,14.25,-,1,False,0.55,0.55,0.1,0.104167,0.057292,5729.17,False,16.6284,0,0.2,-
2024-02-16,PTF,5,54.04451370239258,13.0,-,2,False,0.45,0.45,0.1,0.098958,0.044531,4453.12,False,24.4122,0,0.2,-
2024-02-16,SMH,6,200.23667907714844,12.75,-,2,False,0.35,0.35,0.08,0.079167,0.027708,2770.83,False,23.2193,0,0.2,-
2024-02-20,JETS,1,19.916868209838867,16.0,LIME,1,False,0.6,0.6,0.31,0.295676,0.177406,17740.57,False,27.2321,0,0.2,-
2024-02-20,EIS,2,58.91463470458984,16.0,LIME,1,False,0.6,0.6,0.25,0.264943,0.158966,15896.57,False,15.5645,0,0.2,-
2024-02-20,KSA,3,41.9625129699707,16.0,LIME,1,False,0.6,0.6,0.16,0.169563,0.101738,10173.8,False,14.7071,0,0.2,-
2024-02-20,QMOM,4,53.139739990234375,13.25,-,3,False,0.45,0.45,0.1,0.100678,0.045305,4530.52,False,16.756,1,0.2,-
2024-02-20,SMH,5,196.2964630126953,11.5,-,3,False,0.3,0.3,0.1,0.100678,0.030203,3020.35,False,23.688,0,0.2,-
2024-02-20,PTF,6,52.737789154052734,11.75,-,3,False,0.3,0.3,0.08,0.068461,0.020538,2053.84,False,24.8584,2,0.2,-
2024-02-21,INDA,1,50.8123893737793,16.0,LIME,1,False,0.6,0.6,0.33,0.336735,0.202041,20204.08,False,13.1308,0,0.2,-
2024-02-21,KSA,2,41.84047317504883,16.0,LIME,1,False,0.6,0.6,0.27,0.27551,0.165306,16530.61,False,14.7308,0,0.2,-
2024-02-21,XLV,3,140.12548828125,16.0,LIME,1,False,0.6,0.6,0.2,0.204082,0.122449,12244.9,False,9.6462,0,0.2,-
2024-02-21,JETS,4,19.87719345092773,14.75,LIME,2,False,0.5,0.5,0.1,0.086735,0.043367,4336.73,False,27.1084,0,0.2,-
2024-02-21,EIS,5,58.27520751953125,14.25,-,3,False,0.5,0.5,0.1,0.096939,0.048469,4846.94,False,15.7569,1,0.2,-
2024-02-22,INDA,1,51.358436584472656,16.0,LIME,1,False,0.6,0.6,0.33,0.336735,0.202041,20204.08,False,13.2377,0,0.2,-
2024-02-22,KSA,2,41.95311737060547,16.0,LIME,1,False,0.6,0.6,0.27,0.27551,0.165306,16530.61,False,14.7246,0,0.2,-
2024-02-22,XLV,3,141.77288818359375,16.0,LIME,1,False,0.6,0.6,0.2,0.204082,0.122449,12244.9,False,9.8071,0,0.2,-
2024-02-22,JETS,4,20.13508033752441,14.75,LIME,1,False,0.55,0.55,0.1,0.086735,0.047704,4770.41,False,27.1056,0,0.2,-
2024-02-22,EIS,5,59.60250473022461,14.25,-,1,False,0.55,0.55,0.1,0.096939,0.053316,5331.63,False,16.2479,0,0.2,-
2024-02-23,KSA,1,42.07516098022461,16.0,LIME,1,False,0.6,0.6,0.33,0.336735,0.202041,20204.08,False,14.7076,0,0.2,-
2024-02-23,INDA,2,51.42793273925781,16.0,LIME,1,False,0.6,0.6,0.27,0.27551,0.165306,16530.61,False,13.2326,0,0.2,-
2024-02-23,XLV,3,142.447265625,16.0,LIME,1,False,0.6,0.6,0.2,0.204082,0.122449,12244.9,False,9.7898,0,0.2,-
2024-02-23,JETS,4,19.97637939453125,14.25,LIME,1,False,0.55,0.55,0.1,0.086735,0.047704,4770.41,False,26.8704,0,0.2,-
2024-02-23,EIS,5,59.60250473022461,14.25,-,1,False,0.55,0.55,0.1,0.096939,0.053316,5331.63,False,16.2552,0,0.2,-
2024-02-26,XLV,1,141.715087890625,16.0,LIME,1,False,0.6,0.6,0.31,0.314083,0.18845,18844.98,False,9.8825,0,0.2,-
2024-02-26,XLF,2,38.73878479003906,15.75,LIME,1,False,0.6,0.6,0.25,0.253293,0.151976,15197.57,False,10.9483,0,0.2,-
2024-02-26,XLI,3,116.34906768798828,15.75,-,1,False,0.6,0.6,0.16,0.162107,0.097264,9726.44,False,11.9128,0,0.2,-
2024-02-26,INDA,4,51.18965911865234,15.0,LIME,2,False,0.55,0.55,0.1,0.101317,0.055724,5572.44,False,13.3019,0,0.2,-
2024-02-26,KSA,5,41.84047317504883,15.0,LIME,2,False,0.55,0.55,0.1,0.096251,0.052938,5293.82,False,14.7033,0,0.2,-
2024-02-26,EIS,6,60.26131057739258,14.25,-,1,False,0.55,0.55,0.08,0.072948,0.040122,4012.16,False,16.1373,0,0.2,-
2024-02-27,XBI,1,102.36109924316406,16.0,LIME,1,False,0.6,0.6,0.31,0.284865,0.170919,17091.89,False,32.3206,0,0.2,-
2024-02-27,BOTZ,2,30.887052536010746,16.0,LIME,1,False,0.6,0.6,0.25,0.256757,0.154054,15405.41,False,21.813,0,0.2,-
2024-02-27,SOXX,3,211.07183837890625,15.75,LIME,1,False,0.6,0.6,0.16,0.155676,0.093405,9340.54,False,26.6116,0,0.2,-
2024-02-27,EIS,4,61.26889801025391,16.0,LIME,1,False,0.6,0.6,0.1,0.108108,0.064865,6486.49,False,16.388,0,0.2,-
2024-02-27,XLF,5,38.84505462646485,16.0,LIME,1,False,0.6,0.6,0.1,0.108108,0.064865,6486.49,False,10.9472,0,0.2,-
2024-02-27,XLI,6,116.5235366821289,16.0,LIME,1,False,0.6,0.6,0.08,0.086486,0.051892,5189.19,False,11.9131,0,0.2,-
2024-02-28,XBI,1,101.0080795288086,16.0,LIME,1,False,0.6,0.6,0.31,0.278689,0.167213,16721.31,False,32.4595,0,0.2,-
2024-02-28,PDP,2,94.25475311279295,16.0,LIME,1,False,0.6,0.6,0.25,0.26441,0.158646,15864.62,False,15.0822,0,0.2,-
2024-02-28,XLI,3,116.92093658447266,16.0,LIME,1,False,0.6,0.6,0.16,0.169223,0.101534,10153.36,False,11.8122,0,0.2,-
2024-02-28,XLF,4,38.98995590209961,16.0,LIME,1,False,0.6,0.6,0.1,0.105764,0.063458,6345.85,False,10.8936,0,0.2,-
2024-02-28,EIS,5,61.04606246948242,16.0,LIME,1,False,0.6,0.6,0.1,0.105764,0.063458,6345.85,False,16.4333,0,0.2,-
2024-02-28,BOTZ,6,30.559734344482425,15.0,LIME,2,False,0.55,0.55,0.08,0.07615,0.041883,4188.26,False,21.9728,0,0.2,-
2024-02-29,QMOM,1,55.99440002441406,16.0,LIME,1,False,0.6,0.6,0.31,0.302828,0.181697,18169.67,False,18.1424,0,0.2,-
2024-02-29,EIS,2,61.74362182617188,16.0,LIME,1,False,0.6,0.6,0.25,0.257069,0.154242,15424.16,False,16.4379,0,0.2,-
2024-02-29,PDP,3,94.84278869628906,16.0,LIME,1,False,0.6,0.6,0.16,0.164524,0.098715,9871.47,False,14.8502,0,0.2,-
2024-02-29,XLI,4,117.2795639038086,16.0,LIME,1,False,0.6,0.6,0.1,0.102828,0.061697,6169.67,False,11.7767,0,0.2,-
2024-02-29,XLF,5,38.97063827514648,16.0,LIME,1,False,0.6,0.6,0.1,0.102828,0.061697,6169.67,False,10.8957,0,0.2,-
2024-02-29,XBI,6,97.91407012939452,15.0,LIME,2,False,0.55,0.55,0.08,0.069923,0.038458,3845.76,False,33.2147,0,0.2,-
2024-03-01,QMOM,1,56.86747360229492,16.0,LIME,1,False,0.6,0.6,0.31,0.303765,0.182259,18225.89,False,18.2997,0,0.3,-
2024-03-01,EIS,2,62.35398864746094,16.0,LIME,1,False,0.6,0.6,0.25,0.257865,0.154719,15471.89,False,16.4727,0,0.3,-
2024-03-01,PDP,3,96.2082061767578,16.0,LIME,1,False,0.6,0.6,0.16,0.165034,0.09902,9902.01,False,15.0274,0,0.3,-
2024-03-01,XLI,4,117.7835693359375,16.0,LIME,1,False,0.6,0.6,0.1,0.103146,0.061888,6188.76,False,11.7797,0,0.3,-
2024-03-01,XBI,5,101.0080795288086,14.75,LIME,1,False,0.55,0.55,0.1,0.087674,0.048221,4822.07,False,33.6182,0,0.3,-
2024-03-01,XLF,6,38.92233657836914,15.5,LIME,1,False,0.6,0.6,0.08,0.082517,0.04951,4951.01,False,10.8724,0,0.3,-
2024-03-04,QMOM,1,57.02442932128906,16.0,LIME,1,False,0.6,0.6,0.31,0.306611,0.183967,18396.67,False,18.2942,0,0.2,-
2024-03-04,PDP,2,96.29791259765624,16.0,LIME,1,False,0.6,0.6,0.25,0.260281,0.156169,15616.87,False,15.0296,0,0.2,-
2024-03-04,ARKF,3,29.104551315307617,16.0,LIME,1,False,0.6,0.6,0.16,0.141593,0.084956,8495.58,False,33.0028,0,0.2,-
2024-03-04,EIS,4,61.801753997802734,16.0,LIME,1,False,0.6,0.6,0.1,0.104112,0.062467,6246.75,False,15.8985,0,0.2,-
2024-03-04,XLI,5,118.21005249023438,16.0,LIME,1,False,0.6,0.6,0.1,0.104112,0.062467,6246.75,False,11.6514,0,0.2,-
2024-03-04,XLF,6,39.01894760131836,15.5,LIME,1,False,0.6,0.6,0.08,0.08329,0.049974,4997.4,False,10.7126,0,0.2,-
2024-03-05,SMH,1,219.00485229492188,16.0,LIME,1,False,0.6,0.6,0.31,0.302439,0.181463,18146.34,False,28.2613,0,0.2,-
2024-03-05,SOXX,2,221.24560546875,16.0,LIME,1,False,0.6,0.6,0.25,0.230352,0.138211,13821.14,False,28.4894,0,0.2,-
2024-03-05,BOTZ,3,31.442506790161133,16.0,LIME,1,False,0.6,0.6,0.16,0.173442,0.104065,10406.5,False,21.8372,0,0.2,-
2024-03-05,XLF,4,39.02861022949219,15.5,LIME,1,False,0.6,0.6,0.1,0.108401,0.065041,6504.07,False,10.6581,0,0.2,-
2024-03-05,QMOM,5,55.95516204833984,15.0,LIME,2,False,0.55,0.55,0.1,0.102981,0.05664,5663.96,False,18.5942,1,0.2,-
2024-03-05,PDP,6,95.0022430419922,15.0,LIME,2,False,0.55,0.55,0.08,0.082385,0.045312,4531.17,False,15.2636,1,0.2,-
2024-03-06,SMH,1,224.6521759033203,16.0,LIME,1,False,0.6,0.6,0.31,0.299517,0.17971,17971.01,False,28.2629,0,0.2,-
2024-03-06,SOXX,2,226.6825256347656,16.0,LIME,1,False,0.6,0.6,0.25,0.228127,0.136876,13687.6,False,28.5908,0,0.2,-
2024-03-06,BOTZ,3,32.08722305297852,16.0,LIME,1,False,0.6,0.6,0.16,0.171766,0.10306,10305.96,False,21.9344,0,0.2,-
2024-03-06,QMOM,4,56.46527099609375,15.0,LIME,1,False,0.6,0.6,0.1,0.107354,0.064412,6441.22,False,18.5565,0,0.2,-
2024-03-06,XLF,5,39.23147201538086,15.5,LIME,1,False,0.6,0.6,0.1,0.107354,0.064412,6441.22,False,10.6614,0,0.2,-
2024-03-06,PDP,6,95.90921020507812,15.0,LIME,1,False,0.6,0.6,0.08,0.085883,0.05153,5152.98,False,15.2795,0,0.2,-
2024-03-07,SMH,1,232.4135131835937,16.0,LIME,1,False,0.6,0.6,0.31,0.287664,0.172598,17259.83,False,28.8094,0,0.3,-
2024-03-07,SOXX,2,234.4566802978516,16.0,LIME,1,False,0.6,0.6,0.25,0.231987,0.139192,13919.21,False,29.0982,0,0.3,-
2024-03-07,BOTZ,3,32.622840881347656,16.0,LIME,1,False,0.6,0.6,0.16,0.174672,0.104803,10480.35,False,22.0262,0,0.3,-
2024-03-07,XLF,4,39.17351150512695,16.0,LIME,1,False,0.6,0.6,0.1,0.10917,0.065502,6550.22,False,10.5915,0,0.3,-
2024-03-07,QMOM,5,57.18138885498047,15.0,LIME,1,False,0.6,0.6,0.1,0.10917,0.065502,6550.22,False,18.6497,0,0.3,-
2024-03-07,PDP,6,96.7862777709961,15.0,LIME,1,False,0.6,0.6,0.08,0.087336,0.052402,5240.17,False,15.1939,0,0.3,-
2024-03-08,BOTZ,1,32.11698532104492,16.0,LIME,1,False,0.6,0.6,0.31,0.319588,0.191753,19175.26,False,22.2375,0,0.2,-
2024-03-08,EWJ,2,66.5230712890625,16.0,LIME,1,False,0.6,0.6,0.25,0.257732,0.154639,15463.92,False,12.1299,0,0.2,-
2024-03-08,XLF,3,39.24113464355469,16.0,LIME,1,False,0.6,0.6,0.16,0.164948,0.098969,9896.91,False,10.4953,0,0.2,-
2024-03-08,SMH,4,223.3023834228516,15.0,-,2,False,0.55,0.55,0.1,0.087629,0.048196,4819.59,False,30.0913,0,0.2,-
2024-03-08,SOXX,5,224.96994018554688,15.0,LIME,2,False,0.55,0.55,0.1,0.087629,0.048196,4819.59,False,30.4401,0,0.2,-
2024-03-08,QMOM,6,56.29850387573242,13.5,-,2,False,0.45,0.45,0.08,0.082474,0.037113,3711.34,False,18.8177,0,0.2,-
2024-03-11,ARKF,1,29.604114532470703,16.0,LIME,1,False,0.6,0.6,0.31,0.317136,0.190281,19028.13,False,33.1326,0,0.2,-
2024-03-11,ARKW,2,81.3325424194336,16.0,LIME,1,False,0.6,0.6,0.25,0.242967,0.14578,14578.01,False,34.1135,0,0.2,-
2024-03-11,XLF,3,39.30876159667969,16.0,LIME,1,False,0.6,0.6,0.16,0.163683,0.09821,9820.97,False,10.4819,0,0.2,-
2024-03-11,BOTZ,4,31.58136749267578,14.5,LIME,2,False,0.5,0.5,0.1,0.097187,0.048593,4859.34,False,22.5804,1,0.2,-
2024-03-11,SMH,5,219.3224334716797,13.5,-,2,False,0.45,0.45,0.1,0.097187,0.043734,4373.4,False,30.2616,1,0.2,-
2024-03-11,SOXX,6,221.9819183349609,13.5,LIME,2,False,0.45,0.45,0.08,0.081841,0.036829,3682.86,False,30.3322,0,0.2,-
2024-03-12,ARKF,1,29.81393051147461,16.0,LIME,1,False,0.6,0.6,0.31,0.308539,0.185123,18512.31,False,32.8726,0,0.2,-
2024-03-12,ARKW,2,81.27345275878906,16.0,LIME,1,False,0.6,0.6,0.25,0.235726,0.141435,14143.53,False,33.6932,0,0.2,-
2024-03-12,EWT,3,45.47168731689453,16.0,LIME,1,False,0.6,0.6,0.16,0.167627,0.100576,10057.62,False,18.8354,0,0.2,-
2024-03-12,XLF,4,39.47299957275391,16.0,LIME,1,False,0.6,0.6,0.1,0.104767,0.06286,6286.01,False,10.4704,0,0.2,-
2024-03-12,SMH,5,226.2600250244141,13.25,-,1,False,0.5,0.5,0.1,0.099529,0.049764,4976.43,False,30.711,0,0.2,-
2024-03-12,BOTZ,6,32.08722305297852,13.25,LIME,2,False,0.45,0.45,0.08,0.083814,0.037716,3771.61,False,22.7209,0,0.2,-
2024-03-13,ARKF,1,30.053720474243164,16.0,LIME,1,False,0.6,0.6,0.31,0.287664,0.172598,17259.83,False,32.8705,0,0.2,-
2024-03-13,ARKW,2,81.56889343261719,16.0,LIME,1,False,0.6,0.6,0.25,0.231987,0.139192,13919.21,False,33.4978,0,0.2,-
2024-03-13,EWI,3,34.74976348876953,16.0,LIME,1,False,0.6,0.6,0.16,0.174672,0.104803,10480.35,False,13.4668,0,0.2,-
2024-03-13,XLF,4,39.7628059387207,16.0,LIME,1,False,0.6,0.6,0.1,0.10917,0.065502,6550.22,False,10.493,0,0.2,-
2024-03-13,EWT,5,45.11983871459961,16.0,LIME,1,False,0.6,0.6,0.1,0.10917,0.065502,6550.22,False,18.9193,0,0.2,-
2024-03-13,BOTZ,6,31.81942176818848,11.5,-,2,False,0.3,0.3,0.08,0.087336,0.026201,2620.09,False,22.8347,0,0.2,-
2024-03-14,DBA,1,21.41095542907715,16.0,LIME,1,True,1.0,,0.31,0.318602,0.318602,31860.23,False,10.6847,0,0.2,-
2024-03-14,EWI,2,34.48855972290039,16.0,LIME,1,False,0.6,0.6,0.25,0.256937,0.154162,15416.24,False,13.5993,0,0.2,-
2024-03-14,EPHE,3,26.785036087036133,15.75,LIME,1,False,0.6,0.6,0.16,0.16444,0.098664,9866.39,False,11.7835,0,0.2,-
2024-03-14,ARKF,4,29.37431526184082,15.0,LIME,2,False,0.55,0.55,0.1,0.087359,0.048047,4804.73,False,33.2692,0,0.2,-
2024-03-14,XLF,5,39.44401168823242,15.0,-,2,False,0.55,0.55,0.1,0.102775,0.056526,5652.62,False,10.6323,0,0.2,-
2024-03-14,EWT,6,44.89762115478516,14.5,LIME,2,False,0.5,0.5,0.08,0.069887,0.034943,3494.35,False,18.9586,0,0.2,-
2024-03-15,DBA,1,21.87459754943848,16.0,LIME,1,True,1.0,,0.31,0.317298,0.317298,31729.79,False,11.2996,0,0.1,PURPLE
2024-03-15,EWI,2,34.73110580444336,16.0,LIME,1,False,0.24,0.24,0.25,0.255885,0.061412,6141.25,False,13.4761,0,0.1,PURPLE
2024-03-15,FEZ,3,49.10115432739258,15.5,-,1,False,0.24,0.24,0.16,0.163767,0.039304,3930.4,False,14.1229,0,0.1,PURPLE
2024-03-15,XLF,4,39.405364990234375,14.0,-,2,False,0.2,0.2,0.1,0.102354,0.020471,2047.08,False,10.2415,0,0.1,PURPLE
2024-03-15,ARKF,5,29.144515991210938,13.0,-,3,False,0.2,0.2,0.1,0.087001,0.0174,1740.02,False,32.8583,0,0.1,PURPLE
2024-03-15,EWT,6,44.74021530151367,12.75,LIME,2,False,0.2,0.2,0.08,0.073695,0.014739,1473.9,False,18.8325,0,0.1,PURPLE
2024-03-18,DBA,1,21.995141983032227,16.0,LIME,1,True,1.0,,0.31,0.3125,0.3125,31250.0,False,11.2508,0,0.1,PURPLE
2024-03-18,EWI,2,34.60982894897461,14.75,LIME,2,False,0.2,0.2,0.25,0.252016,0.050403,5040.32,False,13.4806,0,0.1,PURPLE
2024-03-18,XLB,3,43.60552597045898,15.75,LIME,1,False,0.24,0.24,0.16,0.16129,0.03871,3870.97,False,13.3507,0,0.1,PURPLE
2024-03-18,FEZ,4,48.845359802246094,14.25,-,2,False,0.2,0.2,0.1,0.100806,0.020161,2016.13,False,14.1769,0,0.1,PURPLE
2024-03-18,XLF,5,39.63130569458008,13.75,-,1,False,0.2,0.2,0.1,0.100806,0.020161,2016.13,False,10.1354,0,0.1,PURPLE
2024-03-18,EWT,6,44.79577255249024,11.5,LIME,2,False,0.2,0.2,0.08,0.072581,0.014516,1451.61,False,18.6583,0,0.1,PURPLE
2024-03-19,DBA,1,21.83750534057617,16.0,LIME,1,True,1.0,,0.31,0.3125,0.268398,26839.83,False,11.398,0,0.2,-
2024-03-19,EWI,2,34.93634033203125,14.75,LIME,1,False,0.55,0.55,0.25,0.252016,0.138609,13860.89,False,13.1736,0,0.2,-
2024-03-19,XLE,3,43.234981536865234,14.75,LIME,1,True,1.0,,0.16,0.153226,0.131602,13160.17,False,16.3564,0,0.2,-
2024-03-19,XLB,4,43.6103401184082,15.5,LIME,1,False,0.6,0.6,0.1,0.100806,0.060484,6048.39,False,13.331,0,0.2,-
2024-03-19,XLF,5,39.82524108886719,13.75,LIME,1,False,0.5,0.5,0.1,0.100806,0.050403,5040.32,False,10.0462,0,0.2,-
2024-03-19,FEZ,6,48.96807098388672,12.5,-,2,False,0.35,0.35,0.08,0.080645,0.028226,2822.58,False,13.988,0,0.2,-
2024-03-20,DBA,1,22.06005477905273,16.0,LIME,1,True,1.0,,0.31,0.311558,0.306173,30617.28,False,11.5177,0,0.3,-
2024-03-20,EWI,2,35.384124755859375,14.75,LIME,1,False,0.55,0.55,0.25,0.251256,0.138191,13819.1,False,13.3497,0,0.3,-
2024-03-20,XLF,3,40.30039596557617,14.75,LIME,1,False,0.55,0.55,0.16,0.160804,0.088442,8844.22,False,10.2492,0,0.3,-
2024-03-20,XLB,4,44.04813003540039,15.5,LIME,1,False,0.6,0.6,0.1,0.100503,0.060302,6030.15,False,13.4479,0,0.3,-
2024-03-20,XLE,5,43.17400741577149,15.25,LIME,1,True,1.0,,0.1,0.095477,0.093827,9382.72,False,16.3158,0,0.3,-
2024-03-20,FEZ,6,49.64765548706055,13.0,-,1,False,0.5,0.5,0.08,0.080402,0.040201,4020.1,False,14.2016,0,0.3,-
2024-03-21,DBA,1,22.180599212646484,16.0,LIME,1,True,1.0,,0.31,0.315522,0.306173,30617.28,False,11.5384,0,0.4,-
2024-03-21,XLC,2,79.7498779296875,16.0,LIME,1,False,0.6,0.6,0.25,0.24173,0.145038,14503.82,False,16.4443,0,0.4,-
2024-03-21,XLF,3,40.63008499145508,15.75,LIME,1,False,0.6,0.6,0.16,0.16285,0.09771,9770.99,False,10.2653,0,0.4,-
2024-03-21,XLE,4,43.43197250366211,15.5,LIME,1,True,1.0,,0.1,0.096692,0.093827,9382.72,False,16.2039,0,0.4,-
2024-03-21,EWI,5,34.95500183105469,14.75,-,1,False,0.55,0.55,0.1,0.101781,0.05598,5597.96,False,13.5322,0,0.4,-
2024-03-21,XLB,6,44.2309455871582,15.5,LIME,1,False,0.6,0.6,0.08,0.081425,0.048855,4885.5,False,13.3652,0,0.4,-
2024-03-22,DBA,1,22.32896423339844,16.0,LIME,1,True,1.0,,0.31,0.315522,0.306173,30617.28,False,11.2218,0,0.4,-
2024-03-22,XLC,2,79.91592407226562,16.0,LIME,1,False,0.6,0.6,0.25,0.24173,0.145038,14503.82,False,16.3251,0,0.4,-
2024-03-22,XLF,3,40.16463470458984,16.0,LIME,1,False,0.6,0.6,0.16,0.16285,0.09771,9770.99,False,9.8396,0,0.4,-
2024-03-22,XLE,4,43.338165283203125,15.75,LIME,1,True,1.0,,0.1,0.096692,0.093827,9382.72,False,16.0735,0,0.4,-
2024-03-22,EWI,5,34.880367279052734,15.0,-,2,False,0.55,0.55,0.1,0.101781,0.05598,5597.96,False,13.2174,0,0.4,-
2024-03-22,XLB,6,43.95672225952149,15.75,-,1,False,0.6,0.6,0.08,0.081425,0.048855,4885.5,False,13.0257,0,0.4,-
2024-03-25,DBA,1,22.848243713378903,16.0,LIME,1,True,1.0,,0.31,0.314083,0.314083,31408.31,False,11.9475,0,0.85,LIME
2024-03-25,PDP,2,97.9511947631836,16.0,-,1,False,0.85,0.6,0.25,0.253293,0.215299,21529.89,False,15.2201,0,0.85,LIME
2024-03-25,XLC,3,79.6424560546875,16.0,LIME,1,False,0.85,0.6,0.16,0.154002,0.130902,13090.17,False,16.2859,0,0.85,LIME
2024-03-25,XLE,4,43.74153518676758,16.0,LIME,1,True,1.0,,0.1,0.096251,0.096251,9625.13,False,16.141,0,0.85,LIME
2024-03-25,XLF,5,40.00948715209961,15.0,-,2,False,0.85,0.55,0.1,0.101317,0.08612,8611.96,False,9.7753,0,0.85,LIME
2024-03-25,XLB,6,43.971153259277344,16.0,-,1,False,0.85,0.6,0.08,0.081054,0.068896,6889.56,False,12.8927,0,0.85,LIME
2024-03-26,DBA,1,22.736968994140625,16.0,LIME,1,True,1.0,,0.31,0.322078,0.322078,32207.79,False,12.0355,0,0.8,LIME
2024-03-26,PTF,2,58.31380844116211,15.5,LIME,1,False,0.8,0.6,0.25,0.220779,0.176623,17662.34,False,30.3174,0,0.8,LIME
2024-03-26,XLC,3,79.4764175415039,15.0,LIME,2,False,0.8,0.55,0.16,0.166234,0.132987,13298.7,False,16.302,0,0.8,LIME
2024-03-26,PDP,4,98.01100158691406,14.75,-,2,False,0.8,0.5,0.1,0.103896,0.083117,8311.69,False,15.2008,0,0.8,LIME
2024-03-26,XLE,5,43.40382766723633,15.0,LIME,2,True,1.0,,0.1,0.103896,0.103896,10389.61,False,16.2482,0,0.8,LIME
2024-03-26,XLF,6,40.145240783691406,13.75,-,2,False,0.8,0.45,0.08,0.083117,0.066494,6649.35,False,9.7808,0,0.8,LIME
2024-03-27,DBA,1,22.87606239318848,16.0,LIME,1,True,1.0,,0.31,0.322078,0.322078,32207.79,False,12.0515,0,0.8,LIME
2024-03-27,PTF,2,58.164188385009766,16.0,LIME,1,False,0.8,0.6,0.25,0.220779,0.176623,17662.34,False,30.3093,0,0.8,LIME
2024-03-27,XLE,3,43.80719375610352,15.0,LIME,1,True,1.0,,0.16,0.166234,0.166234,16623.38,False,16.2612,0,0.8,LIME
2024-03-27,XLC,4,79.8866195678711,14.75,LIME,1,False,0.8,0.55,0.1,0.103896,0.083117,8311.69,False,16.3104,0,0.8,LIME
2024-03-27,PDP,5,98.4696044921875,14.5,-,1,False,0.8,0.55,0.1,0.103896,0.083117,8311.69,False,15.1902,0,0.8,LIME
2024-03-27,XLF,6,40.62038803100586,13.5,-,1,False,0.8,0.5,0.08,0.083117,0.066494,6649.35,False,9.9785,0,0.8,LIME
2024-03-28,DBA,1,22.959518432617188,16.0,LIME,1,True,1.0,,0.31,0.314721,0.314721,31472.08,False,12.0486,0,0.8,LIME
2024-03-28,EWI,2,35.1882209777832,15.5,-,1,False,0.8,0.6,0.25,0.253807,0.203046,20304.57,False,13.1228,0,0.8,LIME
2024-03-28,XLE,3,44.28091049194336,15.0,LIME,1,True,1.0,,0.16,0.162437,0.162437,16243.65,False,16.3192,0,0.8,LIME
2024-03-28,XLC,4,79.75965881347656,14.5,LIME,1,False,0.8,0.55,0.1,0.101523,0.081218,8121.83,False,16.3217,0,0.8,LIME
2024-03-28,PTF,5,57.236515045166016,14.25,LIME,2,False,0.8,0.5,0.1,0.086294,0.069036,6903.55,False,30.5178,0,0.8,LIME
2024-03-28,PDP,6,98.47957611083984,13.75,-,1,False,0.8,0.5,0.08,0.081218,0.064975,6497.46,False,15.1953,0,0.8,LIME
2024-04-01,DBA,1,23.24697494506836,16.0,LIME,1,True,1.0,,0.31,0.319258,0.319258,31925.85,False,12.2091,0,0.85,LIME
2024-04-01,FEZ,2,49.71372222900391,15.75,-,1,False,0.85,0.6,0.25,0.257467,0.218847,21884.65,False,13.4073,0,0.85,LIME
2024-04-01,JETS,3,20.68061256408692,15.5,LIME,1,False,0.85,0.6,0.16,0.140062,0.119053,11905.25,False,24.6175,0,0.85,LIME
2024-04-01,XLE,4,44.60923004150391,15.0,LIME,1,True,1.0,,0.1,0.102987,0.102987,10298.66,False,15.9843,0,0.85,LIME
2024-04-01,XLC,5,80.37499237060547,14.5,LIME,1,False,0.85,0.55,0.1,0.097837,0.083162,8316.17,False,16.3624,0,0.85,LIME
2024-04-01,EWI,6,35.12291717529297,14.75,-,2,False,0.85,0.5,0.08,0.082389,0.070031,7003.09,False,13.0327,0,0.85,LIME
2024-04-02,DBA,1,22.959518432617188,16.0,LIME,1,True,1.0,,0.31,0.319012,0.221429,22142.86,False,12.0797,0,0.3,-
2024-04-02,XLE,2,45.2330436706543,16.0,LIME,1,True,1.0,,0.25,0.257268,0.178571,17857.14,False,16.1317,0,0.3,-
2024-04-02,XLC,3,80.2480239868164,15.5,LIME,1,False,0.6,0.6,0.16,0.164651,0.098791,9879.08,False,16.2982,0,0.3,-
2024-04-02,JETS,4,20.184675216674805,14.0,LIME,3,False,0.5,0.5,0.1,0.083098,0.041549,4154.88,False,24.9858,1,0.3,-
2024-04-02,FEZ,5,49.14739990234375,13.75,-,3,False,0.45,0.45,0.1,0.097762,0.043993,4399.28,False,13.6574,1,0.3,-
2024-04-02,EWI,6,34.721778869628906,12.25,-,4,False,0.3,0.3,0.08,0.078209,0.023463,2346.28,False,13.2917,1,0.3,-
2024-04-03,XLE,1,45.542598724365234,16.0,LIME,1,True,1.0,,0.31,0.321144,0.217544,21754.39,False,16.0687,0,0.4,-
2024-04-03,XLC,2,80.88289642333984,15.75,LIME,1,False,0.6,0.6,0.25,0.246038,0.147623,14762.25,False,16.2637,0,0.4,-
2024-04-03,GLD,3,212.7400054931641,16.0,LIME,1,True,1.0,,0.16,0.165752,0.112281,11228.07,False,11.0503,0,0.4,-
2024-04-03,DBA,4,22.903881072998047,15.0,LIME,2,True,1.0,,0.1,0.103595,0.070175,7017.54,False,12.0799,0,0.4,-
2024-04-03,FEZ,5,49.56270599365234,12.5,-,2,False,0.4,0.35,0.1,0.103595,0.041438,4143.79,False,13.3408,0,0.4,-
2024-04-03,JETS,6,20.0755672454834,11.75,LIME,3,False,0.4,0.3,0.08,0.059878,0.023951,2395.11,False,24.7997,2,0.4,-
2024-04-04,XLE,1,45.51445770263672,16.0,LIME,1,True,1.0,,0.33,0.310345,0.178111,17811.09,False,15.8263,0,0.1,PURPLE
2024-04-04,GLD,2,211.5200042724609,16.0,LIME,1,True,1.0,,0.27,0.282132,0.161919,16191.9,False,10.9656,0,0.1,PURPLE
2024-04-04,EMGF,3,42.19917297363281,15.5,-,1,False,0.24,0.24,0.2,0.208986,0.050157,5015.67,False,12.1856,0,0.1,PURPLE
2024-04-04,DBA,4,22.99660873413086,13.75,LIME,2,True,1.0,,0.1,0.104493,0.05997,5997.0,False,11.9807,0,0.1,PURPLE
2024-04-04,XLC,5,79.7889633178711,14.0,-,3,False,0.2,0.2,0.1,0.094044,0.018809,1880.88,False,16.5262,0,0.1,PURPLE
2024-04-05,XLE,1,46.00224304199219,16.0,LIME,1,True,1.0,,0.31,0.312301,0.153585,15358.54,False,15.4068,0,0.1,PURPLE
2024-04-05,SLV,2,25.030000686645508,15.75,LIME,1,True,1.0,,0.25,0.225345,0.110821,11082.14,False,24.2342,0,0.1,PURPLE
2024-04-05,GLD,3,215.13999938964844,16.0,LIME,1,True,1.0,,0.16,0.169671,0.083442,8344.2,False,11.3835,0,0.1,PURPLE
2024-04-05,EMGF,4,42.208587646484375,15.75,-,1,False,0.24,0.24,0.1,0.106045,0.025451,2545.07,False,12.1453,0,0.1,PURPLE
2024-04-05,DBA,5,23.256248474121094,13.75,LIME,1,True,1.0,,0.1,0.106045,0.052151,5215.12,False,12.0778,0,0.1,PURPLE
2024-04-05,XLC,6,80.59963989257812,14.0,-,1,False,0.22,0.22,0.08,0.080594,0.017731,1773.06,False,16.5659,0,0.1,PURPLE
2024-04-08,SLV,1,25.39999961853028,16.0,LIME,1,True,1.0,,0.31,0.281517,0.14224,14224.02,False,24.3432,0,0.1,PURPLE
2024-04-08,XLE,2,45.71144104003906,16.0,LIME,1,True,1.0,,0.25,0.253739,0.128205,12820.51,False,15.5048,0,0.1,PURPLE
2024-04-08,GLD,3,216.47999572753903,16.0,LIME,1,True,1.0,,0.16,0.17094,0.08637,8636.98,False,11.407,0,0.1,PURPLE
2024-04-08,EMGF,4,42.50993728637695,16.0,LIME,1,False,0.24,0.24,0.1,0.106838,0.025641,2564.1,False,12.2029,0,0.1,PURPLE
2024-04-08,XLC,5,80.60940551757812,13.75,-,1,False,0.2,0.2,0.1,0.101496,0.020299,2029.91,False,16.5673,0,0.1,PURPLE
2024-04-08,DBA,6,23.07079124450684,13.25,-,1,True,1.0,,0.08,0.08547,0.043185,4318.49,False,12.1204,0,0.1,PURPLE
2024-04-09,SLV,1,25.71999931335449,16.0,LIME,1,True,1.0,,0.31,0.281217,0.138502,13850.2,False,24.3788,0,0.1,PURPLE
2024-04-09,XLE,2,45.72551345825195,16.0,LIME,1,True,1.0,,0.25,0.253469,0.124836,12483.57,False,15.2493,0,0.1,PURPLE
2024-04-09,GLD,3,217.6699981689453,16.0,LIME,1,True,1.0,,0.16,0.170758,0.0841,8409.99,False,11.2437,0,0.1,PURPLE
2024-04-09,EMGF,4,42.670040130615234,16.0,LIME,1,False,0.24,0.24,0.1,0.106724,0.025614,2561.37,False,12.2106,0,0.1,PURPLE
2024-04-09,DBA,5,23.219158172607425,14.25,-,1,True,1.0,,0.1,0.106724,0.052562,5256.24,False,12.0673,0,0.1,PURPLE
2024-04-09,XLC,6,80.69731903076172,13.5,-,1,False,0.2,0.2,0.08,0.08111,0.016222,1622.2,False,16.3467,0,0.1,PURPLE
2024-04-10,SLV,1,25.450000762939453,16.0,LIME,1,True,1.0,,0.31,0.277807,0.136264,13626.37,False,24.4622,0,0.1,PURPLE
2024-04-10,GLD,2,215.6100006103516,16.0,LIME,1,True,1.0,,0.25,0.263574,0.129282,12928.25,False,11.4837,0,0.1,PURPLE
2024-04-10,XLE,3,45.86622619628906,15.75,LIME,1,True,1.0,,0.16,0.168687,0.082741,8274.08,False,14.773,0,0.1,PURPLE
2024-04-10,DBA,4,23.423158645629883,15.5,-,1,True,1.0,,0.1,0.10543,0.051713,5171.3,False,12.0976,0,0.1,PURPLE
2024-04-10,XLC,5,80.06244659423828,13.25,-,3,False,0.2,0.2,0.1,0.100158,0.020032,2003.16,False,16.4468,0,0.1,PURPLE
2024-04-10,EMGF,6,42.1614990234375,13.0,-,3,False,0.2,0.2,0.08,0.084344,0.016869,1686.87,False,12.1585,0,0.1,PURPLE
2024-04-11,SLV,1,26.01000022888184,16.0,LIME,1,True,1.0,,0.31,0.277807,0.136264,13626.37,False,24.7172,0,0.2,-
2024-04-11,GLD,2,219.8000030517578,16.0,LIME,1,True,1.0,,0.25,0.263574,0.129282,12928.25,False,11.9502,0,0.2,-
2024-04-11,DBA,3,23.36752319335937,15.5,-,1,True,1.0,,0.16,0.168687,0.082741,8274.08,False,12.1055,0,0.2,-
2024-04-11,XLE,4,45.83339309692383,15.5,-,1,True,1.0,,0.1,0.10543,0.051713,5171.3,False,14.5646,0,0.2,-
2024-04-11,XLC,5,80.76568603515625,13.0,-,1,False,0.5,0.5,0.1,0.100158,0.050079,5007.91,False,16.4375,0,0.2,-
2024-04-11,EMGF,6,42.41576766967773,13.0,-,1,False,0.5,0.5,0.08,0.084344,0.042172,4217.19,False,12.1842,0,0.2,-
2024-04-12,DBA,1,23.58079719543457,16.0,-,1,True,1.0,,0.35,0.366492,0.146597,14659.69,False,12.156,0,0.1,PURPLE
2024-04-12,SLV,2,25.6299991607666,15.0,LIME,2,True,1.0,,0.3,0.267016,0.106806,10680.63,False,24.9159,0,0.1,PURPLE
2024-04-12,GLD,3,216.88999938964844,15.0,LIME,2,True,1.0,,0.25,0.26178,0.104712,10471.2,False,12.3605,0,0.1,PURPLE
2024-04-12,XLE,4,45.08763885498047,13.25,-,3,True,1.0,,0.1,0.104712,0.041885,4188.48,False,15.0684,0,0.1,PURPLE
2024-04-15,DBA,1,23.79407119750977,16.0,-,1,True,1.0,,0.35,0.368421,0.147368,14736.84,False,12.0823,0,0.1,PURPLE
2024-04-15,SLV,2,26.40999984741211,15.0,LIME,1,True,1.0,,0.3,0.268421,0.107368,10736.84,False,25.3374,0,0.1,PURPLE
2024-04-15,GLD,3,220.9499969482422,15.0,LIME,1,True,1.0,,0.25,0.263158,0.105263,10526.32,False,12.7042,0,0.1,PURPLE
2024-04-15,XLE,4,44.66551971435547,11.0,-,3,True,1.0,,0.1,0.1,0.04,4000.0,False,15.1591,1,0.1,PURPLE
2024-04-16,GLD,1,221.22000122070312,15.0,LIME,1,True,1.0,,0.45,0.474934,0.189974,18997.36,False,12.4735,0,0.1,PURPLE
2024-04-16,DBA,2,23.24697494506836,14.5,-,3,True,1.0,,0.3,0.300792,0.120317,12031.66,False,13.167,1,0.1,PURPLE
2024-04-16,SLV,3,25.799999237060547,14.0,LIME,2,True,1.0,,0.25,0.224274,0.08971,8970.98,False,25.7369,0,0.1,PURPLE
2024-04-17,DBA,1,23.56225204467773,14.5,-,1,True,1.0,,0.45,0.467532,0.187013,18701.3,False,13.1651,0,0.1,PURPLE
2024-04-17,GLD,2,219.58999633789065,14.0,LIME,2,True,1.0,,0.3,0.311688,0.124675,12467.53,False,12.3319,0,0.1,PURPLE
2024-04-17,SLV,3,25.850000381469727,13.0,LIME,2,True,1.0,,0.25,0.220779,0.088312,8831.17,False,25.4716,0,0.1,PURPLE
2024-04-18,GLD,1,220.33999633789065,15.0,-,1,True,1.0,,0.45,0.467532,0.187013,18701.3,False,12.2813,0,0.1,PURPLE
2024-04-18,DBA,2,24.0444393157959,14.5,-,1,True,1.0,,0.3,0.311688,0.124675,12467.53,False,13.5044,0,0.1,PURPLE
2024-04-18,SLV,3,25.86000061035156,12.25,LIME,2,True,1.0,,0.25,0.220779,0.088312,8831.17,False,25.4666,0,0.1,PURPLE
2024-04-19,GLD,1,221.02999877929688,14.75,-,1,True,1.0,,0.45,0.467532,0.187013,18701.3,False,12.2815,0,0.1,PURPLE
2024-04-19,DBA,2,24.582263946533203,14.5,-,1,True,1.0,,0.3,0.311688,0.124675,12467.53,False,13.9996,0,0.1,PURPLE
2024-04-19,SLV,3,26.200000762939453,12.0,LIME,1,True,1.0,,0.25,0.220779,0.088312,8831.17,False,25.4498,0,0.1,PURPLE
2024-04-22,DBA,1,24.285533905029297,16.0,-,1,True,1.0,,0.55,0.56266,0.225064,22506.39,False,14.3513,0,0.1,PURPLE
2024-04-22,GLD,2,215.57000732421875,11.5,-,3,True,1.0,,0.45,0.43734,0.174936,17493.61,False,13.3869,1,0.1,PURPLE
2024-04-23,DBA,1,24.06298446655273,15.0,-,2,True,1.0,,0.45,0.463918,0.4,40000.0,False,14.4792,0,0.1,PURPLE
2024-04-23,JETS,2,20.66077423095703,12.0,LIME,1,False,0.2,0.2,0.3,0.278351,0.05567,5567.01,False,21.7351,0,0.1,PURPLE
2024-04-23,XLU,3,31.29567527770996,11.0,-,1,False,0.2,0.2,0.25,0.257732,0.051546,5154.64,False,16.5296,0,0.1,PURPLE
2024-04-24,DBA,1,24.61008071899414,15.0,-,1,True,1.0,,0.55,0.55,0.4,40000.0,False,14.9773,0,0.1,PURPLE
2024-04-24,XLU,2,31.484373092651367,13.75,LIME,1,False,0.2,0.2,0.45,0.45,0.09,9000.0,False,16.2591,0,0.1,PURPLE
2024-04-25,DBA,1,24.266986846923828,14.0,-,2,True,1.0,,0.45,0.467532,0.4,40000.0,False,15.292,0,0.1,PURPLE
2024-04-25,XLU,2,31.56928253173828,14.0,LIME,1,False,0.22,0.22,0.3,0.311688,0.068571,6857.14,False,15.9267,0,0.1,PURPLE
2024-04-25,FXI,3,24.373056411743164,12.5,GREEN,1,False,0.2,0.2,0.25,0.220779,0.044156,4415.58,False,26.1941,0,0.1,PURPLE
2024-04-26,FXI,1,24.785022735595703,13.5,GREEN,1,False,0.2,0.2,0.45,0.410188,0.082038,8203.75,False,26.3054,0,0.1,PURPLE
2024-04-26,XLU,2,31.22490882873535,13.5,LIME,2,False,0.2,0.2,0.3,0.321716,0.064343,6434.32,False,16.1205,0,0.1,PURPLE
2024-04-26,DBA,3,24.146440505981445,12.5,-,2,True,1.0,,0.25,0.268097,0.268097,26809.65,False,15.3792,0,0.1,PURPLE
2024-04-29,FXI,1,25.014955520629883,14.0,GREEN,1,False,0.22,0.22,0.45,0.43734,0.096215,9621.48,False,26.1384,0,0.1,PURPLE
2024-04-29,XLU,2,31.64948463439941,14.0,LIME,1,False,0.22,0.22,0.3,0.306905,0.067519,6751.92,False,16.2747,0,0.1,PURPLE
2024-04-29,TUR,3,38.62221908569336,13.5,LIME,1,False,0.2,0.2,0.25,0.255754,0.051151,5115.09,False,23.4429,0,0.1,PURPLE
2024-04-30,TUR,1,38.55508041381836,14.75,LIME,1,False,0.22,0.22,0.35,0.341902,0.075219,7521.85,False,23.4524,0,0.1,PURPLE
2024-04-30,XLU,2,31.484373092651367,14.5,LIME,1,False,0.22,0.22,0.3,0.308483,0.067866,6786.63,False,16.3268,0,0.1,PURPLE
2024-04-30,EWU,3,32.0562858581543,14.5,LIME,1,False,0.22,0.22,0.25,0.257069,0.056555,5655.53,False,11.0587,0,0.1,PURPLE
2024-04-30,FXI,4,24.420957565307617,13.5,GREEN,2,False,0.2,0.2,0.1,0.092545,0.018509,1850.9,False,26.4032,0,0.1,PURPLE
2024-05-01,TUR,1,38.50712966918945,16.0,LIME,1,False,0.24,0.24,0.35,0.341902,0.082057,8205.66,False,23.4612,0,0.1,PURPLE
2024-05-01,XLU,2,31.847620010375977,15.0,LIME,1,False,0.24,0.24,0.3,0.308483,0.074036,7403.6,False,16.4333,0,0.1,PURPLE
2024-05-01,EWU,3,31.954662322998047,14.0,LIME,2,False,0.2,0.2,0.25,0.257069,0.051414,5141.39,False,10.8512,0,0.1,PURPLE
2024-05-01,FXI,4,24.60298728942871,13.0,GREEN,2,False,0.2,0.2,0.1,0.092545,0.018509,1850.9,False,26.3377,0,0.1,PURPLE
2024-05-02,XLU,1,32.0174446105957,16.0,LIME,1,False,0.24,0.24,0.33,0.349391,0.083854,8385.39,False,16.0693,0,0.1,PURPLE
2024-05-02,TUR,2,39.31275939941406,16.0,LIME,1,False,0.24,0.24,0.27,0.242986,0.058317,5831.66,False,23.5046,0,0.1,PURPLE
2024-05-02,INDA,3,52.59946060180664,15.5,-,1,False,0.24,0.24,0.2,0.211752,0.050821,5082.05,False,11.2816,0,0.1,PURPLE
2024-05-02,EWU,4,32.379615783691406,14.5,LIME,1,False,0.22,0.22,0.1,0.105876,0.023293,2329.27,False,10.9537,0,0.1,PURPLE
2024-05-02,FXI,5,26.011335372924805,13.25,GREEN,1,False,0.2,0.2,0.1,0.089995,0.017999,1799.89,False,28.502,0,0.1,PURPLE
2024-05-03,XLU,1,32.27219009399414,16.0,LIME,1,False,0.6,0.6,0.33,0.349391,0.209635,20963.47,False,15.6217,0,0.2,-
2024-05-03,TUR,2,39.8018913269043,16.0,LIME,1,False,0.6,0.6,0.27,0.242986,0.145791,14579.14,False,23.3127,0,0.2,-
2024-05-03,EWU,3,32.64752197265625,15.0,LIME,1,False,0.6,0.6,0.2,0.211752,0.127051,12705.13,False,10.8208,0,0.2,-
2024-05-03,INDA,4,52.35125350952149,16.0,-,1,False,0.6,0.6,0.1,0.105876,0.063526,6352.57,False,11.328,0,0.2,-
2024-05-03,FXI,5,26.18379020690918,13.5,GREEN,1,False,0.5,0.5,0.1,0.089995,0.044997,4499.74,False,28.0799,0,0.2,-
2024-05-06,XLU,1,32.43729782104492,16.0,LIME,1,False,0.6,0.6,0.33,0.35503,0.213018,21301.78,False,14.9368,0,0.3,-
2024-05-06,TUR,2,39.88820266723633,16.0,LIME,1,False,0.6,0.6,0.27,0.246907,0.148144,14814.42,False,22.9401,0,0.3,-
2024-05-06,FXI,3,26.164627075195312,14.75,GREEN,1,False,0.55,0.55,0.2,0.182894,0.100592,10059.17,False,27.8572,0,0.3,-
2024-05-06,EWU,4,32.85076141357422,15.0,LIME,1,False,0.6,0.6,0.1,0.107585,0.064551,6455.08,False,10.6696,0,0.3,-
2024-05-06,INDA,5,51.993839263916016,13.0,-,3,False,0.45,0.45,0.1,0.107585,0.048413,4841.31,False,11.3639,0,0.3,-
2024-05-07,FXI,1,25.79098320007324,16.0,GREEN,1,False,0.6,0.6,0.35,0.330709,0.198425,19842.52,False,25.8785,0,0.4,-
2024-05-07,XLU,2,32.80526351928711,16.0,LIME,1,False,0.6,0.6,0.3,0.314961,0.188976,18897.64,False,15.0442,0,0.4,-
2024-05-07,TUR,3,40.04165649414063,16.0,LIME,1,False,0.6,0.6,0.25,0.249344,0.149606,14960.63,False,22.8775,0,0.4,-
2024-05-07,EWU,4,32.9523811340332,16.0,LIME,1,False,0.6,0.6,0.1,0.104987,0.062992,6299.21,False,10.3431,0,0.4,-
2024-05-08,XLU,1,33.149635314941406,16.0,LIME,1,False,0.85,0.6,0.33,0.340206,0.289175,28917.53,False,15.1262,0,0.85,LIME
2024-05-08,EWU,2,33.035526275634766,16.0,LIME,1,False,0.85,0.6,0.27,0.278351,0.236598,23659.79,False,10.2305,0,0.85,LIME
2024-05-08,EWM,3,21.278377532958984,16.0,LIME,1,False,0.85,0.6,0.2,0.206186,0.175258,17525.77,False,9.6097,0,0.85,LIME
2024-05-08,FXI,4,25.69517517089844,14.75,GREEN,2,False,0.85,0.5,0.1,0.087629,0.074485,7448.45,False,25.4262,0,0.85,LIME
2024-05-08,TUR,5,39.73475646972656,15.0,LIME,2,False,0.85,0.55,0.1,0.087629,0.074485,7448.45,False,22.7693,0,0.85,LIME
2024-05-09,XLU,1,33.65440368652344,16.0,LIME,1,False,0.85,0.6,0.31,0.307572,0.261436,26143.6,False,15.2052,0,0.85,LIME
2024-05-09,EWU,2,33.31267166137695,16.0,LIME,1,False,0.85,0.6,0.25,0.261097,0.221932,22193.21,False,10.2565,0,0.85,LIME
2024-05-09,ITA,3,133.5285186767578,16.0,LIME,1,False,0.85,0.6,0.16,0.167102,0.142037,14203.66,False,9.8729,0,0.85,LIME
2024-05-09,FXI,4,26.250852584838867,14.75,GREEN,1,False,0.85,0.55,0.1,0.088773,0.075457,7545.69,False,25.1488,0,0.85,LIME
2024-05-09,EWM,5,21.231813430786133,15.0,LIME,2,False,0.85,0.55,0.1,0.104439,0.088773,8877.28,False,9.5581,0,0.85,LIME
2024-05-09,TUR,6,39.73475646972656,14.0,LIME,2,False,0.85,0.5,0.08,0.071018,0.060366,6036.55,False,22.6721,0,0.85,LIME
2024-05-10,XLU,1,33.62138366699219,16.0,LIME,1,False,0.85,0.6,0.31,0.318602,0.270812,27081.19,False,15.2239,0,0.85,LIME
2024-05-10,EWU,2,33.39581298828125,16.0,LIME,1,False,0.85,0.6,0.25,0.256937,0.218397,21839.67,False,10.2263,0,0.85,LIME
2024-05-10,EWP,3,30.48316764831543,15.5,LIME,1,False,0.85,0.6,0.16,0.16444,0.139774,13977.39,False,15.8265,0,0.85,LIME
2024-05-10,ITA,4,133.27206420898438,16.0,LIME,1,False,0.85,0.6,0.1,0.102775,0.087359,8735.87,False,9.8948,0,0.85,LIME
2024-05-10,FXI,5,26.605335235595703,14.75,GREEN,1,False,0.85,0.55,0.1,0.087359,0.074255,7425.49,False,25.1743,0,0.85,LIME
2024-05-10,TUR,6,39.61966323852539,12.25,LIME,2,False,0.85,0.35,0.08,0.069887,0.059404,5940.39,False,22.5366,0,0.85,LIME
2024-05-13,XLU,1,33.62138366699219,16.0,LIME,1,False,0.85,0.6,0.33,0.335025,0.284772,28477.16,False,15.1287,0,0.85,LIME
2024-05-13,EWU,2,33.41428756713867,16.0,LIME,1,False,0.85,0.6,0.27,0.274112,0.232995,23299.49,False,10.2067,0,0.85,LIME
2024-05-13,EWP,3,30.604799270629883,16.0,LIME,1,False,0.85,0.6,0.2,0.203046,0.172589,17258.88,False,15.8305,0,0.85,LIME
2024-05-13,FXI,4,27.170589447021484,14.75,GREEN,1,False,0.85,0.55,0.1,0.086294,0.07335,7335.03,False,25.2992,0,0.85,LIME
2024-05-13,ITA,5,132.4927215576172,15.0,LIME,2,False,0.85,0.55,0.1,0.101523,0.086294,8629.44,False,9.9976,0,0.85,LIME
2024-05-14,FXI,1,26.83526992797852,16.0,GREEN,1,False,0.85,0.6,0.33,0.295108,0.250842,25084.17,False,24.9349,0,0.85,LIME
2024-05-14,XLU,2,33.71101379394531,16.0,LIME,1,False,0.85,0.6,0.27,0.284061,0.241452,24145.19,False,14.6158,0,0.85,LIME
2024-05-14,EWP,3,31.05390167236328,16.0,LIME,1,False,0.85,0.6,0.2,0.210416,0.178853,17885.32,False,15.5934,0,0.85,LIME
2024-05-14,EWU,4,33.64523696899414,16.0,LIME,1,False,0.85,0.6,0.1,0.105208,0.089427,8942.66,False,9.5746,0,0.85,LIME
2024-05-14,ITA,5,132.8379669189453,13.75,LIME,2,False,0.85,0.45,0.1,0.105208,0.089427,8942.66,False,9.883,0,0.85,LIME
2024-05-15,FXI,1,27.14184761047364,16.0,GREEN,1,False,0.85,0.6,0.33,0.295108,0.250842,25084.17,False,24.7345,0,0.85,LIME
2024-05-15,XLU,2,34.215789794921875,16.0,LIME,1,False,0.85,0.6,0.27,0.284061,0.241452,24145.19,False,14.8043,0,0.85,LIME
2024-05-15,EWP,3,31.596574783325195,16.0,LIME,1,False,0.85,0.6,0.2,0.210416,0.178853,17885.32,False,15.8362,0,0.85,LIME
2024-05-15,EWU,4,33.89466857910156,16.0,LIME,1,False,0.85,0.6,0.1,0.105208,0.089427,8942.66,False,9.4656,0,0.85,LIME
2024-05-15,ITA,5,132.54205322265625,12.5,LIME,2,False,0.85,0.35,0.1,0.105208,0.089427,8942.66,False,9.7558,0,0.85,LIME
2024-05-16,FXI,1,27.93704032897949,16.0,GREEN,1,False,0.85,0.6,0.33,0.295108,0.250842,25084.17,False,25.2604,0,0.85,LIME
2024-05-16,XLU,2,34.09784698486328,16.0,LIME,1,False,0.85,0.6,0.27,0.284061,0.241452,24145.19,False,14.5976,0,0.85,LIME
2024-05-16,EWP,3,31.259742736816406,16.0,LIME,1,False,0.85,0.6,0.2,0.210416,0.178853,17885.32,False,16.0387,0,0.85,LIME
2024-05-16,EWU,4,33.86695861816406,16.0,LIME,1,False,0.85,0.6,0.1,0.105208,0.089427,8942.66,False,9.3265,0,0.85,LIME
2024-05-16,ITA,5,133.11419677734375,11.75,LIME,1,False,0.85,0.35,0.1,0.105208,0.089427,8942.66,False,9.6964,0,0.85,LIME
2024-05-17,FXI,1,28.09990882873535,16.0,GREEN,1,False,0.85,0.6,0.31,0.278689,0.236885,23688.52,False,25.1886,0,0.85,LIME
2024-05-17,XLU,2,34.12615203857422,16.0,LIME,1,False,0.85,0.6,0.25,0.26441,0.224749,22474.88,False,14.5813,0,0.85,LIME
2024-05-17,PICK,3,43.12649917602539,16.0,LIME,1,True,1.0,,0.16,0.160762,0.160762,16076.15,False,17.597,0,0.85,LIME
2024-05-17,EWP,4,31.49365425109864,16.0,LIME,1,False,0.85,0.6,0.1,0.105764,0.0899,8989.95,False,15.796,0,0.85,LIME
2024-05-17,EWU,5,33.940860748291016,16.0,LIME,1,False,0.85,0.6,0.1,0.105764,0.0899,8989.95,False,9.1985,0,0.85,LIME
2024-05-17,ITA,6,133.66661071777344,12.75,LIME,1,False,0.85,0.4,0.08,0.084611,0.07192,7191.96,False,9.641,0,0.85,LIME
2024-05-20,SLV,1,28.979999542236328,16.0,LIME,1,True,1.0,,0.31,0.287664,0.287664,28766.38,False,30.1366,0,0.85,LIME
2024-05-20,FXI,2,27.7933292388916,16.0,GREEN,1,False,0.85,0.6,0.25,0.231987,0.197189,19718.89,False,25.2782,0,0.85,LIME
2024-05-20,PICK,3,43.276634216308594,16.0,LIME,1,True,1.0,,0.16,0.174672,0.174672,17467.25,False,17.153,0,0.85,LIME
2024-05-20,XLU,4,34.069549560546875,15.75,LIME,1,False,0.85,0.6,0.1,0.10917,0.092795,9279.48,False,14.5924,0,0.85,LIME
2024-05-20,EWU,5,33.82999801635742,15.0,LIME,2,False,0.85,0.55,0.1,0.10917,0.092795,9279.48,False,9.2251,0,0.85,LIME
2024-05-20,EWP,6,31.33459854125977,14.75,LIME,2,False,0.85,0.5,0.08,0.087336,0.074236,7423.58,False,15.1468,0,0.85,LIME
2024-05-21,SLV,1,29.270000457763672,16.0,LIME,1,True,1.0,,0.31,0.283029,0.283029,28302.9,False,30.0755,0,0.85,LIME
2024-05-21,EZA,2,38.92519378662109,16.0,LIME,1,False,0.85,0.6,0.25,0.255102,0.216837,21683.67,False,21.4566,0,0.85,LIME
2024-05-21,PICK,3,43.239105224609375,16.0,LIME,1,True,1.0,,0.16,0.171858,0.171858,17185.82,False,17.1229,0,0.85,LIME
2024-05-21,XLU,4,34.376182556152344,15.75,LIME,1,False,0.85,0.6,0.1,0.107411,0.0913,9129.97,False,14.4936,0,0.85,LIME
2024-05-21,FXI,5,27.362201690673828,15.0,GREEN,2,False,0.85,0.55,0.1,0.09667,0.08217,8216.97,False,25.0364,0,0.85,LIME
2024-05-21,EWU,6,33.95009994506836,15.0,LIME,1,False,0.85,0.6,0.08,0.085929,0.07304,7303.97,False,9.0822,0,0.85,LIME
2024-05-22,TUR,1,42.22836685180664,16.0,LIME,1,False,0.85,0.6,0.31,0.312136,0.265315,26531.53,False,23.2315,0,0.85,LIME
2024-05-22,ITA,2,134.80105590820312,16.0,LIME,1,False,0.85,0.6,0.25,0.264971,0.225225,22522.52,False,9.6674,0,0.85,LIME
2024-05-22,SLV,3,28.21999931335449,15.0,LIME,2,True,1.0,,0.16,0.144144,0.144144,14414.41,False,31.1047,0,0.85,LIME
2024-05-22,EZA,4,38.07460403442383,14.5,LIME,2,False,0.85,0.5,0.1,0.100689,0.085586,8558.56,False,22.0001,1,0.85,LIME
2024-05-22,XLU,5,33.970481872558594,14.25,LIME,2,False,0.85,0.5,0.1,0.105988,0.09009,9009.01,False,14.635,0,0.85,LIME
2024-05-22,PICK,6,41.690826416015625,14.0,LIME,3,True,1.0,,0.08,0.072072,0.072072,7207.21,False,18.7427,2,0.85,LIME
2024-05-23,SMH,1,238.0211334228516,15.5,LIME,1,False,0.8,0.6,0.31,0.302669,0.242135,24213.5,False,30.1561,0,0.8,LIME
2024-05-23,TUR,2,41.68168640136719,15.0,-,2,False,0.8,0.55,0.25,0.271209,0.216967,21696.68,False,23.4245,0,0.8,LIME
2024-05-23,SLV,3,27.549999237060547,14.0,LIME,2,True,1.0,,0.16,0.148405,0.148405,14840.53,False,31.6241,1,0.8,LIME
2024-05-23,EZA,4,37.26786804199219,12.5,-,3,False,0.8,0.35,0.1,0.092211,0.073769,7376.87,False,22.4245,2,0.8,LIME
2024-05-23,ITA,5,132.34475708007812,13.0,-,3,False,0.8,0.45,0.1,0.103059,0.082447,8244.74,False,10.4174,1,0.8,LIME
2024-05-23,XLU,6,33.39494323730469,11.25,-,3,False,0.8,0.3,0.08,0.082447,0.065958,6595.79,False,15.1207,1,0.8,LIME
2024-05-24,SMH,1,242.4278259277344,16.0,LIME,1,False,0.85,0.6,0.31,0.307652,0.261504,26150.43,False,30.3063,0,0.85,LIME
2024-05-24,SOXX,2,235.49578857421875,14.75,LIME,1,False,0.85,0.55,0.25,0.248107,0.210891,21089.06,False,30.232,0,0.85,LIME
2024-05-24,INDA,3,53.6816291809082,15.5,LIME,1,False,0.85,0.6,0.16,0.167145,0.142074,14207.36,False,10.581,0,0.85,LIME
2024-05-24,TUR,4,41.27887344360352,13.25,-,2,False,0.85,0.45,0.1,0.099243,0.084356,8435.62,False,23.5037,1,0.85,LIME
2024-05-24,SLV,5,27.739999771118164,12.25,LIME,2,True,1.0,,0.1,0.09428,0.09428,9428.05,False,31.3048,1,0.85,LIME
2024-05-24,ITA,6,133.71595764160156,12.0,-,2,False,0.85,0.35,0.08,0.083573,0.071037,7103.68,False,10.5708,0,0.85,LIME
2024-05-28,SMH,1,247.9560394287109,16.0,LIME,1,False,0.85,0.6,0.31,0.306133,0.260213,26021.31,False,30.5533,0,0.85,LIME
2024-05-28,SOXX,2,239.4740447998047,15.5,LIME,1,False,0.85,0.6,0.25,0.246881,0.209849,20984.93,False,30.3737,0,0.85,LIME
2024-05-28,EWT,3,48.42535781860352,15.0,LIME,1,False,0.85,0.6,0.16,0.16632,0.141372,14137.21,False,16.3259,0,0.85,LIME
2024-05-28,INDA,4,53.17529678344727,15.0,LIME,2,False,0.85,0.55,0.1,0.098753,0.08394,8393.97,False,10.7752,1,0.85,LIME
2024-05-28,SLV,5,29.239999771118164,12.0,LIME,1,True,1.0,,0.1,0.098753,0.098753,9875.26,False,32.7718,0,0.85,LIME
2024-05-28,TUR,6,41.480281829833984,11.5,-,2,False,0.85,0.3,0.08,0.08316,0.070686,7068.61,False,23.219,0,0.85,LIME
2024-05-29,SMH,1,243.8073883056641,16.0,LIME,1,False,0.8,0.6,0.31,0.316973,0.253579,25357.87,False,30.6789,0,0.8,LIME
2024-05-29,SOXX,2,234.52838134765625,15.75,LIME,1,False,0.8,0.6,0.25,0.255624,0.204499,20449.9,False,30.6002,0,0.8,LIME
2024-05-29,PTF,3,60.2689094543457,14.75,LIME,1,False,0.8,0.55,0.16,0.163599,0.130879,13087.93,False,27.9885,0,0.8,LIME
2024-05-29,EWT,4,47.24944305419922,14.25,LIME,3,False,0.8,0.5,0.1,0.097137,0.07771,7770.96,False,17.0826,1,0.8,LIME
2024-05-29,SLV,5,29.170000076293945,12.25,LIME,1,True,1.0,,0.1,0.097137,0.097137,9713.7,False,32.7849,0,0.8,LIME
2024-05-29,INDA,6,52.89730453491211,14.0,LIME,2,False,0.8,0.5,0.08,0.06953,0.055624,5562.37,False,10.5809,2,0.8,LIME
2024-05-30,SMH,1,240.4527587890625,15.0,LIME,2,False,0.55,0.55,0.31,0.320911,0.176501,17650.1,False,30.6092,0,0.3,-
2024-05-30,TAN,2,48.75894165039063,14.0,GREEN,1,False,0.55,0.55,0.25,0.232919,0.128106,12810.56,False,38.6873,0,0.3,-
2024-05-30,SOXX,3,232.89956665039065,15.0,LIME,2,False,0.55,0.55,0.16,0.165631,0.091097,9109.73,False,30.2223,0,0.3,-
2024-05-30,EWT,4,47.36055755615234,12.5,LIME,2,False,0.35,0.35,0.1,0.098344,0.03442,3442.03,False,16.9958,1,0.3,-
2024-05-30,SLV,5,28.420000076293945,11.5,-,3,True,1.0,,0.1,0.10352,0.10352,10351.97,False,33.3773,0,0.3,-
2024-05-30,PTF,6,58.68288803100586,13.0,-,3,False,0.45,0.45,0.08,0.078675,0.035404,3540.37,False,28.4132,1,0.3,-
2024-05-31,TAN,1,48.04248428344727,14.0,GREEN,1,False,0.55,0.55,0.33,0.310264,0.170645,17064.51,False,38.5824,0,0.2,-
2024-05-31,SMH,2,238.6761779785156,13.75,LIME,2,False,0.45,0.45,0.27,0.282058,0.126926,12692.61,False,29.6629,0,0.2,-
2024-05-31,ICLN,3,14.461642265319824,13.25,GREEN,1,False,0.5,0.5,0.2,0.208932,0.104466,10446.59,False,23.0756,0,0.2,-
2024-05-31,SOXX,4,231.00425720214844,13.25,LIME,3,False,0.45,0.45,0.1,0.104466,0.04701,4700.97,False,29.103,0,0.2,-
2024-05-31,SLV,5,27.76000022888184,11.5,-,3,True,1.0,,0.1,0.09428,0.09428,9428.05,False,33.6942,1,0.2,-
2024-06-03,TAN,1,47.89322280883789,14.0,GREEN,1,False,0.55,0.55,0.35,0.326425,0.179534,17953.37,False,38.3904,0,0.3,-
2024-06-03,ICLN,2,14.56790828704834,13.25,GREEN,1,False,0.5,0.5,0.3,0.310881,0.15544,15544.04,False,22.8602,0,0.3,-
2024-06-03,SMH,3,241.6536865234375,12.0,LIME,2,False,0.35,0.35,0.25,0.259067,0.090674,9067.36,False,29.5995,0,0.3,-
2024-06-03,SOXX,4,231.3793487548828,11.0,LIME,3,False,0.3,0.3,0.1,0.103627,0.031088,3108.81,False,29.0446,0,0.3,-
2024-06-04,EWL,1,47.98720932006836,13.5,LIME,1,False,0.5,0.5,0.35,0.365535,0.182768,18276.76,False,12.6082,0,0.4,-
2024-06-04,XLC,2,81.9572982788086,13.0,LIME,1,False,0.5,0.5,0.3,0.313316,0.156658,15665.8,False,15.4395,0,0.4,-
2024-06-04,TAN,3,47.17676544189453,12.75,GREEN,2,False,0.4,0.35,0.25,0.221932,0.088773,8877.28,False,38.4779,0,0.4,-
2024-06-04,ICLN,4,14.432661056518556,12.75,GREEN,2,False,0.4,0.35,0.1,0.099217,0.039687,3968.67,False,22.9445,0,0.4,-
2024-06-05,XLC,1,82.95355224609375,16.0,LIME,1,False,0.85,0.6,0.33,0.340206,0.289175,28917.53,False,15.5947,0,0.85,LIME
2024-06-05,EWL,2,48.26604080200195,15.0,LIME,1,False,0.85,0.6,0.27,0.278351,0.236598,23659.79,False,12.5074,0,0.85,LIME
2024-06-05,ITA,3,135.5310516357422,14.0,-,1,False,0.85,0.55,0.2,0.206186,0.175258,17525.77,False,11.2431,0,0.85,LIME
2024-06-05,TAN,4,48.29125595092773,12.75,GREEN,1,False,0.85,0.4,0.1,0.087629,0.074485,7448.45,False,38.5168,0,0.85,LIME
2024-06-05,ICLN,5,14.548585891723633,12.75,GREEN,1,False,0.85,0.4,0.1,0.087629,0.074485,7448.45,False,22.8136,0,0.85,LIME
2024-06-06,XLC,1,83.00239562988281,16.0,LIME,1,False,0.85,0.6,0.33,0.340206,0.289175,28917.53,False,15.3008,0,0.85,LIME
2024-06-06,ITA,2,134.9884796142578,14.75,-,1,False,0.85,0.55,0.27,0.278351,0.236598,23659.79,False,11.2821,0,0.85,LIME
2024-06-06,EWL,3,48.67947769165039,15.25,LIME,1,False,0.85,0.6,0.2,0.206186,0.175258,17525.77,False,12.409,0,0.85,LIME
2024-06-06,ICLN,4,14.403679847717283,11.0,-,3,False,0.85,0.3,0.1,0.087629,0.074485,7448.45,False,22.7809,0,0.85,LIME
2024-06-06,TAN,5,47.27627182006836,11.0,GREEN,3,False,0.85,0.3,0.1,0.087629,0.074485,7448.45,False,38.5309,0,0.85,LIME
2024-06-07,XLC,1,82.4358901977539,16.0,LIME,1,False,0.85,0.6,0.35,0.351852,0.299074,29907.41,False,15.3745,0,0.85,LIME
2024-06-07,ITA,2,134.62350463867188,14.5,-,2,False,0.85,0.5,0.3,0.31746,0.269841,26984.13,False,11.2358,0,0.85,LIME
2024-06-07,SMH,3,250.31820678710932,14.25,LIME,1,False,0.85,0.55,0.25,0.224868,0.191138,19113.76,False,28.7,0,0.85,LIME
2024-06-07,EWL,4,48.27565383911133,15.0,LIME,1,False,0.85,0.6,0.1,0.10582,0.089947,8994.71,False,12.5019,0,0.85,LIME
2024-06-10,SMH,1,253.94081115722656,16.0,LIME,1,False,0.85,0.6,0.33,0.295108,0.250842,25084.17,False,28.5207,0,0.85,LIME
2024-06-10,XLC,2,82.64100646972656,16.0,LIME,1,False,0.85,0.6,0.27,0.284061,0.241452,24145.19,False,15.3658,0,0.85,LIME
2024-06-10,VUG,3,358.8663024902344,15.5,LIME,1,False,0.85,0.6,0.2,0.210416,0.178853,17885.32,False,14.9158,0,0.85,LIME
2024-06-10,ITA,4,134.3275604248047,13.25,-,2,False,0.85,0.45,0.1,0.105208,0.089427,8942.66,False,11.0469,0,0.85,LIME
2024-06-10,EWL,5,47.98720932006836,14.25,-,2,False,0.85,0.5,0.1,0.105208,0.089427,8942.66,False,12.5404,0,0.85,LIME
2024-06-11,SMH,1,253.56365966796875,16.0,LIME,1,False,0.85,0.6,0.33,0.296668,0.252168,25216.82,False,27.9077,0,0.85,LIME
2024-06-11,VUG,2,362.4526672363281,16.0,LIME,1,False,0.85,0.6,0.27,0.285563,0.242729,24272.87,False,14.64,0,0.85,LIME
2024-06-11,QQQ,3,462.9358520507813,16.0,LIME,1,False,0.85,0.6,0.2,0.211528,0.179799,17979.9,False,14.6158,0,0.85,LIME
2024-06-11,XLC,4,82.79727935791016,15.75,LIME,1,False,0.85,0.6,0.1,0.105764,0.0899,8989.95,False,15.2866,0,0.85,LIME
2024-06-11,EWL,5,47.59168243408203,12.25,-,3,False,0.85,0.35,0.1,0.100476,0.085405,8540.45,False,12.6174,1,0.85,LIME
2024-06-12,SMH,1,261.1165771484375,16.0,LIME,1,False,0.85,0.6,0.33,0.308242,0.262005,26200.55,False,28.0981,0,0.85,LIME
2024-06-12,SOXX,2,247.330810546875,16.0,LIME,1,False,0.85,0.6,0.27,0.252198,0.214368,21436.81,False,27.4879,0,0.85,LIME
2024-06-12,VUG,3,367.3468017578125,16.0,LIME,1,False,0.85,0.6,0.2,0.21978,0.186813,18681.32,False,14.8004,0,0.85,LIME
2024-06-12,QQQ,4,468.9992980957031,16.0,LIME,1,False,0.85,0.6,0.1,0.10989,0.093407,9340.66,False,14.7096,0,0.85,LIME
2024-06-12,XLC,5,82.62146759033203,14.0,LIME,2,False,0.85,0.5,0.1,0.10989,0.093407,9340.66,False,15.2983,0,0.85,LIME
2024-06-13,SMH,1,265.2056579589844,16.0,LIME,1,False,0.85,0.6,0.31,0.287664,0.244514,24451.42,False,27.8967,0,0.85,LIME
2024-06-13,SOXX,2,250.019287109375,16.0,LIME,1,False,0.85,0.6,0.25,0.231987,0.197189,19718.89,False,27.2696,0,0.85,LIME
2024-06-13,XLK,3,111.9858169555664,16.0,LIME,1,False,0.85,0.6,0.16,0.174672,0.148472,14847.16,False,17.9791,0,0.85,LIME
2024-06-13,QQQ,4,471.5413513183594,16.0,LIME,1,False,0.85,0.6,0.1,0.10917,0.092795,9279.48,False,14.7128,0,0.85,LIME
2024-06-13,VUG,5,367.7727661132813,16.0,LIME,1,False,0.85,0.6,0.1,0.10917,0.092795,9279.48,False,14.7991,0,0.85,LIME
2024-06-13,XLC,6,81.90845489501953,11.75,LIME,3,False,0.85,0.3,0.08,0.087336,0.074236,7423.58,False,15.4039,0,0.85,LIME
2024-06-14,SMH,1,265.880615234375,16.0,LIME,1,False,0.85,0.6,0.33,0.308242,0.262005,26200.55,False,27.8129,0,0.85,LIME
2024-06-14,SOXX,2,249.11981201171875,16.0,LIME,1,False,0.85,0.6,0.27,0.252198,0.214368,21436.81,False,27.2281,0,0.85,LIME
2024-06-14,XLK,3,112.4054718017578,16.0,LIME,1,False,0.85,0.6,0.2,0.21978,0.186813,18681.32,False,17.6688,0,0.85,LIME
2024-06-14,QQQ,4,473.9845275878906,16.0,LIME,1,False,0.85,0.6,0.1,0.10989,0.093407,9340.66,False,14.482,0,0.85,LIME
2024-06-14,VUG,5,369.04095458984375,16.0,LIME,1,False,0.85,0.6,0.1,0.10989,0.093407,9340.66,False,14.563,0,0.85,LIME
2024-06-17,SMH,1,270.4361572265625,16.0,LIME,1,False,0.85,0.6,0.31,0.287664,0.244514,24451.42,False,27.9455,0,0.85,LIME
2024-06-17,SOXX,2,253.05372619628903,16.0,LIME,1,False,0.85,0.6,0.25,0.231987,0.197189,19718.89,False,27.3501,0,0.85,LIME
2024-06-17,EWT,3,49.73089218139648,16.0,-,1,False,0.85,0.6,0.16,0.174672,0.148472,14847.16,False,17.6239,0,0.85,LIME
2024-06-17,XLK,4,114.10881042480467,16.0,LIME,1,False,0.85,0.6,0.1,0.10917,0.092795,9279.48,False,17.862,0,0.85,LIME
2024-06-17,QQQ,5,479.7907409667969,16.0,LIME,1,False,0.85,0.6,0.1,0.10917,0.092795,9279.48,False,14.5522,0,0.85,LIME
2024-06-17,VUG,6,372.0626220703125,16.0,LIME,1,False,0.85,0.6,0.08,0.087336,0.074236,7423.58,False,14.5442,0,0.85,LIME
2024-06-18,SMH,1,274.6840515136719,16.0,LIME,1,False,0.85,0.6,0.31,0.287664,0.244514,24451.42,False,28.0218,0,0.85,LIME
2024-06-18,SOXX,2,256.27593994140625,16.0,LIME,1,False,0.85,0.6,0.25,0.231987,0.197189,19718.89,False,27.3287,0,0.85,LIME
2024-06-18,EWT,3,50.40681457519531,16.0,LIME,1,False,0.85,0.6,0.16,0.174672,0.148472,14847.16,False,17.7629,0,0.85,LIME
2024-06-18,XLK,4,114.2519989013672,16.0,LIME,1,False,0.85,0.6,0.1,0.10917,0.092795,9279.48,False,17.8496,0,0.85,LIME
2024-06-18,QQQ,5,479.9391174316406,16.0,LIME,1,False,0.85,0.6,0.1,0.10917,0.092795,9279.48,False,14.5538,0,0.85,LIME
2024-06-18,VUG,6,372.7560424804688,16.0,LIME,1,False,0.85,0.6,0.08,0.087336,0.074236,7423.58,False,14.5202,0,0.85,LIME
2024-06-20,EWT,1,50.80495834350586,16.0,LIME,1,False,0.8,0.6,0.31,0.322581,0.258065,25806.45,False,17.7983,0,0.8,LIME
2024-06-20,SPY,2,534.0039672851562,16.0,LIME,1,False,0.8,0.6,0.25,0.260146,0.208117,20811.65,False,10.5716,0,0.8,LIME
2024-06-20,SMH,3,266.9028625488281,15.0,LIME,2,False,0.8,0.55,0.16,0.141519,0.113215,11321.54,False,28.643,0,0.8,LIME
2024-06-20,SOXX,4,249.31753540039065,15.0,LIME,2,False,0.8,0.55,0.1,0.08845,0.07076,7075.96,False,27.8328,0,0.8,LIME
2024-06-20,XLK,5,112.96832275390624,15.0,LIME,2,False,0.8,0.55,0.1,0.104058,0.083247,8324.66,False,17.9337,0,0.8,LIME
2024-06-20,VUG,6,370.2792663574219,15.0,LIME,2,False,0.8,0.55,0.08,0.083247,0.066597,6659.73,False,14.5028,0,0.8,LIME
2024-06-21,EWT,1,50.58273696899414,16.0,LIME,1,False,0.8,0.6,0.31,0.305466,0.244373,24437.3,False,17.8339,0,0.8,LIME
2024-06-21,VIG,2,178.4859619140625,16.0,LIME,1,False,0.8,0.6,0.25,0.259309,0.207447,20744.74,False,9.5122,0,0.8,LIME
2024-06-21,SPY,3,533.2879638671875,15.0,LIME,2,False,0.8,0.55,0.16,0.165958,0.132766,13276.63,False,10.5679,0,0.8,LIME
2024-06-21,XLK,4,112.77082061767578,14.0,LIME,2,False,0.8,0.5,0.1,0.098537,0.07883,7883.0,False,17.9445,0,0.8,LIME
2024-06-21,VUG,5,369.9226379394531,14.0,LIME,2,False,0.8,0.5,0.1,0.103724,0.082979,8297.89,False,14.5052,0,0.8,LIME
2024-06-21,SMH,6,262.9031066894531,13.5,LIME,2,False,0.8,0.45,0.08,0.067005,0.053604,5360.44,False,28.5955,1,0.8,LIME
2024-06-24,EWT,1,49.86052322387695,15.0,LIME,2,False,0.6,0.55,0.31,0.313265,0.187959,18795.87,False,18.1199,0,0.6,LIME
2024-06-24,VIG,2,178.9882354736328,16.0,LIME,1,False,0.6,0.6,0.25,0.265929,0.159557,15955.75,False,9.4604,0,0.6,LIME
2024-06-24,EZA,3,39.17655563354492,14.5,LIME,1,False,0.6,0.55,0.16,0.144665,0.086799,8679.93,False,24.8882,0,0.6,LIME
2024-06-24,SPY,4,531.5545654296875,13.75,LIME,2,False,0.6,0.45,0.1,0.106372,0.063823,6382.3,False,10.5851,0,0.6,LIME
2024-06-24,VUG,5,366.3065490722656,11.75,LIME,3,False,0.6,0.3,0.1,0.101053,0.060632,6063.18,False,14.6719,1,0.6,LIME
2024-06-24,XLK,6,110.00608825683594,11.75,LIME,3,False,0.6,0.3,0.08,0.068716,0.04123,4122.97,False,18.6784,2,0.6,LIME
2024-06-25,EZA,1,38.49956130981445,14.25,LIME,2,False,0.8,0.5,0.31,0.284711,0.227769,22776.88,False,25.2038,0,0.8,LIME
2024-06-25,HYG,2,69.54983520507812,15.25,LIME,1,True,1.0,,0.25,0.270124,0.270124,27012.43,False,5.0064,0,0.8,LIME
2024-06-25,EWT,3,50.01792907714844,13.75,LIME,2,False,0.8,0.45,0.16,0.146948,0.117558,11755.81,False,18.1168,0,0.8,LIME
2024-06-25,VIG,4,177.82908630371094,14.5,LIME,2,False,0.8,0.5,0.1,0.10805,0.08644,8643.98,False,9.4809,0,0.8,LIME
2024-06-25,SPY,5,533.6013793945312,13.0,LIME,1,False,0.8,0.5,0.1,0.10805,0.08644,8643.98,False,10.5794,0,0.8,LIME
2024-06-25,VUG,6,371.3691101074219,11.0,LIME,1,False,0.8,0.35,0.08,0.082118,0.065694,6569.42,False,14.8632,0,0.8,LIME
2024-06-26,XLC,1,84.18157958984375,14.25,LIME,1,False,0.55,0.55,0.31,0.324709,0.17859,17859.01,False,14.824,0,0.4,-
2024-06-26,EZA,2,38.624271392822266,13.25,LIME,2,False,0.45,0.45,0.25,0.222583,0.100162,10016.24,False,25.2045,0,0.4,-
2024-06-26,HYG,3,69.3971176147461,14.0,-,3,True,1.0,,0.16,0.167592,0.167592,16759.19,False,5.0221,0,0.4,-
2024-06-26,VUG,4,372.97406005859375,12.0,LIME,1,False,0.4,0.4,0.1,0.104745,0.041898,4189.8,False,14.854,0,0.4,-
2024-06-26,SPY,5,534.2673950195312,12.25,LIME,1,False,0.4,0.4,0.1,0.104745,0.041898,4189.8,False,10.5658,0,0.4,-
2024-06-26,EWT,6,49.638301849365234,11.5,LIME,3,False,0.4,0.3,0.08,0.075626,0.03025,3025.03,False,18.0994,1,0.4,-
2024-06-27,XLC,1,84.66144561767578,16.0,LIME,1,False,0.6,0.6,0.31,0.323001,0.1938,19380.05,False,14.8306,0,0.4,-
2024-06-27,INDA,2,55.39920425415039,13.25,LIME,1,False,0.5,0.5,0.25,0.24746,0.12373,12373.01,False,18.0146,0,0.4,-
2024-06-27,VUG,3,374.0611267089844,13.0,LIME,1,False,0.5,0.5,0.16,0.16671,0.083355,8335.5,False,14.8562,0,0.4,-
2024-06-27,SPY,4,535.1096801757812,13.0,LIME,1,False,0.5,0.5,0.1,0.104194,0.052097,5209.69,False,10.4556,0,0.4,-
2024-06-27,EZA,5,37.590965270996094,11.0,-,3,False,0.4,0.3,0.1,0.07528,0.030112,3011.2,False,25.7249,2,0.4,-
2024-06-27,HYG,6,69.47795104980469,12.0,-,2,True,1.0,,0.08,0.083355,0.083355,8335.5,False,4.9186,0,0.4,-
2024-06-28,XLC,1,83.88780212402344,15.0,LIME,2,False,0.55,0.55,0.35,0.35443,0.194937,19493.67,False,14.9597,0,0.3,-
2024-06-28,VUG,2,370.98626708984375,14.25,-,2,False,0.5,0.5,0.3,0.303797,0.151899,15189.87,False,14.9627,0,0.3,-
2024-06-28,INDA,3,55.37934494018555,14.0,LIME,1,False,0.55,0.55,0.25,0.240506,0.132278,13227.85,False,17.9382,0,0.3,-
2024-06-28,SPY,4,533.0039672851562,12.0,LIME,3,False,0.35,0.35,0.1,0.101266,0.035443,3544.3,False,10.4962,0,0.3,-
2024-07-01,VUG,1,373.6544799804688,15.0,-,1,False,0.6,0.6,0.35,0.35533,0.213198,21319.8,False,15.0056,0,0.4,-
2024-07-01,INDA,2,55.77647399902344,14.75,LIME,1,False,0.55,0.55,0.3,0.28934,0.159137,15913.71,False,17.9638,0,0.4,-
2024-07-01,XLC,3,83.53524780273438,14.0,-,2,False,0.5,0.5,0.25,0.253807,0.126904,12690.36,False,14.9271,0,0.4,-
2024-07-01,SPY,4,534.1010131835938,12.5,LIME,1,False,0.4,0.4,0.1,0.101523,0.040609,4060.91,False,10.4877,0,0.4,-
2024-07-02,INDA,1,55.766544342041016,16.0,LIME,1,False,0.6,0.6,0.33,0.328789,0.197273,19727.32,False,17.9667,0,0.4,-
2024-07-02,VUG,2,376.8782043457031,15.0,-,1,False,0.6,0.6,0.27,0.283167,0.1699,16990.04,False,14.9715,0,0.4,-
2024-07-02,PTF,3,62.34370803833008,14.25,LIME,1,False,0.55,0.55,0.2,0.178291,0.09806,9805.98,False,25.6357,0,0.4,-
2024-07-02,XLC,4,84.27951049804688,13.75,-,1,False,0.5,0.5,0.1,0.104877,0.052438,5243.84,False,15.0105,0,0.4,-
2024-07-02,SPY,5,537.6952514648438,13.25,LIME,1,False,0.5,0.5,0.1,0.104877,0.052438,5243.84,False,10.4532,0,0.4,-
2024-07-03,INDA,1,56.00482177734375,16.0,LIME,1,False,0.6,0.6,0.33,0.328789,0.197273,19727.32,False,17.9753,0,0.4,-
2024-07-03,VUG,2,379.6753845214844,15.0,-,1,False,0.6,0.6,0.27,0.283167,0.1699,16990.04,False,15.0145,0,0.4,-
2024-07-03,PTF,3,63.21153259277344,15.0,LIME,1,False,0.6,0.6,0.2,0.178291,0.106974,10697.43,False,25.7155,0,0.4,-
2024-07-03,SPY,4,540.0949096679688,13.5,LIME,1,False,0.5,0.5,0.1,0.104877,0.052438,5243.84,False,10.4765,0,0.4,-
2024-07-03,XLC,5,84.30888366699219,13.5,-,1,False,0.5,0.5,0.1,0.104877,0.052438,5243.84,False,14.9414,0,0.4,-
2024-07-05,VUG,1,384.228271484375,16.0,-,1,False,0.6,0.6,0.33,0.345008,0.207005,20700.47,False,14.8,0,0.4,-
2024-07-05,INDA,2,56.253028869628906,16.0,LIME,1,False,0.6,0.6,0.27,0.268165,0.160899,16089.91,False,17.97,0,0.4,-
2024-07-05,PTF,3,63.80005645751953,15.75,LIME,1,False,0.6,0.6,0.2,0.177731,0.106639,10663.88,False,25.4511,0,0.4,-
2024-07-05,SPY,4,543.209228515625,15.75,LIME,1,False,0.6,0.6,0.1,0.104548,0.062729,6272.87,False,10.1661,0,0.4,-
2024-07-05,XLC,5,85.9443588256836,14.5,LIME,1,False,0.55,0.55,0.1,0.104548,0.057501,5750.13,False,15.117,0,0.4,-
2024-07-08,VUG,1,384.2679748535156,16.0,-,1,False,0.6,0.6,0.31,0.32376,0.194256,19425.59,False,14.5832,0,0.4,-
2024-07-08,PTF,2,64.1192626953125,16.0,LIME,1,False,0.6,0.6,0.25,0.221932,0.133159,13315.93,False,25.2461,0,0.4,-
2024-07-08,QQQ,3,492.7192077636719,16.0,-,1,False,0.6,0.6,0.16,0.167102,0.100261,10026.11,False,14.489,0,0.4,-
2024-07-08,INDA,4,56.223243713378906,16.0,LIME,1,False,0.6,0.6,0.1,0.099217,0.05953,5953.0,False,17.9152,0,0.4,-
2024-07-08,SPY,5,543.8361206054688,16.0,LIME,1,False,0.6,0.6,0.1,0.104439,0.062663,6266.32,False,9.995,0,0.4,-
2024-07-08,XLC,6,85.17069244384766,15.5,LIME,1,False,0.6,0.6,0.08,0.083551,0.050131,5013.05,False,15.1425,0,0.4,-
2024-07-09,XLK,1,115.87188720703124,16.0,-,1,False,0.6,0.6,0.31,0.308216,0.184929,18492.94,False,18.5234,0,0.4,-
2024-07-09,VUG,2,385.1904602050781,16.0,-,1,False,0.6,0.6,0.25,0.261643,0.156986,15698.59,False,14.5777,0,0.4,-
2024-07-09,PTF,3,63.879859924316406,16.0,LIME,1,False,0.6,0.6,0.16,0.142334,0.0854,8540.03,False,25.2719,0,0.4,-
2024-07-09,QQQ,4,493.1452026367188,16.0,-,1,False,0.6,0.6,0.1,0.104657,0.062794,6279.43,False,14.4868,0,0.4,-
2024-07-09,INDA,5,56.4416618347168,16.0,LIME,1,False,0.6,0.6,0.1,0.099424,0.059655,5965.46,False,17.8876,0,0.4,-
2024-07-09,SPY,6,544.364990234375,16.0,LIME,1,False,0.6,0.6,0.08,0.083726,0.050235,5023.55,False,9.9943,0,0.4,-
2024-07-10,EWT,1,52.66604995727539,16.0,LIME,1,False,0.6,0.6,0.31,0.307732,0.184639,18463.95,False,18.3535,0,0.4,-
2024-07-10,XLK,2,117.5534896850586,16.0,-,1,False,0.6,0.6,0.25,0.248171,0.148903,14890.28,False,18.6803,0,0.4,-
2024-07-10,VUG,3,388.7712707519531,16.0,-,1,False,0.6,0.6,0.16,0.167189,0.100313,10031.35,False,14.644,0,0.4,-
2024-07-10,QQQ,4,498.28704833984375,16.0,-,1,False,0.6,0.6,0.1,0.104493,0.062696,6269.59,False,14.5809,0,0.4,-
2024-07-10,PTF,5,64.24893951416016,16.0,LIME,1,False,0.6,0.6,0.1,0.088819,0.053292,5329.15,False,25.2134,0,0.4,-
2024-07-10,SPY,6,549.7515258789062,16.0,LIME,1,False,0.6,0.6,0.08,0.083595,0.050157,5015.67,False,10.1456,0,0.4,-
2024-07-11,EWT,1,52.62901306152344,16.0,LIME,1,False,0.6,0.6,0.31,0.329612,0.197767,19776.71,False,18.1723,0,0.3,-
2024-07-11,EZA,2,39.85354995727539,16.0,LIME,1,False,0.6,0.6,0.25,0.225944,0.135566,13556.62,False,26.145,0,0.3,-
2024-07-11,EWS,3,18.85939598083496,15.75,LIME,1,False,0.6,0.6,0.16,0.170122,0.102073,10207.34,False,13.4842,0,0.3,-
2024-07-11,VUG,4,380.6474914550781,15.0,-,2,False,0.55,0.55,0.1,0.10101,0.055556,5555.56,False,15.2768,1,0.3,-
2024-07-11,QQQ,5,487.3595275878906,15.0,-,2,False,0.55,0.55,0.1,0.10101,0.055556,5555.56,False,15.2055,1,0.3,-
2024-07-11,PTF,6,63.20155715942383,14.5,LIME,2,False,0.5,0.5,0.08,0.072302,0.036151,3615.1,False,25.3146,0,0.3,-
2024-07-12,EWT,1,52.60123443603516,16.0,LIME,1,False,0.6,0.6,0.31,0.327177,0.196306,19630.61,False,18.18,0,0.4,-
2024-07-12,EZA,2,40.17422866821289,16.0,LIME,1,False,0.6,0.6,0.25,0.224274,0.134565,13456.46,False,26.0628,0,0.4,-
2024-07-12,EWS,3,18.878076553344727,15.75,LIME,1,False,0.6,0.6,0.16,0.168865,0.101319,10131.93,False,13.4815,0,0.4,-
2024-07-12,PTF,4,64.1591567993164,14.5,LIME,1,False,0.55,0.55,0.1,0.08971,0.04934,4934.04,False,25.1518,0,0.4,-
2024-07-12,VUG,5,382.9586181640625,13.5,-,2,False,0.45,0.45,0.1,0.105541,0.047493,4749.34,False,15.0509,0,0.4,-
2024-07-12,QQQ,6,490.2226867675781,13.5,-,2,False,0.45,0.45,0.08,0.084433,0.037995,3799.47,False,14.958,0,0.4,-
2024-07-15,EWS,1,18.73796272277832,16.0,LIME,1,False,0.6,0.6,0.31,0.320662,0.192397,19239.72,False,12.7643,0,0.4,-
2024-07-15,EWA,2,24.32196044921875,16.0,LIME,1,False,0.6,0.6,0.25,0.258598,0.155159,15515.9,False,15.2504,0,0.4,-
2024-07-15,INDA,3,56.74943542480469,16.0,LIME,1,False,0.6,0.6,0.16,0.165503,0.099302,9930.18,False,17.6308,0,0.4,-
2024-07-15,EZA,4,39.50614547729492,15.0,LIME,2,False,0.55,0.55,0.1,0.083527,0.04594,4594.0,False,25.672,1,0.4,-
2024-07-15,PTF,5,64.83745574951172,14.5,LIME,1,False,0.55,0.55,0.1,0.093095,0.051202,5120.25,False,24.2774,0,0.4,-
2024-07-15,EWT,6,51.73086929321289,14.25,-,2,False,0.5,0.5,0.08,0.078614,0.039307,3930.7,False,18.0567,1,0.4,-
2024-07-16,IWM,1,220.29986572265625,16.0,LIME,1,False,0.6,0.6,0.31,0.314402,0.188641,18864.1,False,17.4508,0,0.4,-
2024-07-16,IBB,2,147.17422485351562,15.25,LIME,1,False,0.6,0.6,0.25,0.25355,0.15213,15212.98,False,15.414,0,0.4,-
2024-07-16,TUR,3,42.37389373779297,15.25,LIME,1,False,0.6,0.6,0.16,0.162272,0.097363,9736.31,False,20.8651,0,0.4,-
2024-07-16,EZA,4,40.14750671386719,15.0,LIME,1,False,0.6,0.6,0.1,0.091278,0.054767,5476.67,False,25.5562,0,0.4,-
2024-07-16,INDA,5,56.947998046875,16.0,LIME,1,False,0.6,0.6,0.1,0.10142,0.060852,6085.19,False,17.5257,0,0.4,-
2024-07-16,PTF,6,65.50578308105469,14.5,LIME,1,False,0.55,0.55,0.08,0.077079,0.042394,4239.35,False,23.5926,0,0.4,-
2024-07-17,IWM,1,217.994857788086,16.0,LIME,1,False,0.24,0.24,0.31,0.324302,0.077832,7783.24,False,17.5972,0,0.1,PURPLE
2024-07-17,IBB,2,145.62217712402344,15.5,LIME,1,False,0.24,0.24,0.25,0.261534,0.062768,6276.81,False,15.5223,0,0.1,PURPLE
2024-07-17,TUR,3,42.28650665283203,15.5,LIME,1,False,0.24,0.24,0.16,0.167382,0.040172,4017.16,False,20.6965,0,0.1,PURPLE
2024-07-17,INDA,4,56.67993927001953,15.0,LIME,2,False,0.22,0.22,0.1,0.104613,0.023015,2301.5,False,17.5569,0,0.1,PURPLE
2024-07-17,EZA,5,39.14091873168945,12.75,-,3,False,0.2,0.2,0.1,0.089445,0.017889,1788.89,False,25.8756,1,0.1,PURPLE
2024-07-17,PTF,6,61.5556869506836,11.75,PURPLE,4,False,0.2,0.2,0.08,0.052725,0.010545,1054.5,False,26.7592,3,0.1,PURPLE
2024-07-18,XLRE,1,38.265281677246094,15.0,LIME,1,False,0.24,0.24,0.31,0.311558,0.074774,7477.39,False,14.2296,0,0.1,PURPLE
2024-07-18,VNQ,2,83.16619110107422,15.0,LIME,1,False,0.24,0.24,0.25,0.251256,0.060302,6030.15,False,13.9305,0,0.1,PURPLE
2024-07-18,IBB,3,143.3837127685547,14.75,LIME,2,False,0.2,0.2,0.16,0.160804,0.032161,3216.08,False,15.7753,0,0.1,PURPLE
2024-07-18,IWM,4,213.77716064453125,15.0,LIME,2,False,0.22,0.22,0.1,0.100503,0.022111,2211.06,False,17.9402,0,0.1,PURPLE
2024-07-18,TUR,5,42.14086151123047,14.75,LIME,2,False,0.2,0.2,0.1,0.095477,0.019095,1909.55,False,20.6677,0,0.1,PURPLE
2024-07-18,INDA,6,56.73950958251953,14.0,LIME,2,False,0.2,0.2,0.08,0.080402,0.01608,1608.04,False,17.5243,0,0.1,PURPLE
2024-07-19,TUR,1,42.46128082275391,15.0,LIME,1,False,0.24,0.24,0.33,0.308732,0.074096,7409.56,False,20.6831,0,0.1,PURPLE
2024-07-19,XLRE,2,38.218109130859375,14.25,LIME,2,False,0.2,0.2,0.27,0.280665,0.056133,5613.31,False,14.2411,0,0.1,PURPLE
2024-07-19,VNQ,3,83.01660919189453,14.25,LIME,2,False,0.2,0.2,0.2,0.2079,0.04158,4158.0,False,13.9475,0,0.1,PURPLE
2024-07-19,IWM,4,212.6884155273437,13.75,LIME,2,False,0.2,0.2,0.1,0.098753,0.019751,1975.05,False,17.9881,0,0.1,PURPLE
2024-07-19,IBB,5,143.2842254638672,13.25,LIME,2,False,0.2,0.2,0.1,0.10395,0.02079,2079.0,False,15.5939,0,0.1,PURPLE
2024-07-22,TUR,1,42.76228713989258,15.0,LIME,1,False,0.24,0.24,0.33,0.308732,0.074096,7409.56,False,20.5852,0,0.1,PURPLE
2024-07-22,XLRE,2,38.59547805786133,14.5,LIME,1,False,0.22,0.22,0.27,0.280665,0.061746,6174.64,False,14.3201,0,0.1,PURPLE
2024-07-22,VNQ,3,83.87677764892578,14.25,LIME,1,False,0.22,0.22,0.2,0.2079,0.045738,4573.8,False,14.034,0,0.1,PURPLE
2024-07-22,IBB,4,145.4928741455078,13.0,LIME,1,False,0.2,0.2,0.1,0.10395,0.02079,2079.0,False,15.8068,0,0.1,PURPLE
2024-07-22,IWM,5,216.07237243652344,12.5,LIME,2,False,0.2,0.2,0.1,0.098753,0.019751,1975.05,False,18.2024,0,0.1,PURPLE
2024-07-23,TUR,1,42.43215560913086,15.0,LIME,1,False,0.24,0.24,0.33,0.308732,0.074096,7409.56,False,20.6869,0,0.1,PURPLE
2024-07-23,XLRE,2,38.529441833496094,14.75,LIME,1,False,0.22,0.22,0.27,0.280665,0.061746,6174.64,False,14.2929,0,0.1,PURPLE
2024-07-23,VNQ,3,83.81133270263672,14.25,LIME,1,False,0.22,0.22,0.2,0.2079,0.045738,4573.8,False,13.9819,0,0.1,PURPLE
2024-07-23,IBB,4,144.60745239257812,12.25,LIME,1,False,0.2,0.2,0.1,0.10395,0.02079,2079.0,False,15.8029,0,0.1,PURPLE
2024-07-23,IWM,5,218.3675537109375,11.75,LIME,1,False,0.2,0.2,0.1,0.098753,0.019751,1975.05,False,18.1915,0,0.1,PURPLE
2024-07-24,TUR,1,41.86898040771485,14.0,-,3,False,0.2,0.2,0.35,0.315249,0.06305,6304.98,False,20.9181,1,0.1,PURPLE
2024-07-24,XLRE,2,38.00112915039063,13.0,LIME,3,False,0.2,0.2,0.3,0.316039,0.063208,6320.78,False,14.5658,0,0.1,PURPLE
2024-07-24,VNQ,3,82.57715606689453,12.25,LIME,3,False,0.2,0.2,0.25,0.263366,0.052673,5267.32,False,14.3042,0,0.1,PURPLE
2024-07-24,IBB,4,144.9058837890625,12.0,LIME,1,False,0.2,0.2,0.1,0.105346,0.021069,2106.93,False,15.5859,0,0.1,PURPLE
2024-07-25,ITA,1,137.9351043701172,14.25,LIME,1,False,0.22,0.22,0.33,0.335025,0.073706,7370.56,False,15.2066,0,0.1,PURPLE
2024-07-25,IBB,2,146.2788543701172,13.0,LIME,1,False,0.2,0.2,0.27,0.274112,0.054822,5482.23,False,15.6319,0,0.1,PURPLE
2024-07-25,IJR,3,112.12406158447266,12.5,LIME,1,False,0.2,0.2,0.2,0.192893,0.038579,3857.87,False,17.3939,0,0.1,PURPLE
2024-07-25,XLRE,4,37.793575286865234,11.75,LIME,3,False,0.2,0.2,0.1,0.096447,0.019289,1928.93,False,14.6307,1,0.1,PURPLE
2024-07-25,VNQ,5,82.3060302734375,11.0,LIME,3,False,0.2,0.2,0.1,0.101523,0.020305,2030.46,False,14.3391,0,0.1,PURPLE
2024-07-26,ITA,1,139.2994384765625,15.0,LIME,1,False,0.24,0.24,0.31,0.311558,0.074774,7477.39,False,15.2939,0,0.1,PURPLE
2024-07-26,IBB,2,147.50254821777344,13.25,LIME,1,False,0.2,0.2,0.25,0.251256,0.050251,5025.13,False,15.2101,0,0.1,PURPLE
2024-07-26,XLV,3,145.56019592285156,13.5,LIME,1,False,0.2,0.2,0.16,0.160804,0.032161,3216.08,False,9.9335,0,0.1,PURPLE
2024-07-26,IJR,4,114.2194595336914,12.75,LIME,1,False,0.2,0.2,0.1,0.095477,0.019095,1909.55,False,17.6159,0,0.1,PURPLE
2024-07-26,XLRE,5,38.425662994384766,11.5,LIME,1,False,0.2,0.2,0.1,0.100503,0.020101,2010.05,False,14.8597,0,0.1,PURPLE
2024-07-26,VNQ,6,83.74588012695312,11.0,LIME,1,False,0.2,0.2,0.08,0.080402,0.01608,1608.04,False,14.6042,0,0.1,PURPLE
2024-07-29,ITA,1,139.14125061035156,15.5,LIME,1,False,0.24,0.24,0.33,0.333333,0.08,8000.0,False,15.2937,0,0.1,PURPLE
2024-07-29,IBB,2,147.15435791015625,14.0,LIME,1,False,0.22,0.22,0.27,0.272727,0.06,6000.0,False,15.2224,0,0.1,PURPLE
2024-07-29,IJR,3,113.49187469482422,13.5,LIME,1,False,0.2,0.2,0.2,0.191919,0.038384,3838.38,False,17.6565,0,0.1,PURPLE
2024-07-29,XLV,4,145.64756774902344,14.0,LIME,1,False,0.22,0.22,0.1,0.10101,0.022222,2222.22,False,9.9325,0,0.1,PURPLE
2024-07-29,XLRE,5,38.67095565795898,11.0,LIME,1,False,0.2,0.2,0.1,0.10101,0.020202,2020.2,False,14.8837,0,0.1,PURPLE
2024-07-30,IJR,1,114.13216400146484,15.75,LIME,1,False,0.24,0.24,0.33,0.31876,0.076502,7650.23,False,17.6397,0,0.1,PURPLE
2024-07-30,ITA,2,140.02113342285156,16.0,LIME,1,False,0.24,0.24,0.27,0.27453,0.065887,6588.71,False,15.1652,0,0.1,PURPLE
2024-07-30,IBB,3,147.12451171875,14.25,LIME,1,False,0.22,0.22,0.2,0.203355,0.044738,4473.82,False,15.0232,0,0.1,PURPLE
2024-07-30,XLV,4,145.7737274169922,15.0,LIME,1,False,0.24,0.24,0.1,0.101678,0.024403,2440.26,False,9.9229,0,0.1,PURPLE
2024-07-30,XLRE,5,38.953983306884766,12.5,LIME,1,False,0.2,0.2,0.1,0.101678,0.020336,2033.55,False,14.8058,0,0.1,PURPLE
2024-07-31,IJR,1,114.80152130126952,16.0,LIME,1,False,0.24,0.24,0.31,0.299137,0.071793,7179.28,False,17.1479,0,0.1,PURPLE
2024-07-31,ITA,2,141.5535430908203,16.0,LIME,1,False,0.24,0.24,0.25,0.253936,0.060945,6094.46,False,15.1166,0,0.1,PURPLE
2024-07-31,VNQ,3,84.53125762939453,14.75,LIME,1,False,0.22,0.22,0.16,0.162519,0.035754,3575.42,False,14.0968,0,0.1,PURPLE
2024-07-31,XLRE,4,38.859642028808594,14.75,LIME,1,False,0.22,0.22,0.1,0.101574,0.022346,2234.64,False,14.2426,0,0.1,PURPLE
2024-07-31,IBB,5,147.2140350341797,14.75,LIME,1,False,0.22,0.22,0.1,0.101574,0.022346,2234.64,False,14.7722,0,0.1,PURPLE
2024-07-31,XLV,6,145.23988342285156,12.5,-,2,False,0.2,0.2,0.08,0.08126,0.016252,1625.19,False,9.9628,0,0.1,PURPLE
2024-08-01,XLRE,1,39.46343612670898,15.0,LIME,1,False,0.24,0.24,0.31,0.313131,0.075152,7515.15,False,14.483,0,0.1,PURPLE
2024-08-01,VNQ,2,85.38209533691406,15.0,LIME,1,False,0.24,0.24,0.25,0.252525,0.060606,6060.61,False,14.1773,0,0.1,PURPLE
2024-08-01,EWL,3,49.171852111816406,14.5,LIME,1,False,0.22,0.22,0.16,0.161616,0.035556,3555.56,False,12.1038,0,0.1,PURPLE
2024-08-01,ITA,4,139.87283325195312,15.0,LIME,2,False,0.22,0.22,0.1,0.10101,0.022222,2222.22,False,15.3556,0,0.1,PURPLE
2024-08-01,IJR,5,111.5807876586914,14.0,-,3,False,0.2,0.2,0.1,0.090909,0.018182,1818.18,False,18.175,0,0.1,PURPLE
2024-08-01,IBB,6,146.34849548339844,13.5,LIME,2,False,0.2,0.2,0.08,0.080808,0.016162,1616.16,False,14.4148,0,0.1,PURPLE
2024-08-02,XLRE,1,39.49173355102539,15.5,LIME,1,False,0.24,0.24,0.33,0.333249,0.07998,7997.98,False,14.2843,0,0.1,PURPLE
2024-08-02,VNQ,2,85.33534240722656,15.5,LIME,1,False,0.24,0.24,0.27,0.272658,0.065438,6543.8,False,13.9891,0,0.1,PURPLE
2024-08-02,AGG,3,94.0517578125,16.0,LIME,1,False,0.24,0.24,0.2,0.201969,0.048473,4847.26,False,5.6649,0,0.1,PURPLE
2024-08-02,EWL,4,49.0835189819336,14.25,LIME,2,False,0.2,0.2,0.1,0.100985,0.020197,2019.69,False,12.023,0,0.1,PURPLE
2024-08-02,ITA,5,135.63157653808594,13.0,-,3,False,0.2,0.2,0.1,0.091139,0.018228,1822.77,False,16.3679,1,0.1,PURPLE
2024-08-05,IEF,1,91.8341064453125,16.0,LIME,1,False,0.24,0.24,0.33,0.343214,0.082371,8237.13,False,6.9757,0,0.1,PURPLE
2024-08-05,AGG,2,93.97674560546876,16.0,LIME,1,False,0.24,0.24,0.27,0.280811,0.067395,6739.47,False,5.6093,0,0.1,PURPLE
2024-08-05,BND,3,69.73333740234375,16.0,LIME,1,False,0.24,0.24,0.2,0.208008,0.049922,4992.2,False,5.539,0,0.1,PURPLE
2024-08-05,XLRE,4,38.350189208984375,13.0,-,3,False,0.2,0.2,0.1,0.083983,0.016797,1679.67,False,15.5374,1,0.1,PURPLE
2024-08-05,VNQ,5,82.89505004882812,12.5,-,4,False,0.2,0.2,0.1,0.083983,0.016797,1679.67,False,15.2499,1,0.1,PURPLE
2024-08-06,IEF,1,91.01700592041016,16.0,LIME,1,False,0.24,0.24,0.33,0.349391,0.083854,8385.39,False,7.2535,0,0.1,PURPLE
2024-08-06,TLT,2,89.89270782470703,14.75,LIME,2,True,1.0,,0.27,0.242986,0.242986,24298.57,False,15.7704,0,0.1,PURPLE
2024-08-06,AGG,3,93.41429901123048,15.0,LIME,2,False,0.22,0.22,0.2,0.211752,0.046585,4658.55,False,5.7716,0,0.1,PURPLE
2024-08-06,BND,4,69.30186462402344,15.0,LIME,2,False,0.22,0.22,0.1,0.105876,0.023293,2329.27,False,5.7125,0,0.1,PURPLE
2024-08-06,XLRE,5,39.19926452636719,13.0,-,1,False,0.2,0.2,0.1,0.089995,0.017999,1799.89,False,16.0627,0,0.1,PURPLE
2024-08-07,IEF,1,90.68828582763672,15.0,LIME,2,False,0.22,0.22,0.33,0.35752,0.078654,7865.44,False,7.3001,0,0.1,PURPLE
2024-08-07,TLT,2,89.2598648071289,14.0,LIME,2,True,1.0,,0.27,0.236207,0.236207,23620.7,False,15.8266,1,0.1,PURPLE
2024-08-07,AGG,3,93.13307189941406,13.75,LIME,2,False,0.2,0.2,0.2,0.205845,0.041169,4116.9,False,5.812,1,0.1,PURPLE
2024-08-07,BND,4,69.13299560546875,13.75,LIME,2,False,0.2,0.2,0.1,0.108339,0.021668,2166.79,False,5.7404,0,0.1,PURPLE
2024-08-07,XLRE,5,38.91624450683594,11.75,-,2,False,0.2,0.2,0.1,0.092089,0.018418,1841.77,False,16.0737,0,0.1,PURPLE
2024-08-08,IEF,1,90.41590881347656,13.75,LIME,2,False,0.2,0.2,0.33,0.347744,0.069549,6954.88,False,7.3043,1,0.1,PURPLE
2024-08-08,TLT,2,88.71075439453125,12.25,LIME,3,True,1.0,,0.27,0.24184,0.24184,24184.02,False,15.8283,1,0.1,PURPLE
2024-08-08,BND,3,69.02981567382812,12.5,LIME,2,False,0.2,0.2,0.2,0.210754,0.042151,4215.08,False,5.7243,1,0.1,PURPLE
2024-08-08,AGG,4,92.99246215820312,12.0,LIME,2,False,0.2,0.2,0.1,0.105377,0.021075,2107.54,False,5.8024,1,0.1,PURPLE
2024-08-08,XLRE,5,39.24643707275391,11.0,-,1,False,0.2,0.2,0.1,0.094285,0.018857,1885.69,False,15.968,0,0.1,PURPLE
2024-08-09,XLRE,1,39.44456100463867,12.75,-,1,False,0.2,0.2,0.45,0.410188,0.082038,8203.75,False,15.3618,0,0.1,PURPLE
2024-08-09,XLP,2,75.63536071777344,12.75,-,1,False,0.2,0.2,0.3,0.321716,0.064343,6434.32,False,10.8016,0,0.1,PURPLE
2024-08-09,IEF,3,90.78221130371094,12.0,LIME,2,False,0.2,0.2,0.25,0.268097,0.053619,5361.93,False,7.3199,0,0.1,PURPLE
2024-08-12,XLRE,1,39.20870590209961,12.5,-,1,False,0.2,0.2,0.35,0.342784,0.068557,6855.67,False,15.4015,0,0.1,PURPLE
2024-08-12,XLP,2,75.25312042236328,13.5,-,1,False,0.2,0.2,0.3,0.309278,0.061856,6185.57,False,10.807,0,0.1,PURPLE
2024-08-12,XLU,3,35.06707000732422,13.0,LIME,1,False,0.2,0.2,0.25,0.244845,0.048969,4896.91,False,15.3226,0,0.1,PURPLE
2024-08-12,IEF,4,91.03580474853516,11.25,LIME,1,False,0.2,0.2,0.1,0.103093,0.020619,2061.86,False,7.2841,0,0.1,PURPLE
2024-08-13,EWM,1,22.887115478515625,14.25,LIME,1,False,0.55,0.55,0.33,0.33,0.1815,18150.0,False,14.3579,0,0.2,-
2024-08-13,XLP,2,75.59712982177734,14.5,LIME,1,False,0.55,0.55,0.27,0.27,0.1485,14850.0,False,10.8192,0,0.2,-
2024-08-13,XLRE,3,39.4822998046875,13.5,-,1,False,0.5,0.5,0.2,0.2,0.1,10000.0,False,15.4366,0,0.2,-
2024-08-13,XLU,4,35.27155685424805,14.0,LIME,1,False,0.55,0.55,0.1,0.1,0.055,5500.0,False,15.3559,0,0.2,-
2024-08-13,IEF,5,91.43963623046876,11.5,LIME,1,False,0.35,0.35,0.1,0.1,0.035,3500.0,False,7.3182,0,0.2,-
2024-08-14,EWM,1,23.029035568237305,14.5,LIME,1,False,0.55,0.55,0.31,0.30455,0.167503,16750.26,False,14.3301,0,0.3,-
2024-08-14,XLRE,2,39.623809814453125,14.25,-,1,False,0.55,0.55,0.25,0.245605,0.135083,13508.27,False,15.403,0,0.3,-
2024-08-14,HYG,3,71.29071044921875,15.0,LIME,1,True,1.0,,0.16,0.16546,0.16546,16546.02,False,4.1959,0,0.3,-
2024-08-14,XLU,4,35.24778747558594,14.5,LIME,1,False,0.55,0.55,0.1,0.098242,0.054033,5403.31,False,15.354,0,0.3,-
2024-08-14,XLP,5,75.94114685058594,14.75,LIME,1,False,0.55,0.55,0.1,0.103413,0.056877,5687.69,False,10.8379,0,0.3,-
2024-08-14,IEF,6,91.56171417236328,12.0,LIME,1,False,0.4,0.4,0.08,0.08273,0.033092,3309.2,False,7.3078,0,0.3,-
2024-08-15,XLRE,1,39.51060485839844,15.5,-,1,False,0.6,0.6,0.31,0.30455,0.18273,18273.01,False,15.1106,0,0.4,-
2024-08-15,EWM,2,22.92495918273925,15.75,LIME,1,False,0.6,0.6,0.25,0.245605,0.147363,14736.3,False,14.3599,0,0.4,-
2024-08-15,HYG,3,71.35427856445312,15.75,LIME,1,True,1.0,,0.16,0.16546,0.16546,16546.02,False,4.0568,0,0.4,-
2024-08-15,XLP,4,76.7247314453125,15.5,LIME,1,False,0.6,0.6,0.1,0.103413,0.062048,6204.76,False,11.0111,0,0.4,-
2024-08-15,XLU,5,35.2430305480957,15.0,LIME,1,False,0.6,0.6,0.1,0.098242,0.058945,5894.52,False,15.0802,0,0.4,-
2024-08-15,IEF,6,90.98882293701172,12.0,LIME,3,False,0.4,0.35,0.08,0.08273,0.033092,3309.2,False,7.3211,0,0.4,-
2024-08-16,XLRE,1,39.49173355102539,15.75,-,1,False,0.6,0.6,0.31,0.31,0.186,18600.0,False,15.1015,0,0.4,-
2024-08-16,VNQ,2,85.39144134521484,15.75,-,1,False,0.6,0.6,0.25,0.25,0.15,15000.0,False,15.0932,0,0.4,-
2024-08-16,EWM,3,23.085803985595703,16.0,LIME,1,False,0.6,0.6,0.16,0.16,0.096,9600.0,False,14.4079,0,0.4,-
2024-08-16,XLP,4,76.93496704101562,15.75,LIME,1,False,0.6,0.6,0.1,0.1,0.06,6000.0,False,10.6738,0,0.4,-
2024-08-16,HYG,5,71.58125305175781,16.0,LIME,1,True,1.0,,0.1,0.1,0.1,10000.0,False,4.0517,0,0.4,-
2024-08-16,XLU,6,35.39996337890625,15.25,LIME,1,False,0.6,0.6,0.08,0.08,0.048,4800.0,False,15.0786,0,0.4,-
2024-08-19,VNQ,1,86.10202026367188,16.0,-,1,False,0.6,0.6,0.31,0.31,0.186,18600.0,False,15.1529,0,0.4,-
2024-08-19,XLRE,2,39.72758865356445,16.0,-,1,False,0.6,0.6,0.25,0.25,0.15,15000.0,False,15.1258,0,0.4,-
2024-08-19,EWM,3,23.767024993896484,16.0,LIME,1,False,0.6,0.6,0.16,0.16,0.096,9600.0,False,15.4528,0,0.4,-
2024-08-19,XLP,4,77.19296264648438,16.0,LIME,1,False,0.6,0.6,0.1,0.1,0.06,6000.0,False,10.6706,0,0.4,-
2024-08-19,HYG,5,71.69927978515625,16.0,LIME,1,True,1.0,,0.1,0.1,0.1,10000.0,False,4.0565,0,0.4,-
2024-08-19,XLU,6,35.63297653198242,15.5,LIME,1,False,0.6,0.6,0.08,0.08,0.048,4800.0,False,15.1254,0,0.4,-
2024-08-20,XLRE,1,39.76532745361328,16.0,-,1,False,0.6,0.6,0.31,0.317623,0.190574,19057.38,False,15.0449,0,0.3,-
2024-08-20,VNQ,2,85.99918365478516,16.0,-,1,False,0.6,0.6,0.25,0.256148,0.153689,15368.85,False,15.0884,0,0.3,-
2024-08-20,EZA,3,42.11613464355469,16.0,LIME,1,False,0.6,0.6,0.16,0.139344,0.083607,8360.66,False,27.9156,0,0.3,-
2024-08-20,EWM,4,23.691335678100582,16.0,LIME,1,False,0.6,0.6,0.1,0.102459,0.061475,6147.54,False,15.4533,0,0.3,-
2024-08-20,XLP,5,77.5752182006836,16.0,LIME,1,False,0.6,0.6,0.1,0.102459,0.061475,6147.54,False,10.5924,0,0.3,-
2024-08-20,HYG,6,71.63573455810547,16.0,LIME,1,True,1.0,,0.08,0.081967,0.081967,8196.72,False,4.0672,0,0.3,-
2024-08-21,VNQ,1,86.45732116699219,16.0,-,1,False,0.85,0.6,0.31,0.317623,0.26998,26997.95,False,15.1011,0,0.85,LIME
2024-08-21,XLRE,2,39.89740753173828,16.0,-,1,False,0.85,0.6,0.25,0.256148,0.217725,21772.54,False,15.0406,0,0.85,LIME
2024-08-21,EZA,3,42.34773635864258,16.0,LIME,1,False,0.85,0.6,0.16,0.139344,0.118443,11844.26,False,27.9146,0,0.85,LIME
2024-08-21,EWM,4,23.644025802612305,16.0,LIME,1,False,0.85,0.6,0.1,0.102459,0.08709,8709.02,False,15.405,0,0.85,LIME
2024-08-21,XLP,5,78.10079956054688,16.0,LIME,1,False,0.85,0.6,0.1,0.102459,0.08709,8709.02,False,10.6104,0,0.85,LIME
2024-08-21,HYG,6,71.79916381835938,16.0,LIME,1,True,1.0,,0.08,0.081967,0.081967,8196.72,False,4.0722,0,0.85,LIME
2024-08-22,XLRE,1,40.142696380615234,16.0,-,1,False,0.8,0.6,0.31,0.313765,0.251012,25101.21,False,14.9195,0,0.8,LIME
2024-08-22,VNQ,2,86.70975494384766,16.0,-,1,False,0.8,0.6,0.25,0.253036,0.202429,20242.91,False,14.9449,0,0.8,LIME
2024-08-22,SRVR,3,28.66205406188965,16.0,LIME,1,False,0.8,0.6,0.16,0.161943,0.129555,12955.47,False,14.614,0,0.8,LIME
2024-08-22,EWM,4,23.58725929260254,15.75,LIME,1,False,0.8,0.6,0.1,0.101215,0.080972,8097.17,False,15.4032,0,0.8,LIME
2024-08-22,XLP,5,77.98612213134766,16.0,LIME,1,False,0.8,0.6,0.1,0.101215,0.080972,8097.17,False,10.5759,0,0.8,LIME
2024-08-22,EZA,6,41.314430236816406,14.75,LIME,2,False,0.8,0.5,0.08,0.068826,0.055061,5506.07,False,28.0057,0,0.8,LIME
2024-08-23,VNQ,1,88.61711120605469,16.0,LIME,1,False,0.85,0.6,0.31,0.313765,0.2667,26670.04,False,14.7062,0,0.85,LIME
2024-08-23,XLRE,2,40.91630554199219,16.0,LIME,1,False,0.85,0.6,0.25,0.253036,0.215081,21508.1,False,14.5584,0,0.85,LIME
2024-08-23,SRVR,3,29.28792381286621,16.0,LIME,1,False,0.85,0.6,0.16,0.161943,0.137652,13765.18,False,14.9036,0,0.85,LIME
2024-08-23,EWM,4,23.79541015625,15.75,LIME,1,False,0.85,0.6,0.1,0.101215,0.086032,8603.24,False,15.456,0,0.85,LIME
2024-08-23,XLP,5,78.20590209960938,16.0,LIME,1,False,0.85,0.6,0.1,0.101215,0.086032,8603.24,False,10.2609,0,0.85,LIME
2024-08-23,EZA,6,42.570430755615234,14.5,LIME,1,False,0.85,0.55,0.08,0.068826,0.058502,5850.2,False,28.2107,0,0.85,LIME
2024-08-26,VNQ,1,88.5797119140625,16.0,LIME,1,False,0.8,0.6,0.31,0.313765,0.251012,25101.21,False,14.7139,0,0.8,LIME
2024-08-26,XLRE,2,40.88800048828125,16.0,LIME,1,False,0.8,0.6,0.25,0.253036,0.202429,20242.91,False,14.5641,0,0.8,LIME
2024-08-26,SRVR,3,29.252302169799805,16.0,LIME,1,False,0.8,0.6,0.16,0.161943,0.129555,12955.47,False,14.9026,0,0.8,LIME
2024-08-26,EWM,4,23.80487060546875,15.75,LIME,1,False,0.8,0.6,0.1,0.101215,0.080972,8097.17,False,15.45,0,0.8,LIME
2024-08-26,XLP,5,78.76014709472656,16.0,LIME,1,False,0.8,0.6,0.1,0.101215,0.080972,8097.17,False,10.3261,0,0.8,LIME
2024-08-26,EZA,6,42.35663986206055,13.75,LIME,1,False,0.8,0.5,0.08,0.068826,0.055061,5506.07,False,28.2147,0,0.8,LIME
2024-08-27,XLRE,1,40.99177932739258,16.0,LIME,1,False,0.8,0.6,0.31,0.313765,0.251012,25101.21,False,14.4624,0,0.8,LIME
2024-08-27,VNQ,2,88.71060943603516,16.0,LIME,1,False,0.8,0.6,0.25,0.253036,0.202429,20242.91,False,14.5978,0,0.8,LIME
2024-08-27,SRVR,3,29.20415496826172,16.0,LIME,1,False,0.8,0.6,0.16,0.161943,0.129555,12955.47,False,14.9142,0,0.8,LIME
2024-08-27,EWM,4,24.050865173339844,15.75,LIME,1,False,0.8,0.6,0.1,0.101215,0.080972,8097.17,False,15.5417,0,0.8,LIME
2024-08-27,XLP,5,78.95127868652344,16.0,LIME,1,False,0.8,0.6,0.1,0.101215,0.080972,8097.17,False,10.1658,0,0.8,LIME
2024-08-27,EZA,6,42.62387466430664,13.5,LIME,1,False,0.8,0.5,0.08,0.068826,0.055061,5506.07,False,28.216,0,0.8,LIME
2024-08-28,XLRE,1,40.85026168823242,16.0,LIME,1,False,0.6,0.6,0.31,0.313765,0.188259,18825.91,False,14.3073,0,0.4,LIME
2024-08-28,VNQ,2,88.36467742919922,16.0,LIME,1,False,0.6,0.6,0.25,0.253036,0.151822,15182.19,False,14.4425,0,0.4,LIME
2024-08-28,EWM,3,24.391477584838867,16.0,LIME,1,False,0.6,0.6,0.16,0.161943,0.097166,9716.6,False,15.6009,0,0.4,LIME
2024-08-28,XLP,4,78.61680603027344,16.0,LIME,1,False,0.6,0.6,0.1,0.101215,0.060729,6072.87,False,10.0816,0,0.4,LIME
2024-08-28,SRVR,5,28.982696533203125,14.75,LIME,2,False,0.5,0.5,0.1,0.101215,0.050607,5060.73,False,14.8958,0,0.4,LIME
2024-08-28,EZA,6,41.9379768371582,12.5,LIME,3,False,0.4,0.35,0.08,0.068826,0.02753,2753.04,False,28.348,0,0.4,LIME
2024-08-29,EWM,1,24.126558303833008,16.0,LIME,1,False,0.6,0.6,0.31,0.299137,0.179482,17948.2,False,15.8146,0,0.4,LIME
2024-08-29,XLF,2,44.11070251464844,16.0,LIME,1,False,0.6,0.6,0.25,0.253936,0.152362,15236.16,False,14.372,0,0.4,LIME
2024-08-29,EWL,3,51.80220031738281,16.0,LIME,1,False,0.6,0.6,0.16,0.162519,0.097511,9751.14,False,12.5884,0,0.4,LIME
2024-08-29,XLRE,4,40.68988037109375,15.0,LIME,2,False,0.55,0.55,0.1,0.101574,0.055866,5586.59,False,14.1716,0,0.4,LIME
2024-08-29,VNQ,5,88.0935287475586,15.0,LIME,2,False,0.55,0.55,0.1,0.101574,0.055866,5586.59,False,14.2844,0,0.4,LIME
2024-08-29,XLP,6,78.22502899169922,15.0,LIME,2,False,0.55,0.55,0.08,0.08126,0.044693,4469.27,False,10.1588,0,0.4,LIME
2024-08-30,EWM,1,24.523935317993164,16.0,LIME,1,False,0.8,0.6,0.31,0.304078,0.243263,24326.28,False,16.0512,0,0.8,LIME
2024-08-30,XLF,2,44.529327392578125,16.0,LIME,1,False,0.8,0.6,0.25,0.258131,0.206505,20650.49,False,14.22,0,0.8,LIME
2024-08-30,EIS,3,65.54335021972656,16.0,LIME,1,False,0.8,0.6,0.16,0.148684,0.118947,11894.68,False,18.8431,0,0.8,LIME
2024-08-30,VNQ,4,88.94435119628906,15.0,LIME,1,False,0.8,0.6,0.1,0.103252,0.082602,8260.2,False,13.9777,0,0.8,LIME
2024-08-30,XLRE,5,41.08611297607422,15.0,LIME,1,False,0.8,0.6,0.1,0.103252,0.082602,8260.2,False,13.809,0,0.8,LIME
2024-08-30,EWL,6,51.87090301513672,16.0,LIME,1,False,0.8,0.6,0.08,0.082602,0.066082,6608.16,False,12.4145,0,0.8,LIME
2024-09-03,XLF,1,44.19832229614258,16.0,LIME,1,False,0.6,0.6,0.31,0.314322,0.188593,18859.32,False,14.2486,0,0.2,-
2024-09-03,XLV,2,152.2965545654297,16.0,LIME,1,False,0.6,0.6,0.25,0.253485,0.152091,15209.13,False,11.3495,0,0.2,-
2024-09-03,XLRE,3,41.180458068847656,15.0,LIME,1,False,0.6,0.6,0.16,0.162231,0.097338,9733.84,False,13.7498,0,0.2,-
2024-09-03,VNQ,4,88.8976058959961,15.0,LIME,1,False,0.6,0.6,0.1,0.101394,0.060837,6083.65,False,13.9584,0,0.2,-
2024-09-03,EWM,5,24.06978988647461,15.0,-,2,False,0.55,0.55,0.1,0.091508,0.05033,5032.95,False,16.5756,1,0.2,-
2024-09-03,EWL,6,51.1544303894043,14.0,LIME,3,False,0.5,0.5,0.08,0.07706,0.03853,3852.98,False,12.7793,1,0.2,-
2024-09-04,XLF,1,44.24699783325195,16.0,LIME,1,False,0.6,0.6,0.31,0.311245,0.186747,18674.7,False,14.1939,0,0.2,-
2024-09-04,XLU,2,36.53652572631836,15.75,LIME,1,False,0.6,0.6,0.25,0.251004,0.150602,15060.24,False,13.5199,0,0.2,-
2024-09-04,XLV,3,152.03451538085938,16.0,LIME,1,False,0.6,0.6,0.16,0.160643,0.096386,9638.55,False,11.3618,0,0.2,-
2024-09-04,XLRE,4,41.27480697631836,15.0,LIME,1,False,0.6,0.6,0.1,0.100402,0.060241,6024.1,False,13.6748,0,0.2,-
2024-09-04,VNQ,5,89.15005493164062,15.0,LIME,1,False,0.6,0.6,0.1,0.100402,0.060241,6024.1,False,13.9168,0,0.2,-
2024-09-04,EWM,6,24.268478393554688,14.0,-,2,False,0.5,0.5,0.08,0.076305,0.038153,3815.26,False,16.5991,0,0.2,-
2024-09-05,XLRE,1,41.16159439086914,16.0,LIME,1,False,0.6,0.6,0.31,0.314322,0.188593,18859.32,False,13.6934,0,0.2,-
2024-09-05,VNQ,2,88.8602066040039,16.0,LIME,1,False,0.6,0.6,0.25,0.253485,0.152091,15209.13,False,13.9439,0,0.2,-
2024-09-05,XLU,3,36.44617462158203,16.0,LIME,1,False,0.6,0.6,0.16,0.162231,0.097338,9733.84,False,13.4679,0,0.2,-
2024-09-05,XLF,4,43.76023483276367,14.25,LIME,3,False,0.5,0.5,0.1,0.101394,0.050697,5069.71,False,14.4152,0,0.2,-
2024-09-05,EWM,5,24.14548110961914,12.25,-,2,False,0.35,0.35,0.1,0.091508,0.032028,3202.79,False,16.6337,1,0.2,-
2024-09-05,XLV,6,149.9475555419922,12.75,-,3,False,0.35,0.35,0.08,0.07706,0.026971,2697.08,False,11.7312,1,0.2,-
2024-09-06,XLRE,1,41.16159439086914,15.0,LIME,2,False,0.55,0.55,0.33,0.335025,0.184264,18426.4,False,13.7004,0,0.2,-
2024-09-06,VNQ,2,88.77606201171875,15.0,LIME,2,False,0.55,0.55,0.27,0.274112,0.150761,15076.14,False,13.9586,0,0.2,-
2024-09-06,SRVR,3,29.42561912536621,15.0,LIME,1,False,0.6,0.6,0.2,0.203046,0.121827,12182.74,False,14.6315,0,0.2,-
2024-09-06,XLU,4,36.09902191162109,14.5,-,3,False,0.5,0.5,0.1,0.101523,0.050761,5076.14,False,13.4397,0,0.2,-
2024-09-06,XLF,5,43.11769485473633,12.0,-,3,False,0.35,0.35,0.1,0.086294,0.030203,3020.3,False,14.7679,2,0.2,-
2024-09-09,SRVR,1,29.598939895629883,15.75,LIME,1,False,0.6,0.6,0.33,0.33,0.198,19800.0,False,14.3045,0,0.2,-
2024-09-09,TLT,2,93.35982513427734,15.5,LIME,1,True,1.0,,0.27,0.27,0.27,27000.0,False,14.953,0,0.2,-
2024-09-09,XLRE,3,41.65217590332031,15.0,LIME,1,False,0.6,0.6,0.2,0.2,0.12,12000.0,False,13.6771,0,0.2,-
2024-09-09,VNQ,4,89.76712799072266,15.0,LIME,1,False,0.6,0.6,0.1,0.1,0.06,6000.0,False,13.8668,0,0.2,-
2024-09-09,XLU,5,36.46519470214844,14.25,-,1,False,0.55,0.55,0.1,0.1,0.055,5500.0,False,13.3228,0,0.2,-
2024-09-10,SRVR,1,30.292211532592773,16.0,LIME,1,False,0.6,0.6,0.31,0.315041,0.189024,18902.44,False,14.9343,0,0.3,-
2024-09-10,TLT,2,94.01339721679688,16.0,LIME,1,True,1.0,,0.25,0.254065,0.254065,25406.5,False,14.8954,0,0.3,-
2024-09-10,THD,3,62.49389266967773,15.25,LIME,1,False,0.6,0.6,0.16,0.146341,0.087805,8780.49,False,19.3485,0,0.3,-
2024-09-10,XLRE,4,42.38804626464844,15.0,LIME,1,False,0.6,0.6,0.1,0.101626,0.060976,6097.56,False,13.9985,0,0.3,-
2024-09-10,VNQ,5,91.0667495727539,15.0,LIME,1,False,0.6,0.6,0.1,0.101626,0.060976,6097.56,False,14.0697,0,0.3,-
2024-09-10,XLU,6,36.63639068603516,14.25,-,1,False,0.55,0.55,0.08,0.081301,0.044715,4471.54,False,13.1415,0,0.3,-
2024-09-11,SRVR,1,30.31147003173828,16.0,LIME,1,False,0.6,0.6,0.31,0.313131,0.187879,18787.88,False,14.9039,0,0.4,-
2024-09-11,TLT,2,93.9386978149414,16.0,LIME,1,True,1.0,,0.25,0.252525,0.252525,25252.53,False,14.8028,0,0.4,-
2024-09-11,XLRE,3,42.27483367919922,15.0,LIME,1,False,0.6,0.6,0.16,0.161616,0.09697,9696.97,False,13.9906,0,0.4,-
2024-09-11,VNQ,4,90.88909912109376,15.0,LIME,1,False,0.6,0.6,0.1,0.10101,0.060606,6060.61,False,14.0433,0,0.4,-
2024-09-11,THD,5,61.86505508422852,14.25,LIME,2,False,0.5,0.5,0.1,0.090909,0.045455,4545.45,False,19.5167,0,0.4,-
2024-09-11,XLU,6,36.750518798828125,14.25,-,1,False,0.55,0.55,0.08,0.080808,0.044444,4444.44,False,13.0547,0,0.4,-
2024-09-12,XLRE,1,42.35030364990234,16.0,LIME,1,False,0.6,0.6,0.31,0.313131,0.187879,18787.88,False,13.9647,0,0.4,-
2024-09-12,VNQ,2,91.27245330810548,16.0,LIME,1,False,0.6,0.6,0.25,0.252525,0.151515,15151.52,False,13.9908,0,0.4,-
2024-09-12,SRVR,3,30.292211532592773,16.0,LIME,1,False,0.6,0.6,0.16,0.161616,0.09697,9696.97,False,14.9022,0,0.4,-
2024-09-12,XLU,4,36.83136749267578,15.75,LIME,1,False,0.6,0.6,0.1,0.10101,0.060606,6060.61,False,12.9489,0,0.4,-
2024-09-12,THD,5,62.64634704589844,14.5,LIME,1,False,0.55,0.55,0.1,0.090909,0.05,5000.0,False,19.5838,0,0.4,-
2024-09-12,TLT,6,93.49987030029295,15.0,LIME,2,True,1.0,,0.08,0.080808,0.080808,8080.81,False,14.8071,0,0.4,-
2024-09-13,VNQ,1,92.22612762451172,16.0,LIME,1,False,0.6,0.6,0.31,0.313131,0.187879,18787.88,False,14.0745,0,0.4,-
2024-09-13,XLRE,2,42.65220260620117,16.0,LIME,1,False,0.6,0.6,0.25,0.252525,0.151515,15151.52,False,13.9855,0,0.4,-
2024-09-13,SRVR,3,30.54256057739257,16.0,LIME,1,False,0.6,0.6,0.16,0.161616,0.09697,9696.97,False,14.9501,0,0.4,-
2024-09-13,XLU,4,37.34971618652344,16.0,LIME,1,False,0.6,0.6,0.1,0.10101,0.060606,6060.61,False,13.1802,0,0.4,-
2024-09-13,THD,5,63.0179328918457,14.75,LIME,1,False,0.55,0.55,0.1,0.090909,0.05,5000.0,False,19.3665,0,0.4,-
2024-09-13,TLT,6,93.75196838378906,14.75,LIME,1,True,1.0,,0.08,0.080808,0.080808,8080.81,False,14.5633,0,0.4,-
2024-09-16,VNQ,1,92.53467559814452,16.0,LIME,1,False,0.24,0.24,0.31,0.315041,0.07561,7560.98,False,14.0614,0,0.1,PURPLE
2024-09-16,XLRE,2,42.79371643066406,16.0,LIME,1,False,0.24,0.24,0.25,0.254065,0.060976,6097.56,False,13.9802,0,0.1,PURPLE
2024-09-16,EPHE,3,27.75058364868164,16.0,-,1,False,0.24,0.24,0.16,0.154472,0.037073,3707.32,False,17.032,0,0.1,PURPLE
2024-09-16,SRVR,4,30.82179450988769,16.0,LIME,1,False,0.24,0.24,0.1,0.101626,0.02439,2439.02,False,14.9574,0,0.1,PURPLE
2024-09-16,XLU,5,37.63504409790039,16.0,LIME,1,False,0.24,0.24,0.1,0.101626,0.02439,2439.02,False,13.1977,0,0.1,PURPLE
2024-09-16,THD,6,63.60867691040039,14.75,LIME,1,False,0.22,0.22,0.08,0.073171,0.016098,1609.76,False,19.3645,0,0.1,PURPLE
2024-09-17,EIDO,1,21.51569557189941,16.0,LIME,1,False,0.24,0.24,0.31,0.302984,0.072716,7271.6,False,18.2881,0,0.1,PURPLE
2024-09-17,THD,2,63.29425048828125,16.0,LIME,1,False,0.24,0.24,0.25,0.244342,0.058642,5864.2,False,19.2786,0,0.1,PURPLE
2024-09-17,EPHE,3,27.93526268005371,16.0,-,1,False,0.24,0.24,0.16,0.164609,0.039506,3950.62,False,17.0439,0,0.1,PURPLE
2024-09-17,VNQ,4,91.88953399658205,16.0,-,1,False,0.24,0.24,0.1,0.102881,0.024691,2469.14,False,14.134,0,0.1,PURPLE
2024-09-17,SRVR,5,30.65810775756836,16.0,LIME,1,False,0.24,0.24,0.1,0.102881,0.024691,2469.14,False,14.7146,0,0.1,PURPLE
2024-09-17,XLU,6,37.60651397705078,16.0,LIME,1,False,0.24,0.24,0.08,0.082305,0.019753,1975.31,False,12.9397,0,0.1,PURPLE
2024-09-18,EPHE,1,27.799184799194336,16.0,-,1,False,0.6,0.6,0.31,0.316488,0.189893,18989.28,False,17.034,0,0.2,-
2024-09-18,THD,2,63.26566696166992,16.0,LIME,1,False,0.6,0.6,0.25,0.242471,0.145482,14548.24,False,19.2911,0,0.2,-
2024-09-18,EIDO,3,21.62018585205078,16.0,LIME,1,False,0.6,0.6,0.16,0.155181,0.093109,9310.87,False,18.283,0,0.2,-
2024-09-18,VNQ,4,91.77734375,15.0,-,2,False,0.55,0.55,0.1,0.102093,0.056151,5615.11,False,14.1546,0,0.2,-
2024-09-18,SRVR,5,30.398128509521484,15.0,LIME,2,False,0.55,0.55,0.1,0.102093,0.056151,5615.11,False,14.8797,0,0.2,-
2024-09-18,XLU,6,37.32118225097656,15.0,LIME,2,False,0.55,0.55,0.08,0.081674,0.044921,4492.09,False,13.085,0,0.2,-
2024-09-19,EPHE,1,28.28518486022949,16.0,LIME,1,False,0.85,0.6,0.31,0.316488,0.269015,26901.48,False,16.7907,0,0.85,LIME
2024-09-19,EIDO,2,22.15213966369629,16.0,LIME,1,False,0.85,0.6,0.25,0.242471,0.2061,20610.01,False,18.7107,0,0.85,LIME
2024-09-19,THD,3,64.51383209228516,16.0,LIME,1,False,0.85,0.6,0.16,0.155181,0.131904,13190.4,False,19.3827,0,0.85,LIME
2024-09-19,VNQ,4,91.79602813720705,13.75,-,2,False,0.85,0.45,0.1,0.102093,0.086779,8677.9,False,14.1189,0,0.85,LIME
2024-09-19,SRVR,5,30.504045486450195,13.75,LIME,2,False,0.85,0.45,0.1,0.102093,0.086779,8677.9,False,14.8505,0,0.85,LIME
2024-09-19,XLU,6,37.1024284362793,13.75,-,2,False,0.85,0.45,0.08,0.081674,0.069423,6942.32,False,13.1139,0,0.85,LIME
2024-09-20,EIDO,1,22.028654098510746,16.0,LIME,1,False,0.85,0.6,0.31,0.301587,0.256349,25634.92,False,18.2727,0,0.85,LIME
2024-09-20,EPHE,2,28.489303588867188,16.0,LIME,1,False,0.85,0.6,0.25,0.256016,0.217614,21761.39,False,16.2196,0,0.85,LIME
2024-09-20,THD,3,64.87588500976562,16.0,LIME,1,False,0.85,0.6,0.16,0.155658,0.132309,13230.93,False,19.3619,0,0.85,LIME
2024-09-20,XLU,4,38.08206558227539,13.75,-,1,False,0.85,0.5,0.1,0.102407,0.087046,8704.56,False,13.8986,0,0.85,LIME
2024-09-20,SRVR,5,30.5907039642334,12.5,LIME,2,False,0.85,0.35,0.1,0.102407,0.087046,8704.56,False,14.8455,0,0.85,LIME
2024-09-20,VNQ,6,91.431396484375,11.5,-,3,False,0.85,0.3,0.08,0.081925,0.069636,6963.65,False,14.1829,0,0.85,LIME
2024-09-23,EPHE,1,28.76146507263184,16.0,LIME,1,False,0.85,0.6,0.33,0.337942,0.28725,28725.04,False,16.0869,0,0.85,LIME
2024-09-23,EIDO,2,22.23763465881348,16.0,LIME,1,False,0.85,0.6,0.27,0.262673,0.223272,22327.19,False,18.3124,0,0.85,LIME
2024-09-23,THD,3,64.7710952758789,16.0,LIME,1,False,0.85,0.6,0.2,0.194572,0.165387,16538.66,False,19.3364,0,0.85,LIME
2024-09-23,XLU,4,38.45981979370117,13.75,LIME,1,False,0.85,0.5,0.1,0.102407,0.087046,8704.56,False,13.8123,0,0.85,LIME
2024-09-23,SRVR,5,30.99511337280273,12.5,LIME,1,False,0.85,0.4,0.1,0.102407,0.087046,8704.56,False,14.9921,0,0.85,LIME
2024-09-24,THD,1,66.4098892211914,16.0,LIME,1,False,0.85,0.6,0.33,0.323196,0.274716,27471.65,False,19.8241,0,0.85,LIME
2024-09-24,EIDO,2,22.38962173461914,16.0,LIME,1,False,0.85,0.6,0.27,0.264433,0.224768,22476.8,False,18.1751,0,0.85,LIME
2024-09-24,EPHE,3,28.99474334716797,16.0,LIME,1,False,0.85,0.6,0.2,0.206186,0.175258,17525.77,False,16.0992,0,0.85,LIME
2024-09-24,XLU,4,38.186920166015625,14.75,-,1,False,0.85,0.55,0.1,0.103093,0.087629,8762.89,False,13.7376,0,0.85,LIME
2024-09-24,SRVR,5,31.24546241760254,13.5,LIME,1,False,0.85,0.5,0.1,0.103093,0.087629,8762.89,False,14.9428,0,0.85,LIME
2024-09-25,THD,1,66.10498809814453,16.0,LIME,1,False,0.85,0.6,0.31,0.300664,0.255564,25556.41,False,19.771,0,0.85,LIME
2024-09-25,EWM,2,25.810686111450195,16.0,LIME,1,False,0.85,0.6,0.25,0.255232,0.216947,21694.74,False,16.8186,0,0.85,LIME
2024-09-25,XLU,3,38.387996673583984,16.0,-,1,False,0.85,0.6,0.16,0.163349,0.138846,13884.64,False,13.6824,0,0.85,LIME
2024-09-25,EPHE,4,28.576784133911133,15.0,LIME,2,False,0.85,0.55,0.1,0.102093,0.086779,8677.9,False,16.4373,0,0.85,LIME
2024-09-25,EIDO,5,22.028654098510746,15.0,LIME,2,False,0.85,0.55,0.1,0.096988,0.08244,8244.0,False,18.555,0,0.85,LIME
2024-09-25,SRVR,6,30.966228485107425,14.75,LIME,1,False,0.85,0.55,0.08,0.081674,0.069423,6942.32,False,15.1308,0,0.85,LIME
2024-09-26,THD,1,66.39083099365234,16.0,LIME,1,False,0.85,0.6,0.31,0.306611,0.260619,26061.95,False,19.7209,0,0.85,LIME
2024-09-26,EWM,2,25.96206855773925,16.0,LIME,1,False,0.85,0.6,0.25,0.260281,0.221239,22123.89,False,16.8012,0,0.85,LIME
2024-09-26,EZA,3,45.84850311279297,16.0,LIME,1,False,0.85,0.6,0.16,0.141593,0.120354,12035.4,False,24.3234,0,0.85,LIME
2024-09-26,SRVR,4,30.95656394958496,16.0,LIME,1,False,0.85,0.6,0.1,0.104112,0.088496,8849.56,False,15.1238,0,0.85,LIME
2024-09-26,EPHE,5,29.091943740844727,15.0,LIME,1,False,0.85,0.6,0.1,0.104112,0.088496,8849.56,False,16.2916,0,0.85,LIME
2024-09-26,XLU,6,38.12467575073242,14.75,-,2,False,0.85,0.5,0.08,0.08329,0.070796,7079.65,False,13.8113,0,0.85,LIME
2024-09-27,EZA,1,45.91976547241211,16.0,LIME,1,False,0.85,0.6,0.31,0.278689,0.236885,23688.52,False,23.8608,0,0.85,LIME
2024-09-27,EWM,2,25.78230094909668,16.0,LIME,1,False,0.85,0.6,0.25,0.26441,0.224749,22474.88,False,16.9218,0,0.85,LIME
2024-09-27,THD,3,66.29556274414062,15.75,LIME,1,False,0.85,0.6,0.16,0.160762,0.136647,13664.73,False,19.6396,0,0.85,LIME
2024-09-27,EPHE,4,28.868385314941406,15.0,LIME,1,False,0.85,0.6,0.1,0.105764,0.0899,8989.95,False,16.4443,0,0.85,LIME
2024-09-27,XLU,5,38.50291442871094,14.75,-,1,False,0.85,0.55,0.1,0.105764,0.0899,8989.95,False,13.6089,0,0.85,LIME
2024-09-27,SRVR,6,30.99039459228516,14.75,LIME,2,False,0.85,0.5,0.08,0.084611,0.07192,7191.96,False,15.0495,0,0.85,LIME
2024-09-30,XLI,1,132.56265258789062,16.0,LIME,1,False,0.85,0.6,0.31,0.324268,0.275628,27562.76,False,16.0236,0,0.85,LIME
2024-09-30,XLB,2,46.7957763671875,16.0,LIME,1,False,0.85,0.6,0.25,0.261506,0.22228,22228.03,False,15.6082,0,0.85,LIME
2024-09-30,FXI,3,30.544214248657227,15.25,LIME,1,False,0.85,0.6,0.16,0.142259,0.120921,12092.05,False,32.6128,0,0.85,LIME
2024-09-30,EWM,4,25.59307289123535,15.0,LIME,2,False,0.85,0.55,0.1,0.099372,0.084467,8446.65,False,17.0502,1,0.85,LIME
2024-09-30,EZA,5,44.89537048339844,15.0,LIME,2,False,0.85,0.55,0.1,0.088912,0.075575,7557.53,False,24.3591,0,0.85,LIME
2024-09-30,XLU,6,38.67526626586914,14.75,LIME,1,False,0.85,0.55,0.08,0.083682,0.07113,7112.97,False,13.4696,0,0.85,LIME
2024-10-01,FXI,1,31.812883377075195,15.5,LIME,1,False,0.6,0.6,0.31,0.280887,0.168532,16853.21,False,33.4402,0,0.6,LIME
2024-10-01,XLI,2,132.6311492919922,16.0,LIME,1,False,0.6,0.6,0.25,0.266496,0.159898,15989.77,False,16.0099,0,0.6,LIME
2024-10-01,VTV,3,168.5269775390625,16.0,LIME,1,False,0.6,0.6,0.16,0.170558,0.102335,10233.45,False,11.6321,0,0.6,LIME
2024-10-01,XLU,4,38.98646545410156,14.75,LIME,1,False,0.6,0.55,0.1,0.106598,0.063959,6395.91,False,13.5011,0,0.6,LIME
2024-10-01,XLB,5,46.67924499511719,14.75,LIME,2,False,0.6,0.5,0.1,0.106598,0.063959,6395.91,False,15.6312,0,0.6,LIME
2024-10-01,EZA,6,44.68157958984375,13.5,LIME,2,False,0.6,0.45,0.08,0.068863,0.041318,4131.76,False,24.1066,1,0.6,LIME
2024-10-02,XLU,1,39.005619049072266,16.0,LIME,1,False,0.6,0.6,0.31,0.324777,0.194866,19486.64,False,13.4961,0,0.6,LIME
2024-10-02,FXI,2,34.100337982177734,15.75,LIME,1,False,0.6,0.6,0.25,0.22263,0.133578,13357.78,False,36.0134,0,0.6,LIME
2024-10-02,XAR,3,157.8990020751953,16.0,LIME,1,False,0.6,0.6,0.16,0.159246,0.095547,9554.74,False,18.9054,0,0.6,LIME
2024-10-02,XLI,4,132.386474609375,16.0,LIME,1,False,0.6,0.6,0.1,0.104767,0.06286,6286.01,False,16.023,0,0.6,LIME
2024-10-02,VTV,5,168.41082763671875,16.0,LIME,1,False,0.6,0.6,0.1,0.104767,0.06286,6286.01,False,11.639,0,0.6,LIME
2024-10-02,XLB,6,46.499603271484375,13.5,LIME,2,False,0.6,0.45,0.08,0.083814,0.050288,5028.81,False,15.625,0,0.6,LIME
2024-10-03,FXI,1,33.158443450927734,16.0,LIME,1,False,0.6,0.6,0.31,0.277807,0.166684,16668.42,False,36.3318,0,0.2,-
2024-10-03,XLU,2,38.99125289916992,16.0,LIME,1,False,0.6,0.6,0.25,0.263574,0.158144,15814.44,False,13.5102,0,0.2,-
2024-10-03,ITA,3,148.88836669921875,16.0,LIME,1,False,0.6,0.6,0.16,0.168687,0.101212,10121.24,False,18.6102,0,0.2,-
2024-10-03,XAR,4,156.23313903808594,15.0,LIME,2,False,0.55,0.55,0.1,0.100158,0.055087,5508.7,False,19.0663,0,0.2,-
2024-10-03,XLI,5,131.71115112304688,14.5,LIME,2,False,0.5,0.5,0.1,0.10543,0.052715,5271.48,False,16.046,0,0.2,-
2024-10-03,VTV,6,167.67538452148438,13.75,-,3,False,0.45,0.45,0.08,0.084344,0.037955,3795.47,False,11.6876,0,0.2,-
2024-10-04,FXI,1,34.32139587402344,16.0,LIME,1,False,0.6,0.6,0.31,0.281067,0.16864,16864.0,False,36.75,0,0.2,-
2024-10-04,XLU,2,38.929012298583984,16.0,-,1,False,0.6,0.6,0.25,0.266667,0.16,16000.0,False,13.5349,0,0.2,-
2024-10-04,EWH,3,18.61149978637696,15.75,LIME,1,False,0.6,0.6,0.16,0.1536,0.09216,9216.0,False,24.6708,0,0.2,-
2024-10-04,ITA,4,150.30426025390625,16.0,LIME,1,False,0.6,0.6,0.1,0.106667,0.064,6400.0,False,18.6509,0,0.2,-
2024-10-04,XAR,5,158.01797485351562,15.0,LIME,1,False,0.6,0.6,0.1,0.106667,0.064,6400.0,False,19.1479,0,0.2,-
2024-10-04,XLI,6,132.6311492919922,14.5,LIME,1,False,0.55,0.55,0.08,0.085333,0.046933,4693.33,False,16.0795,0,0.2,-
2024-10-07,FXI,1,35.263282775878906,16.0,LIME,1,False,0.6,0.6,0.31,0.285328,0.171197,17119.65,False,37.0065,0,0.2,-
2024-10-07,EWH,2,18.908838272094727,16.0,LIME,1,False,0.6,0.6,0.25,0.243638,0.146183,14618.3,False,24.7605,0,0.2,-
2024-10-07,ITA,3,149.8389129638672,16.0,LIME,1,False,0.6,0.6,0.16,0.173254,0.103952,10395.24,False,18.6502,0,0.2,-
2024-10-07,XAR,4,157.5023651123047,15.0,LIME,1,False,0.6,0.6,0.1,0.108284,0.06497,6497.02,False,19.0994,0,0.2,-
2024-10-07,XLU,5,38.0337142944336,12.75,-,3,False,0.35,0.35,0.1,0.10287,0.036004,3600.43,False,14.4878,1,0.2,-
2024-10-07,XLI,6,132.30819702148438,13.0,LIME,2,False,0.45,0.45,0.08,0.086627,0.038982,3898.21,False,16.0538,0,0.2,-
2024-10-08,ITA,1,149.888427734375,16.0,LIME,1,False,0.6,0.6,0.31,0.337645,0.202587,20258.68,False,18.6402,0,0.2,-
2024-10-08,FXI,2,32.03394317626953,14.5,LIME,3,False,0.5,0.5,0.25,0.219877,0.109939,10993.87,False,41.7505,1,0.2,-
2024-10-08,LIT,3,46.47316360473633,14.5,GREEN,1,False,0.55,0.55,0.16,0.148128,0.08147,8147.04,False,39.9872,0,0.2,-
2024-10-08,EWH,4,17.431440353393555,14.0,-,3,False,0.5,0.5,0.1,0.098298,0.049149,4914.91,False,29.8082,1,0.2,-
2024-10-08,XAR,5,157.01649475097656,13.5,LIME,2,False,0.45,0.45,0.1,0.108918,0.049013,4901.29,False,19.0656,0,0.2,-
2024-10-08,XLI,6,132.60179138183594,12.5,LIME,1,False,0.4,0.4,0.08,0.087134,0.034854,3485.36,False,15.9899,0,0.2,-
2024-10-09,ITA,1,150.34388732910156,16.0,LIME,1,False,0.85,0.6,0.31,0.32697,0.277924,27792.43,False,18.6384,0,0.85,LIME
2024-10-09,QMOM,2,63.910919189453125,16.0,LIME,1,False,0.85,0.6,0.25,0.250501,0.212926,21292.59,False,23.583,0,0.85,LIME
2024-10-09,LIT,3,45.30415344238281,14.0,GREEN,2,False,0.85,0.5,0.16,0.143445,0.121928,12192.81,False,40.1807,0,0.85,LIME
2024-10-09,XLI,4,133.78610229492188,14.0,LIME,1,False,0.85,0.55,0.1,0.105474,0.089653,8965.3,False,15.9024,0,0.85,LIME
2024-10-09,XAR,5,157.39328002929688,13.75,LIME,1,False,0.85,0.5,0.1,0.105474,0.089653,8965.3,False,19.0164,0,0.85,LIME
2024-10-09,FXI,6,31.51494026184082,12.5,-,3,False,0.85,0.35,0.08,0.068136,0.057916,5791.58,False,41.7958,1,0.85,LIME
2024-10-10,ITA,1,148.90818786621094,14.5,-,3,False,0.85,0.5,0.33,0.339681,0.288729,28872.88,False,18.7467,0,0.85,LIME
2024-10-10,QMOM,2,62.978981018066406,14.5,-,3,False,0.85,0.5,0.27,0.264025,0.224421,22442.1,False,23.7788,0,0.85,LIME
2024-10-10,XLI,3,133.10096740722656,14.0,LIME,1,False,0.85,0.55,0.2,0.205867,0.174987,17498.71,False,15.9389,0,0.85,LIME
2024-10-10,LIT,4,45.314064025878906,13.25,GREEN,2,False,0.85,0.45,0.1,0.087494,0.07437,7436.95,False,40.1129,0,0.85,LIME
2024-10-10,XAR,5,155.67784118652344,11.5,-,3,False,0.85,0.3,0.1,0.102934,0.087494,8749.36,False,19.1811,0,0.85,LIME
2024-10-11,PDP,1,105.89695739746094,16.0,LIME,1,False,0.85,0.6,0.31,0.327315,0.278218,27821.77,False,21.417,0,0.85,LIME
2024-10-11,PTF,2,66.57310485839844,15.75,LIME,1,False,0.85,0.6,0.25,0.224369,0.190714,19071.38,False,42.7892,0,0.85,LIME
2024-10-11,XLI,3,135.47933959960938,15.5,LIME,1,False,0.85,0.6,0.16,0.168937,0.143596,14359.62,False,16.2334,0,0.85,LIME
2024-10-11,ITA,4,151.3538360595703,14.5,-,1,False,0.85,0.55,0.1,0.105585,0.089748,8974.77,False,18.9529,0,0.85,LIME
2024-10-11,QMOM,5,64.25426483154297,14.5,-,1,False,0.85,0.55,0.1,0.105585,0.089748,8974.77,False,24.0814,0,0.85,LIME
2024-10-11,LIT,6,44.48188400268555,11.25,GREEN,3,False,0.85,0.3,0.08,0.068208,0.057977,5797.7,False,40.0321,1,0.85,LIME
2024-10-14,XLI,1,136.2917022705078,16.0,LIME,1,False,0.85,0.6,0.31,0.325973,0.277077,27707.68,False,15.5595,0,0.85,LIME
2024-10-14,ARKF,2,31.222700119018555,16.0,LIME,1,False,0.85,0.6,0.25,0.236593,0.201104,20110.41,False,29.8602,0,0.85,LIME
2024-10-14,PTF,3,66.89230346679688,16.0,LIME,1,False,0.85,0.6,0.16,0.143007,0.121556,12155.63,False,42.7535,0,0.85,LIME
2024-10-14,PDP,4,106.97367095947266,16.0,LIME,1,False,0.85,0.6,0.1,0.105152,0.08938,8937.96,False,21.3931,0,0.85,LIME
2024-10-14,ITA,5,152.23504638671875,14.5,-,1,False,0.85,0.55,0.1,0.105152,0.08938,8937.96,False,18.3512,0,0.85,LIME
2024-10-14,QMOM,6,64.64665985107422,14.5,-,1,False,0.85,0.55,0.08,0.084122,0.071504,7150.37,False,23.8808,0,0.85,LIME
2024-10-15,XLI,1,135.2444305419922,16.0,LIME,1,False,0.6,0.6,0.31,0.318602,0.191161,19116.14,False,15.4027,0,0.2,-
2024-10-15,XLF,2,45.82421112060547,16.0,LIME,1,False,0.6,0.6,0.25,0.256937,0.154162,15416.24,False,15.6162,0,0.2,-
2024-10-15,PDP,3,105.82716369628906,16.0,LIME,1,False,0.6,0.6,0.16,0.16444,0.098664,9866.39,False,20.5045,0,0.2,-
2024-10-15,ARKF,4,31.11279487609864,16.0,LIME,1,False,0.6,0.6,0.1,0.087359,0.052415,5241.52,False,29.5527,0,0.2,-
2024-10-15,ITA,5,151.45285034179688,14.5,-,1,False,0.55,0.55,0.1,0.102775,0.056526,5652.62,False,18.1788,0,0.2,-
2024-10-15,PTF,6,66.00453186035156,15.0,LIME,2,False,0.55,0.55,0.08,0.069887,0.038438,3843.78,False,41.0263,0,0.2,-
2024-10-16,ITA,1,153.16580200195312,16.0,LIME,1,False,0.6,0.6,0.31,0.317786,0.190671,19067.15,False,18.1881,0,0.2,-
2024-10-16,QMOM,2,65.3627700805664,16.0,-,1,False,0.6,0.6,0.25,0.243465,0.146079,14607.89,False,22.4683,0,0.2,-
2024-10-16,XAR,3,161.86532592773438,16.0,LIME,1,False,0.6,0.6,0.16,0.164018,0.098411,9841.11,False,18.5758,0,0.2,-
2024-10-16,XLI,4,136.2917022705078,16.0,LIME,1,False,0.6,0.6,0.1,0.102512,0.061507,6150.69,False,15.3344,0,0.2,-
2024-10-16,XLF,5,46.39090347290039,16.0,LIME,1,False,0.6,0.6,0.1,0.102512,0.061507,6150.69,False,15.5369,0,0.2,-
2024-10-16,ARKF,6,31.332603454589844,16.0,LIME,1,False,0.6,0.6,0.08,0.069708,0.041825,4182.47,False,29.0683,0,0.2,-
2024-10-17,ITA,1,153.3737030029297,16.0,LIME,1,False,0.6,0.6,0.31,0.316004,0.189602,18960.24,False,18.1054,0,0.3,-
2024-10-17,XLF,2,46.51792144775391,16.0,LIME,1,False,0.6,0.6,0.25,0.254842,0.152905,15290.52,False,15.354,0,0.3,-
2024-10-17,XLI,3,135.9002227783203,16.0,LIME,1,False,0.6,0.6,0.16,0.163099,0.097859,9785.93,False,15.2931,0,0.3,-
2024-10-17,XAR,4,161.52816772460938,16.0,LIME,1,False,0.6,0.6,0.1,0.101937,0.061162,6116.21,False,18.4057,0,0.3,-
2024-10-17,ARKF,5,31.13277816772461,16.0,LIME,1,False,0.6,0.6,0.1,0.086646,0.051988,5198.78,False,29.0159,0,0.3,-
2024-10-17,QMOM,6,64.48969268798828,15.0,-,2,False,0.55,0.55,0.08,0.077472,0.04261,4260.96,False,22.6824,0,0.3,-
2024-10-18,ARKF,1,31.87213134765625,16.0,LIME,1,False,0.6,0.6,0.31,0.283486,0.170091,17009.14,False,29.3441,0,0.4,-
2024-10-18,ITA,2,153.33412170410156,16.0,LIME,1,False,0.6,0.6,0.25,0.268962,0.161377,16137.71,False,17.9765,0,0.4,-
2024-10-18,ARKW,3,87.31012725830078,16.0,LIME,1,False,0.6,0.6,0.16,0.146315,0.087789,8778.91,False,34.2489,0,0.4,-
2024-10-18,XLI,4,136.311279296875,16.0,-,1,False,0.6,0.6,0.1,0.107585,0.064551,6455.08,False,15.2003,0,0.4,-
2024-10-18,XLF,5,46.52769470214844,16.0,LIME,1,False,0.6,0.6,0.1,0.107585,0.064551,6455.08,False,15.3373,0,0.4,-
2024-10-18,XAR,6,161.61740112304688,16.0,LIME,1,False,0.6,0.6,0.08,0.086068,0.051641,5164.07,False,18.2102,0,0.4,-
2024-10-21,ARKF,1,31.652324676513672,16.0,LIME,1,False,0.6,0.6,0.31,0.287664,0.172598,17259.83,False,29.3437,0,0.4,-
2024-10-21,ARKW,2,86.47306823730469,16.0,LIME,1,False,0.6,0.6,0.25,0.231987,0.139192,13919.21,False,34.2893,0,0.4,-
2024-10-21,GLD,3,251.22000122070312,15.5,LIME,1,True,1.0,,0.16,0.174672,0.174672,17467.25,False,13.3292,0,0.4,-
2024-10-21,ITA,4,154.07672119140625,16.0,LIME,1,False,0.6,0.6,0.1,0.10917,0.065502,6550.22,False,17.2496,0,0.4,-
2024-10-21,XAR,5,162.55943298339844,16.0,LIME,1,False,0.6,0.6,0.1,0.10917,0.065502,6550.22,False,17.9128,0,0.4,-
2024-10-21,XLF,6,46.15640640258789,15.0,LIME,2,False,0.55,0.55,0.08,0.087336,0.048035,4803.49,False,15.4586,0,0.4,-
2024-10-22,ARKF,1,31.54241943359375,16.0,LIME,1,False,0.6,0.6,0.31,0.31049,0.186294,18629.41,False,27.6638,0,0.4,-
2024-10-22,GLD,2,253.92999267578125,15.5,LIME,1,True,1.0,,0.25,0.263574,0.263574,26357.41,False,13.3974,0,0.4,-
2024-10-22,JETS,3,22.356884002685547,15.0,LIME,1,False,0.6,0.6,0.16,0.151819,0.091091,9109.12,False,28.4756,0,0.4,-
2024-10-22,ARKW,4,86.0693130493164,15.0,LIME,2,False,0.55,0.55,0.1,0.089615,0.049288,4928.84,False,32.7446,0,0.4,-
2024-10-22,XAR,5,159.64418029785156,14.5,-,3,False,0.5,0.5,0.1,0.100158,0.050079,5007.91,False,17.7614,1,0.4,-
2024-10-22,XLF,6,46.06847381591797,14.0,LIME,2,False,0.5,0.5,0.08,0.084344,0.042172,4217.19,False,15.1647,0,0.4,-
2024-10-23,SLV,1,30.709999084472656,15.0,LIME,1,True,1.0,,0.31,0.284174,0.248878,24887.84,False,32.4278,0,0.3,-
2024-10-23,JETS,2,22.456069946289062,15.0,LIME,1,False,0.6,0.6,0.25,0.256134,0.15368,15368.02,False,28.1041,0,0.3,-
2024-10-23,GLD,3,250.8699951171875,15.0,LIME,2,True,1.0,,0.16,0.172553,0.151122,15112.16,False,13.2211,0,0.3,-
2024-10-23,ARKF,4,30.8530216217041,13.75,LIME,3,False,0.45,0.45,0.1,0.097331,0.043799,4379.89,False,28.0326,1,0.3,-
2024-10-23,XLF,5,46.029396057128906,12.25,LIME,2,False,0.35,0.35,0.1,0.107846,0.037746,3774.6,False,15.1676,0,0.3,-
2024-10-23,XAR,6,158.81124877929688,12.5,-,3,False,0.35,0.35,0.08,0.081963,0.028687,2868.7,False,17.5905,1,0.3,-
2024-10-24,GLD,1,252.8000030517578,15.0,LIME,1,True,1.0,,0.35,0.35533,0.220472,22047.24,False,13.1608,0,0.4,-
2024-10-24,SLV,2,30.690000534057617,14.5,LIME,2,True,1.0,,0.3,0.28934,0.179528,17952.76,False,32.4369,0,0.4,-
2024-10-24,JETS,3,22.18826484680176,14.25,LIME,2,False,0.5,0.5,0.25,0.253807,0.126904,12690.36,False,28.2599,0,0.4,-
2024-10-24,ARKF,4,31.39255142211914,12.5,LIME,2,False,0.4,0.35,0.1,0.101523,0.040609,4060.91,False,28.1008,0,0.4,-
2024-10-25,GLD,1,253.32000732421875,14.75,LIME,1,True,1.0,,0.45,0.455696,0.261818,26181.82,False,13.1405,0,0.4,-
2024-10-25,JETS,2,22.356884002685547,13.75,LIME,1,False,0.5,0.5,0.3,0.303797,0.151899,15189.87,False,28.0269,0,0.4,-
2024-10-25,SLV,3,30.6299991607666,13.25,LIME,2,True,1.0,,0.25,0.240506,0.138182,13818.18,False,32.4393,0,0.4,-
2024-10-28,GLD,1,253.3300018310547,14.5,LIME,1,True,1.0,,0.35,0.35,0.311111,31111.11,False,13.0528,0,0.4,-
2024-10-28,JETS,2,22.84290313720703,13.75,LIME,1,False,0.5,0.5,0.3,0.3,0.15,15000.0,False,28.1041,0,0.4,-
2024-10-28,ARKW,3,88.41307067871094,11.75,LIME,1,False,0.4,0.35,0.25,0.25,0.1,10000.0,False,33.1751,0,0.4,-
2024-10-28,SLV,4,30.729999542236328,11.5,LIME,2,True,1.0,,0.1,0.1,0.088889,8888.89,False,32.3449,0,0.4,-
2024-10-29,GLD,1,256.0899963378906,15.5,LIME,1,True,1.0,,0.45,0.456853,0.456853,45685.28,False,12.7696,0,0.85,LIME
2024-10-29,ARKW,2,89.32891082763672,14.5,LIME,1,False,0.85,0.55,0.3,0.28934,0.245939,24593.91,False,33.1241,0,0.85,LIME
2024-10-29,JETS,3,22.6147689819336,14.0,LIME,1,False,0.85,0.55,0.25,0.253807,0.215736,21573.6,False,28.189,0,0.85,LIME
2024-10-30,JETS,1,22.872657775878903,15.0,LIME,1,False,0.85,0.6,0.45,0.456853,0.388325,38832.49,False,26.4021,0,0.85,LIME
2024-10-30,ARKW,2,89.32891082763672,14.75,LIME,1,False,0.85,0.55,0.3,0.28934,0.245939,24593.91,False,32.4283,0,0.85,LIME
2024-10-30,GLD,3,257.5,15.5,LIME,1,True,1.0,,0.25,0.253807,0.253807,25380.71,False,12.7406,0,0.85,LIME
2024-10-31,JETS,1,22.55525779724121,14.75,-,2,False,0.5,0.5,0.35,0.33753,0.168765,16876.51,False,24.9057,0,0.3,-
2024-10-31,XLC,2,90.40937042236328,15.5,LIME,1,False,0.6,0.6,0.3,0.321457,0.192874,19287.44,False,13.7928,0,0.3,-
2024-10-31,GLD,3,253.509994506836,14.75,-,2,True,1.0,,0.25,0.254487,0.254487,25448.7,False,13.1969,1,0.3,-
2024-10-31,ARKW,4,85.6360092163086,12.5,-,4,False,0.3,0.3,0.1,0.086526,0.025958,2595.77,False,33.1027,1,0.3,-
2024-11-01,JETS,1,22.9619255065918,15.0,-,1,False,0.6,0.6,0.35,0.341463,0.204878,20487.8,False,23.6025,0,0.4,-
2024-11-01,XLC,2,90.76299285888672,16.0,LIME,1,False,0.6,0.6,0.3,0.325203,0.195122,19512.2,False,12.3715,0,0.4,-
2024-11-01,IBIT,3,39.369998931884766,13.25,GREEN,2,False,0.45,0.45,0.25,0.230352,0.103659,10365.85,False,49.1734,0,0.4,-
2024-11-01,GLD,4,252.47000122070312,13.0,-,3,True,1.0,,0.1,0.102981,0.102981,10298.1,False,12.9196,1,0.4,-
2024-11-04,XLC,1,90.4584732055664,14.75,-,2,False,0.5,0.5,0.55,0.575916,0.287958,28795.81,False,12.2505,0,0.3,-
2024-11-04,JETS,2,22.65444564819336,13.5,-,2,False,0.45,0.45,0.45,0.424084,0.190838,19083.77,False,23.7068,0,0.3,-
2024-11-05,XLC,1,91.4604034423828,14.75,-,1,False,0.55,0.55,0.55,0.575916,0.316754,31675.39,False,12.3096,0,0.4,-
2024-11-05,JETS,2,23.15038299560547,13.5,-,1,False,0.5,0.5,0.45,0.424084,0.212042,21204.19,False,23.5572,0,0.4,-
2024-11-06,JETS,1,24.31087875366211,14.5,-,1,False,0.85,0.55,0.45,0.424084,0.360471,36047.12,False,24.2825,0,0.85,LIME
2024-11-06,XLY,2,103.40773010253906,14.5,LIME,1,False,0.85,0.55,0.3,0.314136,0.267016,26701.57,False,19.1153,0,0.85,LIME
2024-11-06,XLC,3,93.70984649658205,14.75,LIME,1,False,0.85,0.55,0.25,0.26178,0.222513,22251.31,False,12.619,0,0.85,LIME
2024-11-07,XLY,1,104.73600769042967,15.25,LIME,1,False,0.85,0.6,0.45,0.463918,0.39433,39432.99,False,19.215,0,0.85,LIME
2024-11-07,JETS,2,23.95380210876465,14.5,-,1,False,0.85,0.55,0.3,0.278351,0.236598,23659.79,False,24.5981,0,0.85,LIME
2024-11-07,XLC,3,94.9376983642578,14.75,LIME,1,False,0.85,0.55,0.25,0.257732,0.219072,21907.22,False,12.7477,0,0.85,LIME
2024-11-08,JETS,1,24.251365661621094,16.0,-,1,False,0.85,0.6,0.45,0.43734,0.371739,37173.91,False,23.9891,0,0.85,LIME
2024-11-08,XLY,2,106.2222900390625,16.0,LIME,1,False,0.85,0.6,0.3,0.306905,0.26087,26086.96,False,19.2821,0,0.85,LIME
2024-11-08,XLC,3,94.47602081298828,16.0,LIME,1,False,0.85,0.6,0.25,0.255754,0.217391,21739.13,False,12.6951,0,0.85,LIME
2024-11-11,JETS,1,24.80681610107422,16.0,-,1,False,0.85,0.6,0.35,0.326425,0.277461,27746.11,False,24.1986,0,0.85,LIME
2024-11-11,XLY,2,108.36530303955078,16.0,LIME,1,False,0.85,0.6,0.3,0.310881,0.264249,26424.87,False,19.0844,0,0.85,LIME
2024-11-11,XLF,3,48.74562454223633,16.0,LIME,1,False,0.85,0.6,0.25,0.259067,0.220207,22020.73,False,17.6238,0,0.85,LIME
2024-11-11,XLC,4,95.00645446777344,16.0,LIME,1,False,0.85,0.6,0.1,0.103627,0.088083,8808.29,False,12.5224,0,0.85,LIME
2024-11-12,JETS,1,24.5191707611084,16.0,-,1,False,0.85,0.6,0.31,0.314805,0.267584,26758.42,False,24.3295,0,0.85,LIME
2024-11-12,ARKF,2,37.92683792114258,16.0,LIME,1,False,0.85,0.6,0.25,0.240513,0.204436,20443.61,False,30.0517,0,0.85,LIME
2024-11-12,ARKW,3,103.80510711669922,16.0,LIME,1,False,0.85,0.6,0.16,0.145377,0.12357,12357.03,False,32.2506,0,0.85,LIME
2024-11-12,XLY,4,106.91851806640624,16.0,LIME,1,False,0.85,0.6,0.1,0.106895,0.090861,9086.05,False,19.3002,0,0.85,LIME
2024-11-12,XLF,5,48.599063873291016,16.0,LIME,1,False,0.85,0.6,0.1,0.106895,0.090861,9086.05,False,17.5507,0,0.85,LIME
2024-11-12,XLC,6,95.43865966796876,16.0,LIME,1,False,0.85,0.6,0.08,0.085516,0.072688,7268.84,False,12.4334,0,0.85,LIME
2024-11-13,ARKF,1,37.557159423828125,16.0,LIME,1,False,0.8,0.6,0.31,0.314805,0.251844,25184.39,False,29.8382,0,0.8,LIME
2024-11-13,ARKW,2,103.01728057861328,16.0,LIME,1,False,0.8,0.6,0.25,0.240513,0.19241,19241.05,False,32.0431,0,0.8,LIME
2024-11-13,ARKK,3,55.84000015258789,16.0,LIME,1,False,0.8,0.6,0.16,0.145377,0.116301,11630.14,False,37.2054,0,0.8,LIME
2024-11-13,XLY,4,107.83201599121094,16.0,LIME,1,False,0.8,0.6,0.1,0.106895,0.085516,8551.58,False,18.4391,0,0.8,LIME
2024-11-13,XLF,5,48.62837600708008,16.0,LIME,1,False,0.8,0.6,0.1,0.106895,0.085516,8551.58,False,17.4982,0,0.8,LIME
2024-11-13,XLC,6,95.47795104980467,16.0,LIME,1,False,0.8,0.6,0.08,0.085516,0.068413,6841.26,False,12.359,0,0.8,LIME
2024-11-14,IBIT,1,49.72999954223633,16.0,LIME,1,False,0.8,0.6,0.31,0.277807,0.222246,22224.57,False,53.5744,0,0.8,LIME
2024-11-14,ARKF,2,36.87775421142578,16.0,LIME,1,False,0.8,0.6,0.25,0.263574,0.210859,21085.93,False,30.1508,0,0.8,LIME
2024-11-14,XLC,3,95.3698959350586,16.0,LIME,1,False,0.8,0.6,0.16,0.168687,0.13495,13494.99,False,12.3733,0,0.8,LIME
2024-11-14,ARKW,4,100.92955780029295,15.0,LIME,2,False,0.8,0.55,0.1,0.10543,0.084344,8434.37,False,32.4119,0,0.8,LIME
2024-11-14,ARKK,5,53.84999847412109,14.75,LIME,2,False,0.8,0.5,0.1,0.100158,0.080127,8012.65,False,38.0443,0,0.8,LIME
2024-11-14,XLY,6,106.3012924194336,14.75,LIME,2,False,0.8,0.5,0.08,0.084344,0.067475,6747.5,False,18.7546,0,0.8,LIME
2024-11-15,IBIT,1,52.130001068115234,16.0,LIME,1,False,0.6,0.6,0.31,0.280111,0.168066,16806.63,False,54.0773,0,0.4,LIME
2024-11-15,ARKF,2,36.96767425537109,14.75,LIME,2,False,0.5,0.5,0.25,0.26576,0.13288,13287.98,False,30.0738,0,0.4,LIME
2024-11-15,XLE,3,45.15767288208008,15.5,LIME,1,True,1.0,,0.16,0.170086,0.170086,17008.61,False,20.1611,0,0.4,LIME
2024-11-15,ARKW,4,100.8507843017578,13.75,LIME,2,False,0.45,0.45,0.1,0.106304,0.047837,4783.67,False,32.3402,0,0.4,LIME
2024-11-15,XLC,5,93.46427154541016,14.0,LIME,3,False,0.5,0.5,0.1,0.100989,0.050494,5049.43,False,12.9782,1,0.4,LIME
2024-11-15,ARKK,6,53.459999084472656,13.0,-,2,False,0.45,0.45,0.08,0.076751,0.034538,3453.81,False,37.9002,1,0.4,LIME
2024-11-18,IBIT,1,52.130001068115234,16.0,LIME,1,False,0.6,0.6,0.31,0.277514,0.166509,16650.87,False,54.0975,0,0.6,LIME
2024-11-18,XLE,2,45.75831604003906,15.75,LIME,1,True,1.0,,0.25,0.263296,0.263296,26329.65,False,19.5381,0,0.6,LIME
2024-11-18,EWS,3,21.101226806640625,15.25,LIME,1,False,0.6,0.6,0.16,0.16851,0.101106,10110.58,False,14.3528,0,0.6,LIME
2024-11-18,ARKF,4,37.69703674316406,14.5,LIME,1,False,0.6,0.55,0.1,0.105319,0.063191,6319.12,False,30.0688,0,0.6,LIME
2024-11-18,ARKW,5,103.14530181884766,13.0,LIME,1,False,0.6,0.5,0.1,0.105319,0.063191,6319.12,False,32.4082,0,0.6,LIME
2024-11-18,ARKK,6,55.11000061035156,12.25,-,1,False,0.6,0.4,0.08,0.080042,0.048025,4802.53,False,38.1767,0,0.6,LIME
2024-11-19,IBIT,1,52.70000076293945,16.0,LIME,1,False,0.6,0.6,0.31,0.277514,0.166509,16650.87,False,53.7974,0,0.6,LIME
2024-11-19,XLE,2,45.46752548217773,16.0,LIME,1,True,1.0,,0.25,0.263296,0.263296,26329.65,False,19.6004,0,0.6,LIME
2024-11-19,EWS,3,21.33475112915039,15.5,LIME,1,False,0.6,0.6,0.16,0.16851,0.101106,10110.58,False,14.4734,0,0.6,LIME
2024-11-19,ARKF,4,38.19660186767578,14.5,LIME,1,False,0.6,0.55,0.1,0.105319,0.063191,6319.12,False,29.9958,0,0.6,LIME
2024-11-19,ARKW,5,104.74063873291016,13.0,LIME,1,False,0.6,0.5,0.1,0.105319,0.063191,6319.12,False,32.2233,0,0.6,LIME
2024-11-19,ARKK,6,55.91999816894531,11.5,-,1,False,0.6,0.35,0.08,0.080042,0.048025,4802.53,False,38.0198,0,0.6,LIME
2024-11-20,IBIT,1,53.720001220703125,16.0,LIME,1,False,0.8,0.6,0.31,0.277514,0.222012,22201.16,False,53.5217,0,0.8,LIME
2024-11-20,EWS,2,21.316068649291992,15.75,LIME,1,False,0.8,0.6,0.25,0.263296,0.210637,21063.72,False,14.288,0,0.8,LIME
2024-11-20,XLE,3,45.92516326904297,16.0,LIME,1,True,1.0,,0.16,0.16851,0.16851,16850.97,False,19.6767,0,0.8,LIME
2024-11-20,ARKF,4,38.0966911315918,14.5,LIME,1,False,0.8,0.55,0.1,0.105319,0.084255,8425.49,False,29.7007,0,0.8,LIME
2024-11-20,ARKW,5,104.24825286865234,14.0,LIME,1,False,0.8,0.55,0.1,0.105319,0.084255,8425.49,False,31.7912,0,0.8,LIME
2024-11-20,ARKK,6,55.27999877929688,11.5,-,1,False,0.8,0.35,0.08,0.080042,0.064034,6403.37,False,37.5395,0,0.8,LIME
2024-11-21,IBIT,1,55.900001525878906,16.0,LIME,1,False,0.8,0.6,0.31,0.277514,0.222012,22201.16,False,53.0354,0,0.8,LIME
2024-11-21,ARKF,2,38.31649398803711,15.75,LIME,1,False,0.8,0.6,0.25,0.263296,0.210637,21063.72,False,29.3273,0,0.8,LIME
2024-11-21,EWS,3,21.362773895263672,16.0,LIME,1,False,0.8,0.6,0.16,0.16851,0.134808,13480.78,False,13.5834,0,0.8,LIME
2024-11-21,ARKW,4,104.8095703125,15.25,LIME,1,False,0.8,0.6,0.1,0.105319,0.084255,8425.49,False,31.0327,0,0.8,LIME
2024-11-21,XLE,5,46.29698944091797,16.0,LIME,1,True,1.0,,0.1,0.105319,0.105319,10531.86,False,19.5333,0,0.8,LIME
2024-11-21,ARKK,6,54.77000045776367,11.5,-,3,False,0.8,0.3,0.08,0.080042,0.064034,6403.37,False,36.6793,0,0.8,LIME
2024-11-22,IBIT,1,56.4900016784668,16.0,LIME,1,False,0.8,0.6,0.31,0.277514,0.222012,22201.16,False,52.9763,0,0.8,LIME
2024-11-22,ARKF,2,38.79607772827149,16.0,LIME,1,False,0.8,0.6,0.25,0.263296,0.210637,21063.72,False,29.259,0,0.8,LIME
2024-11-22,ARKW,3,106.69049072265624,16.0,LIME,1,False,0.8,0.6,0.16,0.16851,0.134808,13480.78,False,30.8843,0,0.8,LIME
2024-11-22,XLE,4,46.36849212646485,16.0,LIME,1,True,1.0,,0.1,0.105319,0.105319,10531.86,False,19.4721,0,0.8,LIME
2024-11-22,EWS,5,21.24134063720703,15.0,LIME,2,False,0.8,0.55,0.1,0.105319,0.084255,8425.49,False,13.486,0,0.8,LIME
2024-11-22,ARKK,6,56.209999084472656,11.5,-,1,False,0.8,0.35,0.08,0.080042,0.064034,6403.37,False,36.8601,0,0.8,LIME
2024-11-25,ARKF,1,39.175743103027344,16.0,LIME,1,False,0.85,0.6,0.31,0.320579,0.272492,27249.22,False,29.2706,0,0.85,LIME
2024-11-25,ARKW,2,106.1390151977539,16.0,LIME,1,False,0.85,0.6,0.25,0.258532,0.219752,21975.18,False,30.8947,0,0.85,LIME
2024-11-25,IBIT,3,54.02000045776367,15.0,LIME,2,False,0.85,0.55,0.16,0.140641,0.119545,11954.5,False,53.6943,0,0.85,LIME
2024-11-25,EWS,4,21.129249572753903,14.0,LIME,2,False,0.85,0.5,0.1,0.103413,0.087901,8790.07,False,13.5589,0,0.85,LIME
2024-11-25,XLE,5,45.45323181152344,14.0,LIME,3,True,1.0,,0.1,0.098242,0.098242,9824.2,False,19.81,1,0.85,LIME
2024-11-25,ARKK,6,57.02999877929688,11.0,-,1,False,0.85,0.35,0.08,0.078594,0.066805,6680.46,False,36.8647,0,0.85,LIME
2024-11-26,ARKF,1,38.71614837646485,16.0,LIME,1,False,0.85,0.6,0.31,0.317379,0.269772,26977.22,False,28.8417,0,0.85,LIME
2024-11-26,XLF,2,49.98649215698242,16.0,LIME,1,False,0.85,0.6,0.25,0.255951,0.217558,21755.82,False,17.729,0,0.85,LIME
2024-11-26,EIS,3,72.93017578125,16.0,LIME,1,False,0.85,0.6,0.16,0.163809,0.139237,13923.73,False,18.2748,0,0.85,LIME
2024-11-26,ARKW,4,104.76033020019533,15.0,-,2,False,0.85,0.55,0.1,0.10238,0.087023,8702.33,False,30.6102,0,0.85,LIME
2024-11-26,IBIT,5,51.70000076293945,13.0,-,3,False,0.85,0.45,0.1,0.082672,0.070271,7027.13,False,53.2912,1,0.85,LIME
2024-11-26,ARKK,6,56.20000076293945,11.0,-,1,False,0.85,0.35,0.08,0.077809,0.066138,6613.77,False,36.5798,0,0.85,LIME
2024-11-27,ARKF,1,39.19572830200195,16.0,LIME,1,False,0.8,0.6,0.31,0.279873,0.223898,22389.8,False,28.8718,0,0.8,LIME
2024-11-27,PDP,2,115.51760864257812,16.0,LIME,1,False,0.8,0.6,0.25,0.265534,0.212427,21242.7,False,17.5167,0,0.8,LIME
2024-11-27,XAR,3,172.306640625,16.0,LIME,1,False,0.8,0.6,0.16,0.169942,0.135953,13595.33,False,20.5162,0,0.8,LIME
2024-11-27,XLF,4,50.08419799804688,16.0,LIME,1,False,0.8,0.6,0.1,0.106213,0.084971,8497.08,False,17.6764,0,0.8,LIME
2024-11-27,EIS,5,71.8162841796875,16.0,LIME,1,False,0.8,0.6,0.1,0.106213,0.084971,8497.08,False,18.5626,0,0.8,LIME
2024-11-27,ARKW,6,105.87313079833984,14.75,-,1,False,0.8,0.55,0.08,0.072225,0.05778,5778.01,False,30.6298,0,0.8,LIME
2024-11-29,ARKF,1,39.23569488525391,16.0,LIME,1,False,0.85,0.6,0.31,0.277807,0.236136,23613.6,False,28.8849,0,0.85,LIME
2024-11-29,XLY,2,109.76764678955078,16.0,LIME,1,False,0.85,0.6,0.25,0.263574,0.224038,22403.8,False,17.8757,0,0.85,LIME
2024-11-29,PDP,3,116.38495635986328,16.0,LIME,1,False,0.85,0.6,0.16,0.168687,0.143384,14338.43,False,17.4744,0,0.85,LIME
2024-11-29,XAR,4,175.03347778320312,16.0,LIME,1,False,0.85,0.6,0.1,0.100158,0.085134,8513.44,False,20.7014,0,0.85,LIME
2024-11-29,EIS,5,72.56864166259766,16.0,LIME,1,False,0.85,0.6,0.1,0.10543,0.089615,8961.52,False,18.6102,0,0.85,LIME
2024-11-29,XLF,6,50.1623649597168,16.0,LIME,1,False,0.85,0.6,0.08,0.084344,0.071692,7169.21,False,17.6123,0,0.85,LIME
2024-12-02,ARKF,1,39.39555358886719,16.0,LIME,1,False,0.85,0.6,0.31,0.277807,0.236136,23613.6,False,27.7409,0,0.85,LIME
2024-12-02,XLY,2,110.7255859375,16.0,LIME,1,False,0.85,0.6,0.25,0.263574,0.224038,22403.8,False,17.5918,0,0.85,LIME
2024-12-02,XLC,3,97.4523468017578,16.0,LIME,1,False,0.85,0.6,0.16,0.168687,0.143384,14338.43,False,12.2362,0,0.85,LIME
2024-12-02,EIS,4,72.7152099609375,15.75,LIME,1,False,0.85,0.6,0.1,0.10543,0.089615,8961.52,False,17.265,0,0.85,LIME
2024-12-02,XAR,5,171.6422882080078,15.0,LIME,2,False,0.85,0.55,0.1,0.100158,0.085134,8513.44,False,20.1348,0,0.85,LIME
2024-12-02,PDP,6,115.69705200195312,14.75,LIME,2,False,0.85,0.5,0.08,0.084344,0.071692,7169.21,False,16.0322,0,0.85,LIME
2024-12-03,ARKF,1,39.62535095214844,16.0,LIME,1,False,0.85,0.6,0.31,0.283486,0.240963,24096.29,False,27.655,0,0.85,LIME
2024-12-03,XLY,2,110.64163970947266,16.0,LIME,1,False,0.85,0.6,0.25,0.268962,0.228618,22861.75,False,17.6092,0,0.85,LIME
2024-12-03,ARKK,3,58.9900016784668,15.75,-,1,False,0.85,0.6,0.16,0.146315,0.124368,12436.79,False,35.8399,0,0.85,LIME
2024-12-03,XLC,4,98.23817443847656,16.0,LIME,1,False,0.85,0.6,0.1,0.107585,0.091447,9144.7,False,12.1994,0,0.85,LIME
2024-12-03,EIS,5,73.95611572265625,15.75,LIME,1,False,0.85,0.6,0.1,0.107585,0.091447,9144.7,False,17.5125,0,0.85,LIME
2024-12-03,PDP,6,116.46470642089844,14.5,LIME,1,False,0.85,0.55,0.08,0.086068,0.073158,7315.76,False,16.0372,0,0.85,LIME
2024-12-04,ARKF,1,40.69441604614258,16.0,LIME,1,False,0.85,0.6,0.31,0.313632,0.266587,26658.68,False,27.9596,0,0.85,LIME
2024-12-04,ARKK,2,60.83000183105469,16.0,LIME,1,False,0.85,0.6,0.25,0.226305,0.192359,19235.89,False,36.1386,0,0.85,LIME
2024-12-04,PTF,3,79.7001953125,16.0,LIME,1,False,0.85,0.6,0.16,0.161874,0.137593,13759.32,False,27.7467,0,0.85,LIME
2024-12-04,XLY,4,111.66869354248048,16.0,LIME,1,False,0.85,0.6,0.1,0.106496,0.090522,9052.18,False,17.5748,0,0.85,LIME
2024-12-04,XLC,5,98.4640884399414,16.0,LIME,1,False,0.85,0.6,0.1,0.106496,0.090522,9052.18,False,12.1994,0,0.85,LIME
2024-12-04,EIS,6,74.67916870117188,15.75,LIME,1,False,0.85,0.6,0.08,0.085197,0.072417,7241.75,False,17.5511,0,0.85,LIME
2024-12-05,ARKW,1,113.28848266601562,16.0,LIME,1,False,0.85,0.6,0.31,0.315041,0.267785,26778.46,False,28.8642,0,0.85,LIME
2024-12-05,ARKF,2,40.43464660644531,16.0,LIME,1,False,0.85,0.6,0.25,0.254065,0.215955,21595.53,False,26.7822,0,0.85,LIME
2024-12-05,ARKK,3,60.380001068115234,16.0,LIME,1,False,0.85,0.6,0.16,0.146341,0.12439,12439.02,False,34.6901,0,0.85,LIME
2024-12-05,PTF,4,78.82239532470703,16.0,LIME,1,False,0.85,0.6,0.1,0.101626,0.086382,8638.21,False,26.3348,0,0.85,LIME
2024-12-05,XLY,5,112.58219909667967,16.0,LIME,1,False,0.85,0.6,0.1,0.101626,0.086382,8638.21,False,16.6272,0,0.85,LIME
2024-12-05,XLC,6,98.23817443847656,16.0,-,1,False,0.85,0.6,0.08,0.081301,0.069106,6910.57,False,11.2737,0,0.85,LIME
2024-12-06,ARKW,1,116.8829116821289,16.0,LIME,1,False,0.85,0.6,0.31,0.315041,0.267785,26778.46,False,28.9217,0,0.85,LIME
2024-12-06,ARKF,2,41.55366516113281,16.0,LIME,1,False,0.85,0.6,0.25,0.254065,0.215955,21595.53,False,26.8587,0,0.85,LIME
2024-12-06,ARKK,3,62.900001525878906,16.0,LIME,1,False,0.85,0.6,0.16,0.146341,0.12439,12439.02,False,35.2116,0,0.85,LIME
2024-12-06,PTF,4,80.26876831054688,16.0,LIME,1,False,0.85,0.6,0.1,0.101626,0.086382,8638.21,False,26.4197,0,0.85,LIME
2024-12-06,XLY,5,114.9523468017578,16.0,LIME,1,False,0.85,0.6,0.1,0.101626,0.086382,8638.21,False,16.8492,0,0.85,LIME
2024-12-06,XLC,6,99.1418685913086,16.0,-,1,False,0.85,0.6,0.08,0.081301,0.069106,6910.57,False,11.341,0,0.85,LIME
2024-12-09,ARKW,1,113.6528549194336,16.0,-,1,False,0.85,0.6,0.31,0.320911,0.272774,27277.43,False,29.7398,0,0.85,LIME
2024-12-09,ARKK,2,61.310001373291016,16.0,LIME,1,False,0.85,0.6,0.25,0.232919,0.197981,19798.14,False,35.7281,0,0.85,LIME
2024-12-09,XLY,3,114.58694458007812,16.0,LIME,1,False,0.85,0.6,0.16,0.165631,0.140787,14078.67,False,16.8309,0,0.85,LIME
2024-12-09,ARKF,4,40.274784088134766,15.0,-,2,False,0.85,0.55,0.1,0.10352,0.087992,8799.17,False,27.9016,0,0.85,LIME
2024-12-09,PTF,5,76.6478500366211,14.5,LIME,3,False,0.85,0.5,0.1,0.098344,0.083592,8359.21,False,28.2886,1,0.85,LIME
2024-12-09,XLC,6,97.02996063232422,14.0,-,3,False,0.85,0.5,0.08,0.078675,0.066874,6687.37,False,12.323,1,0.85,LIME
2024-12-10,XLY,1,114.77458953857422,16.0,LIME,1,False,0.8,0.6,0.31,0.32376,0.259008,25900.78,False,16.7829,0,0.8,LIME
2024-12-10,JETS,2,25.263078689575195,15.75,LIME,1,False,0.8,0.6,0.25,0.248042,0.198433,19843.34,False,24.0808,0,0.8,LIME
2024-12-10,DBA,3,25.57445526123047,16.0,LIME,1,True,1.0,,0.16,0.167102,0.167102,16710.18,False,13.1153,0,0.8,LIME
2024-12-10,ARKW,4,112.00827026367188,15.0,-,2,False,0.8,0.55,0.1,0.088773,0.071018,7101.83,False,29.9522,0,0.8,LIME
2024-12-10,ARKK,5,60.59000015258789,15.0,-,2,False,0.8,0.55,0.1,0.088773,0.071018,7101.83,False,35.7484,0,0.8,LIME
2024-12-10,XLC,6,98.55250549316406,14.0,-,1,False,0.8,0.55,0.08,0.083551,0.066841,6684.07,False,12.5939,0,0.8,LIME
2024-12-11,XLY,1,116.78921508789062,16.0,LIME,1,False,0.85,0.6,0.31,0.32376,0.275196,27519.58,False,16.9494,0,0.85,LIME
2024-12-11,JETS,2,25.71934127807617,15.75,LIME,1,False,0.85,0.6,0.25,0.248042,0.210836,21083.55,False,24.1612,0,0.85,LIME
2024-12-11,DBA,3,25.49099922180176,16.0,LIME,1,True,1.0,,0.16,0.167102,0.167102,16710.18,False,13.1219,0,0.85,LIME
2024-12-11,ARKW,4,115.40575408935548,14.75,-,1,False,0.85,0.55,0.1,0.088773,0.075457,7545.69,False,30.1647,0,0.85,LIME
2024-12-11,ARKK,5,61.810001373291016,14.75,-,1,False,0.85,0.55,0.1,0.088773,0.075457,7545.69,False,35.7963,0,0.85,LIME
2024-12-11,XLC,6,100.16344451904295,14.0,-,1,False,0.85,0.55,0.08,0.083551,0.071018,7101.83,False,12.4811,0,0.85,LIME
2024-12-12,XLY,1,115.82140350341795,16.0,LIME,1,False,0.85,0.6,0.31,0.319588,0.271649,27164.95,False,17.0969,0,0.85,LIME
2024-12-12,DBA,2,25.463180541992188,16.0,LIME,1,True,1.0,,0.25,0.257732,0.257732,25773.2,False,13.0295,0,0.85,LIME
2024-12-12,VUG,3,421.3984375,15.0,LIME,1,False,0.85,0.6,0.16,0.164948,0.140206,14020.62,False,14.6763,0,0.85,LIME
2024-12-12,ARKW,4,114.81488037109376,14.5,-,1,False,0.85,0.55,0.1,0.087629,0.074485,7448.45,False,30.2269,0,0.85,LIME
2024-12-12,JETS,5,25.312673568725582,14.25,LIME,2,False,0.85,0.5,0.1,0.087629,0.074485,7448.45,False,24.5139,0,0.85,LIME
2024-12-12,XLC,6,100.35008239746094,14.0,-,1,False,0.85,0.55,0.08,0.082474,0.070103,7010.31,False,12.4039,0,0.85,LIME
2024-12-13,XLY,1,116.28062438964844,16.0,LIME,1,False,0.85,0.6,0.31,0.318602,0.270812,27081.19,False,17.0678,0,0.85,LIME
2024-12-13,XLC,2,99.15168762207033,16.0,-,1,False,0.85,0.6,0.25,0.256937,0.218397,21839.67,False,12.6375,0,0.85,LIME
2024-12-13,DBA,3,25.630090713500977,16.0,LIME,1,True,1.0,,0.16,0.16444,0.16444,16443.99,False,13.0386,0,0.85,LIME
2024-12-13,VUG,4,420.7926330566406,15.0,LIME,1,False,0.85,0.6,0.1,0.102775,0.087359,8735.87,False,14.6467,0,0.85,LIME
2024-12-13,ARKW,5,115.3171157836914,13.75,-,1,False,0.85,0.5,0.1,0.087359,0.074255,7425.49,False,30.1715,0,0.85,LIME
2024-12-13,JETS,6,25.06470489501953,12.25,-,3,False,0.85,0.35,0.08,0.069887,0.059404,5940.39,False,24.6753,0,0.85,LIME
2024-12-16,XLY,1,117.85577392578124,16.0,LIME,1,False,0.85,0.6,0.31,0.327177,0.2781,27810.03,False,17.1867,0,0.85,LIME
2024-12-16,IBIT,2,60.220001220703125,15.5,-,1,False,0.85,0.6,0.25,0.224274,0.190633,19063.32,False,53.2793,0,0.85,LIME
2024-12-16,VUG,3,425.1523132324219,16.0,LIME,1,False,0.85,0.6,0.16,0.168865,0.143536,14353.56,False,14.7355,0,0.85,LIME
2024-12-16,DBA,4,25.74136543273925,16.0,LIME,1,True,1.0,,0.1,0.105541,0.105541,10554.09,False,13.0304,0,0.85,LIME
2024-12-16,ARKW,5,118.2123565673828,14.75,-,1,False,0.85,0.55,0.1,0.08971,0.076253,7625.33,False,30.4033,0,0.85,LIME
2024-12-16,XLC,6,99.53477478027344,15.0,-,2,False,0.85,0.55,0.08,0.084433,0.071768,7176.78,False,12.6326,0,0.85,LIME
2024-12-17,IBIT,1,60.72999954223633,15.75,LIME,1,False,0.85,0.6,0.31,0.280767,0.238652,23865.21,False,53.2542,0,0.85,LIME
2024-12-17,XLY,2,118.22611236572266,16.0,LIME,1,False,0.85,0.6,0.25,0.266383,0.226425,22642.51,False,17.1515,0,0.85,LIME
2024-12-17,VUG,3,423.98046875,16.0,LIME,1,False,0.85,0.6,0.16,0.170485,0.144912,14491.21,False,14.7202,0,0.85,LIME
2024-12-17,DBA,4,25.69500160217285,16.0,LIME,1,True,1.0,,0.1,0.106553,0.106553,10655.3,False,13.0012,0,0.85,LIME
2024-12-17,ARKW,5,118.0547866821289,15.0,-,1,False,0.85,0.6,0.1,0.09057,0.076985,7698.45,False,30.3836,0,0.85,LIME
2024-12-17,XLC,6,98.78824615478516,13.25,-,3,False,0.85,0.45,0.08,0.085242,0.072456,7245.6,False,12.7711,0,0.85,LIME
2024-12-18,DBA,1,25.806276321411133,16.0,LIME,1,True,1.0,,0.33,0.386519,0.386519,38651.87,False,13.011,0,0.3,-
2024-12-18,IBIT,2,57.18000030517578,14.0,-,3,False,0.5,0.5,0.27,0.255366,0.127683,12768.29,False,54.1784,1,0.3,-
2024-12-18,XLY,3,112.8982162475586,14.0,-,3,False,0.5,0.5,0.2,0.163978,0.081989,8198.88,False,19.292,3,0.3,-
2024-12-18,VUG,4,409.71966552734375,12.5,-,4,False,0.3,0.3,0.1,0.099558,0.029867,2986.74,False,15.6994,2,0.3,-
2024-12-18,ARKW,5,110.57050323486328,11.75,-,4,False,0.3,0.25,0.1,0.09458,0.028374,2837.4,False,32.9266,1,0.3,-
2024-12-19,DBA,1,25.342634201049805,14.0,-,3,True,1.0,,0.55,0.635838,0.4,40000.0,False,13.4823,1,0.2,-
2024-12-19,XLY,2,112.7451400756836,12.0,-,3,False,0.35,0.35,0.45,0.364162,0.127457,12745.66,False,19.2836,3,0.2,-
2024-12-20,DBA,1,25.593000411987305,12.5,-,2,True,1.0,,1.0,1.0,0.4,40000.0,False,13.0962,0,0.3,-
2024-12-24,UNG,1,16.139999389648438,11.0,GREEN,1,True,1.0,,1.0,1.0,0.4,40000.0,False,58.5905,0,0.4,-
2024-12-26,EIS,1,75.40327453613281,13.5,-,1,False,0.5,0.5,1.0,1.0,0.5,50000.0,False,16.8194,0,0.3,-
2024-12-27,JETS,1,25.37218475341797,12.0,LIME,2,False,0.35,0.35,0.55,0.55,0.1925,19250.0,False,24.1428,0,0.2,-
2024-12-27,EIS,2,74.46835327148438,11.25,-,4,False,0.25,0.25,0.45,0.45,0.1125,11250.0,False,16.9903,1,0.2,-
2024-12-30,JETS,1,25.233322143554688,11.5,LIME,2,False,0.3,0.3,0.55,0.589812,0.176944,17694.37,False,24.1384,0,0.2,-
2024-12-30,UNG,2,18.030000686645508,11.5,GREEN,1,True,1.0,,0.45,0.410188,0.4,40000.0,False,64.9719,0,0.2,-
2024-12-31,UNG,1,16.809999465942383,11.75,GREEN,1,True,1.0,,1.0,1.0,0.4,40000.0,False,66.4653,0,0.1,PURPLE
2025-01-02,UNG,1,17.010000228881836,14.0,LIME,1,True,1.0,,1.0,1.0,0.4,40000.0,False,66.499,0,0.1,PURPLE
2025-01-03,UNG,1,15.59000015258789,13.5,-,3,True,1.0,,1.0,1.0,0.4,40000.0,False,68.5529,2,0.1,PURPLE
2025-01-06,EIS,1,76.90897369384766,13.25,LIME,1,False,0.5,0.5,0.55,0.589812,0.294906,29490.62,False,15.7232,0,0.2,-
2025-01-06,UNG,2,17.15999984741211,13.25,-,1,True,1.0,,0.45,0.410188,0.4,40000.0,False,70.8522,0,0.2,-
2025-01-07,EIS,1,76.48580169677734,13.5,LIME,1,False,0.2,0.2,0.45,0.518882,0.103776,10377.63,False,15.5682,0,0.1,PURPLE
2025-01-07,UNG,2,15.989999771118164,11.25,-,3,True,1.0,,0.3,0.279331,0.279331,27933.12,False,71.86,1,0.1,PURPLE
2025-01-07,KSA,3,39.84843063354492,11.5,-,2,False,0.2,0.2,0.25,0.201787,0.040357,4035.75,False,11.4166,3,0.1,PURPLE
2025-01-08,EIS,1,76.22008514404297,15.25,-,1,False,0.24,0.24,0.45,0.467532,0.112208,11220.78,False,15.3307,0,0.1,PURPLE
2025-01-08,GREK,2,38.631229400634766,12.75,GREEN,1,False,0.2,0.2,0.3,0.311688,0.062338,6233.77,False,15.6314,0,0.1,PURPLE
2025-01-08,UNG,3,17.110000610351562,11.0,-,1,True,1.0,,0.25,0.220779,0.220779,22077.92,False,73.1169,0,0.1,PURPLE
2025-01-10,JETS,1,26.00698471069336,12.75,LIME,1,False,0.2,0.2,0.35,0.359459,0.071892,7189.19,False,23.3083,0,0.1,PURPLE
2025-01-10,UNG,2,18.420000076293945,12.5,-,1,True,1.0,,0.3,0.275676,0.275676,27567.57,False,74.3456,0,0.1,PURPLE
2025-01-10,EIS,3,75.24581146240234,12.25,-,4,False,0.2,0.2,0.25,0.256757,0.051351,5135.14,False,15.5629,1,0.1,PURPLE
2025-01-10,GREK,4,38.29354476928711,12.75,LIME,2,False,0.2,0.2,0.1,0.108108,0.021622,2162.16,False,15.7073,0,0.1,PURPLE
2025-01-13,UNG,1,18.21999931335449,12.75,LIME,1,True,1.0,,0.33,0.29984,0.203815,20381.47,False,74.3551,0,0.1,PURPLE
2025-01-13,PDBC,2,13.014737129211426,12.5,GREEN,1,True,1.0,,0.27,0.288616,0.196185,19618.53,False,14.5598,0,0.1,PURPLE
2025-01-13,EIS,3,76.26929473876953,12.0,-,1,False,0.2,0.2,0.2,0.213789,0.042758,4275.79,False,15.7106,0,0.1,PURPLE
2025-01-13,JETS,4,25.421777725219727,11.75,-,2,False,0.2,0.2,0.1,0.090861,0.018172,1817.21,False,23.8944,0,0.1,PURPLE
2025-01-13,GREK,5,38.061988830566406,11.5,LIME,2,False,0.2,0.2,0.1,0.106895,0.021379,2137.89,False,15.7073,0,0.1,PURPLE
2025-01-14,UNG,1,18.46999931335449,15.0,LIME,1,True,1.0,,0.35,0.318182,0.199163,19916.32,False,74.1927,0,0.1,PURPLE
2025-01-14,PDBC,2,13.02436351776123,13.75,LIME,1,True,1.0,,0.3,0.320856,0.200837,20083.68,False,14.558,0,0.1,PURPLE
2025-01-14,JETS,3,25.93755340576172,12.5,LIME,1,False,0.2,0.2,0.25,0.254011,0.050802,5080.21,False,24.1023,0,0.1,PURPLE
2025-01-14,EIS,4,77.51912689208984,12.0,LIME,1,False,0.2,0.2,0.1,0.106952,0.02139,2139.04,False,15.9505,0,0.1,PURPLE
2025-01-15,UNG,1,19.1200008392334,15.5,LIME,1,True,1.0,,0.35,0.318182,0.199163,19916.32,False,73.4466,0,0.1,PURPLE
2025-01-15,PDBC,2,13.188010215759276,15.25,LIME,1,True,1.0,,0.3,0.320856,0.200837,20083.68,False,14.4684,0,0.1,PURPLE
2025-01-15,JETS,3,25.81852912902832,13.0,LIME,1,False,0.2,0.2,0.25,0.254011,0.050802,5080.21,False,24.1348,0,0.1,PURPLE
2025-01-15,EIS,4,79.10356140136719,12.0,LIME,1,False,0.2,0.2,0.1,0.106952,0.02139,2139.04,False,16.277,0,0.1,PURPLE
2025-01-16,UNG,1,19.940000534057617,15.75,LIME,1,True,1.0,,0.35,0.31565,0.217352,21735.16,False,73.8086,0,0.1,PURPLE
2025-01-16,EIS,2,79.41847229003906,15.75,LIME,1,False,0.24,0.24,0.3,0.318302,0.076393,7639.26,False,16.2777,0,0.1,PURPLE
2025-01-16,PDBC,3,13.14950466156006,15.5,LIME,1,True,1.0,,0.25,0.265252,0.182648,18264.84,False,13.859,0,0.1,PURPLE
2025-01-16,JETS,4,25.79869270324707,12.75,LIME,1,False,0.2,0.2,0.1,0.100796,0.020159,2015.92,False,24.1487,0,0.1,PURPLE
2025-01-17,EIS,1,80.3533935546875,16.0,LIME,1,False,0.24,0.24,0.35,0.371353,0.089125,8912.47,False,16.3178,0,0.1,PURPLE
2025-01-17,UNG,2,18.34000015258789,14.5,LIME,2,True,1.0,,0.3,0.270557,0.270557,27055.7,False,75.25,0,0.1,PURPLE
2025-01-17,JETS,3,25.977230072021484,14.75,LIME,1,False,0.22,0.22,0.25,0.251989,0.055438,5543.77,False,22.8963,0,0.1,PURPLE
2025-01-17,PDBC,4,13.091747283935549,14.75,LIME,2,True,1.0,,0.1,0.106101,0.106101,10610.08,False,13.8854,0,0.1,PURPLE
2025-01-21,EIS,1,81.23909759521484,16.0,LIME,1,False,0.85,0.6,0.33,0.335025,0.284772,28477.16,False,16.3803,0,0.85,LIME
2025-01-21,XAR,2,179.85403442382812,15.0,LIME,1,False,0.85,0.6,0.27,0.274112,0.232995,23299.49,False,24.8619,0,0.85,LIME
2025-01-21,JETS,3,26.592191696166992,14.75,LIME,1,False,0.85,0.55,0.2,0.203046,0.172589,17258.88,False,23.2681,0,0.85,LIME
2025-01-21,PDBC,4,13.062868118286133,13.75,LIME,2,True,1.0,,0.1,0.101523,0.101523,10152.28,False,13.8976,0,0.85,LIME
2025-01-21,UNG,5,17.729999542236328,12.5,LIME,3,True,1.0,,0.1,0.086294,0.086294,8629.44,False,75.5973,0,0.85,LIME
2025-01-22,EIS,1,81.0521240234375,16.0,LIME,1,False,0.85,0.6,0.33,0.335025,0.284772,28477.16,False,16.4174,0,0.85,LIME
2025-01-22,XAR,2,178.19239807128906,15.5,LIME,1,False,0.85,0.6,0.27,0.274112,0.232995,23299.49,False,24.9592,0,0.85,LIME
2025-01-22,JETS,3,26.264873504638672,15.0,LIME,1,False,0.85,0.6,0.2,0.203046,0.172589,17258.88,False,23.3033,0,0.85,LIME
2025-01-22,UNG,4,18.540000915527344,11.25,LIME,2,True,1.0,,0.1,0.086294,0.086294,8629.44,False,75.8167,0,0.85,LIME
2025-01-22,PDBC,5,13.033989906311035,12.5,LIME,2,True,1.0,,0.1,0.101523,0.101523,10152.28,False,13.8587,0,0.85,LIME
2025-01-23,XAR,1,179.86399841308594,15.75,LIME,1,False,0.85,0.6,0.35,0.35443,0.301266,30126.58,False,24.9933,0,0.85,LIME
2025-01-23,EIS,2,80.08767700195312,15.0,LIME,2,False,0.85,0.55,0.3,0.303797,0.258228,25822.78,False,16.6933,0,0.85,LIME
2025-01-23,SMH,3,266.0222473144531,15.25,LIME,1,False,0.85,0.6,0.25,0.240506,0.20443,20443.04,False,27.6403,0,0.85,LIME
2025-01-23,JETS,4,26.05657958984375,14.25,LIME,2,False,0.85,0.5,0.1,0.101266,0.086076,8607.59,False,23.3937,0,0.85,LIME
2025-01-24,DBA,1,26.407621383666992,16.0,LIME,1,True,1.0,,0.31,0.319258,0.319258,31925.85,False,12.8892,0,0.85,LIME
2025-01-24,XAR,2,178.04315185546875,16.0,LIME,1,False,0.85,0.6,0.25,0.257467,0.218847,21884.65,False,24.7916,0,0.85,LIME
2025-01-24,ARKW,3,117.00108337402344,15.0,LIME,1,False,0.85,0.6,0.16,0.140062,0.119053,11905.25,False,36.4251,0,0.85,LIME
2025-01-24,SMH,4,260.71875,15.0,LIME,2,False,0.85,0.55,0.1,0.097837,0.083162,8316.17,False,27.9373,0,0.85,LIME
2025-01-24,EIS,5,80.146728515625,13.75,LIME,2,False,0.85,0.45,0.1,0.102987,0.087539,8753.86,False,16.6326,0,0.85,LIME
2025-01-24,JETS,6,26.036741256713867,13.75,LIME,2,False,0.85,0.45,0.08,0.082389,0.070031,7003.09,False,23.3901,0,0.85,LIME
2025-01-27,DBA,1,26.3690128326416,16.0,LIME,1,True,1.0,,0.31,0.326815,0.326815,32681.46,False,12.8781,0,0.4,LIME
2025-01-27,EWG,2,33.94550323486328,16.0,LIME,1,False,0.6,0.6,0.25,0.26356,0.158136,15813.61,False,16.1678,0,0.4,LIME
2025-01-27,XAR,3,174.0233917236328,15.0,LIME,2,False,0.55,0.55,0.16,0.14422,0.079321,7932.11,False,25.232,1,0.4,LIME
2025-01-27,ARKW,4,113.86949920654295,14.0,LIME,2,False,0.5,0.5,0.1,0.08513,0.042565,4256.5,False,36.5545,1,0.4,LIME
2025-01-27,JETS,5,26.264873504638672,13.5,LIME,1,False,0.5,0.5,0.1,0.100153,0.050076,5007.64,False,23.4205,0,0.4,LIME
2025-01-27,EIS,6,78.6016616821289,11.5,LIME,3,False,0.4,0.3,0.08,0.080122,0.032049,3204.89,False,16.8787,1,0.4,LIME
2025-01-28,DBA,1,26.600658416748047,16.0,LIME,1,True,1.0,,0.31,0.320745,0.320745,32074.5,False,12.4506,0,0.8,LIME
2025-01-28,EWG,2,33.994686126708984,16.0,LIME,1,False,0.8,0.6,0.25,0.258665,0.206932,20693.22,False,16.0679,0,0.8,LIME
2025-01-28,HYG,3,74.2208023071289,16.0,LIME,1,True,1.0,,0.16,0.165546,0.165546,16554.58,False,4.3848,0,0.8,LIME
2025-01-28,ARKW,4,117.4737777709961,14.0,LIME,1,False,0.8,0.55,0.1,0.087946,0.070357,7035.7,False,36.4909,0,0.8,LIME
2025-01-28,XAR,5,173.3070068359375,12.75,LIME,3,False,0.8,0.35,0.1,0.088464,0.070771,7077.08,False,25.1601,1,0.8,LIME
2025-01-28,JETS,6,25.80861091613769,11.25,-,3,False,0.8,0.3,0.08,0.078634,0.062907,6290.74,False,23.5825,0,0.8,LIME
2025-01-29,DBA,1,26.94812774658203,16.0,LIME,1,True,1.0,,0.33,0.338462,0.338462,33846.15,False,12.6313,0,0.6,LIME
2025-01-29,EWG,2,34.1717414855957,16.0,LIME,1,False,0.6,0.6,0.27,0.276923,0.166154,16615.38,False,16.053,0,0.6,LIME
2025-01-29,XLF,3,50.317413330078125,15.25,LIME,1,False,0.6,0.6,0.2,0.194872,0.116923,11692.31,False,18.9609,0,0.6,LIME
2025-01-29,ARKW,4,118.20250701904295,14.0,LIME,1,False,0.6,0.55,0.1,0.087179,0.052308,5230.77,False,36.4878,0,0.6,LIME
2025-01-29,HYG,5,74.17428588867188,15.0,LIME,2,True,1.0,,0.1,0.102564,0.102564,10256.41,False,4.3808,0,0.6,LIME
2025-01-30,DBA,1,26.755088806152344,16.0,LIME,1,True,1.0,,0.33,0.339681,0.339681,33968.09,False,12.7269,0,0.8,LIME
2025-01-30,XLF,2,50.7982177734375,16.0,LIME,1,False,0.8,0.6,0.27,0.264025,0.21122,21121.98,False,18.9029,0,0.8,LIME
2025-01-30,EWG,3,34.338958740234375,16.0,LIME,1,False,0.8,0.6,0.2,0.205867,0.164694,16469.38,False,15.9808,0,0.8,LIME
2025-01-30,ARKW,4,119.916015625,14.25,LIME,1,False,0.8,0.55,0.1,0.087494,0.069995,6999.49,False,36.4882,0,0.8,LIME
2025-01-30,HYG,5,74.3138427734375,15.0,LIME,1,True,1.0,,0.1,0.102934,0.102934,10293.36,False,4.3696,0,0.8,LIME
2025-01-31,ARKW,1,118.60626983642578,15.5,LIME,1,False,0.8,0.6,0.31,0.283486,0.226789,22678.86,False,36.6118,0,0.8,LIME
2025-01-31,XLF,2,50.503849029541016,16.0,LIME,1,False,0.8,0.6,0.25,0.268962,0.215169,21516.94,False,18.8972,0,0.8,LIME
2025-01-31,ARKF,3,41.663570404052734,15.5,LIME,1,False,0.8,0.6,0.16,0.146315,0.117052,11705.22,False,35.2104,0,0.8,LIME
2025-01-31,DBA,4,26.63926696777344,15.0,LIME,2,True,1.0,,0.1,0.107585,0.107585,10758.47,False,12.6521,0,0.8,LIME
2025-01-31,EWG,5,34.06354141235352,15.0,LIME,2,False,0.8,0.55,0.1,0.107585,0.086068,8606.78,False,16.0442,0,0.8,LIME
2025-01-31,HYG,6,74.16499328613281,13.5,LIME,2,True,1.0,,0.08,0.086068,0.086068,8606.78,False,4.3941,0,0.8,LIME
2025-02-03,XLC,1,101.04428100585938,15.75,LIME,1,False,0.6,0.6,0.31,0.334593,0.200756,20075.55,False,14.9008,0,0.4,LIME
2025-02-03,ARKF,2,41.09407043457031,14.75,LIME,2,False,0.5,0.5,0.25,0.229358,0.114679,11467.89,False,35.3967,0,0.4,LIME
2025-02-03,ARKW,3,116.74504852294922,14.25,LIME,3,False,0.5,0.5,0.16,0.146789,0.073394,7339.45,False,36.8287,0,0.4,LIME
2025-02-03,XLF,4,50.29779052734375,14.5,LIME,2,False,0.5,0.5,0.1,0.107933,0.053967,5396.65,False,18.9219,0,0.4,LIME
2025-02-03,DBA,5,26.677873611450195,13.75,LIME,2,True,1.0,,0.1,0.107933,0.107933,10793.31,False,12.5962,0,0.4,LIME
2025-02-03,EWG,6,33.38482666015625,13.0,LIME,3,False,0.45,0.45,0.08,0.073394,0.033028,3302.75,False,16.418,2,0.4,LIME
2025-02-04,XLC,1,101.95033264160156,16.0,LIME,1,False,0.85,0.6,0.31,0.327177,0.2781,27810.03,False,14.819,0,0.85,LIME
2025-02-04,ARKF,2,41.80344772338867,14.75,LIME,1,False,0.85,0.55,0.25,0.224274,0.190633,19063.32,False,34.4751,0,0.85,LIME
2025-02-04,GLD,3,262.5,16.0,LIME,1,True,1.0,,0.16,0.168865,0.168865,16886.54,False,16.4817,0,0.85,LIME
2025-02-04,ARKW,4,119.6205825805664,14.25,LIME,1,False,0.85,0.55,0.1,0.08971,0.076253,7625.33,False,35.8399,0,0.85,LIME
2025-02-04,DBA,5,26.764741897583008,13.5,LIME,1,True,1.0,,0.1,0.105541,0.105541,10554.09,False,12.583,0,0.85,LIME
2025-02-04,XLF,6,50.1800422668457,12.25,LIME,3,False,0.85,0.35,0.08,0.084433,0.071768,7176.78,False,18.6836,0,0.85,LIME
2025-02-05,GLD,1,264.1300048828125,16.0,LIME,1,True,1.0,,0.31,0.322581,0.322581,32258.06,False,16.491,0,0.85,LIME
2025-02-05,XLC,2,100.96549224853516,15.0,LIME,2,False,0.85,0.55,0.25,0.260146,0.221124,22112.38,False,14.9937,0,0.85,LIME
2025-02-05,ARKF,3,42.24306106567383,14.5,LIME,1,False,0.85,0.55,0.16,0.141519,0.120291,12029.14,False,34.4914,0,0.85,LIME
2025-02-05,ARKW,4,119.77814483642578,14.0,LIME,1,False,0.85,0.55,0.1,0.08845,0.075182,7518.21,False,35.848,0,0.85,LIME
2025-02-05,DBA,5,26.89986991882324,12.75,LIME,1,True,1.0,,0.1,0.104058,0.104058,10405.83,False,12.4612,0,0.85,LIME
2025-02-05,XLF,6,50.70990753173828,12.0,LIME,1,False,0.85,0.4,0.08,0.083247,0.07076,7075.96,False,18.7653,0,0.85,LIME
2025-02-06,GLD,1,263.42999267578125,16.0,LIME,1,True,1.0,,0.31,0.319588,0.319588,31958.76,False,16.5045,0,0.85,LIME
2025-02-06,EWS,2,21.806055068969727,15.0,LIME,1,False,0.85,0.6,0.25,0.257732,0.219072,21907.22,False,14.0786,0,0.85,LIME
2025-02-06,XLC,3,101.39881896972656,15.0,LIME,1,False,0.85,0.6,0.16,0.164948,0.140206,14020.62,False,14.9661,0,0.85,LIME
2025-02-06,ARKF,4,42.00327301025391,13.75,LIME,1,False,0.85,0.5,0.1,0.087629,0.074485,7448.45,False,34.5308,0,0.85,LIME
2025-02-06,ARKW,5,118.64566040039062,12.25,LIME,2,False,0.85,0.35,0.1,0.087629,0.074485,7448.45,False,35.8781,0,0.85,LIME
2025-02-06,DBA,6,26.716482162475582,12.0,LIME,2,True,1.0,,0.08,0.082474,0.082474,8247.42,False,12.5882,0,0.85,LIME
2025-02-07,GLD,1,263.8999938964844,16.0,LIME,1,True,1.0,,0.31,0.322581,0.322581,32258.06,False,16.503,0,0.8,LIME
2025-02-07,EWS,2,21.94024658203125,16.0,LIME,1,False,0.8,0.6,0.25,0.260146,0.208117,20811.65,False,14.0201,0,0.8,LIME
2025-02-07,ARKF,3,41.99327850341797,14.5,LIME,1,False,0.8,0.55,0.16,0.141519,0.113215,11321.54,False,34.1995,0,0.8,LIME
2025-02-07,ARKW,4,119.20697784423828,13.5,LIME,1,False,0.8,0.5,0.1,0.08845,0.07076,7075.96,False,35.4285,0,0.8,LIME
2025-02-07,XLC,5,101.18215942382812,13.75,LIME,2,False,0.8,0.45,0.1,0.104058,0.083247,8324.66,False,14.8683,0,0.8,LIME
2025-02-07,DBA,6,26.61031150817871,11.0,LIME,3,True,1.0,,0.08,0.083247,0.083247,8324.66,False,12.6397,0,0.8,LIME
2025-02-10,GLD,1,268.3699951171875,16.0,LIME,1,True,1.0,,0.31,0.322581,0.322581,32258.06,False,15.5676,0,0.85,LIME
2025-02-10,EWS,2,22.122364044189453,16.0,LIME,1,False,0.85,0.6,0.25,0.260146,0.221124,22112.38,False,13.8922,0,0.85,LIME
2025-02-10,ARKF,3,42.5727767944336,14.75,LIME,1,False,0.85,0.55,0.16,0.141519,0.120291,12029.14,False,31.8622,0,0.85,LIME
2025-02-10,ARKW,4,120.28038024902344,13.75,LIME,1,False,0.85,0.5,0.1,0.08845,0.075182,7518.21,False,32.5783,0,0.85,LIME
2025-02-10,XLC,5,101.63517761230467,13.5,LIME,1,False,0.85,0.5,0.1,0.104058,0.08845,8844.95,False,14.1325,0,0.85,LIME
2025-02-10,DBA,6,26.919172286987305,11.0,LIME,1,True,1.0,,0.08,0.083247,0.083247,8324.66,False,12.6333,0,0.85,LIME
2025-02-11,GLD,1,267.3900146484375,16.0,LIME,1,True,1.0,,0.31,0.319719,0.319719,31971.95,False,15.3121,0,0.85,LIME
2025-02-11,EWS,2,22.15111923217773,16.0,LIME,1,False,0.85,0.6,0.25,0.257838,0.219163,21916.25,False,11.9642,0,0.85,LIME
2025-02-11,EWG,3,34.820945739746094,15.0,-,1,False,0.85,0.6,0.16,0.165017,0.140264,14026.4,False,15.3283,0,0.85,LIME
2025-02-11,ARKF,4,42.02325820922852,14.0,-,2,False,0.85,0.5,0.1,0.087665,0.074515,7451.53,False,32.0264,0,0.85,LIME
2025-02-11,XLC,5,101.80261993408205,13.75,LIME,1,False,0.85,0.5,0.1,0.103135,0.087665,8766.5,False,13.9289,0,0.85,LIME
2025-02-11,ARKW,6,117.55255889892578,12.0,-,3,False,0.85,0.35,0.08,0.066625,0.056632,5663.16,False,32.9228,1,0.85,LIME
2025-02-12,GLD,1,267.6700134277344,16.0,LIME,1,True,1.0,,0.31,0.319588,0.319588,31958.76,False,15.2276,0,0.85,LIME
2025-02-12,EWG,2,35.165218353271484,15.5,-,1,False,0.85,0.6,0.25,0.257732,0.219072,21907.22,False,14.9379,0,0.85,LIME
2025-02-12,EWS,3,22.29489517211914,16.0,LIME,1,False,0.85,0.6,0.16,0.164948,0.140206,14020.62,False,12.0031,0,0.85,LIME
2025-02-12,ARKF,4,42.34297561645508,14.75,-,1,False,0.85,0.55,0.1,0.087629,0.074485,7448.45,False,31.8521,0,0.85,LIME
2025-02-12,ARKW,5,119.3448486328125,13.25,-,1,False,0.85,0.5,0.1,0.087629,0.074485,7448.45,False,32.969,0,0.85,LIME
2025-02-12,XLC,6,101.9109344482422,13.5,LIME,1,False,0.85,0.5,0.08,0.082474,0.070103,7010.31,False,13.8753,0,0.85,LIME
2025-02-13,EWG,1,35.814422607421875,16.0,-,1,False,0.85,0.6,0.31,0.318602,0.270812,27081.19,False,15.2998,0,0.85,LIME
2025-02-13,GLD,2,270.3099975585937,16.0,LIME,1,True,1.0,,0.25,0.256937,0.256937,25693.73,False,14.4676,0,0.85,LIME
2025-02-13,EWS,3,22.54410743713379,16.0,LIME,1,False,0.85,0.6,0.16,0.16444,0.139774,13977.39,False,12.1471,0,0.85,LIME
2025-02-13,ARKF,4,43.87163925170898,15.0,LIME,1,False,0.85,0.6,0.1,0.087359,0.074255,7425.49,False,30.1429,0,0.85,LIME
2025-02-13,XLC,5,103.0828857421875,14.75,LIME,1,False,0.85,0.55,0.1,0.102775,0.087359,8735.87,False,14.0,0,0.85,LIME
2025-02-13,ARKW,6,122.20069122314452,13.5,-,1,False,0.85,0.5,0.08,0.069887,0.059404,5940.39,False,31.1237,0,0.85,LIME
2025-02-14,EWG,1,35.824256896972656,16.0,LIME,1,False,0.85,0.6,0.31,0.314721,0.267513,26751.27,False,14.6095,0,0.85,LIME
2025-02-14,DBA,2,27.18942642211914,15.75,LIME,1,True,1.0,,0.25,0.253807,0.253807,25380.71,False,11.6998,0,0.85,LIME
2025-02-14,EWS,3,22.52493667602539,16.0,LIME,1,False,0.85,0.6,0.16,0.162437,0.138071,13807.11,False,12.1549,0,0.85,LIME
2025-02-14,ARKF,4,44.39118576049805,15.0,LIME,1,False,0.85,0.6,0.1,0.086294,0.07335,7335.03,False,29.9462,0,0.85,LIME
2025-02-14,GLD,5,266.2900085449219,15.0,LIME,2,True,1.0,,0.1,0.101523,0.101523,10152.28,False,14.7022,0,0.85,LIME
2025-02-14,XLC,6,103.71318817138672,15.0,LIME,1,False,0.85,0.6,0.08,0.081218,0.069036,6903.55,False,14.0181,0,0.85,LIME
2025-02-18,ARKF,1,43.97154998779297,16.0,LIME,1,False,0.85,0.6,0.31,0.27635,0.234898,23489.77,False,29.9413,0,0.85,LIME
2025-02-18,EWG,2,36.2964096069336,16.0,LIME,1,False,0.85,0.6,0.25,0.262192,0.222863,22286.31,False,14.5233,0,0.85,LIME
2025-02-18,DBA,3,27.392114639282227,16.0,LIME,1,True,1.0,,0.16,0.167803,0.167803,16780.28,False,11.7458,0,0.85,LIME
2025-02-18,EWS,4,22.86999893188477,16.0,LIME,1,False,0.85,0.6,0.1,0.104877,0.089145,8914.53,False,12.4275,0,0.85,LIME
2025-02-18,XLC,5,103.2306137084961,15.75,LIME,1,False,0.85,0.6,0.1,0.104877,0.089145,8914.53,False,14.0685,0,0.85,LIME
2025-02-18,GLD,6,270.70001220703125,15.0,LIME,1,True,1.0,,0.08,0.083901,0.083901,8390.14,False,14.8004,0,0.85,LIME
2025-02-19,EIS,1,81.99687194824219,16.0,LIME,1,False,0.85,0.6,0.31,0.31049,0.263917,26391.67,False,17.9285,0,0.85,LIME
2025-02-19,DBA,2,27.23768424987793,16.0,-,1,True,1.0,,0.25,0.263574,0.263574,26357.41,False,11.7792,0,0.85,LIME
2025-02-19,ARKK,3,65.70999908447266,15.5,LIME,1,False,0.85,0.6,0.16,0.143384,0.121877,12187.66,False,35.4492,0,0.85,LIME
2025-02-19,XLC,4,103.34880828857422,16.0,LIME,1,False,0.85,0.6,0.1,0.10543,0.089615,8961.52,False,14.06,0,0.85,LIME
2025-02-19,EWS,5,22.76456451416016,16.0,LIME,1,False,0.85,0.6,0.1,0.10543,0.089615,8961.52,False,12.4839,0,0.85,LIME
2025-02-19,ARKF,6,43.0523567199707,15.0,-,2,False,0.85,0.55,0.08,0.071692,0.060938,6093.83,False,30.0258,0,0.85,LIME
2025-02-20,GREK,1,41.73793411254883,15.5,LIME,1,False,0.8,0.6,0.31,0.315987,0.25279,25278.97,False,17.035,0,0.8,LIME
2025-02-20,FXI,2,34.854488372802734,15.0,LIME,1,False,0.8,0.6,0.25,0.228004,0.182403,18240.34,False,29.001,0,0.8,LIME
2025-02-20,EWS,3,22.77414894104004,16.0,LIME,1,False,0.8,0.6,0.16,0.171674,0.137339,13733.91,False,12.485,0,0.8,LIME
2025-02-20,ARKK,4,63.97999954223633,14.25,-,3,False,0.8,0.5,0.1,0.091202,0.072961,7296.14,False,35.8851,0,0.8,LIME
2025-02-20,XLC,5,102.86622619628906,14.75,-,2,False,0.8,0.5,0.1,0.107296,0.085837,8583.69,False,13.4371,0,0.8,LIME
2025-02-20,DBA,6,26.94812774658203,14.0,-,3,True,1.0,,0.08,0.085837,0.085837,8583.69,False,12.0384,0,0.8,LIME
2025-02-21,UNG,1,22.09000015258789,16.0,LIME,1,True,1.0,,0.31,0.281969,0.248878,24887.84,False,75.966,0,0.1,PURPLE
2025-02-21,GREK,2,41.58356475830078,16.0,LIME,1,False,0.24,0.24,0.25,0.267523,0.064205,6420.55,False,17.0527,0,0.1,PURPLE
2025-02-21,GLD,3,270.739990234375,16.0,LIME,1,True,1.0,,0.16,0.171215,0.151122,15112.16,False,14.3651,0,0.1,PURPLE
2025-02-21,FXI,4,35.351993560791016,15.25,LIME,1,False,0.24,0.24,0.1,0.090958,0.02183,2182.99,False,28.913,0,0.1,PURPLE
2025-02-21,EWS,5,22.54410743713379,14.75,LIME,2,False,0.2,0.2,0.1,0.107009,0.021402,2140.18,False,12.5738,0,0.1,PURPLE
2025-02-21,XLC,6,101.4579086303711,12.0,-,4,False,0.2,0.2,0.08,0.081327,0.016265,1626.54,False,13.6687,1,0.1,PURPLE
2025-02-24,GLD,1,272.2099914550781,16.0,LIME,1,True,1.0,,0.33,0.362239,0.235925,23592.49,False,14.3117,0,0.1,PURPLE
2025-02-24,UNG,2,21.239999771118164,14.75,LIME,2,True,1.0,,0.27,0.251921,0.164075,16407.51,False,76.549,0,0.1,PURPLE
2025-02-24,FXI,3,34.1716423034668,14.0,LIME,2,False,0.2,0.2,0.2,0.177278,0.035456,3545.55,False,29.6955,1,0.1,PURPLE
2025-02-24,GREK,4,40.96608352661133,14.0,LIME,3,False,0.2,0.2,0.1,0.104281,0.020856,2085.62,False,16.9624,1,0.1,PURPLE
2025-02-24,EWS,5,22.49618148803711,12.5,LIME,3,False,0.2,0.2,0.1,0.104281,0.020856,2085.62,False,12.4239,1,0.1,PURPLE
2025-02-25,EWI,1,40.22493743896485,14.25,LIME,1,False,0.22,0.22,0.31,0.327177,0.071979,7197.89,False,14.7355,0,0.1,PURPLE
2025-02-25,UNG,2,21.75,13.5,LIME,2,True,1.0,,0.25,0.224274,0.224274,22427.44,False,75.789,0,0.1,PURPLE
2025-02-25,EWP,3,35.25570297241211,13.75,-,1,False,0.2,0.2,0.16,0.168865,0.033773,3377.31,False,16.9008,0,0.1,PURPLE
2025-02-25,GLD,4,268.6199951171875,14.0,-,3,True,1.0,,0.1,0.105541,0.105541,10554.09,False,14.6004,0,0.1,PURPLE
2025-02-25,FXI,5,34.513065338134766,13.25,LIME,2,False,0.2,0.2,0.1,0.08971,0.017942,1794.2,False,29.7293,0,0.1,PURPLE
2025-02-25,GREK,6,41.1590461730957,12.25,LIME,2,False,0.2,0.2,0.08,0.084433,0.016887,1688.65,False,16.9294,0,0.1,PURPLE
2025-02-26,EWI,1,40.03094100952149,14.5,LIME,1,False,0.22,0.22,0.33,0.34555,0.076021,7602.09,False,14.7081,0,0.1,PURPLE
2025-02-26,EWP,2,35.39223861694336,13.75,-,1,False,0.2,0.2,0.27,0.282723,0.056545,5654.45,False,16.7981,0,0.1,PURPLE
2025-02-26,FXI,3,35.547088623046875,13.5,LIME,1,False,0.2,0.2,0.2,0.17801,0.035602,3560.21,False,30.1671,0,0.1,PURPLE
2025-02-26,UNG,4,21.14999961853028,11.75,LIME,2,True,1.0,,0.1,0.089005,0.089005,8900.52,False,75.9968,0,0.1,PURPLE
2025-02-26,GLD,5,269.0299987792969,12.0,-,3,True,1.0,,0.1,0.104712,0.104712,10471.2,False,14.5346,0,0.1,PURPLE
2025-02-27,EWP,1,34.92411422729492,14.75,-,1,False,0.22,0.22,0.35,0.359897,0.079177,7917.74,False,17.0312,0,0.1,PURPLE
2025-02-27,HYG,2,74.67898559570312,15.5,LIME,1,True,1.0,,0.3,0.308483,0.308483,30848.33,False,4.3938,0,0.1,PURPLE
2025-02-27,EWI,3,39.3907585144043,13.75,-,3,False,0.2,0.2,0.25,0.244216,0.048843,4884.32,False,15.163,1,0.1,PURPLE
2025-02-27,FXI,4,35.16664505004883,13.5,LIME,1,False,0.2,0.2,0.1,0.087404,0.017481,1748.07,False,29.8736,0,0.1,PURPLE
2025-02-28,EWP,1,35.187435150146484,15.0,-,1,False,0.24,0.24,0.33,0.338462,0.081231,8123.08,False,16.9881,0,0.1,PURPLE
2025-02-28,HYG,2,74.88458251953125,16.0,LIME,1,True,1.0,,0.27,0.276923,0.276923,27692.31,False,4.3658,0,0.1,PURPLE
2025-02-28,EWH,3,16.681241989135742,14.0,LIME,1,False,0.22,0.22,0.2,0.194872,0.042872,4287.18,False,20.2799,0,0.1,PURPLE
2025-02-28,FXI,4,34.36674118041992,13.0,-,3,False,0.2,0.2,0.1,0.087179,0.017436,1743.59,False,30.3261,0,0.1,PURPLE
2025-02-28,EWI,5,39.57505035400391,12.25,-,3,False,0.2,0.2,0.1,0.102564,0.020513,2051.28,False,15.1685,0,0.1,PURPLE
2025-03-03,EWP,1,35.47025680541992,15.0,-,1,False,0.24,0.24,0.33,0.323529,0.077647,7764.71,False,16.8772,0,0.1,PURPLE
2025-03-03,HYG,2,74.72872924804688,15.0,LIME,2,True,1.0,,0.27,0.278638,0.278638,27863.78,False,4.37,0,0.1,PURPLE
2025-03-03,EWU,3,35.974365234375,14.0,-,1,False,0.22,0.22,0.2,0.206398,0.045408,4540.76,False,12.0822,0,0.1,PURPLE
2025-03-03,EWH,4,16.415706634521484,13.25,LIME,2,False,0.2,0.2,0.1,0.088235,0.017647,1764.71,False,20.559,1,0.1,PURPLE
2025-03-03,EWI,5,40.06974411010742,12.0,-,1,False,0.2,0.2,0.1,0.103199,0.02064,2063.98,False,15.1496,0,0.1,PURPLE
2025-03-04,EWP,1,35.60679244995117,15.0,-,1,False,0.24,0.24,0.33,0.322034,0.077288,7728.81,False,16.8443,0,0.1,PURPLE
2025-03-04,EWU,2,36.099342346191406,14.5,-,1,False,0.22,0.22,0.27,0.27735,0.061017,6101.69,False,11.9275,0,0.1,PURPLE
2025-03-04,HYG,3,74.71934509277344,14.0,LIME,2,True,1.0,,0.2,0.205444,0.205444,20544.43,False,4.3356,0,0.1,PURPLE
2025-03-04,EWH,4,16.643308639526367,13.25,LIME,1,False,0.2,0.2,0.1,0.09245,0.01849,1849.0,False,20.4645,0,0.1,PURPLE
2025-03-04,EWI,5,40.0406379699707,11.25,-,1,False,0.2,0.2,0.1,0.102722,0.020544,2054.44,False,15.1335,0,0.1,PURPLE
2025-03-05,EWP,1,36.59181213378906,15.0,LIME,1,False,0.24,0.24,0.31,0.303765,0.072904,7290.36,False,17.5927,0,0.1,PURPLE
2025-03-05,EWU,2,36.45504760742188,15.0,LIME,1,False,0.24,0.24,0.25,0.257865,0.061888,6188.76,False,12.0071,0,0.1,PURPLE
2025-03-05,EWL,3,51.88072204589844,14.25,-,1,False,0.22,0.22,0.16,0.165034,0.036307,3630.74,False,13.7431,0,0.1,PURPLE
2025-03-05,EWI,4,41.40830612182617,13.25,LIME,1,False,0.2,0.2,0.1,0.103146,0.020629,2062.92,False,16.35,0,0.1,PURPLE
2025-03-05,EWH,5,17.24076271057129,13.25,LIME,1,False,0.2,0.2,0.1,0.087674,0.017535,1753.48,False,21.5627,0,0.1,PURPLE
2025-03-05,HYG,6,74.75689697265625,13.25,LIME,1,True,1.0,,0.08,0.082517,0.082517,8251.68,False,4.3212,0,0.1,PURPLE
2025-03-06,EWG,1,37.958763122558594,16.0,LIME,1,False,0.24,0.24,0.31,0.299137,0.071793,7179.28,False,18.34,0,0.1,PURPLE
2025-03-06,EZU,2,53.37321472167969,16.0,LIME,1,False,0.24,0.24,0.25,0.253936,0.060945,6094.46,False,16.0128,0,0.1,PURPLE
2025-03-06,EWP,3,36.10417556762695,15.25,LIME,1,False,0.24,0.24,0.16,0.162519,0.039005,3900.46,False,17.8784,0,0.1,PURPLE
2025-03-06,EWI,4,41.000919342041016,15.0,LIME,1,False,0.24,0.24,0.1,0.101574,0.024378,2437.79,False,16.513,0,0.1,PURPLE
2025-03-06,EWL,5,51.61572265625,14.5,-,1,False,0.22,0.22,0.1,0.101574,0.022346,2234.64,False,13.7762,0,0.1,PURPLE
2025-03-06,EWU,6,35.81093215942383,14.25,-,2,False,0.2,0.2,0.08,0.08126,0.016252,1625.19,False,12.579,0,0.1,PURPLE
2025-03-07,EWG,1,38.17516708374024,16.0,LIME,1,False,0.24,0.24,0.31,0.317623,0.07623,7622.95,False,18.3476,0,0.1,PURPLE
2025-03-07,EZU,2,54.013458251953125,16.0,LIME,1,False,0.24,0.24,0.25,0.256148,0.061475,6147.54,False,16.1205,0,0.1,PURPLE
2025-03-07,UNG,3,23.190000534057617,15.5,LIME,1,True,1.0,,0.16,0.139344,0.139344,13934.43,False,73.4959,0,0.1,PURPLE
2025-03-07,EWP,4,36.92339706420898,15.5,LIME,1,False,0.24,0.24,0.1,0.102459,0.02459,2459.02,False,18.2723,0,0.1,PURPLE
2025-03-07,EWI,5,41.56350326538086,15.25,LIME,1,False,0.24,0.24,0.1,0.102459,0.02459,2459.02,False,16.5765,0,0.1,PURPLE
2025-03-07,EWL,6,52.538307189941406,14.75,LIME,1,False,0.22,0.22,0.08,0.081967,0.018033,1803.28,False,14.1501,0,0.1,PURPLE
2025-03-10,UNG,1,23.82999992370605,16.0,LIME,1,True,1.0,,0.31,0.27635,0.27635,27635.03,False,73.5681,0,0.0,RED
2025-03-10,GREK,2,43.19480895996094,16.0,LIME,1,False,0.24,0.24,0.25,0.262192,0.062926,6292.61,False,19.3849,0,0.0,RED
2025-03-10,EWI,3,40.884521484375,15.0,LIME,2,False,0.22,0.22,0.16,0.167803,0.036917,3691.66,False,17.0095,0,0.0,RED
2025-03-10,EWG,4,37.171852111816406,15.0,-,2,False,0.22,0.22,0.1,0.104877,0.023073,2307.29,False,19.1313,0,0.0,RED
2025-03-10,EZU,5,52.626258850097656,15.0,-,2,False,0.22,0.22,0.1,0.104877,0.023073,2307.29,False,17.06,0,0.0,RED
2025-03-10,EWP,6,36.11392974853516,14.75,-,2,False,0.2,0.2,0.08,0.083901,0.01678,1678.03,False,18.9186,0,0.0,RED
2025-03-11,GREK,1,44.03419876098633,16.0,LIME,1,False,0.24,0.24,0.31,0.322078,0.077299,7729.87,False,19.3488,0,0.0,RED
2025-03-11,UNG,2,23.280000686645508,15.0,LIME,2,True,1.0,,0.25,0.220779,0.220779,22077.92,False,73.8642,0,0.0,RED
2025-03-11,EWI,3,41.000919342041016,14.0,LIME,2,False,0.2,0.2,0.16,0.166234,0.033247,3324.68,False,16.5121,0,0.0,RED
2025-03-11,EWP,4,36.20170211791992,14.0,-,2,False,0.2,0.2,0.1,0.103896,0.020779,2077.92,False,18.5258,0,0.0,RED
2025-03-11,EWG,5,37.1226692199707,14.0,-,2,False,0.2,0.2,0.1,0.103896,0.020779,2077.92,False,19.0238,0,0.0,RED
2025-03-11,EZU,6,52.723262786865234,14.0,-,2,False,0.2,0.2,0.08,0.083117,0.016623,1662.34,False,16.9227,0,0.0,RED
2025-03-12,GREK,1,45.20162582397461,16.0,LIME,1,False,0.24,0.24,0.31,0.316085,0.07586,7586.03,False,19.8946,0,0.1,PURPLE
2025-03-12,VNM,2,12.55400562286377,14.0,GREEN,1,False,0.22,0.22,0.25,0.254907,0.05608,5607.95,False,14.4978,0,0.1,PURPLE
2025-03-12,EWI,3,41.2240104675293,13.25,LIME,1,False,0.2,0.2,0.16,0.16314,0.032628,3262.81,False,16.5224,0,0.1,PURPLE
2025-03-12,UNG,4,21.64999961853028,12.5,-,4,True,1.0,,0.1,0.082335,0.082335,8233.49,False,75.5697,1,0.1,PURPLE
2025-03-12,EWG,5,37.36857986450195,12.25,-,2,False,0.2,0.2,0.1,0.101963,0.020393,2039.26,False,19.0326,0,0.1,PURPLE
2025-03-12,EWP,6,36.035911560058594,12.25,-,2,False,0.2,0.2,0.08,0.08157,0.016314,1631.4,False,18.4945,0,0.1,PURPLE
2025-03-13,GREK,1,45.18233108520508,16.0,LIME,1,False,0.24,0.24,0.35,0.338422,0.081221,8122.14,False,19.9059,0,0.0,RED
2025-03-13,VNM,2,12.414294242858888,14.0,GREEN,1,False,0.22,0.22,0.3,0.305344,0.067176,6717.56,False,14.6937,0,0.0,RED
2025-03-13,EWH,3,17.231277465820312,12.0,LIME,1,False,0.2,0.2,0.25,0.254453,0.050891,5089.06,False,18.82,0,0.0,RED
2025-03-13,EWI,4,40.68082046508789,11.0,-,3,False,0.2,0.2,0.1,0.101781,0.020356,2035.62,False,16.6275,0,0.0,RED
2025-03-14,GREK,1,46.26292419433594,16.0,LIME,1,False,0.24,0.24,0.33,0.31876,0.076502,7650.23,False,20.3237,0,0.0,RED
2025-03-14,GLD,2,275.239990234375,14.0,-,1,True,1.0,,0.27,0.27453,0.27453,27452.97,False,13.8483,0,0.0,RED
2025-03-14,VNM,3,12.633840560913086,14.0,GREEN,1,False,0.22,0.22,0.2,0.203355,0.044738,4473.82,False,15.0487,0,0.0,RED
2025-03-14,EWI,4,41.73809814453125,12.0,-,1,False,0.2,0.2,0.1,0.101678,0.020336,2033.55,False,17.2919,0,0.0,RED
2025-03-14,EWH,5,17.212310791015625,12.25,LIME,1,False,0.2,0.2,0.1,0.101678,0.020336,2033.55,False,18.0306,0,0.0,RED
2025-03-17,GREK,1,46.88040542602539,16.0,LIME,1,False,0.6,0.6,0.33,0.31876,0.191256,19125.57,False,20.4112,0,0.2,-
2025-03-17,GLD,2,276.7300109863281,14.75,LIME,1,True,1.0,,0.27,0.27453,0.27453,27452.97,False,13.7774,0,0.2,-
2025-03-17,VNM,3,12.733633995056152,14.0,GREEN,1,False,0.55,0.55,0.2,0.203355,0.111845,11184.54,False,15.1016,0,0.2,-
2025-03-17,EWI,4,42.223087310791016,13.0,-,1,False,0.5,0.5,0.1,0.101678,0.050839,5083.88,False,17.3817,0,0.2,-
2025-03-17,EWH,5,17.439910888671875,13.0,LIME,1,False,0.5,0.5,0.1,0.101678,0.050839,5083.88,False,18.0502,0,0.2,-
2025-03-18,GREK,1,46.45588684082031,16.0,LIME,1,False,0.6,0.6,0.31,0.310982,0.186589,18658.92,False,20.5346,0,0.2,-
2025-03-18,FXI,2,37.54685974121094,15.25,LIME,1,False,0.6,0.6,0.25,0.224393,0.134636,13463.57,False,27.0378,0,0.2,-
2025-03-18,GLD,3,279.9599914550781,15.5,LIME,1,True,1.0,,0.16,0.168955,0.168955,16895.46,False,13.519,0,0.2,-
2025-03-18,EWI,4,42.601375579833984,13.75,LIME,1,False,0.5,0.5,0.1,0.105597,0.052798,5279.83,False,17.3894,0,0.2,-
2025-03-18,VNM,5,12.59392261505127,14.0,GREEN,1,False,0.55,0.55,0.1,0.105597,0.058078,5807.81,False,15.2316,0,0.2,-
2025-03-18,EWH,6,17.27869415283203,12.25,-,2,False,0.35,0.35,0.08,0.084477,0.029567,2956.71,False,18.0663,0,0.2,-
2025-03-19,FXI,1,37.39078140258789,16.0,LIME,1,False,0.6,0.6,0.31,0.280021,0.168013,16801.28,False,26.8825,0,0.2,-
2025-03-19,GREK,2,46.34010696411133,16.0,LIME,1,False,0.6,0.6,0.25,0.252391,0.151435,15143.46,False,20.5517,0,0.2,-
2025-03-19,EWI,3,42.66927719116211,16.0,LIME,1,False,0.6,0.6,0.16,0.170032,0.102019,10201.91,False,17.3836,0,0.2,-
2025-03-19,GLD,4,281.1099853515625,16.0,LIME,1,True,1.0,,0.1,0.10627,0.10627,10626.99,False,13.2172,0,0.2,-
2025-03-19,VNM,5,12.573965072631836,13.25,GREEN,2,False,0.45,0.45,0.1,0.10627,0.047821,4782.15,False,15.0962,0,0.2,-
2025-03-19,EWH,6,17.42094612121582,12.75,-,1,False,0.4,0.4,0.08,0.085016,0.034006,3400.64,False,18.0586,0,0.2,-
2025-03-20,GLD,1,280.75,16.0,LIME,1,True,1.0,,0.31,0.319012,0.319012,31901.21,False,13.2361,0,0.2,-
2025-03-20,EWP,2,37.37201690673828,15.0,LIME,2,False,0.55,0.55,0.25,0.257268,0.141497,14149.73,False,18.979,0,0.2,-
2025-03-20,EWI,3,41.9611930847168,15.0,LIME,2,False,0.55,0.55,0.16,0.164651,0.090558,9055.83,False,17.7489,0,0.2,-
2025-03-20,GREK,4,46.18573760986328,14.75,LIME,2,False,0.5,0.5,0.1,0.097762,0.048881,4888.09,False,20.5625,0,0.2,-
2025-03-20,FXI,5,36.31773376464844,14.25,-,3,False,0.5,0.5,0.1,0.083098,0.041549,4154.88,False,27.3645,1,0.2,-
2025-03-20,VNM,6,12.374377250671388,11.0,-,3,False,0.3,0.3,0.08,0.078209,0.023463,2346.28,False,15.3993,1,0.2,-
2025-03-21,GLD,1,278.489990234375,15.0,LIME,2,True,1.0,,0.31,0.321894,0.321894,32189.4,False,13.3407,0,0.2,-
2025-03-21,EWP,2,37.48904800415039,13.75,-,2,False,0.45,0.45,0.25,0.259592,0.116816,11681.64,False,18.587,0,0.2,-
2025-03-21,EWJ,3,68.20523071289062,14.25,LIME,1,False,0.55,0.55,0.16,0.166139,0.091376,9137.64,False,16.4132,0,0.2,-
2025-03-21,EWI,4,41.66050338745117,13.0,-,3,False,0.45,0.45,0.1,0.098645,0.04439,4439.02,False,17.6417,1,0.2,-
2025-03-21,GREK,5,45.336700439453125,12.5,LIME,3,False,0.35,0.35,0.1,0.093713,0.032799,3279.94,False,20.9091,1,0.2,-
2025-03-21,FXI,6,35.664154052734375,11.0,-,3,False,0.3,0.3,0.08,0.060018,0.018005,1800.53,False,27.5443,2,0.2,-
2025-03-24,GLD,1,277.25,13.75,LIME,2,True,1.0,,0.33,0.323696,0.249057,24905.66,False,12.6932,1,0.3,-
2025-03-24,EWJ,2,68.05223846435547,13.5,LIME,2,False,0.45,0.45,0.27,0.278782,0.125452,12545.17,False,15.5632,0,0.3,-
2025-03-24,XLE,3,44.98090362548828,12.75,LIME,1,True,1.0,,0.2,0.19618,0.150943,15094.34,False,20.0188,0,0.3,-
2025-03-24,EWP,4,37.22572708129883,12.0,-,2,False,0.35,0.35,0.1,0.103252,0.036138,3613.84,False,17.8042,0,0.3,-
2025-03-24,GREK,5,46.610260009765625,11.75,LIME,1,False,0.35,0.35,0.1,0.09809,0.034331,3433.14,False,20.8528,0,0.3,-
2025-03-25,EWJ,1,68.5398941040039,13.75,LIME,1,False,0.5,0.5,0.31,0.315522,0.157761,15776.08,False,15.6042,0,0.4,-
2025-03-25,XLE,2,45.16499710083008,13.0,LIME,1,True,1.0,,0.25,0.24173,0.24173,24173.03,False,19.9066,0,0.4,-
2025-03-25,ITA,3,158.65264892578125,13.25,LIME,1,False,0.5,0.5,0.16,0.16285,0.081425,8142.49,False,18.1068,0,0.4,-
2025-03-25,GLD,4,278.4700012207031,12.0,LIME,2,True,1.0,,0.1,0.101781,0.101781,10178.12,False,12.6981,0,0.4,-
2025-03-25,GREK,5,46.77427673339844,11.5,LIME,1,False,0.4,0.35,0.1,0.096692,0.038677,3867.68,False,20.8332,0,0.4,-
2025-03-25,EWP,6,37.83039093017578,11.25,-,1,False,0.4,0.35,0.08,0.081425,0.03257,3257.0,False,17.944,0,0.4,-
2025-03-26,ITA,1,156.2952423095703,14.25,LIME,1,False,0.55,0.55,0.35,0.35,0.1925,19250.0,False,18.2302,0,0.3,-
2025-03-26,XLE,2,45.43144226074219,13.25,LIME,1,True,1.0,,0.3,0.3,0.3,30000.0,False,19.86,0,0.3,-
2025-03-26,GREK,3,46.71638488769531,12.5,-,1,False,0.4,0.4,0.25,0.25,0.1,10000.0,False,20.7138,0,0.3,-
2025-03-26,EWJ,4,67.65064239501953,12.0,LIME,3,False,0.35,0.35,0.1,0.1,0.035,3500.0,False,15.8437,0,0.3,-
2025-03-27,GREK,1,47.179500579833984,14.75,-,1,False,0.55,0.55,0.35,0.35,0.1925,19250.0,False,20.5738,0,0.2,-
2025-03-27,EWS,2,23.167137145996094,14.75,LIME,1,False,0.55,0.55,0.3,0.3,0.165,16500.0,False,13.7308,0,0.2,-
2025-03-27,ITA,3,155.53927612304688,14.25,LIME,2,False,0.5,0.5,0.25,0.25,0.125,12500.0,False,18.2704,0,0.2,-
2025-03-27,XLE,4,44.99059677124024,12.75,LIME,2,True,1.0,,0.1,0.1,0.1,10000.0,False,19.9823,0,0.2,-
2025-03-28,GREK,1,46.76462936401367,14.5,-,2,False,0.2,0.2,0.33,0.320388,0.064078,6407.77,False,20.7182,0,0.0,RED
2025-03-28,EWS,2,22.87958526611328,14.5,LIME,2,False,0.2,0.2,0.27,0.275933,0.055187,5518.65,False,13.996,0,0.0,RED
2025-03-28,GLD,3,284.0599975585937,12.5,LIME,1,True,1.0,,0.2,0.204394,0.204394,20439.45,False,12.7596,0,0.0,RED
2025-03-28,XLE,4,44.777442932128906,12.25,LIME,2,True,1.0,,0.1,0.102197,0.102197,10219.72,False,19.9781,0,0.0,RED
2025-03-28,ITA,5,152.41595458984375,11.75,LIME,3,False,0.2,0.2,0.1,0.097087,0.019417,1941.75,False,18.6782,1,0.0,RED
2025-03-31,GLD,1,288.1400146484375,14.25,LIME,1,True,1.0,,0.33,0.333333,0.165,16500.0,False,12.9492,0,0.0,RED
2025-03-31,SLV,2,30.989999771118164,13.0,LIME,1,True,1.0,,0.27,0.272727,0.135,13500.0,False,20.4533,0,0.0,RED
2025-03-31,XLE,3,45.27157211303711,12.75,LIME,1,True,1.0,,0.2,0.20202,0.1,10000.0,False,20.0602,0,0.0,RED
2025-03-31,EWS,4,22.77414894104004,12.75,LIME,3,False,0.2,0.2,0.1,0.09596,0.019192,1919.19,False,14.0463,1,0.0,RED
2025-03-31,GREK,5,45.3174057006836,11.25,-,4,False,0.2,0.2,0.1,0.09596,0.019192,1919.19,False,21.8292,1,0.0,RED
2025-04-01,GLD,1,287.57000732421875,16.0,LIME,1,True,1.0,,0.35,0.35,0.2,20000.0,False,12.8382,0,0.0,RED
2025-04-01,EZA,2,45.0692024230957,12.75,LIME,1,False,0.2,0.2,0.3,0.3,0.06,6000.0,False,20.0942,0,0.0,RED
2025-04-01,XLE,3,45.53801727294922,13.0,LIME,1,True,1.0,,0.25,0.25,0.142857,14285.71,False,20.073,0,0.0,RED
2025-04-01,SLV,4,30.6299991607666,12.5,-,2,True,1.0,,0.1,0.1,0.057143,5714.29,False,20.382,0,0.0,RED
2025-04-02,GLD,1,288.1600036621094,16.0,LIME,1,True,1.0,,0.45,0.45,0.18,18000.0,False,12.7813,0,0.0,RED
2025-04-02,XLE,2,45.60099792480469,14.0,LIME,1,True,1.0,,0.3,0.3,0.12,12000.0,False,20.0691,0,0.0,RED
2025-04-02,SLV,3,30.76000022888184,12.0,-,2,True,1.0,,0.25,0.25,0.1,10000.0,False,20.1693,0,0.0,RED
2025-04-03,GLD,1,286.4200134277344,15.0,LIME,2,True,1.0,,0.45,0.410188,0.4,40000.0,False,12.8863,0,0.0,RED
2025-04-03,IEF,2,92.68861389160156,13.75,LIME,1,False,0.2,0.2,0.3,0.321716,0.064343,6434.32,False,6.3775,0,0.0,RED
2025-04-03,AGG,3,95.54411315917967,13.75,LIME,1,False,0.2,0.2,0.25,0.268097,0.053619,5361.93,False,4.9275,0,0.0,RED
2025-04-04,IEF,1,92.94852447509766,15.5,LIME,1,False,0.24,0.24,0.35,0.348259,0.083582,8358.21,False,6.3898,0,0.0,RED
2025-04-04,AGG,2,95.63063049316406,15.5,LIME,1,False,0.24,0.24,0.3,0.314218,0.075412,7541.24,False,4.9271,0,0.0,RED
2025-04-04,BND,3,70.99124145507812,15.5,LIME,1,False,0.24,0.24,0.25,0.261849,0.062844,6284.37,False,4.745,0,0.0,RED
2025-04-04,GLD,4,279.7200012207031,13.0,-,3,True,1.0,,0.1,0.075674,0.075674,7567.43,False,13.7126,2,0.0,RED
2025-04-07,IEF,1,91.8415298461914,14.75,LIME,2,False,0.2,0.2,0.45,0.464873,0.092975,9297.47,False,6.8644,1,0.0,RED
2025-04-07,BND,2,70.13536071777344,12.25,-,4,False,0.2,0.2,0.3,0.291887,0.058377,5837.75,False,5.3647,2,0.0,RED
2025-04-07,AGG,3,94.41915130615234,12.25,-,4,False,0.2,0.2,0.25,0.243239,0.048648,4864.79,False,5.5865,2,0.0,RED
2025-04-08,IEF,1,91.37947845458984,13.0,-,3,False,0.2,0.2,1.0,1.0,0.2,20000.0,False,6.9514,2,0.0,RED
2025-04-14,GLD,1,296.2300109863281,13.75,-,1,True,1.0,,1.0,1.0,0.4,40000.0,False,16.7115,0,0.4,-
2025-04-15,GLD,1,297.7799987792969,15.0,LIME,1,True,1.0,,1.0,1.0,0.4,40000.0,False,16.7114,0,0.4,-
2025-04-16,GLD,1,307.4700012207031,15.5,LIME,1,True,1.0,,1.0,1.0,0.4,40000.0,False,17.705,0,0.0,RED
2025-04-17,GLD,1,306.1199951171875,16.0,LIME,1,True,1.0,,1.0,1.0,0.4,40000.0,False,17.7586,0,0.0,RED
2025-04-21,GLD,1,315.5899963378906,16.0,LIME,1,True,1.0,,0.45,0.45,0.4,40000.0,False,18.5127,0,0.2,-
2025-04-21,EWP,2,38.16197967529297,11.5,LIME,1,False,0.35,0.35,0.3,0.3,0.105,10500.0,False,31.1963,0,0.2,-
2025-04-21,EWW,3,52.371219635009766,11.5,GREEN,1,False,0.35,0.35,0.25,0.25,0.0875,8750.0,False,32.8346,0,0.2,-
2025-04-22,GLD,1,311.1099853515625,16.0,LIME,1,True,1.0,,0.45,0.45,0.4,40000.0,False,18.7032,0,0.2,-
2025-04-22,EWP,2,39.1469955444336,13.5,LIME,1,False,0.5,0.5,0.3,0.3,0.15,15000.0,False,31.3891,0,0.2,-
2025-04-22,EWW,3,53.49882888793945,13.5,GREEN,1,False,0.5,0.5,0.25,0.25,0.125,12500.0,False,32.8915,0,0.2,-
2025-04-23,GLD,1,303.6499938964844,15.0,LIME,2,True,1.0,,0.45,0.43734,0.4,40000.0,False,19.4803,1,0.3,-
2025-04-23,EWP,2,39.03971099853516,14.5,LIME,1,False,0.55,0.55,0.3,0.306905,0.168798,16879.8,False,31.2849,0,0.3,-
2025-04-23,EWW,3,54.46259689331055,14.5,GREEN,1,False,0.55,0.55,0.25,0.255754,0.140665,14066.5,False,32.888,0,0.3,-
2025-04-24,EWP,1,39.38105392456055,15.25,LIME,1,False,0.6,0.6,0.45,0.45,0.27,27000.0,False,31.2137,0,0.4,-
2025-04-24,EWW,2,55.26252746582031,15.25,GREEN,1,False,0.6,0.6,0.3,0.3,0.18,18000.0,False,32.967,0,0.4,-
2025-04-24,GLD,3,308.07000732421875,13.75,LIME,2,True,1.0,,0.25,0.25,0.25,25000.0,False,19.5985,0,0.4,-
2025-04-25,EWP,1,39.84918212890625,16.0,LIME,1,False,0.6,0.6,0.35,0.351759,0.211055,21105.53,False,31.2537,0,0.4,-
2025-04-25,EWW,2,55.84078979492188,16.0,GREEN,1,False,0.6,0.6,0.3,0.301508,0.180905,18090.45,False,32.9778,0,0.4,-
2025-04-25,GREK,3,47.77768707275391,15.25,LIME,1,False,0.6,0.6,0.25,0.251256,0.150754,15075.38,False,34.2657,0,0.4,-
2025-04-25,GLD,4,304.7300109863281,11.5,LIME,3,True,1.0,,0.1,0.095477,0.095477,9547.74,False,19.7857,1,0.4,-
2025-04-28,EWP,1,40.288047790527344,16.0,LIME,1,False,0.6,0.6,0.45,0.45,0.27,27000.0,False,31.2704,0,0.6,GREEN
2025-04-28,GREK,2,47.96099853515625,16.0,LIME,1,False,0.6,0.6,0.3,0.3,0.18,18000.0,False,34.2464,0,0.6,GREEN
2025-04-28,EWW,3,56.01426696777344,16.0,GREEN,1,False,0.6,0.6,0.25,0.25,0.15,15000.0,False,32.7762,0,0.6,GREEN
2025-04-29,EWP,1,40.10274887084961,16.0,LIME,1,False,0.6,0.6,0.35,0.351759,0.211055,21105.53,False,31.3161,0,0.6,GREEN
2025-04-29,GREK,2,48.23114776611328,16.0,LIME,1,False,0.6,0.6,0.3,0.301508,0.180905,18090.45,False,34.2205,0,0.6,GREEN
2025-04-29,EWI,3,43.328861236572266,15.25,LIME,1,False,0.6,0.6,0.25,0.251256,0.150754,15075.38,False,32.5547,0,0.6,GREEN
2025-04-29,EWW,4,54.375858306884766,15.0,GREEN,2,False,0.6,0.55,0.1,0.095477,0.057286,5728.64,False,33.383,1,0.6,GREEN
2025-04-30,EWG,1,38.84404373168945,15.5,LIME,1,False,0.6,0.6,0.33,0.33,0.198,19800.0,False,30.9751,0,0.6,GREEN
2025-04-30,EWP,2,39.595611572265625,15.0,LIME,2,False,0.6,0.55,0.27,0.27,0.162,16200.0,False,31.486,0,0.6,GREEN
2025-04-30,GREK,3,47.77768707275391,15.0,LIME,2,False,0.6,0.55,0.2,0.2,0.12,12000.0,False,34.2979,0,0.6,GREEN
2025-04-30,EWI,4,42.88267135620117,15.0,LIME,1,False,0.6,0.6,0.1,0.1,0.06,6000.0,False,32.6522,0,0.6,GREEN
2025-04-30,EWW,5,54.90593719482422,14.0,GREEN,2,False,0.6,0.5,0.1,0.1,0.06,6000.0,False,33.4167,0,0.6,GREEN
2025-05-01,EWG,1,38.81453323364258,15.0,LIME,2,False,0.6,0.55,0.33,0.335025,0.201015,20101.52,False,30.9759,0,0.6,GREEN
2025-05-01,EWI,2,42.93116760253906,14.0,LIME,2,False,0.6,0.5,0.27,0.274112,0.164467,16446.7,False,32.6448,0,0.6,GREEN
2025-05-01,EWP,3,39.46883010864258,13.75,LIME,2,False,0.6,0.45,0.2,0.192893,0.115736,11573.6,False,31.4772,1,0.6,GREEN
2025-05-01,GREK,4,47.565425872802734,13.5,LIME,2,False,0.6,0.45,0.1,0.101523,0.060914,6091.37,False,34.3289,0,0.6,GREEN
2025-05-01,EWW,5,54.616798400878906,12.25,GREEN,2,False,0.6,0.35,0.1,0.096447,0.057868,5786.8,False,33.4461,1,0.6,GREEN
2025-05-02,EWG,1,39.680137634277344,15.0,LIME,1,False,0.7,0.6,0.33,0.33,0.231,23100.0,False,31.165,0,0.7,GREEN
2025-05-02,EWI,2,43.63925552368164,14.5,LIME,1,False,0.7,0.55,0.27,0.27,0.189,18900.0,False,32.7087,0,0.7,GREEN
2025-05-02,EZA,3,47.02750778198242,14.5,LIME,1,False,0.7,0.55,0.2,0.2,0.14,14000.0,False,33.2443,0,0.7,GREEN
2025-05-02,GREK,4,48.33727645874024,13.5,LIME,1,False,0.7,0.5,0.1,0.1,0.07,7000.0,False,34.3683,0,0.7,GREEN
2025-05-02,EWP,5,39.83942794799805,12.0,LIME,2,False,0.7,0.35,0.1,0.1,0.07,7000.0,False,31.3526,0,0.7,GREEN
2025-05-05,EWG,1,40.05392456054688,15.0,LIME,1,False,0.7,0.6,0.33,0.33,0.231,23100.0,False,30.8535,0,0.7,GREEN
2025-05-05,EZA,2,47.261756896972656,15.0,LIME,1,False,0.7,0.6,0.27,0.27,0.189,18900.0,False,33.2453,0,0.7,GREEN
2025-05-05,EWI,3,43.71685409545898,14.5,LIME,1,False,0.7,0.55,0.2,0.2,0.14,14000.0,False,32.5444,0,0.7,GREEN
2025-05-05,GREK,4,48.665313720703125,13.5,LIME,1,False,0.7,0.5,0.1,0.1,0.07,7000.0,False,33.5243,0,0.7,GREEN
2025-05-05,EWP,5,40.02472686767578,11.25,LIME,1,False,0.7,0.35,0.1,0.1,0.07,7000.0,False,31.0028,0,0.7,GREEN
2025-05-06,EZA,1,47.51474380493164,15.5,LIME,1,False,0.6,0.6,0.33,0.33,0.198,19800.0,False,33.0626,0,0.5,GREEN
2025-05-06,EWG,2,40.00473785400391,15.0,LIME,1,False,0.6,0.6,0.27,0.27,0.162,16200.0,False,30.7952,0,0.5,GREEN
2025-05-06,EWI,3,43.86235046386719,15.0,LIME,1,False,0.6,0.6,0.2,0.2,0.12,12000.0,False,32.3104,0,0.5,GREEN
2025-05-06,GREK,4,48.3662223815918,14.5,LIME,1,False,0.55,0.55,0.1,0.1,0.055,5500.0,False,33.4847,0,0.5,GREEN
2025-05-06,EWP,5,40.14175796508789,12.0,LIME,1,False,0.5,0.4,0.1,0.1,0.05,5000.0,False,30.6973,0,0.5,GREEN
2025-05-07,GREK,1,48.5977783203125,16.0,LIME,1,False,0.6,0.6,0.33,0.33,0.198,19800.0,False,33.4844,0,0.6,GREEN
2025-05-07,EWG,2,39.77850341796875,16.0,LIME,1,False,0.6,0.6,0.27,0.27,0.162,16200.0,False,30.8131,0,0.6,GREEN
2025-05-07,EWI,3,43.63925552368164,16.0,LIME,1,False,0.6,0.6,0.2,0.2,0.12,12000.0,False,32.3466,0,0.6,GREEN
2025-05-07,EZA,4,47.06499099731445,16.0,LIME,1,False,0.6,0.6,0.1,0.1,0.06,6000.0,False,33.141,0,0.6,GREEN
2025-05-07,EWP,5,40.151512145996094,13.0,LIME,1,False,0.6,0.5,0.1,0.1,0.06,6000.0,False,30.4675,0,0.6,GREEN
2025-05-08,EWI,1,43.998146057128906,16.0,LIME,1,False,0.7,0.6,0.33,0.33,0.231,23100.0,False,32.3534,0,0.7,GREEN
2025-05-08,GREK,2,48.49164581298828,14.75,LIME,2,False,0.7,0.5,0.27,0.27,0.189,18900.0,False,33.4799,0,0.7,GREEN
2025-05-08,EWG,3,39.79817581176758,14.75,LIME,2,False,0.7,0.5,0.2,0.2,0.14,14000.0,False,30.7623,0,0.7,GREEN
2025-05-08,EZA,4,46.70893096923828,15.0,LIME,2,False,0.7,0.55,0.1,0.1,0.07,7000.0,False,33.0504,0,0.7,GREEN
2025-05-08,EWP,5,39.72239685058594,13.0,-,3,False,0.7,0.45,0.1,0.1,0.07,7000.0,False,30.5896,0,0.7,GREEN
2025-05-09,EWI,1,44.43463516235352,16.0,LIME,1,False,0.7,0.6,0.31,0.31,0.217,21700.0,False,32.3029,0,0.7,GREEN
2025-05-09,EWW,2,56.01426696777344,15.5,GREEN,1,False,0.7,0.6,0.25,0.25,0.175,17500.0,False,33.2052,0,0.7,GREEN
2025-05-09,GREK,3,49.25385284423828,14.75,LIME,1,False,0.7,0.55,0.16,0.16,0.112,11200.0,False,33.5478,0,0.7,GREEN
2025-05-09,EWG,4,40.10310745239258,14.75,LIME,1,False,0.7,0.55,0.1,0.1,0.07,7000.0,False,30.6099,0,0.7,GREEN
2025-05-09,EZA,5,47.44915390014648,14.75,LIME,1,False,0.7,0.55,0.1,0.1,0.07,7000.0,False,33.1517,0,0.7,GREEN
2025-05-09,EWP,6,40.02472686767578,13.5,-,1,False,0.7,0.5,0.08,0.08,0.056,5600.0,False,30.5129,0,0.7,GREEN
2025-05-12,EWI,1,44.28913879394531,16.0,LIME,1,False,0.7,0.6,0.31,0.31,0.217,21700.0,False,32.3142,0,0.7,GREEN
2025-05-12,GREK,2,49.78450012207031,14.75,LIME,1,False,0.7,0.55,0.25,0.25,0.175,17500.0,False,33.5754,0,0.7,GREEN
2025-05-12,EPHE,3,27.20421600341797,14.5,LIME,1,False,0.7,0.55,0.16,0.16,0.112,11200.0,False,22.765,0,0.7,GREEN
2025-05-12,EWW,4,55.744415283203125,13.75,GREEN,2,False,0.7,0.45,0.1,0.1,0.07,7000.0,False,33.2362,0,0.7,GREEN
2025-05-12,EWG,5,39.719486236572266,13.25,LIME,2,False,0.7,0.45,0.1,0.1,0.07,7000.0,False,30.6929,0,0.7,GREEN
2025-05-12,EZA,6,47.02750778198242,13.0,LIME,2,False,0.7,0.45,0.08,0.08,0.056,5600.0,False,33.1346,0,0.7,GREEN
2025-05-13,EWI,1,44.61893081665039,16.0,LIME,1,False,0.7,0.6,0.31,0.31,0.217,21700.0,False,32.2389,0,0.7,GREEN
2025-05-13,ITA,2,166.05311584472656,16.0,LIME,1,False,0.7,0.6,0.25,0.25,0.175,17500.0,False,32.7453,0,0.7,GREEN
2025-05-13,GREK,3,50.23796463012695,14.75,LIME,1,False,0.7,0.55,0.16,0.16,0.112,11200.0,False,33.5906,0,0.7,GREEN
2025-05-13,EPHE,4,27.50811767578125,14.75,LIME,1,False,0.7,0.55,0.1,0.1,0.07,7000.0,False,22.6309,0,0.7,GREEN
2025-05-13,EWW,5,56.93948745727539,13.5,LIME,1,False,0.7,0.5,0.1,0.1,0.07,7000.0,False,33.4199,0,0.7,GREEN
2025-05-13,EWG,6,39.926048278808594,12.75,LIME,1,False,0.7,0.4,0.08,0.08,0.056,5600.0,False,30.6041,0,0.7,GREEN
2025-05-14,GREK,1,50.3826904296875,16.0,LIME,1,False,0.7,0.6,0.31,0.31,0.217,21700.0,False,33.4481,0,0.7,GREEN
2025-05-14,EPHE,2,27.4591007232666,16.0,LIME,1,False,0.7,0.6,0.25,0.25,0.175,17500.0,False,22.6459,0,0.7,GREEN
2025-05-14,EWI,3,44.87112045288086,16.0,LIME,1,False,0.7,0.6,0.16,0.16,0.112,11200.0,False,32.2425,0,0.7,GREEN
2025-05-14,ITA,4,166.23214721679688,16.0,LIME,1,False,0.7,0.6,0.1,0.1,0.07,7000.0,False,32.7054,0,0.7,GREEN
2025-05-14,EWW,5,57.2093391418457,13.5,LIME,1,False,0.7,0.5,0.1,0.1,0.07,7000.0,False,33.3639,0,0.7,GREEN
2025-05-14,EWG,6,39.680137634277344,11.75,-,3,False,0.7,0.3,0.08,0.08,0.056,5600.0,False,30.6119,0,0.7,GREEN
2025-05-15,GREK,1,50.31515121459961,16.0,LIME,1,False,0.7,0.6,0.31,0.31,0.217,21700.0,False,33.3157,0,0.7,GREEN
2025-05-15,EWI,2,45.13301849365234,16.0,LIME,1,False,0.7,0.6,0.25,0.25,0.175,17500.0,False,32.2382,0,0.7,GREEN
2025-05-15,ITA,3,169.76329040527344,16.0,LIME,1,False,0.7,0.6,0.16,0.16,0.112,11200.0,False,32.8816,0,0.7,GREEN
2025-05-15,EPHE,4,27.076772689819336,15.0,LIME,2,False,0.7,0.55,0.1,0.1,0.07,7000.0,False,22.5149,0,0.7,GREEN
2025-05-15,EWW,5,57.11296463012695,13.5,LIME,1,False,0.7,0.5,0.1,0.1,0.07,7000.0,False,33.3453,0,0.7,GREEN
2025-05-15,EWG,6,40.19163513183594,11.75,LIME,1,False,0.7,0.35,0.08,0.08,0.056,5600.0,False,30.5109,0,0.7,GREEN
2025-05-16,GREK,1,50.65283584594727,16.0,LIME,1,False,0.7,0.6,0.31,0.31,0.217,21700.0,False,33.3225,0,0.7,GREEN
2025-05-16,EWI,2,45.44341278076172,16.0,LIME,1,False,0.7,0.6,0.25,0.25,0.175,17500.0,False,32.2219,0,0.7,GREEN
2025-05-16,ITA,3,171.02655029296875,16.0,LIME,1,False,0.7,0.6,0.16,0.16,0.112,11200.0,False,32.8178,0,0.7,GREEN
2025-05-16,EWW,4,57.35390472412109,15.75,LIME,1,False,0.7,0.6,0.1,0.1,0.07,7000.0,False,33.3409,0,0.7,GREEN
2025-05-16,EPHE,5,27.145397186279297,13.75,LIME,2,False,0.7,0.45,0.1,0.1,0.07,7000.0,False,22.4924,0,0.7,GREEN
2025-05-16,EWG,6,40.18179702758789,12.75,LIME,1,False,0.7,0.4,0.08,0.08,0.056,5600.0,False,30.5123,0,0.7,GREEN
2025-05-19,GREK,1,51.038761138916016,16.0,LIME,1,False,0.7,0.6,0.31,0.31,0.217,21700.0,False,33.3244,0,0.7,GREEN
2025-05-19,EWP,2,41.6436653137207,16.0,LIME,1,False,0.7,0.6,0.25,0.25,0.175,17500.0,False,30.5367,0,0.7,GREEN
2025-05-19,EWI,3,45.87990188598633,16.0,LIME,1,False,0.7,0.6,0.16,0.16,0.112,11200.0,False,32.1928,0,0.7,GREEN
2025-05-19,EWW,4,58.3754997253418,16.0,LIME,1,False,0.7,0.6,0.1,0.1,0.07,7000.0,False,33.4478,0,0.7,GREEN
2025-05-19,ITA,5,172.37933349609375,16.0,LIME,1,False,0.7,0.6,0.1,0.1,0.07,7000.0,False,32.8189,0,0.7,GREEN
2025-05-19,EPHE,6,27.35126495361328,13.5,LIME,1,False,0.7,0.5,0.08,0.08,0.056,5600.0,False,22.5152,0,0.7,GREEN
2025-05-20,GREK,1,51.993927001953125,16.0,LIME,1,False,0.6,0.6,0.31,0.311245,0.186747,18674.7,False,33.3421,0,0.6,GREEN
2025-05-20,EWP,2,42.42387390136719,16.0,LIME,1,False,0.6,0.6,0.25,0.251004,0.150602,15060.24,False,30.404,0,0.6,GREEN
2025-05-20,EWI,3,46.4036865234375,16.0,LIME,1,False,0.6,0.6,0.16,0.160643,0.096386,9638.55,False,32.094,0,0.6,GREEN
2025-05-20,EWW,4,58.336952209472656,16.0,LIME,1,False,0.6,0.6,0.1,0.100402,0.060241,6024.1,False,33.1937,0,0.6,GREEN
2025-05-20,ITA,5,172.48875427246094,16.0,LIME,1,False,0.6,0.6,0.1,0.100402,0.060241,6024.1,False,32.8079,0,0.6,GREEN
2025-05-20,EPHE,6,26.82188606262207,11.25,-,3,False,0.6,0.3,0.08,0.076305,0.045783,4578.31,False,22.9271,1,0.6,GREEN
2025-05-21,GREK,1,52.23513412475586,16.0,LIME,1,False,0.6,0.6,0.33,0.33,0.198,19800.0,False,33.3113,0,0.6,GREEN
2025-05-21,EWP,2,42.092281341552734,16.0,LIME,1,False,0.6,0.6,0.27,0.27,0.162,16200.0,False,30.3583,0,0.6,GREEN
2025-05-21,EWI,3,46.21939468383789,16.0,LIME,1,False,0.6,0.6,0.2,0.2,0.12,12000.0,False,32.1139,0,0.6,GREEN
2025-05-21,EWW,4,58.134559631347656,16.0,LIME,1,False,0.6,0.6,0.1,0.1,0.06,6000.0,False,33.1627,0,0.6,GREEN
2025-05-21,ITA,5,169.88265991210938,15.0,LIME,2,False,0.6,0.55,0.1,0.1,0.06,6000.0,False,32.9089,0,0.6,GREEN
2025-05-22,GREK,1,51.98427963256836,16.0,LIME,1,False,0.6,0.6,0.33,0.331658,0.198995,19899.5,False,33.3221,0,0.5,GREEN
2025-05-22,EWP,2,42.28733444213867,16.0,LIME,1,False,0.6,0.6,0.27,0.271357,0.162814,16281.41,False,30.2563,0,0.5,GREEN
2025-05-22,EWI,3,46.11269378662109,16.0,LIME,1,False,0.6,0.6,0.2,0.201005,0.120603,12060.3,False,32.0859,0,0.5,GREEN
2025-05-22,EWW,4,57.66231536865234,14.75,LIME,2,False,0.5,0.5,0.1,0.100503,0.050251,5025.13,False,33.0125,0,0.5,GREEN
2025-05-22,ITA,5,169.29580688476562,13.5,LIME,2,False,0.5,0.45,0.1,0.095477,0.047739,4773.87,False,32.5246,1,0.5,GREEN
2025-05-23,EZA,1,49.210697174072266,16.0,-,1,False,0.6,0.6,0.31,0.317949,0.190769,19076.92,False,33.164,0,0.6,LIME
2025-05-23,EWP,2,42.23857116699219,15.75,LIME,1,False,0.6,0.6,0.25,0.25641,0.153846,15384.62,False,30.2599,0,0.6,LIME
2025-05-23,VNM,3,13.112849235534668,16.0,LIME,1,False,0.6,0.6,0.16,0.147692,0.088615,8861.54,False,44.3108,0,0.6,LIME
2025-05-23,GREK,4,51.35715103149414,15.0,LIME,2,False,0.6,0.55,0.1,0.097436,0.058462,5846.15,False,33.2635,1,0.6,LIME
2025-05-23,EWW,5,58.47187805175781,14.75,LIME,1,False,0.6,0.55,0.1,0.102564,0.061538,6153.85,False,33.0457,0,0.6,LIME
2025-05-23,EWI,6,45.550106048583984,14.75,-,2,False,0.6,0.5,0.08,0.077949,0.046769,4676.92,False,32.2211,1,0.6,LIME
2025-05-27,EWP,1,42.45312881469727,15.75,LIME,1,False,0.85,0.6,0.31,0.315041,0.267785,26778.46,False,30.0851,0,0.85,LIME
2025-05-27,EZA,2,48.63913345336914,16.0,-,1,False,0.85,0.6,0.25,0.254065,0.215955,21595.53,False,33.2803,0,0.85,LIME
2025-05-27,VNM,3,13.561919212341309,16.0,LIME,1,False,0.85,0.6,0.16,0.146341,0.12439,12439.02,False,44.7761,0,0.85,LIME
2025-05-27,GREK,4,53.084171295166016,15.0,LIME,1,False,0.85,0.6,0.1,0.101626,0.086382,8638.21,False,33.7937,0,0.85,LIME
2025-05-27,EWW,5,58.91521453857422,14.75,LIME,1,False,0.85,0.55,0.1,0.101626,0.086382,8638.21,False,32.922,0,0.85,LIME
2025-05-27,EWI,6,46.22909164428711,14.5,-,1,False,0.85,0.55,0.08,0.081301,0.069106,6910.57,False,32.1913,0,0.85,LIME
2025-05-28,EZA,1,48.75157165527344,16.0,-,1,False,0.85,0.6,0.31,0.319258,0.27137,27136.97,False,33.2757,0,0.85,LIME
2025-05-28,VNM,2,13.681671142578123,16.0,LIME,1,False,0.85,0.6,0.25,0.23172,0.196962,19696.19,False,44.7734,0,0.85,LIME
2025-05-28,EWS,3,24.92120742797852,16.0,LIME,1,False,0.85,0.6,0.16,0.164779,0.140062,14006.18,False,31.5584,0,0.85,LIME
2025-05-28,GREK,4,53.88496780395508,15.0,LIME,1,False,0.85,0.6,0.1,0.102987,0.087539,8753.86,False,33.8066,0,0.85,LIME
2025-05-28,EWW,5,58.69355010986328,14.75,-,1,False,0.85,0.55,0.1,0.102987,0.087539,8753.86,False,32.9304,0,0.85,LIME
2025-05-28,EWP,6,41.81921005249024,14.25,-,2,False,0.85,0.5,0.08,0.07827,0.066529,6652.94,False,30.3005,1,0.85,LIME
2025-05-29,EWW,1,59.01158905029297,16.0,-,1,False,0.85,0.6,0.31,0.313131,0.266162,26616.16,False,32.6724,0,0.85,LIME
2025-05-29,EZA,2,49.707298278808594,16.0,LIME,1,False,0.85,0.6,0.25,0.252525,0.214646,21464.65,False,33.1663,0,0.85,LIME
2025-05-29,EWY,3,60.44244003295898,16.0,GREEN,1,False,0.85,0.6,0.16,0.161616,0.137374,13737.37,False,31.6601,0,0.85,LIME
2025-05-29,VNM,4,13.482084274291992,16.0,LIME,1,False,0.85,0.6,0.1,0.090909,0.077273,7727.27,False,44.8974,0,0.85,LIME
2025-05-29,EWS,5,24.80618476867676,16.0,LIME,1,False,0.85,0.6,0.1,0.10101,0.085859,8585.86,False,31.5318,0,0.85,LIME
2025-05-29,GREK,6,53.74989318847656,15.0,LIME,1,False,0.85,0.6,0.08,0.080808,0.068687,6868.69,False,33.7142,0,0.85,LIME
2025-05-30,GREK,1,53.06487274169922,16.0,LIME,1,False,0.85,0.6,0.31,0.315041,0.267785,26778.46,False,33.8488,0,0.85,LIME
2025-05-30,ITA,2,176.29840087890625,16.0,LIME,1,False,0.85,0.6,0.25,0.254065,0.215955,21595.53,False,32.6999,0,0.85,LIME
2025-05-30,VNM,3,13.561919212341309,16.0,LIME,1,False,0.85,0.6,0.16,0.146341,0.12439,12439.02,False,44.8976,0,0.85,LIME
2025-05-30,EWY,4,59.29814147949219,16.0,GREEN,1,False,0.85,0.6,0.1,0.101626,0.086382,8638.21,False,31.5449,0,0.85,LIME
2025-05-30,EZA,5,48.92022705078125,15.0,-,2,False,0.85,0.55,0.1,0.101626,0.086382,8638.21,False,33.1161,0,0.85,LIME
2025-05-30,EWW,6,57.989994049072266,14.5,-,3,False,0.85,0.5,0.08,0.081301,0.069106,6910.57,False,32.9185,0,0.85,LIME
2025-06-02,ITA,1,177.2930908203125,16.0,LIME,1,False,0.85,0.6,0.31,0.315041,0.267785,26778.46,False,32.5881,0,0.85,LIME
2025-06-02,GREK,2,53.74024963378906,15.75,LIME,1,False,0.85,0.6,0.25,0.254065,0.215955,21595.53,False,33.8128,0,0.85,LIME
2025-06-02,VNM,3,13.781464576721191,16.0,LIME,1,False,0.85,0.6,0.16,0.146341,0.12439,12439.02,False,44.9803,0,0.85,LIME
2025-06-02,EWY,4,60.38375854492188,16.0,GREEN,1,False,0.85,0.6,0.1,0.101626,0.086382,8638.21,False,31.6695,0,0.85,LIME
2025-06-02,EZA,5,49.9134407043457,15.0,-,1,False,0.85,0.6,0.1,0.101626,0.086382,8638.21,False,33.3009,0,0.85,LIME
2025-06-02,EWW,6,58.44296646118164,13.0,-,2,False,0.85,0.45,0.08,0.081301,0.069106,6910.57,False,32.765,0,0.85,LIME
2025-06-03,ITA,1,178.39718627929688,16.0,LIME,1,False,0.85,0.6,0.33,0.339157,0.288284,28828.37,False,32.1348,0,0.85,LIME
2025-06-03,VNM,2,13.931154251098633,16.0,LIME,1,False,0.85,0.6,0.27,0.249743,0.212282,21228.16,False,44.9775,0,0.85,LIME
2025-06-03,EWY,3,60.530460357666016,16.0,GREEN,1,False,0.85,0.6,0.2,0.20555,0.174717,17471.74,False,31.6659,0,0.85,LIME
2025-06-03,GREK,4,53.34467315673828,14.5,-,2,False,0.85,0.5,0.1,0.102775,0.087359,8735.87,False,33.8911,0,0.85,LIME
2025-06-03,EZA,5,49.78226089477539,15.0,-,1,False,0.85,0.6,0.1,0.102775,0.087359,8735.87,False,33.2709,0,0.85,LIME
2025-06-04,ITA,1,179.1829833984375,16.0,LIME,1,False,0.85,0.6,0.31,0.313131,0.266162,26616.16,False,31.9254,0,0.85,LIME
2025-06-04,EWY,2,62.57455062866211,16.0,LIME,1,False,0.85,0.6,0.25,0.252525,0.214646,21464.65,False,31.9056,0,0.85,LIME
2025-06-04,XAR,3,194.5360412597656,15.5,LIME,1,False,0.85,0.6,0.16,0.161616,0.137374,13737.37,False,34.283,0,0.85,LIME
2025-06-04,VNM,4,13.831360816955566,16.0,LIME,1,False,0.85,0.6,0.1,0.090909,0.077273,7727.27,False,45.0133,0,0.85,LIME
2025-06-04,EZA,5,50.09146499633789,15.0,-,1,False,0.85,0.6,0.1,0.10101,0.085859,8585.86,False,32.8424,0,0.85,LIME
2025-06-04,GREK,6,53.29643249511719,12.75,-,2,False,0.85,0.35,0.08,0.080808,0.068687,6868.69,False,32.9038,0,0.85,LIME
2025-06-05,ITA,1,179.282470703125,16.0,LIME,1,False,0.85,0.6,0.31,0.313131,0.266162,26616.16,False,31.582,0,0.85,LIME
2025-06-05,EWY,2,63.92423629760742,16.0,LIME,1,False,0.85,0.6,0.25,0.252525,0.214646,21464.65,False,31.8136,0,0.85,LIME
2025-06-05,EZA,3,50.62554931640625,16.0,-,1,False,0.85,0.6,0.16,0.161616,0.137374,13737.37,False,32.8823,0,0.85,LIME
2025-06-05,XAR,4,193.7889404296875,15.75,LIME,1,False,0.85,0.6,0.1,0.10101,0.085859,8585.86,False,33.8792,0,0.85,LIME
2025-06-05,VNM,5,13.71160888671875,15.0,LIME,2,False,0.85,0.55,0.1,0.090909,0.077273,7727.27,False,44.9167,0,0.85,LIME
2025-06-05,GREK,6,53.80778503417969,12.5,LIME,1,False,0.85,0.4,0.08,0.080808,0.068687,6868.69,False,32.8216,0,0.85,LIME
2025-06-06,XAR,1,197.56430053710932,16.0,LIME,1,False,0.85,0.6,0.31,0.314561,0.267377,26737.7,False,34.0321,0,0.85,LIME
2025-06-06,ITA,2,180.99331665039065,16.0,LIME,1,False,0.85,0.6,0.25,0.253678,0.215627,21562.66,False,31.6065,0,0.85,LIME
2025-06-06,EWY,3,64.12962341308594,16.0,LIME,1,False,0.85,0.6,0.16,0.162354,0.138001,13800.1,False,31.7418,0,0.85,LIME
2025-06-06,EZA,4,50.54122161865234,16.0,LIME,1,False,0.85,0.6,0.1,0.101471,0.086251,8625.06,False,32.8864,0,0.85,LIME
2025-06-06,VNM,5,13.611815452575684,13.25,LIME,3,False,0.85,0.45,0.1,0.086758,0.073744,7374.43,False,44.8639,1,0.85,LIME
2025-06-06,GREK,6,53.50868988037109,11.5,LIME,2,False,0.85,0.3,0.08,0.081177,0.069001,6900.05,False,32.7886,0,0.85,LIME
2025-06-09,XAR,1,199.96499633789065,16.0,LIME,1,False,0.85,0.6,0.33,0.33,0.2805,28050.0,False,33.7262,0,0.85,LIME
2025-06-09,ITA,2,181.66970825195312,16.0,LIME,1,False,0.85,0.6,0.27,0.27,0.2295,22950.0,False,31.4756,0,0.85,LIME
2025-06-09,EWY,3,65.01963806152344,16.0,LIME,1,False,0.85,0.6,0.2,0.2,0.17,17000.0,False,31.1679,0,0.85,LIME
2025-06-09,EZA,4,51.00971603393555,16.0,LIME,1,False,0.85,0.6,0.1,0.1,0.085,8500.0,False,32.5074,0,0.85,LIME
2025-06-09,GREK,5,53.88496780395508,12.75,LIME,1,False,0.85,0.4,0.1,0.1,0.085,8500.0,False,32.5416,0,0.85,LIME
2025-06-10,EWY,1,64.7066650390625,16.0,LIME,1,False,0.85,0.6,0.33,0.33,0.2805,28050.0,False,31.172,0,0.85,LIME
2025-06-10,EZA,2,51.215850830078125,16.0,LIME,1,False,0.85,0.6,0.27,0.27,0.2295,22950.0,False,32.4587,0,0.85,LIME
2025-06-10,XAR,3,196.279296875,15.0,-,2,False,0.85,0.55,0.2,0.2,0.17,17000.0,False,34.0252,0,0.85,LIME
2025-06-10,GREK,4,54.492801666259766,14.5,LIME,1,False,0.85,0.55,0.1,0.1,0.085,8500.0,False,32.4223,0,0.85,LIME
2025-06-10,ITA,5,178.17835998535156,14.5,-,2,False,0.85,0.5,0.1,0.1,0.085,8500.0,False,31.8014,0,0.85,LIME
2025-06-11,EWY,1,65.5184326171875,16.0,LIME,1,False,0.85,0.6,0.31,0.330314,0.280767,28076.72,False,30.9708,0,0.85,LIME
2025-06-11,ARKW,2,130.36448669433594,15.0,LIME,1,False,0.85,0.6,0.25,0.226425,0.192461,19246.14,False,51.7498,0,0.85,LIME
2025-06-11,ARKF,3,45.02063751220703,15.0,LIME,1,False,0.85,0.6,0.16,0.144912,0.123175,12317.53,False,49.9436,0,0.85,LIME
2025-06-11,XAR,4,197.81332397460932,15.0,-,1,False,0.85,0.6,0.1,0.106553,0.09057,9057.01,False,34.0335,0,0.85,LIME
2025-06-11,EZA,5,50.672401428222656,15.0,LIME,2,False,0.85,0.55,0.1,0.106553,0.09057,9057.01,False,32.5069,0,0.85,LIME
2025-06-11,GREK,6,54.531394958496094,14.75,LIME,1,False,0.85,0.55,0.08,0.085242,0.072456,7245.6,False,32.09,0,0.85,LIME
2025-06-12,GREK,1,54.88837814331055,16.0,LIME,1,False,0.85,0.6,0.31,0.318602,0.270812,27081.19,False,32.0884,0,0.85,LIME
2025-06-12,EWY,2,66.20305633544922,16.0,LIME,1,False,0.85,0.6,0.25,0.256937,0.218397,21839.67,False,30.8307,0,0.85,LIME
2025-06-12,EWW,3,59.33927154541016,15.5,-,1,False,0.85,0.6,0.16,0.16444,0.139774,13977.39,False,32.0389,0,0.85,LIME
2025-06-12,EZA,4,51.31892395019531,15.0,LIME,1,False,0.85,0.6,0.1,0.102775,0.087359,8735.87,False,32.55,0,0.85,LIME
2025-06-12,ARKW,5,127.9025421142578,14.25,LIME,2,False,0.85,0.5,0.1,0.087359,0.074255,7425.49,False,51.0365,0,0.85,LIME
2025-06-12,ARKF,6,44.15139389038086,14.25,LIME,2,False,0.85,0.5,0.08,0.069887,0.059404,5940.39,False,49.2764,0,0.85,LIME
2025-06-13,EWC,1,45.17162704467773,16.0,LIME,1,False,0.6,0.6,0.31,0.316327,0.189796,18979.59,False,22.0453,0,0.6,LIME
2025-06-13,ICLN,2,13.05840301513672,16.0,GREEN,1,False,0.6,0.6,0.25,0.255102,0.153061,15306.12,False,24.9047,0,0.6,LIME
2025-06-13,EWY,3,64.96095275878906,15.0,LIME,2,False,0.6,0.55,0.16,0.155102,0.093061,9306.12,False,31.0257,1,0.6,LIME
2025-06-13,GREK,4,54.029693603515625,15.0,-,2,False,0.6,0.55,0.1,0.102041,0.061224,6122.45,False,32.0306,0,0.6,LIME
2025-06-13,EWW,5,58.84775161743164,14.5,-,2,False,0.6,0.5,0.1,0.102041,0.061224,6122.45,False,31.8647,0,0.6,LIME
2025-06-13,ARKW,6,128.0404052734375,13.5,LIME,2,False,0.6,0.45,0.08,0.069388,0.041633,4163.27,False,50.3966,0,0.6,LIME
2025-06-16,ICLN,1,13.207244873046877,16.0,GREEN,1,False,0.6,0.6,0.31,0.316327,0.189796,18979.59,False,24.5778,0,0.4,-
2025-06-16,EWC,2,45.35598373413086,16.0,LIME,1,False,0.6,0.6,0.25,0.255102,0.153061,15306.12,False,21.9086,0,0.4,-
2025-06-16,EWY,3,66.69207000732422,15.0,LIME,1,False,0.6,0.6,0.16,0.163265,0.097959,9795.92,False,30.8905,0,0.4,-
2025-06-16,ARKW,4,133.83087158203125,13.5,LIME,1,False,0.5,0.5,0.1,0.086735,0.043367,4336.73,False,51.0141,0,0.4,-
2025-06-16,GREK,5,53.82708358764648,13.0,-,3,False,0.45,0.45,0.1,0.096939,0.043622,4362.24,False,31.9814,1,0.4,-
2025-06-16,EWW,6,58.69370651245117,12.5,-,3,False,0.4,0.35,0.08,0.081633,0.032653,3265.31,False,31.7358,0,0.4,-
2025-06-17,EWC,1,45.04872131347656,15.0,-,2,False,0.55,0.55,0.33,0.352376,0.193807,19380.67,False,21.9448,0,0.3,-
2025-06-17,EWY,2,65.16633605957031,14.0,-,2,False,0.5,0.5,0.27,0.273892,0.136946,13694.61,False,31.1054,1,0.3,-
2025-06-17,XLK,3,119.97437286376952,14.25,LIME,1,False,0.55,0.55,0.2,0.192205,0.105713,10571.28,False,41.4419,0,0.3,-
2025-06-17,ARKW,4,132.2355499267578,13.5,LIME,1,False,0.5,0.5,0.1,0.090763,0.045382,4538.17,False,50.6576,0,0.3,-
2025-06-17,ICLN,5,12.631721496582031,13.5,-,4,False,0.4,0.4,0.1,0.090763,0.036305,3630.54,False,26.1803,2,0.3,-
2025-06-18,ARKW,1,137.0511016845703,14.25,LIME,1,False,0.55,0.55,0.33,0.29984,0.164912,16491.18,False,50.6534,0,0.2,-
2025-06-18,EWZ,2,27.129377365112305,15.25,LIME,1,False,0.6,0.6,0.27,0.288616,0.173169,17316.94,False,26.9035,0,0.2,-
2025-06-18,EWY,3,66.37910461425781,14.0,-,1,False,0.55,0.55,0.2,0.213789,0.117584,11758.42,False,31.2661,0,0.2,-
2025-06-18,XLK,4,120.11853790283205,14.25,LIME,1,False,0.55,0.55,0.1,0.096205,0.052913,5291.29,False,41.3863,0,0.2,-
2025-06-18,EWC,5,44.91986846923828,13.0,-,3,False,0.45,0.45,0.1,0.10155,0.045697,4569.75,False,21.8549,1,0.2,-
2025-06-20,ARKW,1,139.30624389648438,15.0,LIME,1,False,0.6,0.6,0.33,0.323196,0.193918,19391.75,False,50.6878,0,0.2,-
2025-06-20,ARKF,2,47.5883903503418,15.0,LIME,1,False,0.6,0.6,0.27,0.264433,0.15866,15865.98,False,49.0966,0,0.2,-
2025-06-20,EWY,3,67.02459716796875,15.0,-,1,False,0.6,0.6,0.2,0.206186,0.123711,12371.13,False,31.2022,0,0.2,-
2025-06-20,EWZ,4,26.73325729370117,14.75,LIME,2,False,0.5,0.5,0.1,0.103093,0.051546,5154.64,False,26.9317,0,0.2,-
2025-06-20,XLK,5,119.58657836914062,13.0,LIME,3,False,0.45,0.45,0.1,0.103093,0.046392,4639.18,False,41.3651,0,0.2,-
2025-06-23,ARKW,1,141.61061096191406,15.0,LIME,1,False,0.6,0.6,0.33,0.323196,0.193918,19391.75,False,50.6604,0,0.2,-
2025-06-23,ARKF,2,48.19785690307617,15.0,LIME,1,False,0.6,0.6,0.27,0.264433,0.15866,15865.98,False,49.1061,0,0.2,-
2025-06-23,EWY,3,67.89505004882812,15.0,-,1,False,0.6,0.6,0.2,0.206186,0.123711,12371.13,False,31.2629,0,0.2,-
2025-06-23,XLK,4,120.95006561279295,13.0,LIME,1,False,0.5,0.5,0.1,0.103093,0.051546,5154.64,False,41.4055,0,0.2,-
2025-06-23,EWZ,5,26.723594665527344,13.0,LIME,3,False,0.45,0.45,0.1,0.103093,0.046392,4639.18,False,26.9317,0,0.2,-
2025-06-24,EWY,1,71.0541000366211,16.0,LIME,1,False,0.6,0.6,0.31,0.322917,0.19375,19375.0,False,32.4238,0,0.3,-
2025-06-24,ARKW,2,144.36798095703125,15.25,LIME,1,False,0.6,0.6,0.25,0.234375,0.140625,14062.5,False,49.9647,0,0.3,-
2025-06-24,EIS,3,90.828125,15.5,LIME,1,False,0.6,0.6,0.16,0.166667,0.1,10000.0,False,28.4541,0,0.3,-
2025-06-24,ARKF,4,49.436771392822266,15.0,LIME,1,False,0.6,0.6,0.1,0.09375,0.05625,5625.0,False,48.8362,0,0.3,-
2025-06-24,XLK,5,123.12126922607422,13.0,LIME,1,False,0.5,0.5,0.1,0.098958,0.049479,4947.92,False,41.3899,0,0.3,-
2025-06-24,EWZ,6,27.032760620117188,12.25,LIME,1,False,0.4,0.4,0.08,0.083333,0.033333,3333.33,False,26.8282,0,0.3,-
2025-06-25,EWY,1,70.7802505493164,16.0,LIME,1,False,0.6,0.6,0.33,0.335025,0.201015,20101.52,False,32.4205,0,0.4,-
2025-06-25,EIS,2,91.2736587524414,16.0,LIME,1,False,0.6,0.6,0.27,0.274112,0.164467,16446.7,False,28.4163,0,0.4,-
2025-06-25,ARKW,3,143.0089874267578,15.5,LIME,1,False,0.6,0.6,0.2,0.192893,0.115736,11573.6,False,50.056,0,0.4,-
2025-06-25,ARKF,4,49.04711532592773,15.25,LIME,1,False,0.6,0.6,0.1,0.096447,0.057868,5786.8,False,48.9007,0,0.4,-
2025-06-25,XLK,5,124.17200469970705,13.0,LIME,1,False,0.5,0.5,0.1,0.101523,0.050761,5076.14,False,41.4079,0,0.4,-
2025-06-26,EWY,1,70.35969543457031,16.0,LIME,1,False,0.85,0.6,0.33,0.33622,0.285787,28578.71,False,32.4365,0,0.85,LIME
2025-06-26,ARKW,2,145.64817810058594,15.75,LIME,1,False,0.85,0.6,0.27,0.261335,0.222134,22213.45,False,49.3264,0,0.85,LIME
2025-06-26,EIS,3,91.15484619140624,16.0,LIME,1,False,0.85,0.6,0.2,0.20377,0.173204,17320.43,False,27.9183,0,0.85,LIME
2025-06-26,ARKF,4,49.936336517333984,15.5,LIME,1,False,0.85,0.6,0.1,0.096791,0.082272,8227.2,False,48.3375,0,0.85,LIME
2025-06-26,XLK,5,125.0285415649414,15.0,LIME,1,False,0.85,0.6,0.1,0.101885,0.086602,8660.21,False,41.1088,0,0.85,LIME
2025-06-27,XAR,1,209.13894653320312,16.0,LIME,1,False,0.85,0.6,0.31,0.319588,0.271649,27164.95,False,33.1064,0,0.85,LIME
2025-06-27,EIS,2,91.17464447021484,16.0,LIME,1,False,0.85,0.6,0.25,0.257732,0.219072,21907.22,False,27.9221,0,0.85,LIME
2025-06-27,GREK,3,56.97152328491211,15.5,LIME,1,False,0.85,0.6,0.16,0.164948,0.140206,14020.62,False,32.4174,0,0.85,LIME
2025-06-27,ARKW,4,143.43243408203125,15.0,LIME,2,False,0.85,0.55,0.1,0.087629,0.074485,7448.45,False,49.3612,0,0.85,LIME
2025-06-27,ARKF,5,49.07708740234375,14.75,LIME,2,False,0.85,0.5,0.1,0.087629,0.074485,7448.45,False,48.4045,0,0.85,LIME
2025-06-27,EWY,6,69.18605041503906,14.75,-,2,False,0.85,0.5,0.08,0.082474,0.070103,7010.31,False,32.6438,0,0.85,LIME
2025-06-30,XAR,1,210.2653350830078,16.0,LIME,1,False,0.85,0.6,0.31,0.319588,0.271649,27164.95,False,32.7509,0,0.85,LIME
2025-06-30,EIS,2,93.9369125366211,16.0,LIME,1,False,0.85,0.6,0.25,0.257732,0.219072,21907.22,False,28.0927,0,0.85,LIME
2025-06-30,GREK,3,56.84420776367188,16.0,LIME,1,False,0.85,0.6,0.16,0.164948,0.140206,14020.62,False,32.3451,0,0.85,LIME
2025-06-30,ARKW,4,145.3724365234375,15.0,LIME,1,False,0.85,0.6,0.1,0.087629,0.074485,7448.45,False,48.4374,0,0.85,LIME
2025-06-30,ARKF,5,50.19610977172852,15.0,LIME,1,False,0.85,0.6,0.1,0.087629,0.074485,7448.45,False,47.6415,0,0.85,LIME
2025-06-30,EWY,6,70.20320892333984,13.5,-,2,False,0.85,0.45,0.08,0.082474,0.070103,7010.31,False,31.977,0,0.85,LIME
2025-07-01,GREK,1,57.42205047607422,16.0,LIME,1,False,0.6,0.6,0.31,0.320248,0.192149,19214.88,False,31.6122,0,0.3,-
2025-07-01,EIS,2,92.39242553710938,16.0,LIME,1,False,0.6,0.6,0.25,0.258264,0.154959,15495.87,False,28.3318,0,0.3,-
2025-07-01,SCZ,3,71.22893524169922,16.0,LIME,1,False,0.6,0.6,0.16,0.165289,0.099174,9917.36,False,22.1441,0,0.3,-
2025-07-01,XAR,4,205.181640625,15.0,-,2,False,0.55,0.55,0.1,0.09814,0.053977,5397.73,False,33.1663,1,0.3,-
2025-07-01,ARKF,5,49.26692199707031,13.5,-,2,False,0.45,0.45,0.1,0.08781,0.039514,3951.45,False,47.6335,0,0.3,-
2025-07-01,ARKW,6,142.26055908203125,13.25,-,2,False,0.45,0.45,0.08,0.070248,0.031612,3161.16,False,48.5239,0,0.3,-
2025-07-02,EIS,1,94.14482879638672,16.0,LIME,1,False,0.85,0.6,0.31,0.320248,0.272211,27221.07,False,28.4052,0,0.85,LIME
2025-07-02,GREK,2,58.1174201965332,16.0,LIME,1,False,0.85,0.6,0.25,0.258264,0.219525,21952.48,False,31.5894,0,0.85,LIME
2025-07-02,SCZ,3,71.37605285644531,16.0,LIME,1,False,0.85,0.6,0.16,0.165289,0.140496,14049.59,False,22.1406,0,0.85,LIME
2025-07-02,XAR,4,205.80963134765625,14.0,-,2,False,0.85,0.5,0.1,0.09814,0.083419,8341.94,False,33.1588,1,0.85,LIME
2025-07-02,ARKF,5,49.69654846191406,13.5,-,1,False,0.85,0.5,0.1,0.08781,0.074638,7463.84,False,47.564,0,0.85,LIME
2025-07-02,ARKW,6,144.08238220214844,12.0,-,2,False,0.85,0.35,0.08,0.070248,0.059711,5971.07,False,48.4354,0,0.85,LIME
2025-07-03,GREK,1,58.489593505859375,16.0,LIME,1,False,0.85,0.6,0.31,0.314721,0.267513,26751.27,False,31.5705,0,0.85,LIME
2025-07-03,EIS,2,95.94674682617188,16.0,LIME,1,False,0.85,0.6,0.25,0.253807,0.215736,21573.6,False,28.5212,0,0.85,LIME
2025-07-03,XLI,3,147.88177490234375,16.0,LIME,1,False,0.85,0.6,0.16,0.162437,0.138071,13807.11,False,29.2787,0,0.85,LIME
2025-07-03,SCZ,4,71.62126922607422,16.0,LIME,1,False,0.85,0.6,0.1,0.101523,0.086294,8629.44,False,22.14,0,0.85,LIME
2025-07-03,ARKF,5,50.11618041992188,14.25,-,1,False,0.85,0.55,0.1,0.086294,0.07335,7335.03,False,47.4604,0,0.85,LIME
2025-07-03,XAR,6,208.2617645263672,13.75,-,1,False,0.85,0.5,0.08,0.081218,0.069036,6903.55,False,33.1102,0,0.85,LIME
2025-07-07,GREK,1,57.901954650878906,16.0,LIME,1,False,0.85,0.6,0.31,0.321244,0.273057,27305.7,False,31.4347,0,0.85,LIME
2025-07-07,EIS,2,94.97647857666016,16.0,LIME,1,False,0.85,0.6,0.25,0.259067,0.220207,22020.73,False,27.8784,0,0.85,LIME
2025-07-07,XLK,3,126.94577026367188,15.0,LIME,1,False,0.85,0.6,0.16,0.149223,0.126839,12683.94,False,38.1995,0,0.85,LIME
2025-07-07,XLI,4,147.36712646484375,16.0,LIME,1,False,0.85,0.6,0.1,0.103627,0.088083,8808.29,False,26.9923,0,0.85,LIME
2025-07-07,ARKF,5,50.58576965332031,14.25,LIME,1,False,0.85,0.55,0.1,0.088083,0.07487,7487.05,False,43.87,0,0.85,LIME
2025-07-07,SCZ,6,70.7090835571289,14.5,LIME,2,False,0.85,0.5,0.08,0.078756,0.066943,6694.3,False,21.987,1,0.85,LIME
2025-07-08,GREK,1,59.64528274536133,16.0,LIME,1,False,0.85,0.6,0.31,0.327522,0.278394,27839.41,False,27.0109,0,0.85,LIME
2025-07-08,ARKF,2,50.20610046386719,15.75,-,1,False,0.85,0.6,0.25,0.224511,0.190835,19083.47,False,41.559,0,0.85,LIME
2025-07-08,XLK,3,127.62801361083984,16.0,LIME,1,False,0.85,0.6,0.16,0.152139,0.129319,12931.85,False,35.4177,0,0.85,LIME
2025-07-08,EIS,4,94.45175170898438,16.0,LIME,1,False,0.85,0.6,0.1,0.105652,0.089805,8980.45,False,26.0459,0,0.85,LIME
2025-07-08,XLI,5,147.32754516601562,16.0,LIME,1,False,0.85,0.6,0.1,0.105652,0.089805,8980.45,False,23.472,0,0.85,LIME
2025-07-08,SCZ,6,71.3073959350586,14.5,LIME,1,False,0.85,0.55,0.08,0.084522,0.071844,7184.36,False,17.4353,0,0.85,LIME
2025-07-09,ARKK,1,72.37000274658203,16.0,LIME,1,False,0.85,0.6,0.31,0.282574,0.240188,24018.77,False,52.2906,0,0.85,LIME
2025-07-09,GREK,2,59.82157516479492,16.0,LIME,1,False,0.85,0.6,0.25,0.268097,0.227882,22788.2,False,22.9241,0,0.85,LIME
2025-07-09,ARKF,3,51.185245513916016,15.75,LIME,1,False,0.85,0.6,0.16,0.154424,0.13126,13126.01,False,41.5968,0,0.85,LIME
2025-07-09,EIS,4,96.70909118652344,16.0,LIME,1,False,0.85,0.6,0.1,0.107239,0.091153,9115.28,False,26.1035,0,0.85,LIME
2025-07-09,XLK,5,128.3948974609375,16.0,LIME,1,False,0.85,0.6,0.1,0.101877,0.086595,8659.52,False,35.4177,0,0.85,LIME
2025-07-09,XLI,6,148.3568115234375,16.0,LIME,1,False,0.85,0.6,0.08,0.085791,0.072922,7292.23,False,23.4157,0,0.85,LIME
2025-07-10,ARKK,1,73.55999755859375,16.0,LIME,1,False,0.85,0.6,0.31,0.285328,0.242528,24252.84,False,51.2722,0,0.85,LIME
2025-07-10,ARKF,2,51.52494812011719,16.0,LIME,1,False,0.85,0.6,0.25,0.243638,0.207093,20709.26,False,41.1092,0,0.85,LIME
2025-07-10,GREK,3,60.0566291809082,16.0,LIME,1,False,0.85,0.6,0.16,0.173254,0.147266,14726.58,False,21.4897,0,0.85,LIME
2025-07-10,EIS,4,95.86753845214844,16.0,LIME,1,False,0.85,0.6,0.1,0.108284,0.092041,9204.11,False,26.2058,0,0.85,LIME
2025-07-10,XLK,5,127.97162628173828,16.0,LIME,1,False,0.85,0.6,0.1,0.10287,0.087439,8743.91,False,35.0714,0,0.85,LIME
2025-07-10,XLI,6,149.1881866455078,16.0,LIME,1,False,0.85,0.6,0.08,0.086627,0.073633,7363.29,False,23.2834,0,0.85,LIME
2025-07-11,ARKK,1,72.29000091552734,16.0,-,1,False,0.85,0.6,0.31,0.282422,0.240059,24005.89,False,40.5391,0,0.85,LIME
2025-07-11,ARKF,2,50.9554443359375,16.0,-,1,False,0.85,0.6,0.25,0.254555,0.216372,21637.19,False,31.2883,0,0.85,LIME
2025-07-11,SMH,3,286.59820556640625,16.0,-,1,False,0.85,0.6,0.16,0.162915,0.138478,13847.8,False,32.1659,0,0.85,LIME
2025-07-11,GREK,4,59.733428955078125,16.0,LIME,1,False,0.85,0.6,0.1,0.107181,0.091104,9110.4,False,19.52,0,0.85,LIME
2025-07-11,XLI,5,148.6537322998047,16.0,LIME,1,False,0.85,0.6,0.1,0.107181,0.091104,9110.4,False,15.7641,0,0.85,LIME
2025-07-11,EIS,6,94.48145294189452,14.5,-,2,False,0.85,0.5,0.08,0.085745,0.072883,7288.32,False,24.5032,0,0.85,LIME
2025-07-14,ARKW,1,150.1781463623047,16.0,-,1,False,0.85,0.6,0.31,0.315041,0.267785,26778.46,False,31.8549,0,0.85,LIME
2025-07-14,ARKF,2,52.13441467285156,16.0,-,1,False,0.85,0.6,0.25,0.254065,0.215955,21595.53,False,29.5672,0,0.85,LIME
2025-07-14,ARKK,3,73.6500015258789,16.0,-,1,False,0.85,0.6,0.16,0.146341,0.12439,12439.02,False,38.41,0,0.85,LIME
2025-07-14,SMH,4,284.4349670410156,15.0,-,2,False,0.85,0.55,0.1,0.101626,0.086382,8638.21,False,28.5173,0,0.85,LIME
2025-07-14,XLI,5,149.4553985595703,16.0,LIME,1,False,0.85,0.6,0.1,0.101626,0.086382,8638.21,False,14.6605,0,0.85,LIME
2025-07-14,GREK,6,59.56692886352539,15.0,LIME,2,False,0.85,0.55,0.08,0.081301,0.069106,6910.57,False,19.5323,0,0.85,LIME
2025-07-15,ARKW,1,149.6365203857422,16.0,-,1,False,0.85,0.6,0.31,0.311558,0.264824,26482.41,False,31.8798,0,0.85,LIME
2025-07-15,ARKF,2,51.64484024047852,16.0,-,1,False,0.85,0.6,0.25,0.251256,0.213568,21356.78,False,29.644,0,0.85,LIME
2025-07-15,IBIT,3,66.16000366210938,16.0,LIME,1,False,0.85,0.6,0.16,0.160804,0.136683,13668.34,False,32.8368,0,0.85,LIME
2025-07-15,ARKK,4,72.58999633789062,15.0,-,2,False,0.85,0.55,0.1,0.095477,0.081156,8115.58,False,38.4039,0,0.85,LIME
2025-07-15,SMH,5,289.89794921875,15.0,-,1,False,0.85,0.6,0.1,0.100503,0.085427,8542.71,False,28.357,0,0.85,LIME
2025-07-15,XLI,6,148.3370361328125,15.0,LIME,2,False,0.85,0.55,0.08,0.080402,0.068342,6834.17,False,14.5208,0,0.85,LIME
2025-07-16,ARKW,1,154.64901733398438,16.0,-,1,False,0.85,0.6,0.31,0.311558,0.264824,26482.41,False,32.2773,0,0.85,LIME
2025-07-16,ARKF,2,53.35335159301758,16.0,-,1,False,0.85,0.6,0.25,0.251256,0.213568,21356.78,False,30.0801,0,0.85,LIME
2025-07-16,IBIT,3,67.83000183105469,16.0,LIME,1,False,0.85,0.6,0.16,0.160804,0.136683,13668.34,False,33.044,0,0.85,LIME
2025-07-16,ARKK,4,75.25,15.0,-,1,False,0.85,0.6,0.1,0.095477,0.081156,8115.58,False,38.8411,0,0.85,LIME
2025-07-16,SMH,5,288.3826599121094,15.0,-,1,False,0.85,0.6,0.1,0.100503,0.085427,8542.71,False,28.4322,0,0.85,LIME
2025-07-16,XLI,6,148.861572265625,14.0,LIME,2,False,0.85,0.5,0.08,0.080402,0.068342,6834.17,False,14.4406,0,0.85,LIME
2025-07-17,ARKW,1,156.539794921875,16.0,-,1,False,0.85,0.6,0.31,0.311558,0.264824,26482.41,False,32.2854,0,0.85,LIME
2025-07-17,ARKF,2,54.37245559692383,16.0,-,1,False,0.85,0.6,0.25,0.251256,0.213568,21356.78,False,30.1624,0,0.85,LIME
2025-07-17,XAR,3,222.23692321777344,16.0,LIME,1,False,0.85,0.6,0.16,0.160804,0.136683,13668.34,False,19.1778,0,0.85,LIME
2025-07-17,IBIT,4,67.6500015258789,15.75,LIME,1,False,0.85,0.6,0.1,0.100503,0.085427,8542.71,False,32.9114,0,0.85,LIME
2025-07-17,ARKK,5,76.23999786376953,15.0,-,1,False,0.85,0.6,0.1,0.095477,0.081156,8115.58,False,38.8528,0,0.85,LIME
2025-07-17,SMH,6,290.8051147460937,15.0,-,1,False,0.85,0.6,0.08,0.080402,0.068342,6834.17,False,28.4364,0,0.85,LIME
2025-07-18,ARKW,1,157.59349060058594,16.0,-,1,False,0.85,0.6,0.31,0.311558,0.264824,26482.41,False,31.5519,0,0.85,LIME
2025-07-18,ARKF,2,54.68218612670898,16.0,-,1,False,0.85,0.6,0.25,0.251256,0.213568,21356.78,False,29.5721,0,0.85,LIME
2025-07-18,SMH,3,289.40948486328125,16.0,-,1,False,0.85,0.6,0.16,0.160804,0.136683,13668.34,False,26.7975,0,0.85,LIME
2025-07-18,XAR,4,221.63885498046875,16.0,LIME,1,False,0.85,0.6,0.1,0.100503,0.085427,8542.71,False,19.1479,0,0.85,LIME
2025-07-18,ARKK,5,77.62999725341797,15.0,-,1,False,0.85,0.6,0.1,0.095477,0.081156,8115.58,False,38.0514,0,0.85,LIME
2025-07-18,IBIT,6,66.68000030517578,14.0,LIME,2,False,0.85,0.5,0.08,0.080402,0.068342,6834.17,False,33.1556,0,0.85,LIME
2025-07-21,ARKW,1,156.96324157714844,16.0,-,1,False,0.85,0.6,0.31,0.313924,0.266835,26683.54,False,31.6362,0,0.85,LIME
2025-07-21,ARKK,2,76.80999755859375,16.0,-,1,False,0.85,0.6,0.25,0.240506,0.20443,20443.04,False,38.2184,0,0.85,LIME
2025-07-21,ARKF,3,54.47237014770508,16.0,-,1,False,0.85,0.6,0.16,0.162025,0.137722,13772.15,False,29.6761,0,0.85,LIME
2025-07-21,SMH,4,289.6088562011719,15.0,-,2,False,0.85,0.55,0.1,0.101266,0.086076,8607.59,False,26.6301,0,0.85,LIME
2025-07-21,XAR,5,218.2596893310547,15.0,-,2,False,0.85,0.55,0.1,0.101266,0.086076,8607.59,False,19.5462,0,0.85,LIME
2025-07-21,IBIT,6,66.33000183105469,12.25,LIME,2,False,0.85,0.35,0.08,0.081013,0.068861,6886.08,False,33.2241,0,0.85,LIME
2025-07-22,ETHA,1,27.809999465942383,15.75,LIME,1,False,0.85,0.6,0.31,0.277807,0.236136,23613.6,False,73.1418,0,0.85,LIME
2025-07-22,CARZ,2,63.85438537597656,16.0,LIME,1,False,0.85,0.6,0.25,0.263574,0.224038,22403.8,False,24.612,0,0.85,LIME
2025-07-22,REMX,3,52.226749420166016,15.5,LIME,1,True,1.0,,0.16,0.168687,0.168687,16868.74,False,33.4378,0,0.85,LIME
2025-07-22,ARKW,4,154.58009338378906,15.0,-,2,False,0.85,0.55,0.1,0.10543,0.089615,8961.52,False,31.4989,0,0.85,LIME
2025-07-22,ARKK,5,76.38999938964844,15.0,-,2,False,0.85,0.55,0.1,0.100158,0.085134,8513.44,False,38.0228,0,0.85,LIME
2025-07-22,ARKF,6,53.68305969238281,15.0,-,2,False,0.85,0.55,0.08,0.084344,0.071692,7169.21,False,29.5416,0,0.85,LIME
2025-07-23,REMX,1,51.62768173217773,15.75,LIME,1,True,1.0,,0.31,0.316327,0.316327,31632.65,False,33.6112,0,0.85,LIME
2025-07-23,GREK,2,61.29066848754883,16.0,-,1,False,0.85,0.6,0.25,0.255102,0.216837,21683.67,False,17.5024,0,0.85,LIME
2025-07-23,CARZ,3,64.38495635986328,16.0,LIME,1,False,0.85,0.6,0.16,0.163265,0.138776,13877.55,False,24.6168,0,0.85,LIME
2025-07-23,ETHA,4,27.170000076293945,15.0,LIME,2,False,0.85,0.55,0.1,0.086735,0.073724,7372.45,False,72.2389,0,0.85,LIME
2025-07-23,ARKK,5,77.33999633789062,14.75,-,1,False,0.85,0.55,0.1,0.096939,0.082398,8239.8,False,37.5752,0,0.85,LIME
2025-07-23,ARKW,6,155.15126037597656,13.75,-,2,False,0.85,0.45,0.08,0.081633,0.069388,6938.78,False,30.8493,0,0.85,LIME
2025-07-24,REMX,1,53.89627456665039,16.0,LIME,1,True,1.0,,0.31,0.306292,0.306292,30629.23,False,34.4636,0,0.85,LIME
2025-07-24,GREK,2,60.722618103027344,16.0,-,1,False,0.85,0.6,0.25,0.26001,0.221009,22100.88,False,17.7023,0,0.85,LIME
2025-07-24,EWH,3,20.2304630279541,16.0,LIME,1,False,0.85,0.6,0.16,0.166407,0.141446,14144.57,False,13.9679,0,0.85,LIME
2025-07-24,CARZ,4,64.11968231201172,16.0,LIME,1,False,0.85,0.6,0.1,0.104004,0.088404,8840.35,False,22.5415,0,0.85,LIME
2025-07-24,ETHA,5,28.3799991607666,15.0,LIME,1,False,0.85,0.6,0.1,0.088404,0.075143,7514.3,False,72.1073,0,0.85,LIME
2025-07-24,ARKK,6,75.80000305175781,13.0,-,2,False,0.85,0.45,0.08,0.074883,0.063651,6365.05,False,37.4561,0,0.85,LIME
2025-07-25,REMX,1,53.93555450439453,16.0,LIME,1,True,1.0,,0.31,0.279873,0.279873,27987.25,False,33.7503,0,0.85,LIME
2025-07-25,VNM,2,16.43596649169922,16.0,LIME,1,False,0.85,0.6,0.25,0.265534,0.225704,22570.37,False,19.7789,0,0.85,LIME
2025-07-25,GREK,3,60.86952972412109,16.0,-,1,False,0.85,0.6,0.16,0.169942,0.14445,14445.03,False,17.6253,0,0.85,LIME
2025-07-25,EWH,4,20.14326477050781,16.0,LIME,1,False,0.85,0.6,0.1,0.106213,0.090281,9028.15,False,14.0518,0,0.85,LIME
2025-07-25,CARZ,5,64.10002136230469,16.0,LIME,1,False,0.85,0.6,0.1,0.106213,0.090281,9028.15,False,22.4204,0,0.85,LIME
2025-07-25,ETHA,6,27.57999992370605,14.0,LIME,2,False,0.85,0.5,0.08,0.072225,0.061391,6139.14,False,72.3873,0,0.85,LIME
2025-07-28,VNM,1,16.74532699584961,16.0,LIME,1,False,0.85,0.6,0.31,0.318602,0.270812,27081.19,False,19.9472,0,0.85,LIME
2025-07-28,ITA,2,197.18603515625,16.0,-,1,False,0.85,0.6,0.25,0.256937,0.218397,21839.67,False,14.8952,0,0.85,LIME
2025-07-28,EWH,3,20.414552688598636,16.0,LIME,1,False,0.85,0.6,0.16,0.16444,0.139774,13977.39,False,14.1817,0,0.85,LIME
2025-07-28,CARZ,4,64.42425537109375,16.0,LIME,1,False,0.85,0.6,0.1,0.102775,0.087359,8735.87,False,22.3101,0,0.85,LIME
2025-07-28,REMX,5,52.42316436767578,15.0,LIME,2,True,1.0,,0.1,0.087359,0.087359,8735.87,False,34.2988,0,0.85,LIME
2025-07-28,ETHA,6,28.790000915527344,14.0,LIME,1,False,0.85,0.55,0.08,0.069887,0.059404,5940.39,False,72.633,0,0.85,LIME
2025-07-29,XLK,1,131.51226806640625,16.0,LIME,1,False,0.85,0.6,0.31,0.323844,0.275268,27526.77,False,15.9877,0,0.85,LIME
2025-07-29,EWH,2,20.530820846557617,16.0,LIME,1,False,0.85,0.6,0.25,0.261165,0.22199,22199.01,False,14.1248,0,0.85,LIME
2025-07-29,VUG,3,452.3438720703125,16.0,LIME,1,False,0.85,0.6,0.16,0.167145,0.142074,14207.36,False,14.3161,0,0.85,LIME
2025-07-29,ETHA,4,28.489999771118164,15.0,LIME,1,False,0.85,0.6,0.1,0.088796,0.075477,7547.66,False,72.7012,0,0.85,LIME
2025-07-29,VNM,5,15.867145538330078,15.0,-,2,False,0.85,0.55,0.1,0.075477,0.064155,6415.51,False,22.9791,2,0.85,LIME
2025-07-29,ITA,6,196.36959838867188,15.0,-,2,False,0.85,0.55,0.08,0.083573,0.071037,7103.68,False,14.9747,0,0.85,LIME
2025-07-30,XLK,1,131.80609130859375,16.0,LIME,1,False,0.85,0.6,0.31,0.326728,0.277719,27771.92,False,15.9901,0,0.85,LIME
2025-07-30,VUG,2,453.37060546875,16.0,LIME,1,False,0.85,0.6,0.25,0.263491,0.223967,22396.71,False,14.2905,0,0.85,LIME
2025-07-30,ETHA,3,28.479999542236328,15.0,LIME,1,False,0.85,0.6,0.16,0.143339,0.121838,12183.81,False,72.7464,0,0.85,LIME
2025-07-30,ITA,4,197.77346801757807,15.0,-,1,False,0.85,0.6,0.1,0.105396,0.089587,8958.68,False,14.9889,0,0.85,LIME
2025-07-30,EWH,5,20.288597106933597,15.0,LIME,2,False,0.85,0.55,0.1,0.100126,0.085108,8510.75,False,14.4592,1,0.85,LIME
2025-07-30,VNM,6,15.996877670288086,14.0,-,2,False,0.85,0.5,0.08,0.060919,0.051781,5178.12,False,22.9779,2,0.85,LIME
2025-07-31,VUG,1,453.72943115234375,15.75,LIME,1,False,0.6,0.6,0.31,0.331108,0.198665,19866.49,False,14.2723,0,0.2,-
2025-07-31,XLK,2,130.83999633789062,15.0,-,2,False,0.55,0.55,0.25,0.267023,0.146862,14686.25,False,16.1447,0,0.2,-
2025-07-31,ETHA,3,28.270000457763672,14.25,LIME,2,False,0.5,0.5,0.16,0.14526,0.07263,7263.02,False,72.5283,0,0.2,-
2025-07-31,ITA,4,195.7423553466797,13.5,-,2,False,0.45,0.45,0.1,0.106809,0.048064,4806.41,False,15.2525,0,0.2,-
2025-07-31,VNM,5,15.97691822052002,12.75,-,2,False,0.35,0.35,0.1,0.07717,0.027009,2700.93,False,23.0005,2,0.2,-
2025-07-31,EWH,6,20.056062698364254,13.0,-,3,False,0.45,0.45,0.08,0.07263,0.032684,3268.36,False,14.3246,2,0.2,-
2025-08-01,XLU,1,42.002628326416016,15.25,LIME,1,False,0.24,0.24,0.35,0.392432,0.094184,9418.36,False,13.5357,0,0.1,PURPLE
2025-08-01,VUG,2,443.6217651367188,12.0,-,4,False,0.2,0.2,0.3,0.285915,0.057183,5718.29,False,14.9415,2,0.1,PURPLE
2025-08-01,ETHA,3,26.51000022888184,11.0,-,3,False,0.2,0.2,0.25,0.226349,0.04527,4526.98,False,73.9419,1,0.1,PURPLE
2025-08-01,XLK,4,128.0164337158203,11.5,-,4,False,0.2,0.2,0.1,0.095305,0.019061,1906.1,False,16.7546,2,0.1,PURPLE
2025-08-04,XLU,1,42.746726989746094,16.0,LIME,1,False,0.24,0.24,0.45,0.45,0.108,10800.0,False,13.8659,0,0.1,PURPLE
2025-08-04,VUG,2,452.1544799804688,11.25,-,1,False,0.2,0.2,0.3,0.3,0.06,6000.0,False,15.1348,0,0.1,PURPLE
2025-08-04,LQD,3,106.61212158203124,14.0,LIME,1,False,0.22,0.22,0.25,0.25,0.055,5500.0,False,6.3165,0,0.1,PURPLE
2025-08-05,XLU,1,42.29145050048828,16.0,LIME,1,False,0.24,0.24,0.45,0.467532,0.112208,11220.78,False,14.0579,0,0.1,PURPLE
2025-08-05,LQD,2,106.68978881835938,15.0,LIME,1,False,0.24,0.24,0.3,0.311688,0.074805,7480.52,False,6.3032,0,0.1,PURPLE
2025-08-05,TUR,3,33.9411735534668,12.0,-,1,False,0.2,0.2,0.25,0.220779,0.044156,4415.58,False,24.4315,0,0.1,PURPLE
2025-08-06,LQD,1,106.66067504882812,16.0,LIME,1,False,0.6,0.6,0.35,0.366492,0.219895,21989.53,False,6.3001,0,0.2,-
2025-08-06,XLU,2,41.91450881958008,15.0,LIME,2,False,0.55,0.55,0.3,0.282723,0.155497,15549.74,False,14.0366,0,0.2,-
2025-08-06,AGG,3,96.64981842041016,16.0,LIME,1,False,0.6,0.6,0.25,0.26178,0.157068,15706.81,False,4.7952,0,0.2,-
2025-08-06,TUR,4,34.10944366455078,13.25,LIME,1,False,0.5,0.5,0.1,0.089005,0.044503,4450.26,False,24.4381,0,0.2,-
2025-08-07,GREK,1,63.24946212768555,14.75,LIME,1,False,0.55,0.55,0.31,0.321244,0.176684,17668.39,False,19.268,0,0.3,-
2025-08-07,VNM,2,16.76528549194336,14.5,-,1,False,0.55,0.55,0.25,0.233161,0.128238,12823.83,False,24.6332,0,0.3,-
2025-08-07,EWP,3,46.03056716918945,14.75,LIME,1,False,0.55,0.55,0.16,0.165803,0.091192,9119.17,False,16.1457,0,0.3,-
2025-08-07,XLU,4,42.36978530883789,14.75,LIME,1,False,0.55,0.55,0.1,0.103627,0.056995,5699.48,False,14.1675,0,0.3,-
2025-08-07,TUR,5,34.25791931152344,14.0,LIME,1,False,0.55,0.55,0.1,0.093264,0.051295,5129.53,False,24.2017,0,0.3,-
2025-08-07,LQD,6,106.55387115478516,15.0,LIME,2,False,0.55,0.55,0.08,0.082902,0.045596,4559.59,False,6.3013,0,0.3,-
2025-08-08,VNM,1,17.144500732421875,15.75,-,1,False,0.6,0.6,0.31,0.279279,0.167568,16756.76,False,24.8144,0,0.4,-
2025-08-08,GREK,2,63.72936630249024,15.5,LIME,1,False,0.6,0.6,0.25,0.264971,0.158983,15898.25,False,19.2342,0,0.4,-
2025-08-08,EWP,3,46.4941291809082,15.5,LIME,1,False,0.6,0.6,0.16,0.169581,0.101749,10174.88,False,16.0042,0,0.4,-
2025-08-08,TUR,4,34.327205657958984,14.0,LIME,1,False,0.55,0.55,0.1,0.09539,0.052464,5246.42,False,23.5917,0,0.4,-
2025-08-08,XLU,5,42.18864822387695,13.5,LIME,2,False,0.45,0.45,0.1,0.105988,0.047695,4769.48,False,14.0867,0,0.4,-
2025-08-08,LQD,6,106.21409606933594,13.25,LIME,2,False,0.45,0.45,0.08,0.084791,0.038156,3815.58,False,6.2451,0,0.4,-
2025-08-11,VNM,1,17.234315872192383,16.0,-,1,False,0.6,0.6,0.31,0.279279,0.167568,16756.76,False,24.6558,0,0.3,-
2025-08-11,GREK,2,64.32679748535156,16.0,LIME,1,False,0.6,0.6,0.25,0.264971,0.158983,15898.25,False,19.1243,0,0.3,-
2025-08-11,EWP,3,46.4448127746582,16.0,LIME,1,False,0.6,0.6,0.16,0.169581,0.101749,10174.88,False,15.9868,0,0.3,-
2025-08-11,TUR,4,34.48557662963867,14.0,LIME,1,False,0.55,0.55,0.1,0.09539,0.052464,5246.42,False,23.5756,0,0.3,-
2025-08-11,XLU,5,42.05647659301758,11.25,LIME,3,False,0.3,0.3,0.1,0.105988,0.031797,3179.65,False,14.1143,0,0.3,-
2025-08-11,LQD,6,106.3791275024414,11.5,LIME,2,False,0.3,0.3,0.08,0.084791,0.025437,2543.72,False,6.2448,0,0.3,-
2025-08-12,VNM,1,17.403963088989258,16.0,-,1,False,0.6,0.6,0.31,0.308216,0.184929,18492.94,False,24.5774,0,0.4,-
2025-08-12,GREK,2,64.98299407958984,16.0,LIME,1,False,0.6,0.6,0.25,0.261643,0.156986,15698.59,False,19.1167,0,0.4,-
2025-08-12,ETHA,3,34.25,15.5,LIME,1,False,0.6,0.6,0.16,0.142334,0.0854,8540.03,False,65.02,0,0.4,-
2025-08-12,EWP,4,46.73084259033203,16.0,LIME,1,False,0.6,0.6,0.1,0.104657,0.062794,6279.43,False,15.8474,0,0.4,-
2025-08-12,TUR,5,34.188629150390625,13.25,LIME,2,False,0.45,0.45,0.1,0.099424,0.044741,4474.1,False,22.466,1,0.4,-
2025-08-12,XLU,6,42.237606048583984,11.5,LIME,1,False,0.4,0.35,0.08,0.083726,0.03349,3349.03,False,14.0504,0,0.4,-
2025-08-13,ETHA,1,35.900001525878906,16.0,LIME,1,False,0.6,0.6,0.31,0.281517,0.16891,16891.03,False,63.1662,0,0.4,-
2025-08-13,VNM,2,17.423921585083008,16.0,-,1,False,0.6,0.6,0.25,0.253739,0.152244,15224.36,False,24.5894,0,0.4,-
2025-08-13,GREK,3,65.43351745605469,16.0,LIME,1,False,0.6,0.6,0.16,0.17094,0.102564,10256.41,False,19.0995,0,0.4,-
2025-08-13,EWP,4,47.3127555847168,16.0,LIME,1,False,0.6,0.6,0.1,0.106838,0.064103,6410.26,False,15.8746,0,0.4,-
2025-08-13,TUR,5,34.11934280395508,12.5,LIME,2,False,0.4,0.35,0.1,0.101496,0.040598,4059.83,False,22.4414,1,0.4,-
2025-08-13,XLU,6,42.33061981201172,11.5,LIME,1,False,0.4,0.35,0.08,0.08547,0.034188,3418.8,False,14.0399,0,0.4,-
2025-08-14,ETHA,1,34.369998931884766,16.0,LIME,1,False,0.6,0.6,0.33,0.308242,0.184945,18494.51,False,63.4235,0,0.3,-
2025-08-14,REMX,2,55.77203750610352,16.0,-,1,True,1.0,,0.27,0.252198,0.252198,25219.78,False,38.0694,0,0.3,-
2025-08-14,VNM,3,17.723302841186523,16.0,-,1,False,0.6,0.6,0.2,0.21978,0.131868,13186.81,False,24.7065,0,0.3,-
2025-08-14,GREK,4,65.15928649902344,16.0,LIME,1,False,0.6,0.6,0.1,0.10989,0.065934,6593.41,False,19.1727,0,0.3,-
2025-08-14,EWP,5,47.75658798217773,16.0,LIME,1,False,0.6,0.6,0.1,0.10989,0.065934,6593.41,False,15.8729,0,0.3,-
2025-08-15,REMX,1,57.25497055053711,16.0,-,1,True,1.0,,0.33,0.29984,0.29984,29983.97,False,38.251,0,0.2,-
2025-08-15,VNM,2,17.673404693603516,16.0,-,1,False,0.6,0.6,0.27,0.288616,0.173169,17316.94,False,24.7302,0,0.2,-
2025-08-15,GREK,3,65.51187133789062,16.0,LIME,1,False,0.6,0.6,0.2,0.213789,0.128274,12827.37,False,19.1415,0,0.2,-
2025-08-15,EWP,4,48.17083740234375,16.0,LIME,1,False,0.6,0.6,0.1,0.106895,0.064137,6413.68,False,15.91,0,0.2,-
2025-08-15,ETHA,5,33.150001525878906,15.0,-,2,False,0.55,0.55,0.1,0.090861,0.049973,4997.33,False,63.624,0,0.2,-
2025-08-18,REMX,1,58.50220489501953,16.0,LIME,1,True,1.0,,0.33,0.302834,0.302834,30283.4,False,38.2411,0,0.2,-
2025-08-18,VNM,2,17.803136825561523,16.0,LIME,1,False,0.6,0.6,0.27,0.291498,0.174899,17489.88,False,24.6502,0,0.2,-
2025-08-18,EWP,3,47.93412399291992,16.0,LIME,1,False,0.6,0.6,0.2,0.215924,0.129555,12955.47,False,15.8964,0,0.2,-
2025-08-18,GREK,4,64.2288589477539,14.5,LIME,2,False,0.5,0.5,0.1,0.102564,0.051282,5128.21,False,19.7189,1,0.2,-
2025-08-18,ETHA,5,32.970001220703125,13.75,-,2,False,0.45,0.45,0.1,0.087179,0.039231,3923.08,False,63.6082,1,0.2,-
2025-08-19,REMX,1,57.03891754150391,16.0,LIME,1,True,1.0,,0.31,0.288356,0.288356,28835.63,False,38.0773,0,0.2,-
2025-08-19,VNM,2,17.863012313842773,16.0,LIME,1,False,0.6,0.6,0.25,0.259904,0.155942,15594.22,False,24.6405,0,0.2,-
2025-08-19,EWJ,3,77.13391876220703,16.0,LIME,1,False,0.6,0.6,0.16,0.175093,0.105056,10505.58,False,18.6706,0,0.2,-
2025-08-19,EWP,4,47.78617858886719,15.0,LIME,2,False,0.55,0.55,0.1,0.109433,0.060188,6018.82,False,15.8245,0,0.2,-
2025-08-19,GREK,5,63.80772018432617,12.5,LIME,3,False,0.35,0.35,0.1,0.103961,0.036387,3638.65,False,19.8124,1,0.2,-
2025-08-19,ETHA,6,31.299999237060547,11.5,-,3,False,0.3,0.3,0.08,0.063252,0.018976,1897.57,False,64.278,2,0.2,-
2025-08-20,ICLN,1,14.27890682220459,15.5,LIME,1,False,0.6,0.6,0.31,0.328216,0.19693,19692.96,False,20.1536,0,0.2,-
2025-08-20,VNM,2,17.6534481048584,15.0,LIME,2,False,0.55,0.55,0.25,0.22631,0.124471,12447.06,False,24.7572,1,0.2,-
2025-08-20,SCZ,3,74.0145263671875,16.0,LIME,1,False,0.6,0.6,0.16,0.169402,0.101641,10164.11,False,11.0211,0,0.2,-
2025-08-20,REMX,4,55.58544158935547,14.0,LIME,3,True,1.0,,0.1,0.085495,0.085495,8549.5,False,38.5965,1,0.2,-
2025-08-20,EWP,5,48.0031623840332,14.75,LIME,1,False,0.55,0.55,0.1,0.105876,0.058232,5823.19,False,15.4737,0,0.2,-
2025-08-20,EWJ,6,76.76762390136719,15.0,LIME,2,False,0.55,0.55,0.08,0.084701,0.046585,4658.55,False,18.6969,0,0.2,-
2025-08-21,IBB,1,138.4272003173828,15.0,GREEN,1,False,0.24,0.24,0.31,0.322413,0.077379,7737.91,False,18.1601,0,0.1,PURPLE
2025-08-21,ICLN,2,14.070528030395508,14.75,LIME,2,False,0.2,0.2,0.25,0.26001,0.052002,5200.21,False,20.0988,0,0.1,PURPLE
2025-08-21,TAN,3,39.619998931884766,14.0,LIME,2,False,0.2,0.2,0.16,0.141446,0.028289,2828.91,False,41.3871,0,0.1,PURPLE
2025-08-21,VNM,4,17.56363296508789,13.5,LIME,2,False,0.2,0.2,0.1,0.088924,0.017785,1778.47,False,24.8217,1,0.1,PURPLE
2025-08-21,SCZ,5,73.68104553222656,14.5,LIME,3,False,0.2,0.2,0.1,0.104004,0.020801,2080.08,False,11.0092,0,0.1,PURPLE
2025-08-21,EWP,6,47.81576919555664,13.5,LIME,2,False,0.2,0.2,0.08,0.083203,0.016641,1664.07,False,15.3923,0,0.1,PURPLE
2025-08-22,TAN,1,41.88999938964844,14.75,LIME,1,False,0.22,0.22,0.31,0.281909,0.06202,6201.99,False,39.7475,0,0.1,PURPLE
2025-08-22,IBB,2,139.50462341308594,15.25,GREEN,1,False,0.24,0.24,0.25,0.267465,0.064192,6419.17,False,18.1724,0,0.1,PURPLE
2025-08-22,ICLN,3,14.556745529174805,14.75,LIME,1,False,0.22,0.22,0.16,0.171178,0.037659,3765.91,False,20.3844,0,0.1,PURPLE
2025-08-22,SCZ,4,75.11307525634766,14.5,LIME,1,False,0.22,0.22,0.1,0.106986,0.023537,2353.7,False,11.5607,0,0.1,PURPLE
2025-08-22,EWP,5,48.56535720825195,13.5,LIME,1,False,0.2,0.2,0.1,0.106986,0.021397,2139.72,False,15.6237,0,0.1,PURPLE
2025-08-22,VNM,6,17.324129104614258,11.25,-,3,False,0.2,0.2,0.08,0.065476,0.013095,1309.51,False,25.0453,2,0.1,PURPLE
2025-08-25,TAN,1,41.66999816894531,14.25,LIME,1,False,0.22,0.22,0.31,0.277514,0.061053,6105.32,False,39.7885,0,0.1,PURPLE
2025-08-25,TUR,2,35.564491271972656,14.5,LIME,1,False,0.22,0.22,0.25,0.263296,0.057925,5792.52,False,21.4464,0,0.1,PURPLE
2025-08-25,EWU,3,40.99814224243164,16.0,LIME,1,False,0.24,0.24,0.16,0.16851,0.040442,4044.23,False,10.0853,0,0.1,PURPLE
2025-08-25,SCZ,4,74.39705657958984,14.5,LIME,1,False,0.22,0.22,0.1,0.105319,0.02317,2317.01,False,11.7419,0,0.1,PURPLE
2025-08-25,ICLN,5,14.27890682220459,13.25,LIME,2,False,0.2,0.2,0.1,0.105319,0.021064,2106.37,False,20.829,0,0.1,PURPLE
2025-08-25,IBB,6,136.74127197265625,13.5,GREEN,3,False,0.2,0.2,0.08,0.080042,0.016008,1600.84,False,18.6907,1,0.1,PURPLE
2025-08-26,TUR,1,35.60408401489258,15.0,LIME,1,False,0.24,0.24,0.31,0.330314,0.079275,7927.54,False,21.2395,0,0.1,PURPLE
2025-08-26,TAN,2,41.810001373291016,14.25,LIME,1,False,0.22,0.22,0.25,0.226425,0.049814,4981.35,False,39.7879,0,0.1,PURPLE
2025-08-26,REMX,3,58.53166580200195,14.0,LIME,1,True,1.0,,0.16,0.144912,0.144912,14491.21,False,38.967,0,0.1,PURPLE
2025-08-26,SCZ,4,74.36763763427734,14.5,LIME,1,False,0.22,0.22,0.1,0.106553,0.023442,2344.17,False,11.4779,0,0.1,PURPLE
2025-08-26,EWU,5,40.94908905029297,15.0,LIME,2,False,0.22,0.22,0.1,0.106553,0.023442,2344.17,False,10.0674,0,0.1,PURPLE
2025-08-26,ICLN,6,14.27890682220459,12.25,LIME,2,False,0.2,0.2,0.08,0.085242,0.017048,1704.85,False,20.829,0,0.1,PURPLE
2025-08-27,REMX,1,60.81990432739258,15.75,LIME,1,True,1.0,,0.31,0.284711,0.284711,28471.1,False,39.2073,0,0.1,PURPLE
2025-08-27,IWM,2,234.0699462890625,16.0,LIME,1,False,0.24,0.24,0.25,0.270124,0.06483,6482.98,False,18.4506,0,0.1,PURPLE
2025-08-27,JETS,3,25.91771697998047,16.0,LIME,1,False,0.24,0.24,0.16,0.164236,0.039417,3941.65,False,34.1742,0,0.1,PURPLE
2025-08-27,TAN,4,40.959999084472656,13.75,LIME,2,False,0.2,0.2,0.1,0.091842,0.018368,1836.84,False,40.0244,0,0.1,PURPLE
2025-08-27,TUR,5,35.14876174926758,13.5,-,2,False,0.2,0.2,0.1,0.102647,0.020529,2052.94,False,21.3214,1,0.1,PURPLE
2025-08-27,SCZ,6,74.2891616821289,14.75,-,2,False,0.2,0.2,0.08,0.08644,0.017288,1728.8,False,11.3086,0,0.1,PURPLE
2025-08-28,REMX,1,60.59402847290039,16.0,LIME,1,True,1.0,,0.31,0.284557,0.284557,28455.72,False,39.286,0,0.1,PURPLE
2025-08-28,JETS,2,26.096254348754883,16.0,LIME,1,False,0.24,0.24,0.25,0.256479,0.061555,6155.51,False,34.1843,0,0.1,PURPLE
2025-08-28,IWM,3,234.3477325439453,16.0,LIME,1,False,0.24,0.24,0.16,0.172786,0.041469,4146.87,False,18.4514,0,0.1,PURPLE
2025-08-28,TAN,4,41.459999084472656,12.5,LIME,2,False,0.2,0.2,0.1,0.091793,0.018359,1835.85,False,40.049,0,0.1,PURPLE
2025-08-28,TUR,5,35.17845916748047,12.0,-,2,False,0.2,0.2,0.1,0.107991,0.021598,2159.83,False,21.3139,0,0.1,PURPLE
2025-08-28,SCZ,6,74.45591735839844,13.5,-,2,False,0.2,0.2,0.08,0.086393,0.017279,1727.86,False,11.3063,0,0.1,PURPLE
2025-08-29,REMX,1,61.93946838378906,16.0,LIME,1,True,1.0,,0.31,0.29477,0.29477,29477.02,False,39.2012,0,0.1,PURPLE
2025-08-29,JETS,2,26.096254348754883,16.0,LIME,1,False,0.24,0.24,0.25,0.250924,0.060222,6022.19,False,34.1811,0,0.1,PURPLE
2025-08-29,LIT,3,47.33147430419922,15.5,LIME,1,False,0.24,0.24,0.16,0.169044,0.040571,4057.05,False,27.9546,0,0.1,PURPLE
2025-08-29,IWM,4,233.30604553222656,16.0,LIME,1,False,0.24,0.24,0.1,0.105652,0.025357,2535.66,False,18.4413,0,0.1,PURPLE
2025-08-29,TAN,5,41.54999923706055,12.25,LIME,1,False,0.2,0.2,0.1,0.095087,0.019017,1901.74,False,40.0124,0,0.1,PURPLE
2025-08-29,SCZ,6,74.12242126464844,11.25,-,3,False,0.2,0.2,0.08,0.084522,0.016904,1690.44,False,11.3523,0,0.1,PURPLE
2025-09-02,JETS,1,26.05657958984375,16.0,LIME,1,False,0.24,0.24,0.35,0.358974,0.086154,8615.38,False,34.1896,0,0.1,PURPLE
2025-09-02,LIT,2,46.68323516845703,15.0,-,2,False,0.22,0.22,0.3,0.307692,0.067692,6769.23,False,28.1045,0,0.1,PURPLE
2025-09-02,REMX,3,59.81818771362305,14.5,-,2,True,1.0,,0.25,0.230769,0.230769,23076.92,False,39.9363,0,0.1,PURPLE
2025-09-02,IWM,4,232.04612731933597,15.0,LIME,2,False,0.22,0.22,0.1,0.102564,0.022564,2256.41,False,18.5043,0,0.1,PURPLE
2025-09-03,JETS,1,26.22519874572754,16.0,-,1,False,0.6,0.6,0.31,0.293762,0.176257,17625.69,False,34.198,0,0.2,-
2025-09-03,SLV,2,37.34000015258789,15.75,LIME,1,True,1.0,,0.25,0.263227,0.263227,26322.72,False,22.2225,0,0.2,-
2025-09-03,VNM,3,18.212289810180664,14.75,-,1,False,0.55,0.55,0.16,0.168465,0.092656,9265.6,False,25.4435,0,0.2,-
2025-09-03,LIT,4,46.782962799072266,14.0,-,2,False,0.5,0.5,0.1,0.105291,0.052645,5264.54,False,28.08,0,0.2,-
2025-09-03,REMX,5,59.494102478027344,13.5,-,2,True,1.0,,0.1,0.085022,0.085022,8502.24,False,39.9671,1,0.2,-
2025-09-03,IWM,6,231.81793212890625,13.25,LIME,2,False,0.45,0.45,0.08,0.084233,0.037905,3790.47,False,18.2939,0,0.2,-
2025-09-04,SLV,1,36.93000030517578,16.0,LIME,1,True,1.0,,0.31,0.316327,0.316327,31632.65,False,22.3626,0,0.3,-
2025-09-04,VNM,2,18.391918182373047,14.75,-,1,False,0.55,0.55,0.25,0.255102,0.140306,14030.61,False,25.357,0,0.3,-
2025-09-04,EWC,3,48.686317443847656,16.0,LIME,1,False,0.6,0.6,0.16,0.163265,0.097959,9795.92,False,10.7141,0,0.3,-
2025-09-04,LIT,4,46.89266586303711,13.75,-,1,False,0.5,0.5,0.1,0.096939,0.048469,4846.94,False,27.7956,0,0.3,-
2025-09-04,JETS,5,25.759016036987305,14.0,-,3,False,0.5,0.5,0.1,0.086735,0.043367,4336.73,False,34.4247,0,0.3,-
2025-09-04,IWM,6,234.71478271484372,13.25,LIME,1,False,0.5,0.5,0.08,0.081633,0.040816,4081.63,False,18.3901,0,0.3,-
2025-09-05,XBI,1,95.12832641601562,16.0,GREEN,1,False,0.6,0.6,0.31,0.317233,0.19034,19033.97,False,21.2941,0,0.4,-
2025-09-05,IBB,2,142.7767333984375,16.0,GREEN,1,False,0.6,0.6,0.25,0.255833,0.1535,15349.98,False,17.9572,0,0.4,-
2025-09-05,SLV,3,37.209999084472656,16.0,LIME,1,True,1.0,,0.16,0.163733,0.163733,16373.31,False,21.3789,0,0.4,-
2025-09-05,EWC,4,48.735877990722656,16.0,LIME,1,False,0.6,0.6,0.1,0.102333,0.0614,6139.99,False,10.7144,0,0.4,-
2025-09-05,LIT,5,50.42308044433594,13.75,LIME,1,False,0.5,0.5,0.1,0.086983,0.043492,4349.16,False,31.2261,0,0.4,-
2025-09-05,VNM,6,17.9328670501709,12.75,-,3,False,0.4,0.35,0.08,0.073885,0.029554,2955.38,False,25.9086,1,0.4,-
2025-09-08,SLV,1,37.5099983215332,16.0,LIME,1,True,1.0,,0.31,0.327177,0.327177,32717.68,False,21.3858,0,0.4,-
2025-09-08,TAN,2,43.33000183105469,15.25,LIME,1,False,0.6,0.6,0.25,0.224274,0.134565,13456.46,False,40.5562,0,0.4,-
2025-09-08,XBI,3,94.09204864501952,16.0,GREEN,1,False,0.6,0.6,0.16,0.168865,0.101319,10131.93,False,21.1312,0,0.4,-
2025-09-08,IBB,4,141.86895751953125,16.0,GREEN,1,False,0.6,0.6,0.1,0.105541,0.063325,6332.45,False,17.8406,0,0.4,-
2025-09-08,LIT,5,51.41039657592773,14.75,LIME,1,False,0.55,0.55,0.1,0.08971,0.04934,4934.04,False,31.3501,0,0.4,-
2025-09-08,EWC,6,48.86473083496094,16.0,LIME,1,False,0.6,0.6,0.08,0.084433,0.05066,5065.96,False,10.7172,0,0.4,-
2025-09-09,LIT,1,49.55543518066406,15.75,LIME,1,False,0.85,0.6,0.31,0.270527,0.229948,22994.76,False,32.4157,1,0.85,LIME
2025-09-09,EWS,2,27.852487564086918,16.0,LIME,1,False,0.85,0.6,0.25,0.270175,0.229649,22964.9,False,13.142,0,0.85,LIME
2025-09-09,XBI,3,94.64008331298828,16.0,GREEN,1,False,0.85,0.6,0.16,0.172912,0.146975,14697.54,False,21.1424,0,0.85,LIME
2025-09-09,IBB,4,142.59718322753906,16.0,GREEN,1,False,0.85,0.6,0.1,0.10807,0.09186,9185.96,False,17.8418,0,0.85,LIME
2025-09-09,TAN,5,41.970001220703125,15.0,-,2,False,0.85,0.55,0.1,0.09186,0.078081,7808.07,False,41.1804,0,0.85,LIME
2025-09-09,SLV,6,37.18000030517578,15.0,LIME,2,True,1.0,,0.08,0.086456,0.086456,8645.61,False,21.1391,0,0.85,LIME
2025-09-10,THD,1,59.45014953613281,16.0,GREEN,1,False,0.85,0.6,0.31,0.324404,0.275743,27574.3,False,21.8149,0,0.85,LIME
2025-09-10,EWS,2,28.24285125732422,16.0,LIME,1,False,0.85,0.6,0.25,0.261616,0.222373,22237.34,False,13.0625,0,0.85,LIME
2025-09-10,LIT,3,48.6678466796875,15.0,LIME,2,False,0.85,0.55,0.16,0.120971,0.102825,10282.54,False,32.7298,2,0.85,LIME
2025-09-10,SLV,4,37.40999984741211,15.0,LIME,1,True,1.0,,0.1,0.104646,0.104646,10464.63,False,21.114,0,0.85,LIME
2025-09-10,XBI,5,93.5639419555664,14.75,GREEN,2,False,0.85,0.5,0.1,0.104646,0.088949,8894.94,False,21.2095,0,0.85,LIME
2025-09-10,IBB,6,140.3126678466797,14.75,-,2,False,0.85,0.5,0.08,0.083717,0.071159,7115.95,False,18.1276,0,0.85,LIME
2025-09-11,THD,1,60.35793685913086,16.0,GREEN,1,False,0.85,0.6,0.31,0.314721,0.267513,26751.27,False,21.95,0,0.85,LIME
2025-09-11,EWS,2,28.447792053222656,16.0,LIME,1,False,0.85,0.6,0.25,0.253807,0.215736,21573.6,False,13.0216,0,0.85,LIME
2025-09-11,EZA,3,57.41846466064453,16.0,LIME,1,False,0.85,0.6,0.16,0.162437,0.138071,13807.11,False,21.2704,0,0.85,LIME
2025-09-11,LIT,4,50.24356842041016,14.75,LIME,1,False,0.85,0.55,0.1,0.086294,0.07335,7335.03,False,33.2059,0,0.85,LIME
2025-09-11,SLV,5,37.790000915527344,15.0,LIME,1,True,1.0,,0.1,0.101523,0.101523,10152.28,False,21.0692,0,0.85,LIME
2025-09-11,XBI,6,95.35750579833984,14.75,GREEN,1,False,0.85,0.55,0.08,0.081218,0.069036,6903.55,False,21.346,0,0.85,LIME
2025-09-12,THD,1,60.24939727783203,16.0,GREEN,1,False,0.85,0.6,0.31,0.317786,0.270118,27011.79,False,21.9003,0,0.85,LIME
2025-09-12,EWY,2,76.93208312988281,16.0,LIME,1,False,0.85,0.6,0.25,0.243465,0.206945,20694.52,False,23.8116,0,0.85,LIME
2025-09-12,EZA,3,57.42794418334961,16.0,LIME,1,False,0.85,0.6,0.16,0.164018,0.139416,13941.57,False,21.1621,0,0.85,LIME
2025-09-12,EWS,4,28.31116485595703,16.0,LIME,1,False,0.85,0.6,0.1,0.102512,0.087135,8713.48,False,13.0817,0,0.85,LIME
2025-09-12,SLV,5,38.34000015258789,15.0,LIME,1,True,1.0,,0.1,0.102512,0.102512,10251.15,False,21.2114,0,0.85,LIME
2025-09-12,LIT,6,49.87456893920898,13.0,-,2,False,0.85,0.45,0.08,0.069708,0.059252,5925.17,False,33.1667,0,0.85,LIME
2025-09-15,THD,1,60.45661163330078,16.0,GREEN,1,False,0.85,0.6,0.31,0.313765,0.2667,26670.04,False,21.8671,0,0.85,LIME
2025-09-15,EWY,2,77.450439453125,16.0,LIME,1,False,0.85,0.6,0.25,0.253036,0.215081,21508.1,False,23.4293,0,0.85,LIME
2025-09-15,EZA,3,57.76927185058594,16.0,LIME,1,False,0.85,0.6,0.16,0.161943,0.137652,13765.18,False,20.3544,0,0.85,LIME
2025-09-15,SLV,4,38.7599983215332,16.0,LIME,1,True,1.0,,0.1,0.101215,0.101215,10121.46,False,21.2524,0,0.85,LIME
2025-09-15,EWS,5,28.30140495300293,16.0,LIME,1,False,0.85,0.6,0.1,0.101215,0.086032,8603.24,False,12.983,0,0.85,LIME
2025-09-15,LIT,6,51.71955871582031,13.0,-,1,False,0.85,0.5,0.08,0.068826,0.058502,5850.2,False,33.4573,0,0.85,LIME
2025-09-16,THD,1,60.88090133666992,16.0,GREEN,1,False,0.85,0.6,0.31,0.317949,0.270256,27025.64,False,21.7827,0,0.85,LIME
2025-09-16,ARKK,2,81.02999877929688,16.0,LIME,1,False,0.85,0.6,0.25,0.230769,0.196154,19615.38,False,29.4417,0,0.85,LIME
2025-09-16,CARZ,3,68.9340591430664,16.0,LIME,1,False,0.85,0.6,0.16,0.164103,0.139487,13948.72,False,18.4154,0,0.85,LIME
2025-09-16,EWY,4,78.91748809814453,16.0,LIME,1,False,0.85,0.6,0.1,0.102564,0.087179,8717.95,False,23.161,0,0.85,LIME
2025-09-16,EZA,5,57.83563995361328,16.0,LIME,1,False,0.85,0.6,0.1,0.102564,0.087179,8717.95,False,20.3347,0,0.85,LIME
2025-09-16,SLV,6,38.59999847412109,16.0,LIME,1,True,1.0,,0.08,0.082051,0.082051,8205.13,False,21.2952,0,0.85,LIME
2025-09-17,THD,1,60.900638580322266,16.0,GREEN,1,False,0.85,0.6,0.31,0.315041,0.267785,26778.46,False,21.6089,0,0.85,LIME
2025-09-17,CARZ,2,69.56287384033203,16.0,LIME,1,False,0.85,0.6,0.25,0.254065,0.215955,21595.53,False,18.4247,0,0.85,LIME
2025-09-17,ARKK,3,80.66999816894531,16.0,LIME,1,False,0.85,0.6,0.16,0.146341,0.12439,12439.02,False,29.2254,0,0.85,LIME
2025-09-17,EZA,4,57.702903747558594,16.0,LIME,1,False,0.85,0.6,0.1,0.101626,0.086382,8638.21,False,19.4127,0,0.85,LIME
2025-09-17,EWY,5,78.07637786865234,16.0,LIME,1,False,0.85,0.6,0.1,0.101626,0.086382,8638.21,False,22.7359,0,0.85,LIME
2025-09-17,SLV,6,37.790000915527344,15.0,LIME,2,True,1.0,,0.08,0.081301,0.081301,8130.08,False,21.4545,0,0.85,LIME
2025-09-18,LIT,1,52.37777328491211,16.0,LIME,1,False,0.85,0.6,0.31,0.282271,0.23993,23993.04,False,33.3304,0,0.85,LIME
2025-09-18,CARZ,2,70.7517318725586,16.0,LIME,1,False,0.85,0.6,0.25,0.267809,0.227638,22763.79,False,18.5566,0,0.85,LIME
2025-09-18,ARKK,3,83.16000366210938,16.0,LIME,1,False,0.85,0.6,0.16,0.154258,0.131119,13111.94,False,28.5604,0,0.85,LIME
2025-09-18,EZA,4,58.29074096679688,16.0,LIME,1,False,0.85,0.6,0.1,0.107124,0.091055,9105.52,False,19.4667,0,0.85,LIME
2025-09-18,EWY,5,78.97616577148438,16.0,LIME,1,False,0.85,0.6,0.1,0.107124,0.091055,9105.52,False,22.5814,0,0.85,LIME
2025-09-18,THD,6,59.93364715576172,14.0,GREEN,3,False,0.85,0.5,0.08,0.081414,0.069202,6920.19,False,21.3457,1,0.85,LIME
2025-09-19,LIT,1,52.70687484741211,16.0,LIME,1,False,0.85,0.6,0.31,0.280021,0.238018,23801.81,False,33.1113,0,0.85,LIME
2025-09-19,ARKK,2,84.95999908447266,16.0,LIME,1,False,0.85,0.6,0.25,0.252391,0.214532,21453.24,False,28.7079,0,0.85,LIME
2025-09-19,ARKW,3,170.54327392578125,16.0,LIME,1,False,0.85,0.6,0.16,0.170032,0.144527,14452.71,False,24.426,0,0.85,LIME
2025-09-19,CARZ,4,70.7517318725586,16.0,LIME,1,False,0.85,0.6,0.1,0.10627,0.090329,9032.94,False,18.408,0,0.85,LIME
2025-09-19,EZA,5,59.29575347900391,16.0,LIME,1,False,0.85,0.6,0.1,0.10627,0.090329,9032.94,False,19.6599,0,0.85,LIME
2025-09-19,EWY,6,78.29154205322266,15.0,LIME,2,False,0.85,0.55,0.08,0.085016,0.072264,7226.35,False,22.6537,0,0.85,LIME
2025-09-22,LIT,1,52.956199645996094,16.0,LIME,1,False,0.85,0.6,0.31,0.280021,0.238018,23801.81,False,33.0499,0,0.85,LIME
2025-09-22,ARKK,2,84.69000244140625,16.0,LIME,1,False,0.85,0.6,0.25,0.252391,0.214532,21453.24,False,28.6221,0,0.85,LIME
2025-09-22,CARZ,3,71.75390625,16.0,LIME,1,False,0.85,0.6,0.16,0.170032,0.144527,14452.71,False,18.5045,0,0.85,LIME
2025-09-22,ARKW,4,170.05088806152344,16.0,LIME,1,False,0.85,0.6,0.1,0.10627,0.090329,9032.94,False,24.3077,0,0.85,LIME
2025-09-22,EZA,5,59.21990203857422,16.0,LIME,1,False,0.85,0.6,0.1,0.10627,0.090329,9032.94,False,19.5949,0,0.85,LIME
2025-09-22,EWY,6,79.76837158203125,15.0,LIME,1,False,0.85,0.6,0.08,0.085016,0.072264,7226.35,False,22.7936,0,0.85,LIME
2025-09-23,LIT,1,52.94622802734375,16.0,LIME,1,False,0.85,0.6,0.31,0.279279,0.237387,23738.74,False,32.4385,0,0.85,LIME
2025-09-23,EZA,2,59.6086311340332,16.0,LIME,1,False,0.85,0.6,0.25,0.264971,0.225225,22522.52,False,19.2543,0,0.85,LIME
2025-09-23,CARZ,3,71.55740356445312,16.0,LIME,1,False,0.85,0.6,0.16,0.169581,0.144144,14414.41,False,17.3245,0,0.85,LIME
2025-09-23,ARKK,4,83.58000183105469,16.0,LIME,1,False,0.85,0.6,0.1,0.09539,0.081081,8108.11,False,28.5835,0,0.85,LIME
2025-09-23,ARKW,5,168.43585205078125,16.0,LIME,1,False,0.85,0.6,0.1,0.105988,0.09009,9009.01,False,24.2013,0,0.85,LIME
2025-09-23,EWY,6,79.66078186035156,15.0,LIME,1,False,0.85,0.6,0.08,0.084791,0.072072,7207.21,False,20.9884,0,0.85,LIME
2025-09-24,LIT,1,54.99067687988281,16.0,LIME,1,False,0.8,0.6,0.31,0.278689,0.222951,22295.08,False,33.0619,0,0.8,LIME
2025-09-24,SLV,2,39.81999969482422,16.0,LIME,1,True,1.0,,0.25,0.26441,0.26441,26441.04,False,21.7461,0,0.8,LIME
2025-09-24,XBI,3,97.11870574951172,16.0,-,1,False,0.8,0.6,0.16,0.169223,0.135378,13537.81,False,22.1878,0,0.8,LIME
2025-09-24,CARZ,4,71.40019226074219,16.0,LIME,1,False,0.8,0.6,0.1,0.105764,0.084611,8461.13,False,17.2072,0,0.8,LIME
2025-09-24,EZA,5,58.75532150268555,15.0,LIME,2,False,0.8,0.55,0.1,0.105764,0.084611,8461.13,False,19.3704,0,0.8,LIME
2025-09-24,ARKK,6,83.45999908447266,14.75,LIME,2,False,0.8,0.5,0.08,0.07615,0.06092,6092.01,False,28.4503,0,0.8,LIME
2025-09-25,LIT,1,55.798484802246094,16.0,LIME,1,False,0.6,0.6,0.31,0.277514,0.166509,16650.87,False,33.0405,0,0.6,LIME
2025-09-25,SLV,2,41.02999877929688,16.0,LIME,1,True,1.0,,0.25,0.263296,0.263296,26329.65,False,22.383,0,0.6,LIME
2025-09-25,GLD,3,344.75,16.0,-,1,True,1.0,,0.16,0.16851,0.16851,16850.97,False,13.7215,0,0.6,LIME
2025-09-25,CARZ,4,71.23151397705078,14.75,LIME,2,False,0.6,0.5,0.1,0.105319,0.063191,6319.12,False,16.9835,0,0.6,LIME
2025-09-25,XBI,5,95.54391479492188,14.5,-,2,False,0.6,0.5,0.1,0.105319,0.063191,6319.12,False,22.4984,0,0.6,LIME
2025-09-25,EZA,6,58.47088241577149,14.0,LIME,2,False,0.6,0.5,0.08,0.080042,0.048025,4802.53,False,19.4268,1,0.6,LIME
2025-09-26,LIT,1,55.39956665039063,16.0,LIME,1,False,0.8,0.6,0.31,0.27635,0.22108,22108.02,False,33.1089,0,0.8,LIME
2025-09-26,SLV,2,41.86000061035156,16.0,LIME,1,True,1.0,,0.25,0.262192,0.262192,26219.19,False,22.0453,0,0.8,LIME
2025-09-26,PICK,3,42.998680114746094,16.0,LIME,1,True,1.0,,0.16,0.167803,0.167803,16780.28,False,18.1066,0,0.8,LIME
2025-09-26,GLD,4,346.739990234375,16.0,-,1,True,1.0,,0.1,0.104877,0.104877,10487.68,False,13.1241,0,0.8,LIME
2025-09-26,XBI,5,97.62701416015624,14.5,-,1,False,0.8,0.55,0.1,0.104877,0.083901,8390.14,False,22.734,0,0.8,LIME
2025-09-26,EZA,6,60.01632690429688,14.0,LIME,1,False,0.8,0.55,0.08,0.083901,0.067121,6712.11,False,19.9194,0,0.8,LIME
2025-09-29,REMX,1,64.36519622802734,16.0,LIME,1,True,1.0,,0.31,0.287664,0.287664,28766.38,False,42.3982,0,0.85,LIME
2025-09-29,LIT,2,56.34699249267578,16.0,LIME,1,False,0.85,0.6,0.25,0.231987,0.197189,19718.89,False,33.1227,0,0.85,LIME
2025-09-29,SLV,3,42.5,16.0,LIME,1,True,1.0,,0.16,0.174672,0.174672,17467.25,False,22.1571,0,0.85,LIME
2025-09-29,GLD,4,352.4599914550781,16.0,-,1,True,1.0,,0.1,0.10917,0.10917,10917.03,False,13.2898,0,0.85,LIME
2025-09-29,PICK,5,43.82557678222656,16.0,LIME,1,True,1.0,,0.1,0.10917,0.10917,10917.03,False,18.3387,0,0.85,LIME
2025-09-29,XBI,6,99.0722427368164,14.5,-,1,False,0.85,0.55,0.08,0.087336,0.074236,7423.58,False,22.8482,0,0.85,LIME
2025-09-30,LIT,1,56.696044921875,16.0,LIME,1,False,0.85,0.6,0.31,0.280767,0.238652,23865.21,False,33.0995,0,0.85,LIME
2025-09-30,SLV,2,42.369998931884766,16.0,LIME,1,True,1.0,,0.25,0.266383,0.266383,26638.25,False,22.165,0,0.85,LIME
2025-09-30,GLD,3,355.4700012207031,16.0,LIME,1,True,1.0,,0.16,0.170485,0.170485,17048.48,False,13.2823,0,0.85,LIME
2025-09-30,PICK,4,43.80588912963867,16.0,LIME,1,True,1.0,,0.1,0.106553,0.106553,10655.3,False,18.3119,0,0.85,LIME
2025-09-30,REMX,5,64.64017486572266,14.75,LIME,2,True,1.0,,0.1,0.09057,0.09057,9057.01,False,42.308,0,0.85,LIME
2025-09-30,XBI,6,99.86959838867188,14.5,GREEN,1,False,0.85,0.55,0.08,0.085242,0.072456,7245.6,False,22.8692,0,0.85,LIME
2025-10-01,LIT,1,57.41409683227539,16.0,LIME,1,False,0.85,0.6,0.31,0.279873,0.237892,23789.17,False,33.0772,0,0.85,LIME
2025-10-01,SLV,2,42.90999984741211,16.0,LIME,1,True,1.0,,0.25,0.265534,0.265534,26553.37,False,22.113,0,0.85,LIME
2025-10-01,XBI,3,101.05567932128906,16.0,GREEN,1,False,0.85,0.6,0.16,0.169942,0.14445,14445.03,False,22.6638,0,0.85,LIME
2025-10-01,PICK,4,44.219337463378906,16.0,LIME,1,True,1.0,,0.1,0.106213,0.106213,10621.35,False,17.3597,0,0.85,LIME
2025-10-01,GLD,5,356.0299987792969,16.0,LIME,1,True,1.0,,0.1,0.106213,0.106213,10621.35,False,13.2672,0,0.85,LIME
2025-10-01,REMX,6,66.75164031982422,14.75,LIME,1,True,1.0,,0.08,0.072225,0.072225,7222.52,False,42.2886,0,0.85,LIME
2025-10-02,LIT,1,58.271766662597656,16.0,LIME,1,False,0.85,0.6,0.31,0.281067,0.238907,23890.67,False,33.0165,0,0.85,LIME
2025-10-02,SLV,2,42.52999877929688,16.0,LIME,1,True,1.0,,0.25,0.266667,0.266667,26666.67,False,22.2495,0,0.85,LIME
2025-10-02,ARKK,3,89.22000122070312,16.0,LIME,1,False,0.85,0.6,0.16,0.1536,0.13056,13056.0,False,29.0332,0,0.85,LIME
2025-10-02,XBI,4,102.25171661376952,16.0,LIME,1,False,0.85,0.6,0.1,0.106667,0.090667,9066.67,False,22.729,0,0.85,LIME
2025-10-02,GLD,5,354.7900085449219,16.0,LIME,1,True,1.0,,0.1,0.106667,0.106667,10666.67,False,13.1908,0,0.85,LIME
2025-10-02,PICK,6,44.317779541015625,16.0,LIME,1,True,1.0,,0.08,0.085333,0.085333,8533.33,False,17.3523,0,0.85,LIME
2025-10-03,LIT,1,58.720550537109375,16.0,LIME,1,False,0.85,0.6,0.31,0.281067,0.238907,23890.67,False,32.0235,0,0.85,LIME
2025-10-03,SLV,2,43.52000045776367,16.0,LIME,1,True,1.0,,0.25,0.266667,0.266667,26666.67,False,22.5455,0,0.85,LIME
2025-10-03,ARKK,3,88.31999969482422,16.0,LIME,1,False,0.85,0.6,0.16,0.1536,0.13056,13056.0,False,29.0509,0,0.85,LIME
2025-10-03,XBI,4,103.25839233398438,16.0,LIME,1,False,0.85,0.6,0.1,0.106667,0.090667,9066.67,False,22.3004,0,0.85,LIME
2025-10-03,PICK,5,44.731224060058594,16.0,LIME,1,True,1.0,,0.1,0.106667,0.106667,10666.67,False,16.9016,0,0.85,LIME
2025-10-03,GLD,6,357.6400146484375,16.0,LIME,1,True,1.0,,0.08,0.085333,0.085333,8533.33,False,13.2357,0,0.85,LIME
2025-10-06,REMX,1,72.73246765136719,16.0,LIME,1,True,1.0,,0.31,0.281517,0.281517,28151.71,False,42.0327,0,0.85,LIME
2025-10-06,LIT,2,59.42862701416016,16.0,LIME,1,False,0.85,0.6,0.25,0.253739,0.215678,21567.84,False,31.6018,0,0.85,LIME
2025-10-06,SLV,3,44.060001373291016,16.0,LIME,1,True,1.0,,0.16,0.17094,0.17094,17094.02,False,22.536,0,0.85,LIME
2025-10-06,ARKK,4,91.58999633789062,16.0,LIME,1,False,0.85,0.6,0.1,0.101496,0.086271,8627.14,False,29.7995,0,0.85,LIME
2025-10-06,GLD,5,364.3800048828125,16.0,LIME,1,True,1.0,,0.1,0.106838,0.106838,10683.76,False,13.3724,0,0.85,LIME
2025-10-06,XBI,6,103.29825592041016,16.0,LIME,1,False,0.85,0.6,0.08,0.08547,0.07265,7264.96,False,22.2154,0,0.85,LIME
2025-10-07,REMX,1,72.42803192138672,16.0,LIME,1,True,1.0,,0.31,0.281517,0.209335,20933.47,False,41.8399,0,0.3,-
2025-10-07,LIT,2,58.60087203979492,16.0,LIME,1,False,0.6,0.6,0.25,0.253739,0.152244,15224.36,False,31.7482,0,0.3,-
2025-10-07,SLV,3,43.38999938964844,16.0,LIME,1,True,1.0,,0.16,0.17094,0.12711,12711.02,False,22.7281,0,0.3,-
2025-10-07,ARKK,4,89.11000061035156,16.0,-,1,False,0.6,0.6,0.1,0.101496,0.060897,6089.74,False,30.255,0,0.3,-
2025-10-07,XBI,5,103.33812713623048,16.0,LIME,1,False,0.6,0.6,0.1,0.106838,0.064103,6410.26,False,21.1191,0,0.3,-
2025-10-07,GLD,6,366.260009765625,16.0,LIME,1,True,1.0,,0.08,0.08547,0.063555,6355.51,False,13.3764,0,0.3,-
2025-10-08,REMX,1,73.21369171142578,16.0,LIME,1,True,1.0,,0.31,0.281517,0.201337,20133.72,False,38.77,0,0.4,-
2025-10-08,LIT,2,59.52835464477539,16.0,LIME,1,False,0.6,0.6,0.25,0.253739,0.152244,15224.36,False,31.6585,0,0.4,-
2025-10-08,SLV,3,44.560001373291016,16.0,LIME,1,True,1.0,,0.16,0.17094,0.122254,12225.41,False,22.8818,0,0.4,-
2025-10-08,ARKK,4,92.52999877929688,16.0,-,1,False,0.6,0.6,0.1,0.101496,0.060897,6089.74,False,30.947,0,0.4,-
2025-10-08,GLD,5,372.2999877929688,16.0,LIME,1,True,1.0,,0.1,0.106838,0.076409,7640.88,False,13.6479,0,0.4,-
2025-10-08,XBI,6,105.09232330322266,16.0,LIME,1,False,0.6,0.6,0.08,0.08547,0.051282,5128.21,False,21.3027,0,0.4,-
2025-10-09,REMX,1,73.43956756591797,16.0,LIME,1,True,1.0,,0.31,0.279873,0.171801,17180.11,False,38.7436,0,0.3,-
2025-10-09,SLV,2,44.709999084472656,16.0,LIME,1,True,1.0,,0.25,0.265534,0.162999,16299.92,False,21.852,0,0.3,-
2025-10-09,ARKK,3,91.66000366210938,16.0,-,1,False,0.6,0.6,0.16,0.161445,0.096867,9686.67,False,30.7686,0,0.3,-
2025-10-09,XBI,4,106.16876220703124,16.0,LIME,1,False,0.6,0.6,0.1,0.106213,0.063728,6372.81,False,21.0234,0,0.3,-
2025-10-09,GLD,5,365.4299926757813,16.0,-,1,True,1.0,,0.1,0.106213,0.0652,6519.97,False,14.2485,0,0.3,-
2025-10-09,LIT,6,58.95989608764648,15.0,LIME,2,False,0.55,0.55,0.08,0.080722,0.044397,4439.72,False,31.7764,0,0.3,-
2025-10-10,SLV,1,45.43000030517578,16.0,LIME,1,True,1.0,,0.31,0.329297,0.193523,19352.32,False,21.7571,0,0.2,-
2025-10-10,GLD,2,369.1199951171875,16.0,-,1,True,1.0,,0.25,0.265562,0.156067,15606.71,False,14.2647,0,0.2,-
2025-10-10,XBI,3,104.64380645751952,16.0,LIME,1,False,0.6,0.6,0.16,0.16996,0.101976,10197.58,False,21.1936,0,0.2,-
2025-10-10,REMX,4,68.22474670410156,14.0,-,3,True,1.0,,0.1,0.085777,0.05041,5040.97,False,41.7856,1,0.2,-
2025-10-10,ARKK,5,86.5199966430664,14.0,-,3,False,0.5,0.5,0.1,0.095868,0.047934,4793.39,False,32.8728,1,0.2,-
2025-10-10,LIT,6,53.77397918701172,11.5,-,4,False,0.25,0.25,0.08,0.053537,0.013384,1338.43,False,36.9426,3,0.2,-
2025-10-13,SLV,1,47.2599983215332,16.0,LIME,1,True,1.0,,0.31,0.322614,0.223423,22342.34,False,22.6877,0,0.3,-
2025-10-13,VNM,2,19.54952049255371,16.0,LIME,1,False,0.6,0.6,0.25,0.247164,0.148298,14829.85,False,29.0666,0,0.3,-
2025-10-13,GLD,3,378.0899963378906,16.0,-,1,True,1.0,,0.16,0.166511,0.115315,11531.53,False,14.816,0,0.3,-
2025-10-13,XBI,4,104.92288208007812,16.0,LIME,1,False,0.6,0.6,0.1,0.104069,0.062441,6244.15,False,20.3233,0,0.3,-
2025-10-13,REMX,5,77.79998016357422,14.0,LIME,1,True,1.0,,0.1,0.088459,0.061261,6126.13,False,49.6194,0,0.3,-
2025-10-13,ARKK,6,87.7699966430664,11.75,-,3,False,0.3,0.3,0.08,0.071183,0.021355,2135.5,False,32.7667,1,0.3,-
2025-10-14,SLV,1,46.79999923706055,16.0,LIME,1,True,1.0,,0.33,0.344468,0.214634,21463.41,False,22.8837,0,0.2,-
2025-10-14,VNM,2,19.649314880371094,16.0,LIME,1,False,0.6,0.6,0.27,0.253653,0.152192,15219.21,False,28.7751,0,0.2,-
2025-10-14,GLD,3,380.7900085449219,16.0,-,1,True,1.0,,0.2,0.208768,0.130081,13008.13,False,14.8318,0,0.2,-
2025-10-14,XBI,4,104.77338409423828,14.75,LIME,2,False,0.5,0.5,0.1,0.104384,0.052192,5219.21,False,19.9761,0,0.2,-
2025-10-14,REMX,5,78.291015625,14.0,LIME,1,True,1.0,,0.1,0.088727,0.055285,5528.46,False,49.6073,0,0.2,-
2025-10-15,SLV,1,48.33000183105469,16.0,LIME,1,True,1.0,,0.33,0.339681,0.214634,21463.41,False,23.5427,0,0.3,-
2025-10-15,VNM,2,19.379871368408203,16.0,LIME,1,False,0.6,0.6,0.27,0.264025,0.158415,15841.48,False,28.8715,0,0.3,-
2025-10-15,GLD,3,387.3900146484375,16.0,LIME,1,True,1.0,,0.2,0.205867,0.130081,13008.13,False,15.0453,0,0.3,-
2025-10-15,XBI,4,108.01266479492188,14.75,LIME,1,False,0.55,0.55,0.1,0.102934,0.056613,5661.35,False,20.7451,0,0.3,-
2025-10-15,REMX,5,76.49382019042969,14.0,-,1,True,1.0,,0.1,0.087494,0.055285,5528.46,False,49.6711,0,0.3,-
2025-10-16,SLV,1,49.16999816894531,16.0,LIME,1,True,1.0,,0.33,0.338462,0.192701,19270.07,False,23.6245,0,0.2,-
2025-10-16,GLD,2,396.4500122070313,16.0,LIME,1,True,1.0,,0.27,0.276923,0.157664,15766.42,False,15.5488,0,0.2,-
2025-10-16,VNM,3,19.59941673278809,16.0,LIME,1,False,0.6,0.6,0.2,0.194872,0.116923,11692.31,False,28.8495,0,0.2,-
2025-10-16,XBI,4,107.55418395996094,14.75,LIME,1,False,0.55,0.55,0.1,0.102564,0.05641,5641.03,False,20.2089,0,0.2,-
2025-10-16,REMX,5,71.54415893554688,14.0,-,3,True,1.0,,0.1,0.087179,0.049635,4963.5,False,51.4889,0,0.2,-
2025-10-17,GLD,1,388.989990234375,16.0,-,1,True,1.0,,0.31,0.319588,0.233962,23396.23,False,16.0323,0,0.3,-
2025-10-17,IBB,2,153.91099548339844,15.75,LIME,1,False,0.6,0.6,0.25,0.257732,0.154639,15463.92,False,17.8586,0,0.3,-
2025-10-17,SLV,3,46.9900016784668,15.0,-,2,True,1.0,,0.16,0.156701,0.114717,11471.7,False,25.4379,0,0.3,-
2025-10-17,XBI,4,107.44454193115234,14.75,LIME,1,False,0.55,0.55,0.1,0.103093,0.056701,5670.1,False,20.1615,0,0.3,-
2025-10-17,VNM,5,19.160327911376957,14.75,LIME,2,False,0.5,0.5,0.1,0.092784,0.046392,4639.18,False,29.0893,0,0.3,-
2025-10-17,REMX,6,70.18889617919922,11.25,-,3,True,1.0,,0.08,0.070103,0.051321,5132.08,False,51.7084,0,0.3,-
2025-10-20,GLD,1,403.1499938964844,16.0,LIME,1,True,1.0,,0.33,0.345731,0.310588,31058.82,False,17.2949,0,0.4,-
2025-10-20,XBI,2,109.80672454833984,16.0,LIME,1,False,0.6,0.6,0.27,0.282871,0.169722,16972.24,False,20.4539,0,0.4,-
2025-10-20,IBB,3,156.2068328857422,16.0,LIME,1,False,0.6,0.6,0.2,0.209534,0.12572,12572.03,False,17.2495,0,0.4,-
2025-10-20,SLV,4,47.720001220703125,14.0,-,2,True,1.0,,0.1,0.099529,0.089412,8941.18,False,25.505,0,0.4,-
2025-10-20,VNM,5,18.16239356994629,11.0,-,4,False,0.4,0.25,0.1,0.062336,0.024935,2493.45,False,30.6424,3,0.4,-
2025-10-21,XBI,1,109.19873809814452,16.0,LIME,1,False,0.6,0.6,0.33,0.344738,0.206843,20684.25,False,20.3584,0,0.3,-
2025-10-21,EWY,2,86.6928482055664,16.0,LIME,1,False,0.6,0.6,0.27,0.282058,0.169235,16923.48,False,23.8916,0,0.3,-
2025-10-21,IBB,3,155.74765014648438,16.0,LIME,1,False,0.6,0.6,0.2,0.208932,0.125359,12535.91,False,16.947,0,0.3,-
2025-10-21,GLD,4,377.239990234375,14.0,-,3,True,1.0,,0.1,0.088796,0.088796,8879.6,False,21.8075,2,0.3,-
2025-10-21,SLV,5,43.790000915527344,11.25,-,4,True,1.0,,0.1,0.075477,0.075477,7547.66,False,30.8746,2,0.3,-
2025-10-22,EWY,1,87.48504638671875,16.0,LIME,1,False,0.6,0.6,0.33,0.323696,0.194218,19421.79,False,23.8291,0,0.2,-
2025-10-22,TLT,2,90.04058074951172,16.0,LIME,1,True,1.0,,0.27,0.278782,0.278782,27878.16,False,10.1492,0,0.2,-
2025-10-22,IBB,3,153.6414794921875,15.0,-,2,False,0.55,0.55,0.2,0.206505,0.113578,11357.77,False,17.2363,0,0.2,-
2025-10-22,XBI,4,106.96612548828124,14.5,-,2,False,0.5,0.5,0.1,0.103252,0.051626,5162.62,False,20.7863,0,0.2,-
2025-10-22,GLD,5,377.2799987792969,12.0,-,3,True,1.0,,0.1,0.087765,0.087765,8776.46,False,21.7359,2,0.2,-
2025-10-23,EWY,1,88.0914306640625,15.75,LIME,1,False,0.6,0.6,0.33,0.308732,0.185239,18523.91,False,23.8212,0,0.3,-
2025-10-23,XLV,2,144.8253631591797,15.25,LIME,1,False,0.6,0.6,0.27,0.280665,0.168399,16839.92,False,15.335,0,0.3,-
2025-10-23,IBB,3,154.30029296875,13.75,-,2,False,0.45,0.45,0.2,0.2079,0.093555,9355.51,False,17.2387,0,0.3,-
2025-10-23,TLT,4,89.4244155883789,15.0,LIME,2,True,1.0,,0.1,0.10395,0.10395,10395.01,False,10.2263,0,0.3,-
2025-10-23,XBI,5,107.20532989501952,12.75,-,2,False,0.35,0.35,0.1,0.098753,0.034563,3456.34,False,20.7836,0,0.3,-
2025-10-24,EWY,1,90.02793884277344,15.75,LIME,1,False,0.6,0.6,0.31,0.287926,0.172755,17275.54,False,24.0143,0,0.4,-
2025-10-24,XLV,2,144.81544494628906,16.0,LIME,1,False,0.6,0.6,0.25,0.257998,0.154799,15479.88,False,15.2048,0,0.4,-
2025-10-24,EWT,3,63.55990219116211,13.75,-,1,False,0.5,0.5,0.16,0.165119,0.082559,8255.93,False,20.6222,0,0.4,-
2025-10-24,IBB,4,154.87924194335938,12.5,-,2,False,0.4,0.35,0.1,0.103199,0.04128,4127.97,False,17.0552,0,0.4,-
2025-10-24,XBI,5,108.0325927734375,11.5,-,2,False,0.4,0.3,0.1,0.103199,0.04128,4127.97,False,20.5687,0,0.4,-
2025-10-24,TLT,6,89.46353912353516,14.0,LIME,2,True,1.0,,0.08,0.082559,0.082559,8255.93,False,10.1112,0,0.4,-
2025-10-27,EWY,1,92.23828887939452,15.75,LIME,1,False,0.85,0.6,0.31,0.299137,0.254266,25426.61,False,24.3319,0,0.85,LIME
2025-10-27,XLV,2,145.1526336669922,16.0,LIME,1,False,0.85,0.6,0.25,0.253936,0.215846,21584.56,False,15.1253,0,0.85,LIME
2025-10-27,BOTZ,3,38.01585006713867,14.0,-,1,False,0.85,0.55,0.16,0.162519,0.138141,13814.12,False,21.3656,0,0.85,LIME
2025-10-27,EWT,4,64.0379409790039,13.75,-,1,False,0.85,0.5,0.1,0.101574,0.086338,8633.82,False,20.5618,0,0.85,LIME
2025-10-27,IBB,5,156.82571411132812,12.5,LIME,1,False,0.85,0.4,0.1,0.101574,0.086338,8633.82,False,17.1531,0,0.85,LIME
2025-10-27,XBI,6,111.22203826904295,11.5,-,1,False,0.85,0.35,0.08,0.08126,0.069071,6907.06,False,21.0566,0,0.85,LIME
2025-10-28,EWY,1,92.37521362304688,15.75,LIME,1,False,0.85,0.6,0.31,0.306931,0.260891,26089.11,False,24.3357,0,0.85,LIME
2025-10-28,SOXX,2,303.8173828125,15.75,-,1,False,0.85,0.6,0.25,0.234497,0.199323,19932.26,False,29.0718,0,0.85,LIME
2025-10-28,CARZ,3,77.7914047241211,15.75,-,1,False,0.85,0.6,0.16,0.166754,0.14174,14174.05,False,21.944,0,0.85,LIME
2025-10-28,BOTZ,4,37.89636993408203,15.75,-,1,False,0.85,0.6,0.1,0.104221,0.088588,8858.78,False,21.3477,0,0.85,LIME
2025-10-28,EWT,5,64.14310455322266,15.75,-,1,False,0.85,0.6,0.1,0.104221,0.088588,8858.78,False,20.5156,0,0.85,LIME
2025-10-28,XLV,6,144.24026489257812,15.0,LIME,2,False,0.85,0.55,0.08,0.083377,0.07087,7087.02,False,15.1913,0,0.85,LIME
2025-10-29,EWY,1,94.77140045166016,16.0,LIME,1,False,0.85,0.6,0.31,0.316488,0.269015,26901.48,False,24.5054,0,0.85,LIME
2025-10-29,SOXX,2,308.9566955566406,16.0,-,1,False,0.85,0.6,0.25,0.242471,0.2061,20610.01,False,28.285,0,0.85,LIME
2025-10-29,SMH,3,367.4665832519531,16.0,-,1,False,0.85,0.6,0.16,0.155181,0.131904,13190.4,False,26.0121,0,0.85,LIME
2025-10-29,CARZ,4,78.215576171875,16.0,-,1,False,0.85,0.6,0.1,0.102093,0.086779,8677.9,False,21.4629,0,0.85,LIME
2025-10-29,EWT,5,64.18134307861328,16.0,LIME,1,False,0.85,0.6,0.1,0.102093,0.086779,8677.9,False,20.514,0,0.85,LIME
2025-10-29,BOTZ,6,37.99593734741211,16.0,-,1,False,0.85,0.6,0.08,0.081674,0.069423,6942.32,False,21.272,0,0.85,LIME
2025-10-30,EWY,1,93.16742706298828,16.0,LIME,1,False,0.8,0.6,0.31,0.31665,0.25332,25331.97,False,23.905,0,0.8,LIME
2025-10-30,XBI,2,111.5409927368164,16.0,-,1,False,0.8,0.6,0.25,0.255363,0.20429,20429.01,False,21.1339,0,0.8,LIME
2025-10-30,SOXX,3,304.775390625,16.0,-,1,False,0.8,0.6,0.16,0.147089,0.117671,11767.11,False,28.331,0,0.8,LIME
2025-10-30,SMH,4,362.6017456054688,16.0,-,1,False,0.8,0.6,0.1,0.097038,0.07763,7763.02,False,25.9083,0,0.8,LIME
2025-10-30,CARZ,5,77.72235107421875,16.0,LIME,1,False,0.8,0.6,0.1,0.102145,0.081716,8171.6,False,21.097,0,0.8,LIME
2025-10-30,EWT,6,63.61726379394531,15.0,LIME,2,False,0.8,0.55,0.08,0.081716,0.065373,6537.28,False,20.6311,0,0.8,LIME
2025-10-31,LIT,1,62.1512336730957,16.0,LIME,1,False,0.8,0.6,0.31,0.277807,0.222246,22224.57,False,39.5147,0,0.8,LIME
2025-10-31,EWY,2,94.86920166015624,16.0,LIME,1,False,0.8,0.6,0.25,0.263574,0.210859,21085.93,False,23.7527,0,0.8,LIME
2025-10-31,XBI,3,112.33834838867188,16.0,LIME,1,False,0.8,0.6,0.16,0.168687,0.13495,13494.99,False,21.1062,0,0.8,LIME
2025-10-31,SOXX,4,305.9130249023437,16.0,-,1,False,0.8,0.6,0.1,0.100158,0.080127,8012.65,False,28.2705,0,0.8,LIME
2025-10-31,SMH,5,361.8939208984375,15.0,-,2,False,0.8,0.55,0.1,0.10543,0.084344,8434.37,False,25.6771,0,0.8,LIME
2025-10-31,CARZ,6,77.72235107421875,15.0,LIME,2,False,0.8,0.55,0.08,0.084344,0.067475,6747.5,False,20.9362,0,0.8,LIME
2025-11-03,EWY,1,98.566162109375,16.0,LIME,1,False,0.85,0.6,0.31,0.317298,0.269703,26970.32,False,24.7127,0,0.85,LIME
2025-11-03,ICLN,2,17.46412467956543,16.0,-,1,False,0.85,0.6,0.25,0.255885,0.217503,21750.26,False,22.397,0,0.85,LIME
2025-11-03,SOXX,3,307.7392272949219,15.75,-,1,False,0.85,0.6,0.16,0.155578,0.132242,13224.16,False,28.1841,0,0.85,LIME
2025-11-03,LIT,4,61.313507080078125,15.0,LIME,2,False,0.85,0.55,0.1,0.087001,0.073951,7395.09,False,39.663,0,0.85,LIME
2025-11-03,SMH,5,364.9643859863281,14.75,-,1,False,0.85,0.55,0.1,0.102354,0.087001,8700.1,False,25.5275,0,0.85,LIME
2025-11-03,CARZ,6,78.07747650146484,14.75,LIME,1,False,0.85,0.55,0.08,0.081883,0.069601,6960.08,False,20.9254,0,0.85,LIME
2025-11-04,EWY,1,93.65644073486328,15.0,LIME,2,False,0.55,0.55,0.31,0.310736,0.170905,17090.48,False,27.0577,1,0.3,-
2025-11-04,ICLN,2,17.037445068359375,15.0,-,2,False,0.55,0.55,0.25,0.263783,0.14508,14508.05,False,23.1099,0,0.3,-
2025-11-04,EWZ,3,30.12442779541016,14.5,LIME,2,False,0.5,0.5,0.16,0.168821,0.08441,8441.04,False,19.5229,0,0.3,-
2025-11-04,SOXX,4,295.6444396972656,13.5,-,3,False,0.45,0.45,0.1,0.100237,0.045107,4510.68,False,29.4137,1,0.3,-
2025-11-04,LIT,5,59.08954620361328,12.75,LIME,3,False,0.35,0.35,0.1,0.076233,0.026682,2668.16,False,40.5519,2,0.3,-
2025-11-04,SMH,6,351.665771484375,12.5,-,3,False,0.35,0.35,0.08,0.08019,0.028066,2806.65,False,26.7584,1,0.3,-
2025-11-05,ICLN,1,17.96026611328125,15.0,-,1,False,0.6,0.6,0.33,0.333333,0.2,20000.0,False,25.1994,0,0.4,-
2025-11-05,EIS,2,102.86726379394533,15.0,LIME,1,False,0.6,0.6,0.27,0.272727,0.163636,16363.64,False,19.8724,0,0.4,-
2025-11-05,EWZ,3,31.013280868530277,14.75,LIME,1,False,0.55,0.55,0.2,0.20202,0.111111,11111.11,False,19.8939,0,0.4,-
2025-11-05,EWY,4,94.49755096435548,13.5,-,2,False,0.45,0.45,0.1,0.09596,0.043182,4318.18,False,27.0724,1,0.4,-
2025-11-05,SOXX,5,304.83526611328125,12.75,-,1,False,0.4,0.4,0.1,0.09596,0.038384,3838.38,False,29.8125,0,0.4,-
2025-11-06,ICLN,1,17.6328125,15.0,-,1,False,0.6,0.6,0.33,0.34555,0.20733,20732.98,False,25.5822,0,0.3,-
2025-11-06,EWZ,2,30.95531463623047,15.0,LIME,1,False,0.6,0.6,0.27,0.282723,0.169634,16963.35,False,19.7914,0,0.3,-
2025-11-06,TAN,3,50.2400016784668,14.0,LIME,1,False,0.55,0.55,0.2,0.17801,0.097906,9790.58,False,40.3677,0,0.3,-
2025-11-06,EIS,4,101.38217163085938,14.0,LIME,2,False,0.5,0.5,0.1,0.104712,0.052356,5235.6,False,20.0643,0,0.3,-
2025-11-06,EWY,5,91.45587158203124,11.25,-,3,False,0.3,0.3,0.1,0.089005,0.026702,2670.16,False,28.0426,2,0.3,-
2025-11-07,EWZ,1,31.206512451171875,15.0,LIME,1,False,0.6,0.6,0.35,0.371353,0.222812,22281.17,False,19.7493,0,0.2,-
2025-11-07,TAN,2,50.38999938964844,14.0,LIME,1,False,0.55,0.55,0.3,0.270557,0.148806,14880.64,False,40.3257,0,0.2,-
2025-11-07,ICLN,3,17.52366065979004,14.0,-,2,False,0.5,0.5,0.25,0.251989,0.125995,12599.47,False,25.4661,0,0.2,-
2025-11-07,EIS,4,101.84750366210938,14.0,LIME,1,False,0.55,0.55,0.1,0.106101,0.058355,5835.54,False,20.0567,0,0.2,-
2025-11-10,TAN,1,52.86000061035156,16.0,LIME,1,False,0.6,0.6,0.35,0.318182,0.190909,19090.91,False,41.2575,0,0.3,-
2025-11-10,EWZ,2,31.612293243408203,16.0,LIME,1,False,0.6,0.6,0.3,0.320856,0.192513,19251.34,False,19.2297,0,0.3,-
2025-11-10,ICLN,3,17.870960235595703,14.75,-,1,False,0.55,0.55,0.25,0.254011,0.139706,13970.59,False,25.5139,0,0.3,-
2025-11-10,EIS,4,104.07514190673828,15.0,LIME,1,False,0.6,0.6,0.1,0.106952,0.064171,6417.11,False,20.3389,0,0.3,-
2025-11-11,TAN,1,51.84999847412109,16.0,LIME,1,False,0.6,0.6,0.33,0.298246,0.178947,17894.74,False,41.5539,0,0.2,-
2025-11-11,EWZ,2,32.356224060058594,16.0,LIME,1,False,0.6,0.6,0.27,0.287081,0.172249,17224.88,False,19.5857,0,0.2,-
2025-11-11,EWH,3,22.1101131439209,16.0,LIME,1,False,0.6,0.6,0.2,0.212653,0.127592,12759.17,False,16.4836,0,0.2,-
2025-11-11,EIS,4,104.5701675415039,15.0,LIME,1,False,0.6,0.6,0.1,0.106326,0.063796,6379.59,False,19.4843,0,0.2,-
2025-11-11,ICLN,5,17.62289047241211,13.5,-,2,False,0.45,0.45,0.1,0.095694,0.043062,4306.22,False,25.7715,0,0.2,-
2025-11-12,EWZ,1,32.095367431640625,16.0,LIME,1,False,0.6,0.6,0.33,0.338462,0.203077,20307.69,False,19.53,0,0.2,-
2025-11-12,EIS,2,106.07505798339844,16.0,LIME,1,False,0.6,0.6,0.27,0.276923,0.166154,16615.38,False,19.6268,0,0.2,-
2025-11-12,EWH,3,22.42015838623047,16.0,LIME,1,False,0.6,0.6,0.2,0.205128,0.123077,12307.69,False,16.5773,0,0.2,-
2025-11-12,TAN,4,50.56999969482422,14.5,LIME,2,False,0.5,0.5,0.1,0.087179,0.04359,4358.97,False,41.7537,0,0.2,-
2025-11-12,ICLN,5,17.52366065979004,11.75,-,2,False,0.3,0.3,0.1,0.092308,0.027692,2769.23,False,25.6854,0,0.2,-
2025-11-13,EWZ,1,31.863489151000977,16.0,LIME,1,False,0.6,0.6,0.33,0.336477,0.201886,20188.63,False,19.5591,0,0.2,-
2025-11-13,IBB,2,163.02447509765625,16.0,LIME,1,False,0.6,0.6,0.27,0.2753,0.16518,16517.97,False,17.0994,0,0.2,-
2025-11-13,EIS,3,104.8869857788086,16.0,LIME,1,False,0.6,0.6,0.2,0.203926,0.122355,12235.53,False,19.8204,0,0.2,-
2025-11-13,EWH,4,22.177934646606445,16.0,LIME,1,False,0.6,0.6,0.1,0.101963,0.061178,6117.77,False,16.6296,0,0.2,-
2025-11-13,TAN,5,48.47999954223633,11.75,-,4,False,0.25,0.25,0.1,0.082335,0.020584,2058.37,False,39.3097,1,0.2,-
2025-11-14,IBB,1,163.8928985595703,16.0,LIME,1,False,0.6,0.6,0.33,0.333333,0.2,20000.0,False,17.072,0,0.2,-
2025-11-14,EWZ,2,32.05671691894531,15.75,LIME,1,False,0.6,0.6,0.27,0.272727,0.163636,16363.64,False,19.5713,0,0.2,-
2025-11-14,XBI,3,113.63406372070312,15.5,LIME,1,False,0.6,0.6,0.2,0.191919,0.115152,11515.15,False,22.666,0,0.2,-
2025-11-14,EIS,4,104.47115325927734,15.0,LIME,2,False,0.55,0.55,0.1,0.10101,0.055556,5555.56,False,19.8141,0,0.2,-
2025-11-14,EWH,5,22.061670303344727,15.0,LIME,2,False,0.55,0.55,0.1,0.10101,0.055556,5555.56,False,16.6376,0,0.2,-
2025-11-17,XBI,1,114.45136260986328,16.0,LIME,1,False,0.24,0.24,0.31,0.316667,0.076,7600.0,False,22.3268,0,0.1,PURPLE
2025-11-17,LIT,2,63.55741500854492,15.75,LIME,1,False,0.24,0.24,0.25,0.228495,0.054839,5483.87,False,38.9972,0,0.1,PURPLE
2025-11-17,IBB,3,164.96095275878906,16.0,LIME,1,False,0.24,0.24,0.16,0.172043,0.04129,4129.03,False,17.039,0,0.1,PURPLE
2025-11-17,EWZ,4,31.670259475708008,14.5,LIME,2,False,0.2,0.2,0.1,0.107527,0.021505,2150.54,False,18.4479,0,0.1,PURPLE
2025-11-17,EIS,5,103.24348449707033,12.75,-,3,False,0.2,0.2,0.1,0.102151,0.02043,2043.01,False,19.9082,1,0.1,PURPLE
2025-11-17,EWH,6,21.6644229888916,12.75,-,3,False,0.2,0.2,0.08,0.073118,0.014624,1462.37,False,17.0774,2,0.1,PURPLE
2025-11-18,XBI,1,114.80020904541016,16.0,LIME,1,False,0.24,0.24,0.35,0.363636,0.087273,8727.27,False,22.3276,0,0.1,PURPLE
2025-11-18,IBB,2,166.16876220703125,16.0,LIME,1,False,0.24,0.24,0.3,0.311688,0.074805,7480.52,False,17.0607,0,0.1,PURPLE
2025-11-18,LIT,3,62.35069274902344,15.0,LIME,2,False,0.22,0.22,0.25,0.220779,0.048571,4857.14,False,39.1935,0,0.1,PURPLE
2025-11-18,EWZ,4,31.60263061523437,12.25,-,3,False,0.2,0.2,0.1,0.103896,0.020779,2077.92,False,18.3809,0,0.1,PURPLE
2025-11-19,XBI,1,114.12245178222656,16.0,LIME,1,False,0.24,0.24,0.45,0.467532,0.112208,11220.78,False,22.4047,0,0.1,PURPLE
2025-11-19,IBB,2,164.92103576660156,16.0,-,1,False,0.24,0.24,0.3,0.311688,0.074805,7480.52,False,17.1895,0,0.1,PURPLE
2025-11-19,LIT,3,62.97898483276367,13.75,LIME,2,False,0.2,0.2,0.25,0.220779,0.044156,4415.58,False,39.1971,0,0.1,PURPLE
2025-11-20,XBI,1,113.45465850830078,15.0,LIME,2,False,0.22,0.22,0.35,0.345186,0.075941,7594.08,False,22.4409,0,0.1,PURPLE
2025-11-20,IBB,2,163.94281005859375,15.0,-,2,False,0.22,0.22,0.3,0.311446,0.068518,6851.8,False,17.248,0,0.1,PURPLE
2025-11-20,XLV,3,150.16061401367188,12.0,LIME,2,False,0.2,0.2,0.25,0.259538,0.051908,5190.76,False,13.4689,0,0.1,PURPLE
2025-11-20,LIT,4,61.1539421081543,11.0,-,4,False,0.2,0.2,0.1,0.083831,0.016766,1676.62,False,39.4175,1,0.1,PURPLE
2025-11-21,XBI,1,116.2653579711914,15.0,LIME,1,False,0.24,0.24,0.45,0.424084,0.10178,10178.01,False,22.1434,0,0.1,PURPLE
2025-11-21,IBB,2,167.2168731689453,15.0,LIME,1,False,0.24,0.24,0.3,0.314136,0.075393,7539.27,False,16.978,0,0.1,PURPLE
2025-11-21,XLV,3,153.3240966796875,13.25,LIME,1,False,0.2,0.2,0.25,0.26178,0.052356,5235.6,False,13.6344,0,0.1,PURPLE
2025-11-24,XBI,1,119.18569946289062,15.0,LIME,1,False,0.24,0.24,0.45,0.424084,0.10178,10178.01,False,22.4714,0,0.1,PURPLE
2025-11-24,IBB,2,169.40292358398438,15.0,LIME,1,False,0.24,0.24,0.3,0.314136,0.075393,7539.27,False,17.0351,0,0.1,PURPLE
2025-11-24,XLV,3,153.9686737060547,13.5,LIME,1,False,0.2,0.2,0.25,0.26178,0.052356,5235.6,False,13.6155,0,0.1,PURPLE
2025-11-25,XBI,1,120.96979522705078,15.0,LIME,1,False,0.24,0.24,0.45,0.424084,0.10178,10178.01,False,22.5659,0,0.1,PURPLE
2025-11-25,IBB,2,172.01815795898438,15.0,LIME,1,False,0.24,0.24,0.3,0.314136,0.075393,7539.27,False,17.199,0,0.1,PURPLE
2025-11-25,XLV,3,157.4495086669922,14.25,LIME,1,False,0.22,0.22,0.25,0.26178,0.057592,5759.16,False,14.2075,0,0.1,PURPLE
2025-11-26,XBI,1,122.44491577148438,16.0,LIME,1,False,0.24,0.24,0.45,0.424084,0.10178,10178.01,False,22.5921,0,0.1,PURPLE
2025-11-26,IBB,2,173.34576416015625,16.0,LIME,1,False,0.24,0.24,0.3,0.314136,0.075393,7539.27,False,17.1711,0,0.1,PURPLE
2025-11-26,XLV,3,157.10240173339844,16.0,LIME,1,False,0.24,0.24,0.25,0.26178,0.062827,6282.72,False,14.1799,0,0.1,PURPLE
2025-11-28,XBI,1,122.75389862060548,16.0,LIME,1,False,0.6,0.6,0.45,0.424084,0.25445,25445.03,False,22.5089,0,0.2,-
2025-11-28,IBB,2,173.5154571533203,16.0,LIME,1,False,0.6,0.6,0.3,0.314136,0.188482,18848.17,False,17.1643,0,0.2,-
2025-11-28,XLV,3,156.33880615234375,16.0,LIME,1,False,0.6,0.6,0.25,0.26178,0.157068,15706.81,False,14.2202,0,0.2,-
2025-12-01,SLV,1,52.52000045776367,15.0,LIME,1,True,1.0,,0.35,0.32576,0.32576,32575.96,False,35.9217,0,0.2,-
2025-12-01,XBI,2,119.45480346679688,15.0,LIME,2,False,0.55,0.55,0.3,0.296469,0.163058,16305.78,False,22.6416,1,0.2,-
2025-12-01,IBB,3,169.8021697998047,15.0,-,2,False,0.55,0.55,0.25,0.273748,0.150561,15056.12,False,17.7022,0,0.2,-
2025-12-01,XLV,4,153.99842834472656,14.75,LIME,2,False,0.5,0.5,0.1,0.104024,0.052012,5201.2,False,14.6317,1,0.2,-
2025-12-02,SLV,1,53.130001068115234,15.75,LIME,1,True,1.0,,0.31,0.283333,0.283333,28333.33,False,35.9405,0,0.2,-
2025-12-02,EWZ,2,32.87794494628906,15.25,-,1,False,0.6,0.6,0.25,0.268817,0.16129,16129.03,False,18.1655,0,0.2,-
2025-12-02,EWC,3,51.67965698242188,15.0,LIME,2,False,0.55,0.55,0.16,0.172043,0.094624,9462.37,False,13.9496,0,0.2,-
2025-12-02,XBI,4,118.06938934326172,13.0,-,3,False,0.45,0.45,0.1,0.091935,0.041371,4137.1,False,22.8426,1,0.2,-
2025-12-02,IBB,5,168.91378784179688,13.0,-,3,False,0.45,0.45,0.1,0.102151,0.045968,4596.77,False,17.7679,1,0.2,-
2025-12-02,XLV,6,153.076171875,12.5,-,3,False,0.35,0.35,0.08,0.08172,0.028602,2860.22,False,14.6577,1,0.2,-
2025-12-03,SLV,1,53.06999969482422,16.0,LIME,1,True,1.0,,0.31,0.277807,0.277807,27780.71,False,35.8065,0,0.85,LIME
2025-12-03,EWZ,2,33.04218673706055,16.0,-,1,False,0.85,0.6,0.25,0.263574,0.224038,22403.8,False,18.1573,0,0.85,LIME
2025-12-03,PICK,3,48.284915924072266,15.5,LIME,1,True,1.0,,0.16,0.168687,0.168687,16868.74,False,21.4293,0,0.85,LIME
2025-12-03,EWC,4,52.006744384765625,14.75,LIME,1,False,0.85,0.55,0.1,0.10543,0.089615,8961.52,False,13.966,0,0.85,LIME
2025-12-03,XBI,5,121.42828369140624,12.75,-,1,False,0.85,0.4,0.1,0.100158,0.085134,8513.44,False,23.3334,0,0.85,LIME
2025-12-03,IBB,6,171.9183349609375,12.25,-,1,False,0.85,0.4,0.08,0.084344,0.071692,7169.21,False,17.9981,0,0.85,LIME
2025-12-04,PICK,1,48.32429504394531,16.0,LIME,1,True,1.0,,0.31,0.319258,0.319258,31925.85,False,21.3212,0,0.85,LIME
2025-12-04,EWZ,2,33.54458236694336,16.0,-,1,False,0.85,0.6,0.25,0.257467,0.218847,21884.65,False,18.141,0,0.85,LIME
2025-12-04,SLV,3,51.7599983215332,15.0,LIME,2,True,1.0,,0.16,0.140062,0.140062,14006.18,False,36.3272,0,0.85,LIME
2025-12-04,EWC,4,52.601444244384766,14.75,LIME,1,False,0.85,0.55,0.1,0.102987,0.087539,8753.86,False,14.1185,0,0.85,LIME
2025-12-04,XBI,5,122.84359741210938,12.75,LIME,1,False,0.85,0.4,0.1,0.097837,0.083162,8316.17,False,23.1241,0,0.85,LIME
2025-12-04,IBB,6,171.79856872558594,11.5,-,1,False,0.85,0.35,0.08,0.082389,0.070031,7003.09,False,17.7025,0,0.85,LIME
2025-12-05,PICK,1,48.39320373535156,16.0,LIME,1,True,1.0,,0.31,0.333154,0.333154,33315.42,False,21.3226,0,0.85,LIME
2025-12-05,SLV,2,52.95000076293945,14.75,LIME,1,True,1.0,,0.25,0.228372,0.228372,22837.18,False,36.4921,0,0.85,LIME
2025-12-05,JETS,3,27.207155227661133,15.5,LIME,1,False,0.85,0.6,0.16,0.163353,0.13885,13885.01,False,27.5718,0,0.85,LIME
2025-12-05,EWC,4,52.81950378417969,14.75,LIME,1,False,0.85,0.55,0.1,0.107469,0.091349,9134.87,False,14.1277,0,0.85,LIME
2025-12-05,XBI,5,123.0030746459961,13.75,LIME,1,False,0.85,0.5,0.1,0.107469,0.091349,9134.87,False,22.929,0,0.85,LIME
2025-12-05,EWZ,6,31.4287223815918,13.5,-,4,False,0.85,0.4,0.08,0.060183,0.051155,5115.53,False,22.3864,3,0.85,LIME
2025-12-08,XBI,1,123.25225067138672,15.75,LIME,1,False,0.85,0.6,0.31,0.324268,0.275628,27562.76,False,22.9317,0,0.85,LIME
2025-12-08,PICK,2,48.12741470336914,16.0,LIME,1,True,1.0,,0.25,0.261506,0.261506,26150.63,False,21.2549,0,0.85,LIME
2025-12-08,EWC,3,52.48250579833984,15.75,LIME,1,False,0.85,0.6,0.16,0.167364,0.142259,14225.94,False,14.2059,0,0.85,LIME
2025-12-08,JETS,4,27.207155227661133,16.0,LIME,1,False,0.85,0.6,0.1,0.099372,0.084467,8446.65,False,27.4106,0,0.85,LIME
2025-12-08,SLV,5,52.709999084472656,13.5,LIME,2,True,1.0,,0.1,0.088912,0.088912,8891.21,False,36.4329,0,0.85,LIME
2025-12-08,EWZ,6,31.64127922058105,11.0,-,4,False,0.85,0.25,0.08,0.058577,0.049791,4979.08,False,22.4016,3,0.85,LIME
2025-12-09,EWC,1,52.601444244384766,16.0,LIME,1,False,0.85,0.6,0.31,0.317786,0.270118,27011.79,False,14.2026,0,0.85,LIME
2025-12-09,SMH,2,367.8553771972656,15.25,LIME,1,False,0.85,0.6,0.25,0.243465,0.206945,20694.52,False,30.5694,0,0.85,LIME
2025-12-09,JETS,3,27.25674819946289,16.0,LIME,1,False,0.85,0.6,0.16,0.164018,0.139416,13941.57,False,27.3885,0,0.85,LIME
2025-12-09,PICK,4,47.96006774902344,15.0,LIME,2,True,1.0,,0.1,0.102512,0.102512,10251.15,False,21.2902,0,0.85,LIME
2025-12-09,XBI,5,120.79039001464844,14.5,-,3,False,0.85,0.5,0.1,0.102512,0.087135,8713.48,False,23.2333,0,0.85,LIME
2025-12-09,SLV,6,55.16999816894531,13.5,LIME,1,True,1.0,,0.08,0.069708,0.069708,6970.78,False,37.3381,0,0.85,LIME
2025-12-10,SOXX,1,315.6726989746094,15.75,LIME,1,False,0.85,0.6,0.31,0.291841,0.248065,24806.49,False,34.1338,0,0.85,LIME
2025-12-10,EIS,2,109.4610595703125,16.0,LIME,1,False,0.85,0.6,0.25,0.261506,0.22228,22228.03,False,20.3414,0,0.85,LIME
2025-12-10,SMH,3,372.9395751953125,15.5,LIME,1,False,0.85,0.6,0.16,0.158996,0.135146,13514.64,False,30.6096,0,0.85,LIME
2025-12-10,JETS,4,27.81220054626465,16.0,LIME,1,False,0.85,0.6,0.1,0.099372,0.084467,8446.65,False,27.5277,0,0.85,LIME
2025-12-10,EWC,5,53.24570846557617,16.0,LIME,1,False,0.85,0.6,0.1,0.104603,0.088912,8891.21,False,14.2634,0,0.85,LIME
2025-12-10,PICK,6,49.06259536743164,15.0,LIME,1,True,1.0,,0.08,0.083682,0.083682,8368.2,False,21.4933,0,0.85,LIME
2025-12-11,LIT,1,64.95362091064453,16.0,LIME,1,False,0.8,0.6,0.31,0.302984,0.242387,24238.68,False,35.609,0,0.8,LIME
2025-12-11,SOXX,2,313.866455078125,16.0,LIME,1,False,0.8,0.6,0.25,0.244342,0.195473,19547.33,False,34.1837,0,0.8,LIME
2025-12-11,EIS,3,110.85704803466795,16.0,LIME,1,False,0.8,0.6,0.16,0.164609,0.131687,13168.72,False,20.4488,0,0.8,LIME
2025-12-11,SMH,4,369.7395324707031,15.75,LIME,1,False,0.8,0.6,0.1,0.102881,0.082305,8230.45,False,30.7018,0,0.8,LIME
2025-12-11,JETS,5,28.02049446105957,16.0,LIME,1,False,0.8,0.6,0.1,0.102881,0.082305,8230.45,False,27.414,0,0.8,LIME
2025-12-11,EWC,6,53.60253143310547,16.0,LIME,1,False,0.8,0.6,0.08,0.082305,0.065844,6584.36,False,14.2199,0,0.8,LIME
2025-12-12,SLV,1,56.09999847412109,16.0,LIME,1,True,1.0,,0.31,0.290625,0.290625,29062.5,False,38.1563,0,0.6,LIME
2025-12-12,EIS,2,109.48086547851562,16.0,LIME,1,False,0.6,0.6,0.25,0.260417,0.15625,15625.0,False,20.3313,0,0.6,LIME
2025-12-12,JETS,3,28.05025100708008,16.0,LIME,1,False,0.6,0.6,0.16,0.166667,0.1,10000.0,False,27.3215,0,0.6,LIME
2025-12-12,EWC,4,53.41420364379883,16.0,LIME,1,False,0.6,0.6,0.1,0.104167,0.0625,6250.0,False,14.1268,0,0.6,LIME
2025-12-12,LIT,5,63.6970329284668,15.0,LIME,2,False,0.6,0.55,0.1,0.098958,0.059375,5937.5,False,35.2976,0,0.6,LIME
2025-12-12,SMH,6,353.02154541015625,14.0,LIME,3,False,0.6,0.5,0.08,0.079167,0.0475,4750.0,False,32.1712,1,0.6,LIME
2025-12-15,SLV,1,58.11000061035156,16.0,LIME,1,True,1.0,,0.31,0.28017,0.205258,20525.8,False,38.5526,0,0.2,-
2025-12-15,PICK,2,48.9739990234375,16.0,LIME,1,True,1.0,,0.25,0.265816,0.194742,19474.2,False,21.5974,0,0.2,-
2025-12-15,EZA,3,65.9990005493164,16.0,LIME,1,False,0.6,0.6,0.16,0.161616,0.09697,9696.97,False,27.814,0,0.2,-
2025-12-15,JETS,4,28.27838134765625,16.0,LIME,1,False,0.6,0.6,0.1,0.10101,0.060606,6060.61,False,27.3441,0,0.2,-
2025-12-15,EWC,5,53.32500076293945,16.0,LIME,1,False,0.6,0.6,0.1,0.106326,0.063796,6379.59,False,14.1317,0,0.2,-
2025-12-15,EIS,6,108.47100067138672,15.0,LIME,2,False,0.55,0.55,0.08,0.085061,0.046784,4678.36,False,20.4507,0,0.2,-
2025-12-16,SLV,1,57.72999954223633,16.0,LIME,1,True,1.0,,0.31,0.282422,0.282422,28242.23,False,38.2364,0,0.2,-
2025-12-16,JETS,2,28.51643180847168,16.0,LIME,1,False,0.6,0.6,0.25,0.254555,0.152733,15273.31,False,27.3645,0,0.2,-
2025-12-16,EZA,3,65.69999694824219,16.0,LIME,1,False,0.6,0.6,0.16,0.162915,0.097749,9774.92,False,27.8324,0,0.2,-
2025-12-16,PICK,4,48.77999877929688,14.75,LIME,2,True,1.0,,0.1,0.107181,0.107181,10718.11,False,21.5299,0,0.2,-
2025-12-16,EWC,5,52.97999954223633,14.75,LIME,2,False,0.5,0.5,0.1,0.107181,0.053591,5359.06,False,14.2007,0,0.2,-
2025-12-16,EIS,6,108.79000091552734,13.75,LIME,2,False,0.45,0.45,0.08,0.085745,0.038585,3858.52,False,19.9149,0,0.2,-
2025-12-17,SLV,1,60.2599983215332,16.0,LIME,1,True,1.0,,0.31,0.281517,0.281517,28151.71,False,38.9352,0,0.2,-
2025-12-17,EZA,2,66.63999938964844,16.0,LIME,1,False,0.6,0.6,0.25,0.253739,0.152244,15224.36,False,27.8926,0,0.2,-
2025-12-17,EWL,3,58.84000015258789,16.0,LIME,1,False,0.6,0.6,0.16,0.17094,0.102564,10256.41,False,12.6961,0,0.2,-
2025-12-17,JETS,4,28.080005645751957,15.0,LIME,2,False,0.55,0.55,0.1,0.101496,0.055823,5582.26,False,27.578,0,0.2,-
2025-12-17,PICK,5,49.20000076293945,14.5,LIME,1,True,1.0,,0.1,0.106838,0.106838,10683.76,False,21.4954,0,0.2,-
2025-12-17,EWC,6,52.810001373291016,12.5,-,3,False,0.35,0.35,0.08,0.08547,0.029915,2991.45,False,14.2141,0,0.2,-
2025-12-18,SLV,1,59.31999969482422,16.0,LIME,1,True,1.0,,0.31,0.281517,0.281517,28151.71,False,38.9931,0,0.2,-
2025-12-18,EZA,2,67.51000213623047,16.0,LIME,1,False,0.6,0.6,0.25,0.253739,0.152244,15224.36,False,27.8137,0,0.2,-
2025-12-18,EWL,3,59.470001220703125,16.0,LIME,1,False,0.6,0.6,0.16,0.17094,0.102564,10256.41,False,12.8423,0,0.2,-
2025-12-18,JETS,4,28.30813789367676,15.0,LIME,1,False,0.6,0.6,0.1,0.101496,0.060897,6089.74,False,27.5832,0,0.2,-
2025-12-18,PICK,5,49.40999984741211,13.75,LIME,1,True,1.0,,0.1,0.106838,0.106838,10683.76,False,21.4866,0,0.2,-
2025-12-18,EWC,6,53.220001220703125,11.75,-,1,False,0.35,0.35,0.08,0.08547,0.029915,2991.45,False,14.1372,0,0.2,-
2025-12-19,SLV,1,60.93000030517578,16.0,LIME,1,True,1.0,,0.31,0.281517,0.281517,28151.71,False,39.024,0,0.3,-
2025-12-19,EZA,2,67.5999984741211,16.0,LIME,1,False,0.6,0.6,0.25,0.253739,0.152244,15224.36,False,27.8053,0,0.3,-
2025-12-19,EWL,3,59.56999969482422,16.0,LIME,1,False,0.6,0.6,0.16,0.17094,0.102564,10256.41,False,12.8115,0,0.3,-
2025-12-19,JETS,4,28.50651359558105,14.75,LIME,1,False,0.55,0.55,0.1,0.101496,0.055823,5582.26,False,27.585,0,0.3,-
2025-12-19,PICK,5,49.90999984741211,13.75,LIME,1,True,1.0,,0.1,0.106838,0.106838,10683.76,False,21.4868,0,0.3,-
2025-12-19,EWC,6,53.68000030517578,11.75,-,1,False,0.35,0.35,0.08,0.08547,0.029915,2991.45,False,14.2157,0,0.3,-
2025-12-22,SLV,1,62.470001220703125,16.0,LIME,1,True,1.0,,0.31,0.281517,0.281517,28151.71,False,39.1498,0,0.4,-
2025-12-22,EZA,2,68.79000091552734,16.0,LIME,1,False,0.6,0.6,0.25,0.253739,0.152244,15224.36,False,27.9621,0,0.4,-
2025-12-22,EWL,3,59.93000030517578,16.0,LIME,1,False,0.6,0.6,0.16,0.17094,0.102564,10256.41,False,12.7666,0,0.4,-
2025-12-22,PICK,4,51.060001373291016,15.0,LIME,1,True,1.0,,0.1,0.106838,0.106838,10683.76,False,21.864,0,0.4,-
2025-12-22,JETS,5,28.96277618408203,14.75,LIME,1,False,0.55,0.55,0.1,0.101496,0.055823,5582.26,False,27.7163,0,0.4,-
2025-12-22,EWC,6,54.16999816894531,13.0,LIME,1,False,0.5,0.5,0.08,0.08547,0.042735,4273.5,False,14.2141,0,0.4,-
2025-12-23,SLV,1,64.83999633789062,16.0,LIME,1,True,1.0,,0.31,0.281217,0.281217,28121.66,False,39.5551,0,0.4,-
2025-12-23,EZA,2,69.54000091552734,16.0,LIME,1,False,0.6,0.6,0.25,0.253469,0.152081,15208.11,False,27.8027,0,0.4,-
2025-12-23,EWL,3,60.400001525878906,16.0,LIME,1,False,0.6,0.6,0.16,0.170758,0.102455,10245.46,False,12.4833,0,0.4,-
2025-12-23,PICK,4,51.4900016784668,15.25,LIME,1,True,1.0,,0.1,0.106724,0.106724,10672.36,False,21.8857,0,0.4,-
2025-12-23,EWC,5,54.540000915527344,15.25,LIME,1,False,0.6,0.6,0.1,0.106724,0.064034,6403.42,False,14.1839,0,0.4,-
2025-12-23,JETS,6,28.44700050354004,14.25,-,2,False,0.5,0.5,0.08,0.08111,0.040555,4055.5,False,27.8256,0,0.4,-
2025-12-24,SLV,1,65.22000122070312,16.0,LIME,1,True,1.0,,0.31,0.279873,0.205258,20525.8,False,39.2962,0,0.4,-
2025-12-24,PICK,2,51.540000915527344,16.0,LIME,1,True,1.0,,0.25,0.265534,0.194742,19474.2,False,21.843,0,0.4,-
2025-12-24,EZA,3,69.91999816894531,16.0,LIME,1,False,0.6,0.6,0.16,0.161445,0.096867,9686.67,False,27.7635,0,0.4,-
2025-12-24,EWL,4,60.52999877929688,16.0,LIME,1,False,0.6,0.6,0.1,0.106213,0.063728,6372.81,False,12.1743,0,0.4,-
2025-12-24,EWC,5,54.59999847412109,16.0,LIME,1,False,0.6,0.6,0.1,0.106213,0.063728,6372.81,False,14.1438,0,0.4,-
2025-12-24,JETS,6,28.540000915527344,13.25,-,2,False,0.45,0.45,0.08,0.080722,0.036325,3632.5,False,27.3861,0,0.4,-
2025-12-26,SLV,1,71.12000274658203,16.0,LIME,1,True,1.0,,0.31,0.277807,0.156496,15649.59,False,42.5806,0,0.3,-
2025-12-26,PICK,2,52.34999847412109,16.0,LIME,1,True,1.0,,0.25,0.263574,0.148478,14847.81,False,21.9893,0,0.3,-
2025-12-26,GLD,3,416.739990234375,16.0,LIME,1,True,1.0,,0.16,0.168687,0.095026,9502.6,False,23.24,0,0.3,-
2025-12-26,EZA,4,70.30999755859375,16.0,LIME,1,False,0.6,0.6,0.1,0.100158,0.060095,6009.49,False,27.3583,0,0.3,-
2025-12-26,EWL,5,60.540000915527344,16.0,LIME,1,False,0.6,0.6,0.1,0.10543,0.063258,6325.78,False,12.1264,0,0.3,-
2025-12-26,EWC,6,54.79999923706055,16.0,LIME,1,False,0.6,0.6,0.08,0.084344,0.050606,5060.62,False,14.143,0,0.3,-
2025-12-29,SLV,1,66.01000213623047,16.0,-,1,True,1.0,,0.31,0.28448,0.25367,25367.03,False,45.507,0,0.2,-
2025-12-29,VEA,2,62.61344909667969,16.0,LIME,1,False,0.6,0.6,0.25,0.269906,0.161943,16194.33,False,11.3986,0,0.2,-
2025-12-29,PICK,3,51.06999969482422,15.0,-,2,True,1.0,,0.16,0.164103,0.14633,14632.97,False,22.4279,0,0.2,-
2025-12-29,EZA,4,68.43000030517578,15.0,LIME,2,False,0.55,0.55,0.1,0.087179,0.047949,4794.87,False,27.9831,1,0.2,-
2025-12-29,EWC,5,54.33000183105469,15.0,LIME,2,False,0.55,0.55,0.1,0.107962,0.059379,5937.92,False,14.2118,0,0.2,-
2025-12-29,EWL,6,60.34999847412109,15.0,LIME,2,False,0.55,0.55,0.08,0.08637,0.047503,4750.34,False,12.1386,0,0.2,-
2025-12-30,SLV,1,68.9800033569336,16.0,-,1,True,1.0,,0.31,0.282271,0.282271,28227.1,False,46.0686,0,0.2,-
2025-12-30,VEA,2,62.68333053588867,16.0,LIME,1,False,0.6,0.6,0.25,0.267809,0.160686,16068.56,False,11.3878,0,0.2,-
2025-12-30,VGK,3,83.55905151367188,16.0,LIME,1,False,0.6,0.6,0.16,0.171398,0.102839,10283.88,False,11.2061,0,0.2,-
2025-12-30,PICK,4,51.59999847412109,14.0,-,2,True,1.0,,0.1,0.101768,0.101768,10176.75,False,22.4739,0,0.2,-
2025-12-30,EZA,5,69.2300033569336,14.0,LIME,2,False,0.5,0.5,0.1,0.091055,0.045528,4552.76,False,27.9958,0,0.2,-
2025-12-30,EWC,6,54.29999923706055,14.0,LIME,2,False,0.5,0.5,0.08,0.085699,0.042849,4284.95,False,14.2167,0,0.2,-
2025-12-31,EWY,1,97.22000122070312,15.75,LIME,1,False,0.6,0.6,0.31,0.31887,0.191322,19132.18,False,30.2091,0,0.2,-
2025-12-31,SLV,2,64.41999816894531,14.25,-,2,True,1.0,,0.25,0.21858,0.21858,21858.0,False,48.3918,1,0.2,-
2025-12-31,VGK,3,83.22064208984375,14.75,LIME,2,False,0.5,0.5,0.16,0.17324,0.08662,8661.99,False,11.0419,0,0.2,-
2025-12-31,VEA,4,62.36387252807617,14.25,-,2,False,0.5,0.5,0.1,0.102861,0.051431,5143.06,False,11.3756,1,0.2,-
2025-12-31,PICK,5,51.34000015258789,12.25,-,2,True,1.0,,0.1,0.108275,0.108275,10827.49,False,22.4841,0,0.2,-
2025-12-31,EZA,6,68.80000305175781,12.25,LIME,2,False,0.35,0.35,0.08,0.078174,0.027361,2736.11,False,27.9988,1,0.2,-
2026-01-02,EWY,1,102.22000122070312,16.0,LIME,1,False,0.6,0.6,0.31,0.284557,0.170734,17073.43,False,31.5411,0,0.2,-
2026-01-02,EEM,2,56.2400016784668,15.25,LIME,1,False,0.6,0.6,0.25,0.256479,0.153888,15388.77,False,16.4056,0,0.2,-
2026-01-02,EWP,3,54.70000076293945,14.0,LIME,1,False,0.55,0.55,0.16,0.172786,0.095032,9503.24,False,13.0445,0,0.2,-
2026-01-02,VGK,4,84.16621398925781,14.75,LIME,1,False,0.55,0.55,0.1,0.107991,0.059395,5939.52,False,11.2409,0,0.2,-
2026-01-02,SLV,5,65.75,13.0,-,2,True,1.0,,0.1,0.091793,0.091793,9179.27,False,48.3604,0,0.2,-
2026-01-02,VEA,6,63.09263229370117,14.25,LIME,1,False,0.55,0.55,0.08,0.086393,0.047516,4751.62,False,11.5784,0,0.2,-
2026-01-05,EWY,1,104.83000183105467,16.0,LIME,1,False,0.6,0.6,0.31,0.282271,0.169363,16936.26,False,31.8403,0,0.2,-
2026-01-05,EWP,2,55.0,15.0,LIME,1,False,0.6,0.6,0.25,0.267809,0.160686,16068.56,False,13.0399,0,0.2,-
2026-01-05,EEM,3,56.86000061035156,15.5,LIME,1,False,0.6,0.6,0.16,0.162828,0.097697,9769.68,False,16.5255,0,0.2,-
2026-01-05,VGK,4,84.83309936523438,14.75,LIME,1,False,0.55,0.55,0.1,0.107124,0.058918,5891.81,False,11.2928,0,0.2,-
2026-01-05,VEA,5,63.84135818481445,14.25,LIME,1,False,0.55,0.55,0.1,0.107124,0.058918,5891.81,False,11.6657,0,0.2,-
2026-01-05,SLV,6,69.08000183105469,12.25,-,1,True,1.0,,0.08,0.072844,0.072844,7284.41,False,49.0308,0,0.2,-
2026-01-06,EWY,1,107.61000061035156,16.0,LIME,1,False,0.85,0.6,0.31,0.283638,0.241093,24109.26,False,32.1262,0,0.85,LIME
2026-01-06,EEM,2,57.27999877929688,15.75,LIME,1,False,0.85,0.6,0.25,0.255651,0.217304,21730.36,False,16.5592,0,0.85,LIME
2026-01-06,EWP,3,54.54999923706055,15.0,-,1,False,0.85,0.6,0.16,0.172228,0.146394,14639.4,False,13.0245,0,0.85,LIME
2026-01-06,VGK,4,85.04212188720703,14.75,LIME,1,False,0.85,0.55,0.1,0.107643,0.091496,9149.62,False,11.2676,0,0.85,LIME
2026-01-06,VEA,5,64.03103637695312,14.25,LIME,1,False,0.85,0.55,0.1,0.107643,0.091496,9149.62,False,11.6707,0,0.85,LIME
2026-01-06,SLV,6,73.70999908447266,12.25,-,1,True,1.0,,0.08,0.073197,0.073197,7319.7,False,50.4346,0,0.85,LIME
2026-01-07,EWY,1,107.02999877929688,16.0,LIME,1,False,0.85,0.6,0.31,0.28735,0.244248,24424.75,False,31.8994,0,0.85,LIME
2026-01-07,PICK,2,54.34999847412109,16.0,LIME,1,True,1.0,,0.25,0.258997,0.258997,25899.67,False,23.8072,0,0.85,LIME
2026-01-07,REMX,3,85.01000213623047,15.75,LIME,1,True,1.0,,0.16,0.14831,0.14831,14830.97,False,52.5336,0,0.85,LIME
2026-01-07,VEA,4,63.77147674560547,16.0,LIME,1,False,0.85,0.6,0.1,0.109051,0.092694,9269.36,False,11.5507,0,0.85,LIME
2026-01-07,VGK,5,84.79328155517578,16.0,LIME,1,False,0.85,0.6,0.1,0.109051,0.092694,9269.36,False,11.1633,0,0.85,LIME
2026-01-07,EEM,6,56.84999847412109,16.0,LIME,1,False,0.85,0.6,0.08,0.087241,0.074155,7415.49,False,16.5549,0,0.85,LIME
2026-01-08,EWY,1,106.58999633789062,16.0,LIME,1,False,0.6,0.6,0.31,0.299517,0.17971,17971.01,False,31.9253,0,0.2,-
2026-01-08,REMX,2,82.44999694824219,16.0,LIME,1,True,1.0,,0.25,0.228127,0.228127,22812.67,False,52.9246,0,0.2,-
2026-01-08,CARZ,3,81.7699966430664,16.0,LIME,1,False,0.6,0.6,0.16,0.171766,0.10306,10305.96,False,26.4292,0,0.2,-
2026-01-08,EEM,4,56.869998931884766,16.0,LIME,1,False,0.6,0.6,0.1,0.107354,0.064412,6441.22,False,16.4963,0,0.2,-
2026-01-08,PICK,5,53.88999938964844,15.0,LIME,2,True,1.0,,0.1,0.107354,0.107354,10735.37,False,23.4971,0,0.2,-
2026-01-08,VEA,6,63.83137512207031,16.0,LIME,1,False,0.6,0.6,0.08,0.085883,0.05153,5152.98,False,11.5434,0,0.2,-
2026-01-09,EWY,1,108.88999938964844,16.0,LIME,1,False,0.6,0.6,0.31,0.302828,0.181697,18169.67,False,31.9925,0,0.2,-
2026-01-09,JETS,2,29.46999931335449,16.0,LIME,1,False,0.6,0.6,0.25,0.257069,0.154242,15424.16,False,27.5502,0,0.2,-
2026-01-09,EIS,3,117.9800033569336,16.0,LIME,1,False,0.6,0.6,0.16,0.164524,0.098715,9871.47,False,19.7741,0,0.2,-
2026-01-09,CARZ,4,83.30000305175781,16.0,LIME,1,False,0.6,0.6,0.1,0.102828,0.061697,6169.67,False,26.4998,0,0.2,-
2026-01-09,VEA,5,64.42037200927734,16.0,LIME,1,False,0.6,0.6,0.1,0.102828,0.061697,6169.67,False,11.4881,0,0.2,-
2026-01-09,REMX,6,84.9800033569336,16.0,LIME,1,True,1.0,,0.08,0.069923,0.069923,6992.29,False,53.2256,0,0.2,-
2026-01-12,EWY,1,108.93000030517578,16.0,LIME,1,False,0.85,0.6,0.31,0.303765,0.2582,25820.01,False,31.0991,0,0.85,LIME
2026-01-12,EIS,2,118.12999725341795,16.0,LIME,1,False,0.85,0.6,0.25,0.257865,0.219185,21918.51,False,18.8527,0,0.85,LIME
2026-01-12,JETS,3,29.25,16.0,-,1,False,0.85,0.6,0.16,0.165034,0.140278,14027.85,False,27.0457,0,0.85,LIME
2026-01-12,CARZ,4,83.69999694824219,16.0,LIME,1,False,0.85,0.6,0.1,0.103146,0.087674,8767.41,False,24.0487,0,0.85,LIME
2026-01-12,REMX,5,88.83999633789062,16.0,LIME,1,True,1.0,,0.1,0.087674,0.087674,8767.41,False,51.7304,0,0.85,LIME
2026-01-12,VEA,6,64.80970764160156,16.0,LIME,1,False,0.85,0.6,0.08,0.082517,0.070139,7013.92,False,10.7599,0,0.85,LIME
2026-01-13,EIS,1,117.66999816894533,16.0,LIME,1,False,0.85,0.6,0.31,0.326144,0.277223,27722.25,False,18.5629,0,0.85,LIME
2026-01-13,REMX,2,89.19999694824219,16.0,LIME,1,True,1.0,,0.25,0.223567,0.223567,22356.65,False,43.7756,0,0.85,LIME
2026-01-13,XAR,3,281.3082580566406,16.0,LIME,1,False,0.85,0.6,0.16,0.159916,0.135928,13592.85,False,28.0791,0,0.85,LIME
2026-01-13,CARZ,4,83.80000305175781,16.0,LIME,1,False,0.85,0.6,0.1,0.105208,0.089427,8942.66,False,22.9305,0,0.85,LIME
2026-01-13,VEA,5,64.4503173828125,16.0,LIME,1,False,0.85,0.6,0.1,0.105208,0.089427,8942.66,False,10.7094,0,0.85,LIME
2026-01-13,EWY,6,107.54000091552734,14.5,LIME,2,False,0.85,0.5,0.08,0.079958,0.067964,6796.42,False,30.6725,0,0.85,LIME
2026-01-14,REMX,1,91.31999969482422,16.0,LIME,1,True,1.0,,0.31,0.285019,0.26383,26382.98,False,43.9753,0,0.2,-
2026-01-14,EIS,2,118.76000213623048,16.0,LIME,1,False,0.6,0.6,0.25,0.270416,0.16225,16224.99,False,18.5092,0,0.2,-
2026-01-14,SLV,3,84.55999755859375,15.75,-,1,True,1.0,,0.16,0.147107,0.13617,13617.02,False,54.0298,0,0.2,-
2026-01-14,XAR,4,285.5863952636719,16.0,LIME,1,False,0.6,0.6,0.1,0.102758,0.061655,6165.49,False,28.1668,0,0.2,-
2026-01-14,CARZ,5,83.8499984741211,16.0,LIME,1,False,0.6,0.6,0.1,0.108167,0.0649,6489.99,False,22.8839,0,0.2,-
2026-01-14,VEA,6,64.75979614257812,16.0,LIME,1,False,0.6,0.6,0.08,0.086533,0.05192,5192.0,False,10.7256,0,0.2,-
2026-01-15,SLV,1,83.31999969482422,16.0,-,1,True,1.0,,0.31,0.289243,0.165723,16572.33,False,54.0517,0,0.2,-
2026-01-15,REMX,2,90.54000091552734,16.0,LIME,1,True,1.0,,0.25,0.23326,0.133648,13364.78,False,43.7257,0,0.2,-
2026-01-15,PICK,3,57.06999969482422,16.0,LIME,1,True,1.0,,0.16,0.175631,0.100629,10062.89,False,21.0197,0,0.2,-
2026-01-15,XAR,4,289.36474609375,16.0,LIME,1,False,0.6,0.6,0.1,0.104281,0.062569,6256.86,False,27.9727,0,0.2,-
2026-01-15,EIS,5,119.31999969482422,16.0,LIME,1,False,0.6,0.6,0.1,0.109769,0.065862,6586.17,False,18.2379,0,0.2,-
2026-01-15,CARZ,6,84.22000122070312,16.0,LIME,1,False,0.6,0.6,0.08,0.087816,0.052689,5268.94,False,22.5243,0,0.2,-
2026-01-16,SLV,1,81.0199966430664,16.0,-,1,True,1.0,,0.31,0.284557,0.245974,24597.43,False,54.5234,0,0.2,-
2026-01-16,XAR,2,292.61334228515625,16.0,LIME,1,False,0.6,0.6,0.25,0.256479,0.153888,15388.77,False,27.7524,0,0.2,-
2026-01-16,EIS,3,119.1500015258789,16.0,LIME,1,False,0.6,0.6,0.16,0.172786,0.103672,10367.17,False,17.8157,0,0.2,-
2026-01-16,CARZ,4,84.29000091552734,16.0,LIME,1,False,0.6,0.6,0.1,0.107991,0.064795,6479.48,False,22.5195,0,0.2,-
2026-01-16,REMX,5,89.18000030517578,15.0,LIME,2,True,1.0,,0.1,0.091793,0.079347,7934.66,False,41.6773,0,0.2,-
2026-01-16,PICK,6,56.209999084472656,15.0,-,2,True,1.0,,0.08,0.086393,0.074679,7467.91,False,21.2396,0,0.2,-
2026-01-20,SLV,1,85.38999938964844,16.0,LIME,1,True,1.0,,0.31,0.281367,0.244264,24426.42,False,54.1915,0,0.1,PURPLE
2026-01-20,EWY,2,110.97000122070312,16.0,LIME,1,False,0.24,0.24,0.25,0.266951,0.064068,6406.83,False,29.9484,0,0.1,PURPLE
2026-01-20,TUR,3,38.869998931884766,16.0,LIME,1,False,0.24,0.24,0.16,0.170849,0.041004,4100.37,False,15.8016,0,0.1,PURPLE
2026-01-20,PICK,4,56.59999847412109,15.0,-,1,True,1.0,,0.1,0.106781,0.0927,9269.99,False,21.009,0,0.1,PURPLE
2026-01-20,XAR,5,283.9371032714844,15.0,LIME,2,False,0.22,0.22,0.1,0.101442,0.022317,2231.71,False,28.3806,1,0.1,PURPLE
2026-01-20,REMX,6,89.51000213623047,13.75,LIME,2,True,1.0,,0.08,0.072611,0.063036,6303.59,False,41.4193,0,0.1,PURPLE
2026-01-21,SLV,1,83.95999908447266,16.0,LIME,1,True,1.0,,0.31,0.278689,0.242021,24202.07,False,54.4439,0,0.1,PURPLE
2026-01-21,EWY,2,115.66000366210938,16.0,LIME,1,False,0.24,0.24,0.25,0.26441,0.063458,6345.85,False,30.7144,0,0.1,PURPLE
2026-01-21,SOXX,3,347.9256591796875,16.0,LIME,1,False,0.24,0.24,0.16,0.169223,0.040613,4061.34,False,33.425,0,0.1,PURPLE
2026-01-21,TUR,4,38.63999938964844,16.0,LIME,1,False,0.24,0.24,0.1,0.105764,0.025383,2538.34,False,15.1604,0,0.1,PURPLE
2026-01-21,PICK,5,58.18000030517578,15.0,-,1,True,1.0,,0.1,0.105764,0.091848,9184.85,False,21.3588,0,0.1,PURPLE
2026-01-21,REMX,6,92.83999633789062,13.75,LIME,1,True,1.0,,0.08,0.07615,0.066131,6613.09,False,41.8957,0,0.1,PURPLE
2026-01-22,SLV,1,87.12999725341797,16.0,LIME,1,True,1.0,,0.31,0.278689,0.242021,24202.07,False,51.415,0,0.1,PURPLE
2026-01-22,EWY,2,115.98999786376952,16.0,LIME,1,False,0.24,0.24,0.25,0.26441,0.063458,6345.85,False,30.3192,0,0.1,PURPLE
2026-01-22,SOXX,3,348.455322265625,16.0,LIME,1,False,0.24,0.24,0.16,0.169223,0.040613,4061.34,False,33.381,0,0.1,PURPLE
2026-01-22,TUR,4,39.08000183105469,16.0,LIME,1,False,0.24,0.24,0.1,0.105764,0.025383,2538.34,False,15.233,0,0.1,PURPLE
2026-01-22,PICK,5,57.880001068115234,15.0,-,1,True,1.0,,0.1,0.105764,0.091848,9184.85,False,20.6916,0,0.1,PURPLE
2026-01-22,REMX,6,95.58000183105467,13.75,LIME,1,True,1.0,,0.08,0.07615,0.066131,6613.09,False,41.1974,0,0.1,PURPLE
2026-01-23,SLV,1,92.91000366210938,16.0,LIME,1,True,1.0,,0.31,0.278689,0.212714,21271.44,False,52.5308,0,0.2,-
2026-01-23,EWY,2,117.97000122070312,16.0,LIME,1,False,0.6,0.6,0.25,0.26441,0.158646,15864.62,False,30.4066,0,0.2,-
2026-01-23,PICK,3,59.209999084472656,16.0,LIME,1,True,1.0,,0.16,0.169223,0.129162,12916.25,False,20.9797,0,0.2,-
2026-01-23,TUR,4,39.43000030517578,16.0,LIME,1,False,0.6,0.6,0.1,0.105764,0.063458,6345.85,False,15.255,0,0.2,-
2026-01-23,SOXX,5,344.49774169921875,16.0,LIME,1,False,0.6,0.6,0.1,0.105764,0.063458,6345.85,False,33.0338,0,0.2,-
2026-01-23,REMX,6,98.45999908447266,14.75,LIME,1,True,1.0,,0.08,0.07615,0.058123,5812.31,False,41.3102,0,0.2,-
2026-01-26,SLV,1,98.33999633789062,16.0,LIME,1,True,1.0,,0.31,0.283791,0.162529,16252.89,False,53.3123,0,0.3,-
2026-01-26,REMX,2,96.91000366210938,16.0,LIME,1,True,1.0,,0.25,0.242326,0.138782,13878.18,False,41.407,0,0.3,-
2026-01-26,PICK,3,59.58000183105469,16.0,LIME,1,True,1.0,,0.16,0.172321,0.098689,9868.93,False,20.909,0,0.3,-
2026-01-26,EWY,4,117.31999969482422,16.0,LIME,1,False,0.6,0.6,0.1,0.107701,0.06462,6462.04,False,30.4752,0,0.3,-
2026-01-26,TUR,5,39.86000061035156,16.0,LIME,1,False,0.6,0.6,0.1,0.107701,0.06462,6462.04,False,15.333,0,0.3,-
2026-01-26,SOXX,6,342.8587646484375,15.0,LIME,2,False,0.55,0.55,0.08,0.08616,0.047388,4738.83,False,32.7912,0,0.3,-
2026-01-27,SLV,1,101.58999633789062,16.0,LIME,1,True,1.0,,0.31,0.283791,0.283791,28379.11,False,53.3335,0,0.85,LIME
2026-01-27,REMX,2,97.61000061035156,16.0,LIME,1,True,1.0,,0.25,0.242326,0.242326,24232.63,False,40.6117,0,0.85,LIME
2026-01-27,PICK,3,60.95000076293945,16.0,LIME,1,True,1.0,,0.16,0.172321,0.172321,17232.09,False,21.2303,0,0.85,LIME
2026-01-27,EWY,4,122.6999969482422,16.0,LIME,1,False,0.85,0.6,0.1,0.107701,0.091546,9154.55,False,31.3847,0,0.85,LIME
2026-01-27,TUR,5,39.560001373291016,16.0,LIME,1,False,0.85,0.6,0.1,0.107701,0.091546,9154.55,False,14.6172,0,0.85,LIME
2026-01-27,SOXX,6,350.86383056640625,15.0,LIME,1,False,0.85,0.6,0.08,0.08616,0.073236,7323.64,False,32.9355,0,0.85,LIME
2026-01-28,SLV,1,105.5999984741211,16.0,LIME,1,True,1.0,,0.31,0.283181,0.283181,28318.11,False,52.5872,0,0.85,LIME
2026-01-28,GLD,2,494.55999755859375,16.0,LIME,1,True,1.0,,0.25,0.268673,0.268673,26867.28,False,20.8845,0,0.85,LIME
2026-01-28,EWY,3,125.55999755859376,16.0,LIME,1,False,0.85,0.6,0.16,0.163353,0.13885,13885.01,False,31.3544,0,0.85,LIME
2026-01-28,PICK,4,61.33000183105469,16.0,LIME,1,True,1.0,,0.1,0.107469,0.107469,10746.91,False,21.2282,0,0.85,LIME
2026-01-28,REMX,5,97.5199966430664,15.75,LIME,1,True,1.0,,0.1,0.091349,0.091349,9134.87,False,38.9344,0,0.85,LIME
2026-01-28,TUR,6,40.38999938964844,16.0,LIME,1,False,0.85,0.6,0.08,0.085975,0.073079,7307.9,False,14.9999,0,0.85,LIME
2026-01-29,SLV,1,105.56999969482422,16.0,LIME,1,True,1.0,,0.31,0.281367,0.281367,28136.68,False,52.6535,0,0.85,LIME
2026-01-29,PICK,2,61.95000076293945,16.0,LIME,1,True,1.0,,0.25,0.266951,0.266951,26695.14,False,21.2484,0,0.85,LIME
2026-01-29,GLD,3,495.8999938964844,16.0,LIME,1,True,1.0,,0.16,0.170849,0.170849,17084.89,False,20.7469,0,0.85,LIME
2026-01-29,EWY,4,124.5,16.0,LIME,1,False,0.85,0.6,0.1,0.101442,0.086225,8622.53,False,31.4636,0,0.85,LIME
2026-01-29,TUR,5,41.58000183105469,16.0,LIME,1,False,0.85,0.6,0.1,0.106781,0.090763,9076.35,False,15.906,0,0.85,LIME
2026-01-29,REMX,6,93.52999877929688,13.5,-,3,True,1.0,,0.08,0.072611,0.072611,7261.08,False,39.7691,0,0.85,LIME
2026-01-30,TUR,1,41.25,16.0,LIME,1,False,0.6,0.6,0.33,0.338375,0.203025,20302.49,False,16.0313,0,0.2,-
2026-01-30,XLE,2,50.7186164855957,16.0,LIME,1,True,1.0,,0.27,0.276852,0.276852,27685.21,False,19.9101,0,0.2,-
2026-01-30,SCHD,3,29.56987762451172,16.0,LIME,1,False,0.6,0.6,0.2,0.205076,0.123045,12304.54,False,11.6942,0,0.2,-
2026-01-30,EWY,4,122.41000366210938,15.0,-,2,False,0.55,0.55,0.1,0.087157,0.047936,4793.64,False,31.465,0,0.2,-
2026-01-30,PICK,5,58.310001373291016,14.0,-,3,True,1.0,,0.1,0.09254,0.09254,9254.04,False,24.6956,1,0.2,-
2026-02-02,TUR,1,41.13999938964844,16.0,-,1,False,0.6,0.6,0.33,0.338375,0.203025,20302.49,False,15.9142,0,0.3,-
2026-02-02,SCHD,2,29.748367309570312,16.0,LIME,1,False,0.6,0.6,0.27,0.276852,0.166111,16611.13,False,11.6916,0,0.3,-
2026-02-02,XLE,3,49.7251091003418,15.0,LIME,2,True,1.0,,0.2,0.205076,0.205076,20507.56,False,20.3305,0,0.3,-
2026-02-02,EWY,4,120.93000030517578,13.75,-,2,False,0.45,0.45,0.1,0.087157,0.039221,3922.07,False,31.3473,0,0.3,-
2026-02-02,PICK,5,58.31999969482422,12.0,-,3,True,1.0,,0.1,0.09254,0.09254,9254.04,False,24.5389,1,0.3,-
2026-02-03,TUR,1,41.540000915527344,15.75,-,1,False,0.6,0.6,0.33,0.336735,0.202041,20204.08,False,15.7877,0,0.2,-
2026-02-03,SCHD,2,30.24417304992676,16.0,LIME,1,False,0.6,0.6,0.27,0.27551,0.165306,16530.61,False,12.0513,0,0.2,-
2026-02-03,XLE,3,51.334590911865234,15.0,LIME,1,True,1.0,,0.2,0.204082,0.204082,20408.16,False,21.1786,0,0.2,-
2026-02-03,EWY,4,124.31999969482422,13.5,-,1,False,0.5,0.5,0.1,0.086735,0.043367,4336.73,False,31.5837,0,0.2,-
2026-02-03,PICK,5,61.0,11.75,-,1,True,1.0,,0.1,0.096939,0.096939,9693.88,False,25.9164,0,0.2,-
2026-02-04,SCHD,1,30.749897003173828,16.0,LIME,1,False,0.24,0.24,0.31,0.321327,0.077118,7711.84,False,12.1095,0,0.1,PURPLE
2026-02-04,XLP,2,86.50309753417969,15.75,LIME,1,False,0.24,0.24,0.25,0.259134,0.062192,6219.23,False,12.2886,0,0.1,PURPLE
2026-02-04,XLE,3,52.487064361572266,15.0,LIME,1,True,1.0,,0.16,0.157554,0.157554,15755.38,False,21.5337,0,0.1,PURPLE
2026-02-04,TUR,4,41.369998931884766,14.5,-,2,False,0.2,0.2,0.1,0.103654,0.020731,2073.08,False,15.8168,0,0.1,PURPLE
2026-02-04,EWY,5,120.26000213623048,11.25,-,3,False,0.2,0.2,0.1,0.0837,0.01674,1674.01,False,31.6546,1,0.1,PURPLE
2026-02-04,PICK,6,60.22999954223633,11.0,-,1,True,1.0,,0.08,0.074631,0.074631,7463.07,False,25.826,0,0.1,PURPLE
2026-02-05,SCHD,1,30.71023178100586,16.0,LIME,1,False,0.24,0.24,0.33,0.335025,0.080406,8040.61,False,12.1116,0,0.1,PURPLE
2026-02-05,XLP,2,86.43348693847656,16.0,LIME,1,False,0.24,0.24,0.27,0.274112,0.065787,6578.68,False,12.2997,0,0.1,PURPLE
2026-02-05,XLI,3,167.89822387695312,16.0,-,1,False,0.24,0.24,0.2,0.203046,0.048731,4873.1,False,14.5222,0,0.1,PURPLE
2026-02-05,XLE,4,51.871089935302734,15.0,LIME,1,True,1.0,,0.1,0.086294,0.086294,8629.44,False,21.5596,0,0.1,PURPLE
2026-02-05,TUR,5,40.65999984741211,12.25,-,3,False,0.2,0.2,0.1,0.101523,0.020305,2030.46,False,15.8913,0,0.1,PURPLE
2026-02-06,XLB,1,51.28194046020508,16.0,-,1,False,0.24,0.24,0.33,0.33245,0.079788,7978.79,False,17.6081,0,0.1,PURPLE
2026-02-06,XLE,2,52.90433883666992,16.0,LIME,1,True,1.0,,0.27,0.243372,0.243372,24337.22,False,21.8203,0,0.1,PURPLE
2026-02-06,SCHD,3,31.206037521362305,16.0,LIME,1,False,0.24,0.24,0.2,0.212089,0.050901,5090.14,False,12.3997,0,0.1,PURPLE
2026-02-06,XLP,4,87.44778442382812,16.0,LIME,1,False,0.24,0.24,0.1,0.106045,0.025451,2545.07,False,12.428,0,0.1,PURPLE
2026-02-06,XLI,5,172.69473266601562,16.0,-,1,False,0.24,0.24,0.1,0.106045,0.025451,2545.07,False,15.4835,0,0.1,PURPLE
2026-02-09,XLB,1,51.948978424072266,16.0,LIME,1,False,0.24,0.24,0.33,0.33245,0.079788,7978.79,False,17.6387,0,0.1,PURPLE
2026-02-09,XLE,2,53.291805267333984,16.0,LIME,1,True,1.0,,0.27,0.243372,0.243372,24337.22,False,21.7972,0,0.1,PURPLE
2026-02-09,SCHD,3,31.08704376220703,16.0,LIME,1,False,0.24,0.24,0.2,0.212089,0.050901,5090.14,False,12.4358,0,0.1,PURPLE
2026-02-09,XLP,4,86.94063568115234,16.0,LIME,1,False,0.24,0.24,0.1,0.106045,0.025451,2545.07,False,12.4609,0,0.1,PURPLE
2026-02-09,XLI,5,173.21328735351562,16.0,-,1,False,0.24,0.24,0.1,0.106045,0.025451,2545.07,False,15.4358,0,0.1,PURPLE
2026-02-10,XLB,1,52.675743103027344,16.0,LIME,1,False,0.24,0.24,0.31,0.325973,0.078233,7823.34,False,17.6818,0,0.1,PURPLE
2026-02-10,XLE,2,53.23219680786133,16.0,LIME,1,True,1.0,,0.25,0.236593,0.236593,23659.31,False,21.6978,0,0.1,PURPLE
2026-02-10,JETS,3,30.8799991607666,15.5,LIME,1,False,0.24,0.24,0.16,0.143007,0.034322,3432.18,False,26.9799,0,0.1,PURPLE
2026-02-10,SCHD,4,31.03746223449707,16.0,LIME,1,False,0.24,0.24,0.1,0.105152,0.025237,2523.66,False,12.43,0,0.1,PURPLE
2026-02-10,XLI,5,173.42269897460938,16.0,LIME,1,False,0.24,0.24,0.1,0.105152,0.025237,2523.66,False,15.4272,0,0.1,PURPLE
2026-02-10,XLP,6,86.66220092773438,15.0,LIME,2,False,0.22,0.22,0.08,0.084122,0.018507,1850.68,False,12.2601,0,0.1,PURPLE
2026-02-11,XLE,1,54.62310791015625,16.0,LIME,1,True,1.0,,0.31,0.30389,0.30389,30389.02,False,22.1528,0,0.1,PURPLE
2026-02-11,XLB,2,53.382598876953125,16.0,LIME,1,False,0.24,0.24,0.25,0.257971,0.061913,6191.31,False,17.7542,0,0.1,PURPLE
2026-02-11,EWW,3,80.69999694824219,16.0,-,1,False,0.24,0.24,0.16,0.165102,0.039624,3962.44,False,21.6228,0,0.1,PURPLE
2026-02-11,SCHD,4,31.374610900878903,16.0,LIME,1,False,0.24,0.24,0.1,0.103189,0.024765,2476.52,False,12.5351,0,0.1,PURPLE
2026-02-11,XLI,5,174.35009765625,16.0,LIME,1,False,0.24,0.24,0.1,0.103189,0.024765,2476.52,False,15.4243,0,0.1,PURPLE
2026-02-11,JETS,6,29.8700008392334,14.75,LIME,2,False,0.2,0.2,0.08,0.06666,0.013332,1333.2,False,27.8989,1,0.1,PURPLE
2026-02-12,XLB,1,52.596099853515625,16.0,LIME,1,False,0.24,0.24,0.31,0.313924,0.075342,7534.18,False,18.0683,0,0.1,PURPLE
2026-02-12,XLE,2,53.62960052490234,16.0,LIME,1,True,1.0,,0.25,0.240506,0.240506,24050.63,False,22.4755,0,0.1,PURPLE
2026-02-12,THD,3,70.0,16.0,LIME,1,False,0.24,0.24,0.16,0.162025,0.038886,3888.61,False,21.2028,0,0.1,PURPLE
2026-02-12,EWW,4,79.91999816894531,15.0,-,2,False,0.22,0.22,0.1,0.101266,0.022278,2227.85,False,21.4603,0,0.1,PURPLE
2026-02-12,SCHD,5,31.07712745666504,15.0,LIME,2,False,0.22,0.22,0.1,0.101266,0.022278,2227.85,False,12.5138,0,0.1,PURPLE
2026-02-12,XLI,6,172.2659454345703,15.0,LIME,2,False,0.22,0.22,0.08,0.081013,0.017823,1782.28,False,15.6748,0,0.1,PURPLE
2026-02-13,XLB,1,53.073974609375,16.0,LIME,1,False,0.24,0.24,0.31,0.3125,0.075,7500.0,False,18.0905,0,0.1,PURPLE
2026-02-13,THD,2,70.30000305175781,16.0,LIME,1,False,0.24,0.24,0.25,0.252016,0.060484,6048.39,False,20.8808,0,0.1,PURPLE
2026-02-13,XLE,3,53.997196197509766,16.0,LIME,1,True,1.0,,0.16,0.153226,0.153226,15322.58,False,22.2259,0,0.1,PURPLE
2026-02-13,EWW,4,81.02999877929688,15.0,-,1,False,0.24,0.24,0.1,0.100806,0.024194,2419.35,False,21.1977,0,0.1,PURPLE
2026-02-13,SCHD,5,31.34486389160156,15.0,LIME,1,False,0.24,0.24,0.1,0.100806,0.024194,2419.35,False,12.5665,0,0.1,PURPLE
2026-02-13,XLI,6,173.68197631835938,15.0,LIME,1,False,0.24,0.24,0.08,0.080645,0.019355,1935.48,False,15.7243,0,0.1,PURPLE
2026-02-17,EWY,1,130.67999267578125,16.0,-,1,False,0.24,0.24,0.31,0.27635,0.066324,6632.41,False,30.2027,0,0.1,PURPLE
2026-02-17,THD,2,71.02999877929688,16.0,LIME,1,False,0.24,0.24,0.25,0.262192,0.062926,6292.61,False,20.8225,0,0.1,PURPLE
2026-02-17,EWT,3,72.88999938964844,15.75,LIME,1,False,0.24,0.24,0.16,0.167803,0.040273,4027.27,False,19.8095,0,0.1,PURPLE
2026-02-17,EWW,4,80.76000213623047,15.0,-,1,False,0.24,0.24,0.1,0.104877,0.02517,2517.04,False,21.0323,0,0.1,PURPLE
2026-02-17,XLB,5,52.4666748046875,14.75,-,2,False,0.2,0.2,0.1,0.104877,0.020975,2097.54,False,18.2226,0,0.1,PURPLE
2026-02-17,XLE,6,53.40109252929688,14.75,LIME,2,True,1.0,,0.08,0.083901,0.083901,8390.14,False,22.4072,0,0.1,PURPLE
2026-02-18,EWY,1,132.92999267578125,16.0,-,1,False,0.24,0.24,0.31,0.277807,0.066674,6667.37,False,30.2703,0,0.1,PURPLE
2026-02-18,TUR,2,42.40999984741211,16.0,-,1,False,0.24,0.24,0.25,0.263574,0.063258,6325.78,False,15.3051,0,0.1,PURPLE
2026-02-18,THD,3,71.26000213623047,16.0,LIME,1,False,0.24,0.24,0.16,0.168687,0.040485,4048.5,False,20.7093,0,0.1,PURPLE
2026-02-18,EWT,4,72.9800033569336,15.5,LIME,1,False,0.24,0.24,0.1,0.10543,0.025303,2530.31,False,19.5568,0,0.1,PURPLE
2026-02-18,XLE,5,54.42440414428711,14.5,-,1,True,1.0,,0.1,0.100158,0.100158,10015.81,False,22.4658,0,0.1,PURPLE
2026-02-18,XLB,6,52.78525924682617,13.5,-,2,False,0.2,0.2,0.08,0.084344,0.016869,1686.87,False,18.061,0,0.1,PURPLE
2026-02-19,EWY,1,135.2100067138672,16.0,-,1,False,0.24,0.24,0.31,0.279279,0.067027,6702.7,False,30.1311,0,0.1,PURPLE
2026-02-19,THD,2,72.72000122070312,16.0,LIME,1,False,0.24,0.24,0.25,0.264971,0.063593,6359.3,False,20.9877,0,0.1,PURPLE
2026-02-19,EWA,3,29.3700008392334,16.0,LIME,1,False,0.24,0.24,0.16,0.169581,0.0407,4069.95,False,14.7013,0,0.1,PURPLE
2026-02-19,XLE,4,54.82181167602539,14.5,-,1,True,1.0,,0.1,0.100689,0.100689,10068.89,False,22.0605,0,0.1,PURPLE
2026-02-19,TUR,5,41.2599983215332,13.5,-,3,False,0.2,0.2,0.1,0.100689,0.020138,2013.78,False,16.5298,1,0.1,PURPLE
2026-02-19,EWT,6,72.66999816894531,13.75,LIME,2,False,0.2,0.2,0.08,0.084791,0.016958,1695.81,False,18.398,0,0.1,PURPLE
2026-02-20,EWY,1,141.8800048828125,16.0,LIME,1,False,0.24,0.24,0.31,0.283486,0.068037,6803.66,False,30.99,0,0.1,PURPLE
2026-02-20,THD,2,72.4000015258789,16.0,LIME,1,False,0.24,0.24,0.25,0.268962,0.064551,6455.08,False,20.9976,0,0.1,PURPLE
2026-02-20,PTF,3,92.12999725341795,15.25,LIME,1,False,0.24,0.24,0.16,0.146315,0.035116,3511.57,False,42.0261,0,0.1,PURPLE
2026-02-20,EWA,4,29.700000762939453,16.0,LIME,1,False,0.24,0.24,0.1,0.107585,0.02582,2582.03,False,14.6045,0,0.1,PURPLE
2026-02-20,XLE,5,54.52375793457031,14.5,-,1,True,1.0,,0.1,0.107585,0.107585,10758.47,False,22.1108,0,0.1,PURPLE
2026-02-20,EWT,6,74.37999725341797,13.75,LIME,1,False,0.2,0.2,0.08,0.086068,0.017214,1721.36,False,18.7152,0,0.1,PURPLE
2026-02-23,EWY,1,139.3000030517578,16.0,LIME,1,False,0.24,0.24,0.31,0.287664,0.069039,6903.93,False,31.1911,0,0.1,PURPLE
2026-02-23,PTF,2,91.12000274658205,16.0,-,1,False,0.24,0.24,0.25,0.231987,0.055677,5567.69,False,42.1338,0,0.1,PURPLE
2026-02-23,THD,3,72.43000030517578,16.0,LIME,1,False,0.24,0.24,0.16,0.174672,0.041921,4192.14,False,20.9922,0,0.1,PURPLE
2026-02-23,XLE,4,54.79200744628906,15.75,-,1,True,1.0,,0.1,0.10917,0.10917,10917.03,False,21.8675,0,0.1,PURPLE
2026-02-23,EWA,5,29.450000762939453,16.0,LIME,1,False,0.24,0.24,0.1,0.10917,0.026201,2620.09,False,14.7155,0,0.1,PURPLE
2026-02-23,EWT,6,73.18000030517578,13.0,LIME,2,False,0.2,0.2,0.08,0.087336,0.017467,1746.72,False,19.0853,0,0.1,PURPLE
2026-02-24,EWY,1,144.5500030517578,16.0,LIME,1,False,0.24,0.24,0.31,0.283486,0.068037,6803.66,False,31.1721,0,0.1,PURPLE
2026-02-24,THD,2,73.06999969482422,16.0,LIME,1,False,0.24,0.24,0.25,0.268962,0.064551,6455.08,False,20.9899,0,0.1,PURPLE
2026-02-24,PTF,3,92.6500015258789,16.0,-,1,False,0.24,0.24,0.16,0.146315,0.035116,3511.57,False,39.5294,0,0.1,PURPLE
2026-02-24,XLE,4,54.74232864379883,15.75,-,1,True,1.0,,0.1,0.107585,0.107585,10758.47,False,21.6786,0,0.1,PURPLE
2026-02-24,EWA,5,29.57999992370605,16.0,LIME,1,False,0.24,0.24,0.1,0.107585,0.02582,2582.03,False,14.3283,0,0.1,PURPLE
2026-02-24,EWT,6,75.7300033569336,13.25,LIME,1,False,0.2,0.2,0.08,0.086068,0.017214,1721.36,False,19.806,0,0.1,PURPLE
2026-02-25,EWY,1,148.88999938964844,16.0,LIME,1,False,0.6,0.6,0.31,0.283486,0.170091,17009.14,False,31.4714,0,0.2,-
2026-02-25,THD,2,74.62000274658203,16.0,LIME,1,False,0.6,0.6,0.25,0.268962,0.161377,16137.71,False,21.0784,0,0.2,-
2026-02-25,PTF,3,95.66999816894533,16.0,LIME,1,False,0.6,0.6,0.16,0.146315,0.087789,8778.91,False,39.8897,0,0.2,-
2026-02-25,EWA,4,30.15999984741211,16.0,LIME,1,False,0.6,0.6,0.1,0.107585,0.064551,6455.08,False,14.5057,0,0.2,-
2026-02-25,EWT,5,77.05999755859375,15.0,LIME,1,False,0.6,0.6,0.1,0.107585,0.064551,6455.08,False,19.9839,0,0.2,-
2026-02-25,XLE,6,54.51382064819336,14.5,-,2,True,1.0,,0.08,0.086068,0.086068,8606.78,False,21.7277,0,0.2,-
2026-02-26,EWY,1,150.41000366210938,16.0,LIME,1,False,0.6,0.6,0.31,0.306292,0.183775,18377.54,False,31.4654,0,0.2,-
2026-02-26,THD,2,74.80999755859375,16.0,LIME,1,False,0.6,0.6,0.25,0.26001,0.156006,15600.62,False,21.081,0,0.2,-
2026-02-26,EZA,3,80.76000213623047,15.5,LIME,1,False,0.6,0.6,0.16,0.158086,0.094852,9485.18,False,29.7439,0,0.2,-
2026-02-26,PTF,4,92.98999786376952,16.0,LIME,1,False,0.6,0.6,0.1,0.088404,0.053042,5304.21,False,36.3044,0,0.2,-
2026-02-26,EWA,5,30.13999938964844,16.0,LIME,1,False,0.6,0.6,0.1,0.104004,0.062402,6240.25,False,14.5226,0,0.2,-
2026-02-26,EWT,6,76.13999938964844,15.0,LIME,1,False,0.6,0.6,0.08,0.083203,0.049922,4992.2,False,20.1897,0,0.2,-
2026-02-27,EWY,1,151.3699951171875,16.0,LIME,1,False,0.6,0.6,0.31,0.293221,0.175933,17593.27,False,31.3345,0,0.2,-
2026-02-27,PICK,2,64.33999633789062,16.0,LIME,1,True,1.0,,0.25,0.249606,0.249606,24960.59,False,28.7561,0,0.2,-
2026-02-27,THD,3,75.05000305175781,16.0,LIME,1,False,0.6,0.6,0.16,0.168156,0.100893,10089.33,False,20.927,0,0.2,-
2026-02-27,EWT,4,75.66999816894531,16.0,LIME,1,False,0.6,0.6,0.1,0.105097,0.063058,6305.83,False,20.2899,0,0.2,-
2026-02-27,EZA,5,81.5999984741211,15.75,LIME,1,False,0.6,0.6,0.1,0.099842,0.059905,5990.54,False,29.7668,0,0.2,-
2026-02-27,EWA,6,30.09000015258789,16.0,LIME,1,False,0.6,0.6,0.08,0.084078,0.050447,5044.67,False,14.5281,0,0.2,-
2026-03-02,PICK,1,64.36000061035156,15.75,LIME,1,True,1.0,,0.31,0.322078,0.237321,23732.06,False,28.6546,0,0.2,-
2026-03-02,REMX,2,103.1999969482422,15.5,LIME,1,True,1.0,,0.25,0.220779,0.162679,16267.94,False,46.5603,0,0.2,-
2026-03-02,EWY,3,147.5399932861328,15.0,LIME,2,False,0.55,0.55,0.16,0.166234,0.091429,9142.86,False,31.9895,0,0.2,-
2026-03-02,EZA,4,79.9000015258789,15.0,LIME,2,False,0.55,0.55,0.1,0.103896,0.057143,5714.29,False,29.9375,0,0.2,-
2026-03-02,EWT,5,75.06999969482422,14.75,-,2,False,0.5,0.5,0.1,0.103896,0.051948,5194.81,False,20.3204,0,0.2,-
2026-03-02,EWA,6,29.93000030517578,14.75,LIME,2,False,0.5,0.5,0.08,0.083117,0.041558,4155.84,False,14.5838,0,0.2,-
2026-03-03,XLE,1,56.15311050415039,15.25,LIME,1,True,1.0,,0.31,0.327782,0.260641,26064.11,False,22.0388,0,0.2,-
2026-03-03,ITA,2,244.8210906982422,15.0,LIME,1,False,0.6,0.6,0.25,0.26434,0.158604,15860.43,False,22.8431,0,0.2,-
2026-03-03,XAR,3,284.21697998046875,14.5,LIME,1,False,0.55,0.55,0.16,0.160719,0.088395,8839.55,False,30.6677,0,0.2,-
2026-03-03,REMX,4,94.93000030517578,14.25,LIME,3,True,1.0,,0.1,0.089876,0.071466,7146.61,False,49.587,0,0.2,-
2026-03-03,PICK,5,60.540000915527344,13.0,-,4,True,1.0,,0.1,0.085382,0.067893,6789.28,False,31.4321,2,0.2,-
2026-03-03,EWA,6,29.09000015258789,11.0,-,4,False,0.25,0.25,0.08,0.071901,0.017975,1797.52,False,15.8244,2,0.2,-
2026-03-04,XLE,1,55.82525253295898,16.0,-,1,True,1.0,,0.35,0.359897,0.321839,32183.91,False,22.089,0,0.2,-
2026-03-04,ITA,2,246.809814453125,15.75,LIME,1,False,0.6,0.6,0.3,0.308483,0.18509,18509.0,False,21.948,0,0.2,-
2026-03-04,XAR,3,287.0557556152344,15.0,LIME,1,False,0.6,0.6,0.25,0.244216,0.14653,14652.96,False,30.0905,0,0.2,-
2026-03-04,REMX,4,97.86000061035156,13.0,LIME,2,True,1.0,,0.1,0.087404,0.078161,7816.09,False,49.5884,0,0.2,-
2026-03-05,PDBC,1,15.800000190734863,16.0,LIME,1,True,1.0,,0.33,0.336735,0.336735,33673.47,False,19.7064,0,0.8,LIME
2026-03-05,XLE,2,56.11336898803711,15.75,-,1,True,1.0,,0.27,0.27551,0.27551,27551.02,False,21.8362,0,0.8,LIME
2026-03-05,EIS,3,125.80999755859376,15.0,LIME,1,False,0.8,0.6,0.2,0.204082,0.163265,16326.53,False,18.9576,0,0.8,LIME
2026-03-05,ITA,4,239.88429260253903,12.75,-,3,False,0.8,0.35,0.1,0.096939,0.077551,7755.1,False,22.789,1,0.8,LIME
2026-03-05,XAR,5,278.6493835449219,12.0,LIME,3,False,0.8,0.35,0.1,0.086735,0.069388,6938.78,False,30.8149,0,0.8,LIME
2026-03-06,PDBC,1,16.3799991607666,16.0,LIME,1,True,1.0,,0.45,0.45,0.24,24000.0,False,20.8306,0,0.4,LIME
2026-03-06,XLE,2,56.20278549194336,15.5,-,1,True,1.0,,0.3,0.3,0.16,16000.0,False,21.628,0,0.4,LIME
2026-03-06,EIS,3,125.70999908447266,15.5,LIME,1,False,0.6,0.6,0.25,0.25,0.15,15000.0,False,18.8225,0,0.4,LIME
2026-03-09,PDBC,1,16.190000534057617,16.0,LIME,1,True,1.0,,0.45,0.45,0.45,45000.0,False,21.0472,0,0.6,LIME
2026-03-09,EIS,2,123.88999938964844,14.25,LIME,2,False,0.6,0.5,0.3,0.3,0.18,18000.0,False,19.134,0,0.6,LIME
2026-03-09,XLE,3,55.95441055297852,13.75,-,2,True,1.0,,0.25,0.25,0.25,25000.0,False,21.6859,0,0.6,LIME
2026-03-10,PDBC,1,16.440000534057617,16.0,LIME,1,True,1.0,,0.35,0.35,0.155556,15555.56,False,21.179,0,0.3,-
2026-03-10,DBA,2,26.61000061035156,15.0,LIME,1,True,1.0,,0.3,0.3,0.133333,13333.33,False,6.6658,0,0.3,-
2026-03-10,XLE,3,55.23908233642578,11.5,-,3,True,1.0,,0.25,0.25,0.111111,11111.11,False,21.8765,0,0.3,-
2026-03-10,EIS,4,121.83999633789062,11.5,LIME,4,False,0.3,0.25,0.1,0.1,0.03,3000.0,False,19.4981,0,0.3,-
2026-03-11,PDBC,1,16.760000228881836,16.0,LIME,1,True,1.0,,0.45,0.45,0.18,18000.0,False,21.1783,0,0.1,PURPLE
2026-03-11,DBA,2,26.700000762939453,15.0,LIME,1,True,1.0,,0.3,0.3,0.12,12000.0,False,6.6048,0,0.1,PURPLE
2026-03-11,XLE,3,56.61012649536133,11.5,-,1,True,1.0,,0.25,0.25,0.1,10000.0,False,22.1018,0,0.1,PURPLE
2026-03-12,PDBC,1,17.209999084472656,16.0,LIME,1,True,1.0,,0.45,0.45,0.18,18000.0,False,21.6224,0,0.1,PURPLE
2026-03-12,DBA,2,26.75,15.0,LIME,1,True,1.0,,0.3,0.3,0.12,12000.0,False,6.6068,0,0.1,PURPLE
2026-03-12,XLE,3,57.13668441772461,11.75,LIME,1,True,1.0,,0.25,0.25,0.1,10000.0,False,22.1241,0,0.1,PURPLE
2026-03-13,PDBC,1,17.1299991607666,16.0,LIME,1,True,1.0,,0.45,0.45,0.18,18000.0,False,21.688,0,0.0,RED
2026-03-13,XLE,2,57.3254508972168,13.5,LIME,1,True,1.0,,0.3,0.3,0.12,12000.0,False,22.0834,0,0.0,RED
2026-03-13,DBA,3,26.75,15.0,LIME,1,True,1.0,,0.25,0.25,0.1,10000.0,False,6.5868,0,0.0,RED
2026-03-16,PDBC,1,16.899999618530273,16.0,LIME,1,True,1.0,,0.45,0.455696,0.182278,18227.85,False,21.9514,0,0.0,RED
2026-03-16,XLE,2,57.52415466308594,15.75,LIME,1,True,1.0,,0.3,0.303797,0.121519,12151.9,False,22.0153,0,0.0,RED
2026-03-16,DBA,3,26.450000762939453,13.0,-,3,True,1.0,,0.25,0.240506,0.096203,9620.25,False,6.9287,1,0.0,RED
2026-03-17,XLE,1,58.13019180297852,16.0,LIME,1,True,1.0,,0.45,0.45,0.18,18000.0,False,21.8764,0,0.2,-
2026-03-17,PDBC,2,17.170000076293945,15.75,LIME,1,True,1.0,,0.3,0.3,0.12,12000.0,False,21.8903,0,0.2,-
2026-03-17,DBA,3,26.6200008392334,12.0,-,2,True,1.0,,0.25,0.25,0.1,10000.0,False,6.9554,0,0.2,-
2026-03-18,XLE,1,58.05071258544922,16.0,LIME,1,True,1.0,,0.45,0.45,0.18,18000.0,False,21.7871,0,0.0,RED
2026-03-18,PDBC,2,17.459999084472656,15.75,LIME,1,True,1.0,,0.3,0.3,0.12,12000.0,False,21.9575,0,0.0,RED
2026-03-18,DBA,3,26.90999984741211,12.25,LIME,1,True,1.0,,0.25,0.25,0.1,10000.0,False,7.0865,0,0.0,RED
2026-03-19,XLE,1,58.97467803955078,16.0,LIME,1,True,1.0,,0.45,0.45,0.18,18000.0,False,20.7216,0,0.1,PURPLE
2026-03-19,PDBC,2,17.219999313354492,15.75,LIME,1,True,1.0,,0.3,0.3,0.12,12000.0,False,22.0832,0,0.1,PURPLE
2026-03-19,DBA,3,26.96999931335449,12.5,LIME,1,True,1.0,,0.25,0.25,0.1,10000.0,False,7.0361,0,0.1,PURPLE
2026-03-20,XLE,1,58.92500305175781,16.0,LIME,1,True,1.0,,0.45,0.45,0.18,18000.0,False,20.4594,0,0.0,RED
2026-03-20,PDBC,2,17.329999923706055,15.75,LIME,1,True,1.0,,0.3,0.3,0.12,12000.0,False,22.037,0,0.0,RED
2026-03-20,DBA,3,26.850000381469727,14.75,LIME,1,True,1.0,,0.25,0.25,0.1,10000.0,False,7.097,0,0.0,RED
2026-03-23,XLE,1,59.630001068115234,16.0,LIME,1,True,1.0,,0.45,0.461243,0.184497,18449.71,False,20.132,0,0.0,RED
2026-03-23,DBA,2,26.84000015258789,16.0,LIME,1,True,1.0,,0.3,0.307495,0.122998,12299.81,False,7.0784,0,0.0,RED
2026-03-23,PDBC,3,16.59000015258789,13.75,-,3,True,1.0,,0.25,0.231262,0.092505,9250.48,False,23.8976,1,0.0,RED
2026-03-24,XLE,1,60.84000015258789,16.0,LIME,1,True,1.0,,0.45,0.461243,0.184497,18449.71,False,20.3309,0,0.0,RED
2026-03-24,DBA,2,26.88999938964844,14.75,LIME,2,True,1.0,,0.3,0.307495,0.122998,12299.81,False,7.0781,0,0.0,RED
2026-03-24,PDBC,3,16.8799991607666,11.5,-,3,True,1.0,,0.25,0.231262,0.092505,9250.48,False,24.041,1,0.0,RED
2026-03-25,XLE,1,60.56999969482422,16.0,LIME,1,True,1.0,,0.55,0.509537,0.203815,20381.47,False,20.4004,0,0.0,RED
2026-03-25,DBA,2,26.959999084472656,14.5,LIME,1,True,1.0,,0.45,0.490463,0.196185,19618.53,False,7.0123,0,0.0,RED
2026-03-26,XLE,1,61.52000045776367,16.0,LIME,1,True,1.0,,0.55,0.509537,0.203815,20381.47,False,20.5065,0,0.0,RED
2026-03-26,DBA,2,27.11000061035156,14.5,LIME,1,True,1.0,,0.45,0.490463,0.196185,19618.53,False,7.0723,0,0.0,RED
2026-03-27,XLE,1,62.560001373291016,16.0,LIME,1,True,1.0,,0.55,0.509537,0.203815,20381.47,False,20.5652,0,0.0,RED
2026-03-27,DBA,2,27.170000076293945,14.5,LIME,1,True,1.0,,0.45,0.490463,0.196185,19618.53,False,6.9825,0,0.0,RED
2026-03-30,XLE,1,61.959999084472656,16.0,LIME,1,True,1.0,,0.55,0.509537,0.203815,20381.47,False,20.7049,0,0.0,RED
2026-03-30,DBA,2,27.1200008392334,15.75,LIME,1,True,1.0,,0.45,0.490463,0.196185,19618.53,False,7.0036,0,0.0,RED
2026-03-31,XLE,1,61.2599983215332,15.0,LIME,2,True,1.0,,0.45,0.455696,0.182278,18227.85,False,20.9604,0,0.0,RED
2026-03-31,DBA,2,27.31999969482422,16.0,LIME,1,True,1.0,,0.3,0.303797,0.121519,12151.9,False,7.1173,0,0.0,RED
2026-03-31,PDBC,3,17.31999969482422,12.0,-,1,True,1.0,,0.25,0.240506,0.096203,9620.25,False,24.3632,0,0.0,RED
2026-04-01,DBA,1,27.100000381469727,15.0,-,2,True,1.0,,0.45,0.471204,0.188482,18848.17,False,7.2997,0,0.0,RED
2026-04-01,XLE,2,58.970001220703125,12.75,-,3,True,1.0,,0.3,0.267016,0.106806,10680.63,False,22.6189,2,0.0,RED
2026-04-01,PDBC,3,17.100000381469727,12.25,-,3,True,1.0,,0.25,0.26178,0.104712,10471.2,False,24.5953,0,0.0,RED
2026-04-02,PDBC,1,17.520000457763672,13.0,-,1,True,1.0,,0.45,0.461538,0.24,24000.0,False,24.6983,0,0.2,-
2026-04-02,DBA,2,27.15999984741211,14.0,-,2,True,1.0,,0.3,0.307692,0.16,16000.0,False,7.2803,0,0.2,-
2026-04-02,EWZ,3,38.34999847412109,11.75,LIME,1,False,0.35,0.35,0.25,0.230769,0.080769,8076.92,False,31.4822,0,0.2,-
2026-04-06,EWZ,1,38.540000915527344,14.5,LIME,1,False,0.55,0.55,0.45,0.424084,0.233246,23324.61,False,31.4143,0,0.3,-
2026-04-06,PDBC,2,17.549999237060547,13.5,-,1,True,1.0,,0.3,0.314136,0.218182,21818.18,False,24.7007,0,0.3,-
2026-04-06,DBA,3,27.280000686645508,13.75,LIME,1,True,1.0,,0.25,0.26178,0.181818,18181.82,False,7.3116,0,0.3,-
2026-04-07,EWZ,1,38.459999084472656,14.75,LIME,1,False,0.55,0.55,0.35,0.366391,0.201515,20151.52,False,31.2758,0,0.4,-
2026-04-07,PDBC,2,17.520000457763672,13.5,-,1,True,1.0,,0.3,0.330579,0.3,30000.0,False,24.5595,0,0.4,-
2026-04-07,THD,3,68.19999694824219,12.25,LIME,2,False,0.4,0.35,0.25,0.192837,0.077135,7713.5,False,29.2869,3,0.4,-
2026-04-07,DBA,4,27.01000022888184,11.5,-,3,True,1.0,,0.1,0.110193,0.1,10000.0,False,7.3945,0,0.4,-
2026-04-08,EWZ,1,39.560001373291016,15.0,LIME,1,False,0.6,0.6,0.45,0.456853,0.274112,27411.17,False,31.6725,0,0.4,-
2026-04-08,PDBC,2,17.010000228881836,13.5,-,4,True,1.0,,0.3,0.28934,0.28934,28934.01,False,25.4416,1,0.4,-
2026-04-08,THD,3,71.0999984741211,12.5,LIME,1,False,0.4,0.4,0.25,0.253807,0.101523,10152.28,False,30.3331,0,0.4,-
2026-04-09,EWZ,1,40.540000915527344,15.25,LIME,1,False,0.85,0.6,0.35,0.368421,0.313158,31315.79,False,31.8093,0,0.85,LIME
2026-04-09,PTF,2,99.33999633789062,13.5,LIME,1,False,0.85,0.5,0.3,0.268421,0.228158,22815.79,False,44.7463,0,0.85,LIME
2026-04-09,THD,3,71.23999786376953,12.75,LIME,1,False,0.85,0.4,0.25,0.263158,0.223684,22368.42,False,30.3328,0,0.85,LIME
2026-04-09,PDBC,4,17.1200008392334,11.25,-,4,True,1.0,,0.1,0.1,0.1,10000.0,False,25.3013,1,0.85,LIME
2026-04-10,EWZ,1,41.33000183105469,15.5,LIME,1,False,0.85,0.6,0.45,0.463918,0.39433,39432.99,False,31.9656,0,0.85,LIME
2026-04-10,PTF,2,98.9800033569336,14.5,LIME,1,False,0.85,0.55,0.3,0.278351,0.236598,23659.79,False,44.5547,0,0.85,LIME
2026-04-10,THD,3,71.70999908447266,14.0,LIME,1,False,0.85,0.55,0.25,0.257732,0.219072,21907.22,False,29.9467,0,0.85,LIME
2026-04-13,EWZ,1,41.52000045776367,15.75,LIME,1,False,0.85,0.6,0.45,0.463918,0.39433,39432.99,False,31.9643,0,0.85,LIME
2026-04-13,PTF,2,101.1500015258789,15.5,LIME,1,False,0.85,0.6,0.3,0.278351,0.236598,23659.79,False,44.5012,0,0.85,LIME
2026-04-13,THD,3,72.29000091552734,15.0,LIME,1,False,0.85,0.6,0.25,0.257732,0.219072,21907.22,False,29.9633,0,0.85,LIME
2026-04-14,EWZ,1,41.72999954223633,16.0,LIME,1,False,0.85,0.6,0.35,0.366492,0.311518,31151.83,False,31.9262,0,0.85,LIME
2026-04-14,PTF,2,101.5,16.0,LIME,1,False,0.85,0.6,0.3,0.267016,0.226963,22696.34,False,44.4762,0,0.85,LIME
2026-04-14,EWT,3,80.20999908447266,15.5,LIME,1,False,0.85,0.6,0.25,0.26178,0.222513,22251.31,False,31.1474,0,0.85,LIME
2026-04-14,THD,4,73.12999725341797,15.0,LIME,1,False,0.85,0.6,0.1,0.104712,0.089005,8900.52,False,29.9969,0,0.85,LIME
2026-04-15,EWZ,1,41.459999084472656,16.0,LIME,1,False,0.85,0.6,0.35,0.366492,0.311518,31151.83,False,31.8866,0,0.85,LIME
2026-04-15,PTF,2,101.7699966430664,16.0,LIME,1,False,0.85,0.6,0.3,0.267016,0.226963,22696.34,False,44.4102,0,0.85,LIME
2026-04-15,EWT,3,80.73999786376953,15.75,LIME,1,False,0.85,0.6,0.25,0.26178,0.222513,22251.31,False,31.0748,0,0.85,LIME
2026-04-15,THD,4,71.95999908447266,14.0,LIME,2,False,0.85,0.5,0.1,0.104712,0.089005,8900.52,False,29.9146,0,0.85,LIME
2026-04-16,PTF,1,104.73999786376952,16.0,LIME,1,False,0.85,0.6,0.33,0.29984,0.254864,25486.37,False,44.5772,0,0.85,LIME
2026-04-16,EWT,2,81.3499984741211,16.0,LIME,1,False,0.85,0.6,0.27,0.288616,0.245323,24532.34,False,31.081,0,0.85,LIME
2026-04-16,LIT,3,82.30999755859375,16.0,LIME,1,False,0.85,0.6,0.2,0.2031,0.172635,17263.5,False,35.1293,0,0.85,LIME
2026-04-16,EWZ,4,41.470001220703125,15.0,LIME,2,False,0.85,0.55,0.1,0.106895,0.090861,9086.05,False,31.7975,0,0.85,LIME
2026-04-16,THD,5,70.83999633789062,12.5,LIME,2,False,0.85,0.35,0.1,0.10155,0.086317,8631.75,False,30.1337,1,0.85,LIME
2026-04-17,PTF,1,106.37999725341795,16.0,LIME,1,False,0.85,0.6,0.31,0.290323,0.246774,24677.42,False,44.6077,0,0.85,LIME
2026-04-17,EWT,2,83.22000122070312,16.0,LIME,1,False,0.85,0.6,0.25,0.260146,0.221124,22112.38,False,31.2847,0,0.85,LIME
2026-04-17,SOXX,3,415.7099914550781,16.0,LIME,1,False,0.85,0.6,0.16,0.158169,0.134443,13444.33,False,39.0896,0,0.85,LIME
2026-04-17,LIT,4,83.2300033569336,16.0,LIME,1,False,0.85,0.6,0.1,0.104058,0.08845,8844.95,False,35.1702,0,0.85,LIME
2026-04-17,EWZ,5,41.15999984741211,13.25,LIME,2,False,0.85,0.45,0.1,0.104058,0.08845,8844.95,False,31.8728,0,0.85,LIME
2026-04-17,THD,6,71.95999908447266,11.5,LIME,2,False,0.85,0.3,0.08,0.083247,0.07076,7075.96,False,30.0544,0,0.85,LIME
